06623800 1980 01 01     20.00 A
06623800 1980 01 02     21.00 A
06623800 1980 01 03     21.00 A
06623800 1980 01 04     21.00 A
06623800 1980 01 05     22.00 A
06623800 1980 01 06     18.00 A
06623800 1980 01 07     22.00 A
06623800 1980 01 08     22.00 A
06623800 1980 01 09     22.00 A
06623800 1980 01 10     21.00 A
06623800 1980 01 11     21.00 A
06623800 1980 01 12     21.00 A
06623800 1980 01 13     22.00 A
06623800 1980 01 14     22.00 A
06623800 1980 01 15     23.00 A
06623800 1980 01 16     23.00 A
06623800 1980 01 17     24.00 A
06623800 1980 01 18     24.00 A
06623800 1980 01 19     25.00 A
06623800 1980 01 20     23.00 A
06623800 1980 01 21     23.00 A
06623800 1980 01 22     23.00 A
06623800 1980 01 23     24.00 A
06623800 1980 01 24     23.00 A
06623800 1980 01 25     23.00 A
06623800 1980 01 26     22.00 A
06623800 1980 01 27     21.00 A
06623800 1980 01 28     19.00 A
06623800 1980 01 29     17.00 A
06623800 1980 01 30     17.00 A
06623800 1980 01 31     18.00 A
06623800 1980 02 01     19.00 A
06623800 1980 02 02     20.00 A
06623800 1980 02 03     21.00 A
06623800 1980 02 04     22.00 A
06623800 1980 02 05     22.00 A
06623800 1980 02 06     22.00 A
06623800 1980 02 07     22.00 A
06623800 1980 02 08     20.00 A
06623800 1980 02 09     18.00 A
06623800 1980 02 10     19.00 A
06623800 1980 02 11     21.00 A
06623800 1980 02 12     22.00 A
06623800 1980 02 13     22.00 A
06623800 1980 02 14     22.00 A
06623800 1980 02 15     22.00 A
06623800 1980 02 16     22.00 A
06623800 1980 02 17     22.00 A
06623800 1980 02 18     22.00 A
06623800 1980 02 19     22.00 A
06623800 1980 02 20     21.00 A
06623800 1980 02 21     22.00 A
06623800 1980 02 22     21.00 A
06623800 1980 02 23     20.00 A
06623800 1980 02 24     21.00 A
06623800 1980 02 25     19.00 A
06623800 1980 02 26     21.00 A
06623800 1980 02 27     22.00 A
06623800 1980 02 28     20.00 A
06623800 1980 02 29     22.00 A
06623800 1980 03 01     20.00 A
06623800 1980 03 02     20.00 A
06623800 1980 03 03     22.00 A
06623800 1980 03 04     20.00 A
06623800 1980 03 05     20.00 A
06623800 1980 03 06     20.00 A
06623800 1980 03 07     20.00 A
06623800 1980 03 08     20.00 A
06623800 1980 03 09     19.00 A
06623800 1980 03 10     20.00 A
06623800 1980 03 11     19.00 A
06623800 1980 03 12     19.00 A
06623800 1980 03 13     19.00 A
06623800 1980 03 14     20.00 A
06623800 1980 03 15     20.00 A
06623800 1980 03 16     20.00 A
06623800 1980 03 17     19.00 A
06623800 1980 03 18     19.00 A
06623800 1980 03 19     20.00 A
06623800 1980 03 20     21.00 A
06623800 1980 03 21     21.00 A
06623800 1980 03 22     20.00 A
06623800 1980 03 23     20.00 A
06623800 1980 03 24     20.00 A
06623800 1980 03 25     20.00 A
06623800 1980 03 26     19.00 A
06623800 1980 03 27     19.00 A
06623800 1980 03 28     18.00 A
06623800 1980 03 29     20.00 A
06623800 1980 03 30     20.00 A
06623800 1980 03 31     20.00 A
06623800 1980 04 01     18.00 A
06623800 1980 04 02     19.00 A
06623800 1980 04 03     19.00 A
06623800 1980 04 04     19.00 A
06623800 1980 04 05     18.00 A
06623800 1980 04 06     18.00 A
06623800 1980 04 07     18.00 A
06623800 1980 04 08     18.00 A
06623800 1980 04 09     19.00 A
06623800 1980 04 10     20.00 A
06623800 1980 04 11     17.00 A
06623800 1980 04 12     17.00 A
06623800 1980 04 13     17.00 A
06623800 1980 04 14     17.00 A
06623800 1980 04 15     17.00 A
06623800 1980 04 16     17.00 A
06623800 1980 04 17     18.00 A
06623800 1980 04 18     20.00 A
06623800 1980 04 19     23.00 A
06623800 1980 04 20     26.00 A
06623800 1980 04 21     31.00 A
06623800 1980 04 22     38.00 A
06623800 1980 04 23     48.00 A
06623800 1980 04 24     60.00 A
06623800 1980 04 25     66.00 A
06623800 1980 04 26     70.00 A
06623800 1980 04 27     72.00 A
06623800 1980 04 28     76.00 A
06623800 1980 04 29     86.00 A
06623800 1980 04 30     99.00 A
06623800 1980 05 01     110.00 A
06623800 1980 05 02     108.00 A
06623800 1980 05 03     103.00 A
06623800 1980 05 04     108.00 A
06623800 1980 05 05     114.00 A
06623800 1980 05 06     135.00 A
06623800 1980 05 07     152.00 A
06623800 1980 05 08     196.00 A
06623800 1980 05 09     219.00 A
06623800 1980 05 10     221.00 A
06623800 1980 05 11     245.00 A
06623800 1980 05 12     226.00 A
06623800 1980 05 13     166.00 A
06623800 1980 05 14     148.00 A
06623800 1980 05 15     154.00 A
06623800 1980 05 16     159.00 A
06623800 1980 05 17     163.00 A
06623800 1980 05 18     147.00 A
06623800 1980 05 19     182.00 A
06623800 1980 05 20     248.00 A
06623800 1980 05 21     340.00 A
06623800 1980 05 22     494.00 A
06623800 1980 05 23     670.00 A
06623800 1980 05 24     704.00 A
06623800 1980 05 25     548.00 A
06623800 1980 05 26     544.00 A
06623800 1980 05 27     562.00 A
06623800 1980 05 28     605.00 A
06623800 1980 05 29     620.00 A
06623800 1980 05 30     585.00 A
06623800 1980 05 31     605.00 A
06623800 1980 06 01     571.00 A
06623800 1980 06 02     580.00 A
06623800 1980 06 03     655.00 A
06623800 1980 06 04     758.00 A
06623800 1980 06 05     848.00 A
06623800 1980 06 06     914.00 A
06623800 1980 06 07     890.00 A
06623800 1980 06 08     902.00 A
06623800 1980 06 09     950.00 A
06623800 1980 06 10     974.00 A
06623800 1980 06 11     1020.00 A
06623800 1980 06 12     1050.00 A
06623800 1980 06 13     1000.00 A
06623800 1980 06 14     992.00 A
06623800 1980 06 15     938.00 A
06623800 1980 06 16     854.00 A
06623800 1980 06 17     854.00 A
06623800 1980 06 18     866.00 A
06623800 1980 06 19     878.00 A
06623800 1980 06 20     830.00 A
06623800 1980 06 21     836.00 A
06623800 1980 06 22     830.00 A
06623800 1980 06 23     824.00 A
06623800 1980 06 24     818.00 A
06623800 1980 06 25     782.00 A
06623800 1980 06 26     794.00 A
06623800 1980 06 27     752.00 A
06623800 1980 06 28     630.00 A
06623800 1980 06 29     576.00 A
06623800 1980 06 30     595.00 A
06623800 1980 07 01     585.00 A
06623800 1980 07 02     722.00 A
06623800 1980 07 03     504.00 A
06623800 1980 07 04     426.00 A
06623800 1980 07 05     361.00 A
06623800 1980 07 06     313.00 A
06623800 1980 07 07     304.00 A
06623800 1980 07 08     344.00 A
06623800 1980 07 09     260.00 A
06623800 1980 07 10     228.00 A
06623800 1980 07 11     206.00 A
06623800 1980 07 12     190.00 A
06623800 1980 07 13     180.00 A
06623800 1980 07 14     163.00 A
06623800 1980 07 15     138.00 A
06623800 1980 07 16     124.00 A
06623800 1980 07 17     114.00 A
06623800 1980 07 18     108.00 A
06623800 1980 07 19     100.00 A
06623800 1980 07 20     94.00 A
06623800 1980 07 21     86.00 A
06623800 1980 07 22     81.00 A
06623800 1980 07 23     77.00 A
06623800 1980 07 24     70.00 A
06623800 1980 07 25     68.00 A
06623800 1980 07 26     64.00 A
06623800 1980 07 27     61.00 A
06623800 1980 07 28     56.00 A
06623800 1980 07 29     54.00 A
06623800 1980 07 30     54.00 A
06623800 1980 07 31     55.00 A
06623800 1980 08 01     51.00 A
06623800 1980 08 02     50.00 A
06623800 1980 08 03     46.00 A
06623800 1980 08 04     43.00 A
06623800 1980 08 05     42.00 A
06623800 1980 08 06     40.00 A
06623800 1980 08 07     39.00 A
06623800 1980 08 08     38.00 A
06623800 1980 08 09     40.00 A
06623800 1980 08 10     38.00 A
06623800 1980 08 11     35.00 A
06623800 1980 08 12     35.00 A
06623800 1980 08 13     34.00 A
06623800 1980 08 14     38.00 A
06623800 1980 08 15     67.00 A
06623800 1980 08 16     54.00 A
06623800 1980 08 17     47.00 A
06623800 1980 08 18     39.00 A
06623800 1980 08 19     35.00 A
06623800 1980 08 20     38.00 A
06623800 1980 08 21     34.00 A
06623800 1980 08 22     32.00 A
06623800 1980 08 23     30.00 A
06623800 1980 08 24     33.00 A
06623800 1980 08 25     35.00 A
06623800 1980 08 26     48.00 A
06623800 1980 08 27     34.00 A
06623800 1980 08 28     30.00 A
06623800 1980 08 29     27.00 A
06623800 1980 08 30     25.00 A
06623800 1980 08 31     29.00 A
06623800 1980 09 01     29.00 A
06623800 1980 09 02     26.00 A
06623800 1980 09 03     24.00 A
06623800 1980 09 04     23.00 A
06623800 1980 09 05     23.00 A
06623800 1980 09 06     23.00 A
06623800 1980 09 07     24.00 A
06623800 1980 09 08     29.00 A
06623800 1980 09 09     35.00 A
06623800 1980 09 10     32.00 A
06623800 1980 09 11     30.00 A
06623800 1980 09 12     48.00 A
06623800 1980 09 13     43.00 A
06623800 1980 09 14     30.00 A
06623800 1980 09 15     26.00 A
06623800 1980 09 16     23.00 A
06623800 1980 09 17     22.00 A
06623800 1980 09 18     22.00 A
06623800 1980 09 19     21.00 A
06623800 1980 09 20     30.00 A
06623800 1980 09 21     29.00 A
06623800 1980 09 22     26.00 A
06623800 1980 09 23     24.00 A
06623800 1980 09 24     24.00 A
06623800 1980 09 25     24.00 A
06623800 1980 09 26     23.00 A
06623800 1980 09 27     22.00 A
06623800 1980 09 28     21.00 A
06623800 1980 09 29     22.00 A
06623800 1980 09 30     22.00 A
06623800 1980 10 01     20.00 A
06623800 1980 10 02     20.00 A
06623800 1980 10 03     21.00 A
06623800 1980 10 04     20.00 A
06623800 1980 10 05     20.00 A
06623800 1980 10 06     20.00 A
06623800 1980 10 07     20.00 A
06623800 1980 10 08     20.00 A
06623800 1980 10 09     20.00 A
06623800 1980 10 10     20.00 A
06623800 1980 10 11     19.00 A
06623800 1980 10 12     20.00 A
06623800 1980 10 13     25.00 A
06623800 1980 10 14     31.00 A
06623800 1980 10 15     37.00 A
06623800 1980 10 16     35.00 A
06623800 1980 10 17     31.00 A
06623800 1980 10 18     30.00 A
06623800 1980 10 19     33.00 A
06623800 1980 10 20     29.00 A
06623800 1980 10 21     30.00 A
06623800 1980 10 22     30.00 A
06623800 1980 10 23     24.00 A
06623800 1980 10 24     21.00 A
06623800 1980 10 25     23.00 A
06623800 1980 10 26     24.00 A
06623800 1980 10 27     25.00 A
06623800 1980 10 28     24.00 A
06623800 1980 10 29     23.00 A
06623800 1980 10 30     22.00 A
06623800 1980 10 31     22.00 A
06623800 1980 11 01     23.00 A
06623800 1980 11 02     24.00 A
06623800 1980 11 03     24.00 A
06623800 1980 11 04     24.00 A
06623800 1980 11 05     24.00 A
06623800 1980 11 06     26.00 A
06623800 1980 11 07     27.00 A
06623800 1980 11 08     28.00 A
06623800 1980 11 09     25.00 A
06623800 1980 11 10     26.00 A
06623800 1980 11 11     25.00 A
06623800 1980 11 12     27.00 A
06623800 1980 11 13     28.00 A
06623800 1980 11 14     26.00 A
06623800 1980 11 15     24.00 A
06623800 1980 11 16     21.00 A
06623800 1980 11 17     20.00 A
06623800 1980 11 18     20.00 A
06623800 1980 11 19     21.00 A
06623800 1980 11 20     21.00 A
06623800 1980 11 21     22.00 A
06623800 1980 11 22     22.00 A
06623800 1980 11 23     22.00 A
06623800 1980 11 24     22.00 A
06623800 1980 11 25     21.00 A
06623800 1980 11 26     20.00 A
06623800 1980 11 27     20.00 A
06623800 1980 11 28     21.00 A
06623800 1980 11 29     22.00 A
06623800 1980 11 30     23.00 A
06623800 1980 12 01     23.00 A
06623800 1980 12 02     22.00 A
06623800 1980 12 03     22.00 A
06623800 1980 12 04     22.00 A
06623800 1980 12 05     22.00 A
06623800 1980 12 06     23.00 A
06623800 1980 12 07     22.00 A
06623800 1980 12 08     21.00 A
06623800 1980 12 09     21.00 A
06623800 1980 12 10     21.00 A
06623800 1980 12 11     21.00 A
06623800 1980 12 12     21.00 A
06623800 1980 12 13     20.00 A
06623800 1980 12 14     20.00 A
06623800 1980 12 15     20.00 A
06623800 1980 12 16     20.00 A
06623800 1980 12 17     20.00 A
06623800 1980 12 18     20.00 A
06623800 1980 12 19     20.00 A
06623800 1980 12 20     20.00 A
06623800 1980 12 21     20.00 A
06623800 1980 12 22     20.00 A
06623800 1980 12 23     20.00 A
06623800 1980 12 24     20.00 A
06623800 1980 12 25     20.00 A
06623800 1980 12 26     20.00 A
06623800 1980 12 27     20.00 A
06623800 1980 12 28     20.00 A
06623800 1980 12 29     19.00 A
06623800 1980 12 30     19.00 A
06623800 1980 12 31     19.00 A
06623800 1981 01 01     19.00 A
06623800 1981 01 02     19.00 A
06623800 1981 01 03     19.00 A
06623800 1981 01 04     19.00 A
06623800 1981 01 05     19.00 A
06623800 1981 01 06     18.00 A
06623800 1981 01 07     18.00 A
06623800 1981 01 08     17.00 A
06623800 1981 01 09     17.00 A
06623800 1981 01 10     17.00 A
06623800 1981 01 11     17.00 A
06623800 1981 01 12     16.00 A
06623800 1981 01 13     16.00 A
06623800 1981 01 14     16.00 A
06623800 1981 01 15     17.00 A
06623800 1981 01 16     17.00 A
06623800 1981 01 17     17.00 A
06623800 1981 01 18     18.00 A
06623800 1981 01 19     18.00 A
06623800 1981 01 20     17.00 A
06623800 1981 01 21     17.00 A
06623800 1981 01 22     16.00 A
06623800 1981 01 23     16.00 A
06623800 1981 01 24     17.00 A
06623800 1981 01 25     17.00 A
06623800 1981 01 26     18.00 A
06623800 1981 01 27     18.00 A
06623800 1981 01 28     18.00 A
06623800 1981 01 29     18.00 A
06623800 1981 01 30     18.00 A
06623800 1981 01 31     19.00 A
06623800 1981 02 01     18.00 A
06623800 1981 02 02     18.00 A
06623800 1981 02 03     18.00 A
06623800 1981 02 04     18.00 A
06623800 1981 02 05     17.00 A
06623800 1981 02 06     17.00 A
06623800 1981 02 07     17.00 A
06623800 1981 02 08     17.00 A
06623800 1981 02 09     17.00 A
06623800 1981 02 10     17.00 A
06623800 1981 02 11     17.00 A
06623800 1981 02 12     17.00 A
06623800 1981 02 13     17.00 A
06623800 1981 02 14     17.00 A
06623800 1981 02 15     17.00 A
06623800 1981 02 16     17.00 A
06623800 1981 02 17     17.00 A
06623800 1981 02 18     17.00 A
06623800 1981 02 19     17.00 A
06623800 1981 02 20     17.00 A
06623800 1981 02 21     17.00 A
06623800 1981 02 22     17.00 A
06623800 1981 02 23     17.00 A
06623800 1981 02 24     18.00 A
06623800 1981 02 25     18.00 A
06623800 1981 02 26     17.00 A
06623800 1981 02 27     17.00 A
06623800 1981 02 28     17.00 A
06623800 1981 03 01     17.00 A
06623800 1981 03 02     17.00 A
06623800 1981 03 03     17.00 A
06623800 1981 03 04     17.00 A
06623800 1981 03 05     17.00 A
06623800 1981 03 06     17.00 A
06623800 1981 03 07     17.00 A
06623800 1981 03 08     17.00 A
06623800 1981 03 09     16.00 A
06623800 1981 03 10     17.00 A
06623800 1981 03 11     17.00 A
06623800 1981 03 12     17.00 A
06623800 1981 03 13     17.00 A
06623800 1981 03 14     17.00 A
06623800 1981 03 15     17.00 A
06623800 1981 03 16     17.00 A
06623800 1981 03 17     17.00 A
06623800 1981 03 18     17.00 A
06623800 1981 03 19     17.00 A
06623800 1981 03 20     17.00 A
06623800 1981 03 21     17.00 A
06623800 1981 03 22     16.00 A
06623800 1981 03 23     17.00 A
06623800 1981 03 24     16.00 A
06623800 1981 03 25     17.00 A
06623800 1981 03 26     18.00 A
06623800 1981 03 27     19.00 A
06623800 1981 03 28     17.00 A
06623800 1981 03 29     17.00 A
06623800 1981 03 30     17.00 A
06623800 1981 03 31     15.00 A
06623800 1981 04 01     18.00 A
06623800 1981 04 02     18.00 A
06623800 1981 04 03     18.00 A
06623800 1981 04 04     17.00 A
06623800 1981 04 05     18.00 A
06623800 1981 04 06     18.00 A
06623800 1981 04 07     19.00 A
06623800 1981 04 08     18.00 A
06623800 1981 04 09     19.00 A
06623800 1981 04 10     21.00 A
06623800 1981 04 11     23.00 A
06623800 1981 04 12     26.00 A
06623800 1981 04 13     30.00 A
06623800 1981 04 14     36.00 A
06623800 1981 04 15     43.00 A
06623800 1981 04 16     54.00 A
06623800 1981 04 17     75.00 A
06623800 1981 04 18     78.00 A
06623800 1981 04 19     79.00 A
06623800 1981 04 20     78.00 A
06623800 1981 04 21     66.00 A
06623800 1981 04 22     50.00 A
06623800 1981 04 23     47.00 A
06623800 1981 04 24     75.00 A
06623800 1981 04 25     117.00 A
06623800 1981 04 26     145.00 A
06623800 1981 04 27     142.00 A
06623800 1981 04 28     135.00 A
06623800 1981 04 29     145.00 A
06623800 1981 04 30     161.00 A
06623800 1981 05 01     166.00 A
06623800 1981 05 02     218.00 A
06623800 1981 05 03     360.00 A
06623800 1981 05 04     213.00 A
06623800 1981 05 05     166.00 A
06623800 1981 05 06     157.00 A
06623800 1981 05 07     137.00 A
06623800 1981 05 08     111.00 A
06623800 1981 05 09     108.00 A
06623800 1981 05 10     99.00 A
06623800 1981 05 11     103.00 A
06623800 1981 05 12     92.00 A
06623800 1981 05 13     89.00 A
06623800 1981 05 14     97.00 A
06623800 1981 05 15     105.00 A
06623800 1981 05 16     109.00 A
06623800 1981 05 17     115.00 A
06623800 1981 05 18     109.00 A
06623800 1981 05 19     109.00 A
06623800 1981 05 20     123.00 A
06623800 1981 05 21     150.00 A
06623800 1981 05 22     163.00 A
06623800 1981 05 23     188.00 A
06623800 1981 05 24     188.00 A
06623800 1981 05 25     194.00 A
06623800 1981 05 26     232.00 A
06623800 1981 05 27     300.00 A
06623800 1981 05 28     315.00 A
06623800 1981 05 29     331.00 A
06623800 1981 05 30     350.00 A
06623800 1981 05 31     377.00 A
06623800 1981 06 01     381.00 A
06623800 1981 06 02     385.00 A
06623800 1981 06 03     414.00 A
06623800 1981 06 04     445.00 A
06623800 1981 06 05     433.00 A
06623800 1981 06 06     453.00 A
06623800 1981 06 07     543.00 A
06623800 1981 06 08     575.00 A
06623800 1981 06 09     585.00 A
06623800 1981 06 10     507.00 A
06623800 1981 06 11     494.00 A
06623800 1981 06 12     406.00 A
06623800 1981 06 13     347.00 A
06623800 1981 06 14     294.00 A
06623800 1981 06 15     247.00 A
06623800 1981 06 16     213.00 A
06623800 1981 06 17     200.00 A
06623800 1981 06 18     188.00 A
06623800 1981 06 19     176.00 A
06623800 1981 06 20     166.00 A
06623800 1981 06 21     170.00 A
06623800 1981 06 22     157.00 A
06623800 1981 06 23     143.00 A
06623800 1981 06 24     129.00 A
06623800 1981 06 25     118.00 A
06623800 1981 06 26     109.00 A
06623800 1981 06 27     109.00 A
06623800 1981 06 28     132.00 A
06623800 1981 06 29     129.00 A
06623800 1981 06 30     96.00 A
06623800 1981 07 01     92.00 A
06623800 1981 07 02     153.00 A
06623800 1981 07 03     167.00 A
06623800 1981 07 04     129.00 A
06623800 1981 07 05     95.00 A
06623800 1981 07 06     78.00 A
06623800 1981 07 07     69.00 A
06623800 1981 07 08     66.00 A
06623800 1981 07 09     61.00 A
06623800 1981 07 10     63.00 A
06623800 1981 07 11     57.00 A
06623800 1981 07 12     58.00 A
06623800 1981 07 13     64.00 A
06623800 1981 07 14     57.00 A
06623800 1981 07 15     52.00 A
06623800 1981 07 16     50.00 A
06623800 1981 07 17     56.00 A
06623800 1981 07 18     56.00 A
06623800 1981 07 19     48.00 A
06623800 1981 07 20     43.00 A
06623800 1981 07 21     40.00 A
06623800 1981 07 22     39.00 A
06623800 1981 07 23     36.00 A
06623800 1981 07 24     37.00 A
06623800 1981 07 25     47.00 A
06623800 1981 07 26     71.00 A
06623800 1981 07 27     68.00 A
06623800 1981 07 28     43.00 A
06623800 1981 07 29     36.00 A
06623800 1981 07 30     35.00 A
06623800 1981 07 31     35.00 A
06623800 1981 08 01     31.00 A
06623800 1981 08 02     29.00 A
06623800 1981 08 03     27.00 A
06623800 1981 08 04     26.00 A
06623800 1981 08 05     25.00 A
06623800 1981 08 06     24.00 A
06623800 1981 08 07     23.00 A
06623800 1981 08 08     23.00 A
06623800 1981 08 09     26.00 A
06623800 1981 08 10     28.00 A
06623800 1981 08 11     29.00 A
06623800 1981 08 12     33.00 A
06623800 1981 08 13     39.00 A
06623800 1981 08 14     29.00 A
06623800 1981 08 15     34.00 A
06623800 1981 08 16     45.00 A
06623800 1981 08 17     31.00 A
06623800 1981 08 18     26.00 A
06623800 1981 08 19     23.00 A
06623800 1981 08 20     23.00 A
06623800 1981 08 21     23.00 A
06623800 1981 08 22     23.00 A
06623800 1981 08 23     23.00 A
06623800 1981 08 24     24.00 A
06623800 1981 08 25     33.00 A
06623800 1981 08 26     27.00 A
06623800 1981 08 27     23.00 A
06623800 1981 08 28     21.00 A
06623800 1981 08 29     21.00 A
06623800 1981 08 30     23.00 A
06623800 1981 08 31     21.00 A
06623800 1981 09 01     20.00 A
06623800 1981 09 02     23.00 A
06623800 1981 09 03     31.00 A
06623800 1981 09 04     24.00 A
06623800 1981 09 05     25.00 A
06623800 1981 09 06     44.00 A
06623800 1981 09 07     29.00 A
06623800 1981 09 08     24.00 A
06623800 1981 09 09     23.00 A
06623800 1981 09 10     25.00 A
06623800 1981 09 11     33.00 A
06623800 1981 09 12     25.00 A
06623800 1981 09 13     23.00 A
06623800 1981 09 14     25.00 A
06623800 1981 09 15     26.00 A
06623800 1981 09 16     22.00 A
06623800 1981 09 17     20.00 A
06623800 1981 09 18     20.00 A
06623800 1981 09 19     19.00 A
06623800 1981 09 20     18.00 A
06623800 1981 09 21     24.00 A
06623800 1981 09 22     24.00 A
06623800 1981 09 23     21.00 A
06623800 1981 09 24     21.00 A
06623800 1981 09 25     24.00 A
06623800 1981 09 26     27.00 A
06623800 1981 09 27     22.00 A
06623800 1981 09 28     19.00 A
06623800 1981 09 29     18.00 A
06623800 1981 09 30     18.00 A
06623800 1981 10 01     18.00 A
06623800 1981 10 02     18.00 A
06623800 1981 10 03     26.00 A
06623800 1981 10 04     70.00 A
06623800 1981 10 05     62.00 A
06623800 1981 10 06     43.00 A
06623800 1981 10 07     37.00 A
06623800 1981 10 08     59.00 A
06623800 1981 10 09     53.00 A
06623800 1981 10 10     38.00 A
06623800 1981 10 11     37.00 A
06623800 1981 10 12     40.00 A
06623800 1981 10 13     44.00 A
06623800 1981 10 14     47.00 A
06623800 1981 10 15     42.00 A
06623800 1981 10 16     41.00 A
06623800 1981 10 17     39.00 A
06623800 1981 10 18     36.00 A
06623800 1981 10 19     33.00 A
06623800 1981 10 20     33.00 A
06623800 1981 10 21     31.00 A
06623800 1981 10 22     29.00 A
06623800 1981 10 23     26.00 A
06623800 1981 10 24     28.00 A
06623800 1981 10 25     29.00 A
06623800 1981 10 26     31.00 A
06623800 1981 10 27     31.00 A
06623800 1981 10 28     29.00 A
06623800 1981 10 29     40.00 A
06623800 1981 10 30     33.00 A
06623800 1981 10 31     29.00 A
06623800 1981 11 01     26.00 A
06623800 1981 11 02     30.00 A
06623800 1981 11 03     29.00 A
06623800 1981 11 04     26.00 A
06623800 1981 11 05     26.00 A
06623800 1981 11 06     26.00 A
06623800 1981 11 07     27.00 A
06623800 1981 11 08     25.00 A
06623800 1981 11 09     23.00 A
06623800 1981 11 10     22.00 A
06623800 1981 11 11     22.00 A
06623800 1981 11 12     26.00 A
06623800 1981 11 13     26.00 A
06623800 1981 11 14     25.00 A
06623800 1981 11 15     26.00 A
06623800 1981 11 16     26.00 A
06623800 1981 11 17     25.00 A
06623800 1981 11 18     24.00 A
06623800 1981 11 19     26.00 A
06623800 1981 11 20     30.00 A
06623800 1981 11 21     33.00 A
06623800 1981 11 22     27.00 A
06623800 1981 11 23     26.00 A
06623800 1981 11 24     26.00 A
06623800 1981 11 25     24.00 A
06623800 1981 11 26     23.00 A
06623800 1981 11 27     21.00 A
06623800 1981 11 28     20.00 A
06623800 1981 11 29     18.00 A
06623800 1981 11 30     17.00 A
06623800 1981 12 01     16.00 A
06623800 1981 12 02     16.00 A
06623800 1981 12 03     17.00 A
06623800 1981 12 04     19.00 A
06623800 1981 12 05     22.00 A
06623800 1981 12 06     25.00 A
06623800 1981 12 07     35.00 A
06623800 1981 12 08     40.00 A
06623800 1981 12 09     52.00 A
06623800 1981 12 10     48.00 A
06623800 1981 12 11     37.00 A
06623800 1981 12 12     30.00 A
06623800 1981 12 13     32.00 A
06623800 1981 12 14     28.00 A
06623800 1981 12 15     26.00 A
06623800 1981 12 16     25.00 A
06623800 1981 12 17     23.00 A
06623800 1981 12 18     22.00 A
06623800 1981 12 19     22.00 A
06623800 1981 12 20     20.00 A
06623800 1981 12 21     20.00 A
06623800 1981 12 22     20.00 A
06623800 1981 12 23     21.00 A
06623800 1981 12 24     22.00 A
06623800 1981 12 25     21.00 A
06623800 1981 12 26     20.00 A
06623800 1981 12 27     20.00 A
06623800 1981 12 28     20.00 A
06623800 1981 12 29     21.00 A
06623800 1981 12 30     20.00 A
06623800 1981 12 31     21.00 A
06623800 1982 01 01     21.00 A
06623800 1982 01 02     22.00 A
06623800 1982 01 03     22.00 A
06623800 1982 01 04     23.00 A
06623800 1982 01 05     24.00 A
06623800 1982 01 06     24.00 A
06623800 1982 01 07     24.00 A
06623800 1982 01 08     23.00 A
06623800 1982 01 09     23.00 A
06623800 1982 01 10     22.00 A
06623800 1982 01 11     22.00 A
06623800 1982 01 12     22.00 A
06623800 1982 01 13     23.00 A
06623800 1982 01 14     24.00 A
06623800 1982 01 15     23.00 A
06623800 1982 01 16     21.00 A
06623800 1982 01 17     20.00 A
06623800 1982 01 18     19.00 A
06623800 1982 01 19     19.00 A
06623800 1982 01 20     20.00 A
06623800 1982 01 21     20.00 A
06623800 1982 01 22     20.00 A
06623800 1982 01 23     19.00 A
06623800 1982 01 24     19.00 A
06623800 1982 01 25     20.00 A
06623800 1982 01 26     19.00 A
06623800 1982 01 27     19.00 A
06623800 1982 01 28     19.00 A
06623800 1982 01 29     19.00 A
06623800 1982 01 30     20.00 A
06623800 1982 01 31     18.00 A
06623800 1982 02 01     18.00 A
06623800 1982 02 02     18.00 A
06623800 1982 02 03     18.00 A
06623800 1982 02 04     18.00 A
06623800 1982 02 05     18.00 A
06623800 1982 02 06     16.00 A
06623800 1982 02 07     16.00 A
06623800 1982 02 08     16.00 A
06623800 1982 02 09     16.00 A
06623800 1982 02 10     17.00 A
06623800 1982 02 11     17.00 A
06623800 1982 02 12     16.00 A
06623800 1982 02 13     16.00 A
06623800 1982 02 14     16.00 A
06623800 1982 02 15     15.00 A
06623800 1982 02 16     15.00 A
06623800 1982 02 17     15.00 A
06623800 1982 02 18     14.00 A
06623800 1982 02 19     14.00 A
06623800 1982 02 20     14.00 A
06623800 1982 02 21     14.00 A
06623800 1982 02 22     15.00 A
06623800 1982 02 23     16.00 A
06623800 1982 02 24     14.00 A
06623800 1982 02 25     14.00 A
06623800 1982 02 26     13.00 A
06623800 1982 02 27     15.00 A
06623800 1982 02 28     15.00 A
06623800 1982 03 01     14.00 A
06623800 1982 03 02     15.00 A
06623800 1982 03 03     15.00 A
06623800 1982 03 04     15.00 A
06623800 1982 03 05     15.00 A
06623800 1982 03 06     15.00 A
06623800 1982 03 07     15.00 A
06623800 1982 03 08     15.00 A
06623800 1982 03 09     15.00 A
06623800 1982 03 10     14.00 A
06623800 1982 03 11     16.00 A
06623800 1982 03 12     15.00 A
06623800 1982 03 13     14.00 A
06623800 1982 03 14     14.00 A
06623800 1982 03 15     16.00 A
06623800 1982 03 16     15.00 A
06623800 1982 03 17     15.00 A
06623800 1982 03 18     14.00 A
06623800 1982 03 19     14.00 A
06623800 1982 03 20     14.00 A
06623800 1982 03 21     16.00 A
06623800 1982 03 22     16.00 A
06623800 1982 03 23     15.00 A
06623800 1982 03 24     15.00 A
06623800 1982 03 25     15.00 A
06623800 1982 03 26     14.00 A
06623800 1982 03 27     15.00 A
06623800 1982 03 28     15.00 A
06623800 1982 03 29     14.00 A
06623800 1982 03 30     13.00 A
06623800 1982 03 31     16.00 A
06623800 1982 04 01     15.00 A
06623800 1982 04 02     14.00 A
06623800 1982 04 03     17.00 A
06623800 1982 04 04     18.00 A
06623800 1982 04 05     17.00 A
06623800 1982 04 06     18.00 A
06623800 1982 04 07     18.00 A
06623800 1982 04 08     18.00 A
06623800 1982 04 09     18.00 A
06623800 1982 04 10     18.00 A
06623800 1982 04 11     20.00 A
06623800 1982 04 12     30.00 A
06623800 1982 04 13     29.00 A
06623800 1982 04 14     39.00 A
06623800 1982 04 15     43.00 A
06623800 1982 04 16     36.00 A
06623800 1982 04 17     43.00 A
06623800 1982 04 18     46.00 A
06623800 1982 04 19     51.00 A
06623800 1982 04 20     47.00 A
06623800 1982 04 21     45.00 A
06623800 1982 04 22     39.00 A
06623800 1982 04 23     33.00 A
06623800 1982 04 24     40.00 A
06623800 1982 04 25     49.00 A
06623800 1982 04 26     63.00 A
06623800 1982 04 27     64.00 A
06623800 1982 04 28     61.00 A
06623800 1982 04 29     69.00 A
06623800 1982 04 30     73.00 A
06623800 1982 05 01     97.00 A
06623800 1982 05 02     140.00 A
06623800 1982 05 03     194.00 A
06623800 1982 05 04     281.00 A
06623800 1982 05 05     252.00 A
06623800 1982 05 06     198.00 A
06623800 1982 05 07     174.00 A
06623800 1982 05 08     165.00 A
06623800 1982 05 09     202.00 A
06623800 1982 05 10     222.00 A
06623800 1982 05 11     198.00 A
06623800 1982 05 12     186.00 A
06623800 1982 05 13     170.00 A
06623800 1982 05 14     150.00 A
06623800 1982 05 15     138.00 A
06623800 1982 05 16     138.00 A
06623800 1982 05 17     154.00 A
06623800 1982 05 18     192.00 A
06623800 1982 05 19     217.00 A
06623800 1982 05 20     222.00 A
06623800 1982 05 21     249.00 A
06623800 1982 05 22     312.00 A
06623800 1982 05 23     385.00 A
06623800 1982 05 24     430.00 A
06623800 1982 05 25     396.00 A
06623800 1982 05 26     430.00 A
06623800 1982 05 27     543.00 A
06623800 1982 05 28     595.00 A
06623800 1982 05 29     610.00 A
06623800 1982 05 30     615.00 A
06623800 1982 05 31     575.00 A
06623800 1982 06 01     585.00 A
06623800 1982 06 02     575.00 A
06623800 1982 06 03     566.00 A
06623800 1982 06 04     580.00 A
06623800 1982 06 05     657.00 A
06623800 1982 06 06     695.00 A
06623800 1982 06 07     684.00 A
06623800 1982 06 08     706.00 A
06623800 1982 06 09     695.00 A
06623800 1982 06 10     745.00 A
06623800 1982 06 11     778.00 A
06623800 1982 06 12     829.00 A
06623800 1982 06 13     864.00 A
06623800 1982 06 14     894.00 A
06623800 1982 06 15     888.00 A
06623800 1982 06 16     888.00 A
06623800 1982 06 17     943.00 A
06623800 1982 06 18     943.00 A
06623800 1982 06 19     918.00 A
06623800 1982 06 20     924.00 A
06623800 1982 06 21     924.00 A
06623800 1982 06 22     975.00 A
06623800 1982 06 23     1010.00 A
06623800 1982 06 24     994.00 A
06623800 1982 06 25     1030.00 A
06623800 1982 06 26     1040.00 A
06623800 1982 06 27     1010.00 A
06623800 1982 06 28     1080.00 A
06623800 1982 06 29     1120.00 A
06623800 1982 06 30     1070.00 A
06623800 1982 07 01     1050.00 A
06623800 1982 07 02     981.00 A
06623800 1982 07 03     918.00 A
06623800 1982 07 04     888.00 A
06623800 1982 07 05     835.00 A
06623800 1982 07 06     800.00 A
06623800 1982 07 07     641.00 A
06623800 1982 07 08     625.00 A
06623800 1982 07 09     636.00 A
06623800 1982 07 10     561.00 A
06623800 1982 07 11     548.00 A
06623800 1982 07 12     530.00 A
06623800 1982 07 13     530.00 A
06623800 1982 07 14     525.00 A
06623800 1982 07 15     470.00 A
06623800 1982 07 16     415.00 A
06623800 1982 07 17     385.00 A
06623800 1982 07 18     340.00 A
06623800 1982 07 19     304.00 A
06623800 1982 07 20     281.00 A
06623800 1982 07 21     262.00 A
06623800 1982 07 22     249.00 A
06623800 1982 07 23     233.00 A
06623800 1982 07 24     224.00 A
06623800 1982 07 25     215.00 A
06623800 1982 07 26     228.00 A
06623800 1982 07 27     237.00 A
06623800 1982 07 28     259.00 A
06623800 1982 07 29     242.00 A
06623800 1982 07 30     178.00 A
06623800 1982 07 31     150.00 A
06623800 1982 08 01     135.00 A
06623800 1982 08 02     125.00 A
06623800 1982 08 03     124.00 A
06623800 1982 08 04     111.00 A
06623800 1982 08 05     101.00 A
06623800 1982 08 06     95.00 A
06623800 1982 08 07     87.00 A
06623800 1982 08 08     84.00 A
06623800 1982 08 09     89.00 A
06623800 1982 08 10     78.00 A
06623800 1982 08 11     79.00 A
06623800 1982 08 12     70.00 A
06623800 1982 08 13     70.00 A
06623800 1982 08 14     84.00 A
06623800 1982 08 15     65.00 A
06623800 1982 08 16     62.00 A
06623800 1982 08 17     64.00 A
06623800 1982 08 18     57.00 A
06623800 1982 08 19     53.00 A
06623800 1982 08 20     53.00 A
06623800 1982 08 21     55.00 A
06623800 1982 08 22     51.00 A
06623800 1982 08 23     46.00 A
06623800 1982 08 24     43.00 A
06623800 1982 08 25     44.00 A
06623800 1982 08 26     54.00 A
06623800 1982 08 27     44.00 A
06623800 1982 08 28     41.00 A
06623800 1982 08 29     44.00 A
06623800 1982 08 30     40.00 A
06623800 1982 08 31     38.00 A
06623800 1982 09 01     35.00 A
06623800 1982 09 02     33.00 A
06623800 1982 09 03     33.00 A
06623800 1982 09 04     32.00 A
06623800 1982 09 05     34.00 A
06623800 1982 09 06     32.00 A
06623800 1982 09 07     31.00 A
06623800 1982 09 08     34.00 A
06623800 1982 09 09     40.00 A
06623800 1982 09 10     34.00 A
06623800 1982 09 11     48.00 A
06623800 1982 09 12     52.00 A
06623800 1982 09 13     45.00 A
06623800 1982 09 14     56.00 A
06623800 1982 09 15     62.00 A
06623800 1982 09 16     53.00 A
06623800 1982 09 17     41.00 A
06623800 1982 09 18     39.00 A
06623800 1982 09 19     38.00 A
06623800 1982 09 20     41.00 A
06623800 1982 09 21     40.00 A
06623800 1982 09 22     36.00 A
06623800 1982 09 23     33.00 A
06623800 1982 09 24     30.00 A
06623800 1982 09 25     31.00 A
06623800 1982 09 26     42.00 A
06623800 1982 09 27     43.00 A
06623800 1982 09 28     48.00 A
06623800 1982 09 29     50.00 A
06623800 1982 09 30     54.00 A
06623800 1982 10 01     69.00 A
06623800 1982 10 02     54.00 A
06623800 1982 10 03     49.00 A
06623800 1982 10 04     50.00 A
06623800 1982 10 05     50.00 A
06623800 1982 10 06     47.00 A
06623800 1982 10 07     44.00 A
06623800 1982 10 08     44.00 A
06623800 1982 10 09     38.00 A
06623800 1982 10 10     36.00 A
06623800 1982 10 11     41.00 A
06623800 1982 10 12     44.00 A
06623800 1982 10 13     42.00 A
06623800 1982 10 14     41.00 A
06623800 1982 10 15     44.00 A
06623800 1982 10 16     51.00 A
06623800 1982 10 17     46.00 A
06623800 1982 10 18     44.00 A
06623800 1982 10 19     42.00 A
06623800 1982 10 20     35.00 A
06623800 1982 10 21     38.00 A
06623800 1982 10 22     38.00 A
06623800 1982 10 23     39.00 A
06623800 1982 10 24     38.00 A
06623800 1982 10 25     40.00 A
06623800 1982 10 26     44.00 A
06623800 1982 10 27     60.00 A
06623800 1982 10 28     40.00 A
06623800 1982 10 29     41.00 A
06623800 1982 10 30     44.00 A
06623800 1982 10 31     45.00 A
06623800 1982 11 01     40.00 A
06623800 1982 11 02     38.00 A
06623800 1982 11 03     34.00 A
06623800 1982 11 04     47.00 A
06623800 1982 11 05     43.00 A
06623800 1982 11 06     46.00 A
06623800 1982 11 07     50.00 A
06623800 1982 11 08     43.00 A
06623800 1982 11 09     37.00 A
06623800 1982 11 10     36.00 A
06623800 1982 11 11     34.00 A
06623800 1982 11 12     32.00 A
06623800 1982 11 13     31.00 A
06623800 1982 11 14     30.00 A
06623800 1982 11 15     30.00 A
06623800 1982 11 16     31.00 A
06623800 1982 11 17     32.00 A
06623800 1982 11 18     33.00 A
06623800 1982 11 19     34.00 A
06623800 1982 11 20     34.00 A
06623800 1982 11 21     32.00 A
06623800 1982 11 22     31.00 A
06623800 1982 11 23     28.00 A
06623800 1982 11 24     27.00 A
06623800 1982 11 25     28.00 A
06623800 1982 11 26     28.00 A
06623800 1982 11 27     30.00 A
06623800 1982 11 28     32.00 A
06623800 1982 11 29     32.00 A
06623800 1982 11 30     33.00 A
06623800 1982 12 01     33.00 A
06623800 1982 12 02     31.00 A
06623800 1982 12 03     29.00 A
06623800 1982 12 04     29.00 A
06623800 1982 12 05     30.00 A
06623800 1982 12 06     30.00 A
06623800 1982 12 07     27.00 A
06623800 1982 12 08     27.00 A
06623800 1982 12 09     27.00 A
06623800 1982 12 10     28.00 A
06623800 1982 12 11     28.00 A
06623800 1982 12 12     28.00 A
06623800 1982 12 13     27.00 A
06623800 1982 12 14     26.00 A
06623800 1982 12 15     24.00 A
06623800 1982 12 16     25.00 A
06623800 1982 12 17     27.00 A
06623800 1982 12 18     27.00 A
06623800 1982 12 19     27.00 A
06623800 1982 12 20     27.00 A
06623800 1982 12 21     27.00 A
06623800 1982 12 22     26.00 A
06623800 1982 12 23     26.00 A
06623800 1982 12 24     25.00 A
06623800 1982 12 25     25.00 A
06623800 1982 12 26     23.00 A
06623800 1982 12 27     22.00 A
06623800 1982 12 28     22.00 A
06623800 1982 12 29     22.00 A
06623800 1982 12 30     23.00 A
06623800 1982 12 31     24.00 A
06623800 1983 01 01     25.00 A
06623800 1983 01 02     25.00 A
06623800 1983 01 03     26.00 A
06623800 1983 01 04     27.00 A
06623800 1983 01 05     27.00 A
06623800 1983 01 06     28.00 A
06623800 1983 01 07     28.00 A
06623800 1983 01 08     26.00 A
06623800 1983 01 09     24.00 A
06623800 1983 01 10     28.00 A
06623800 1983 01 11     28.00 A
06623800 1983 01 12     27.00 A
06623800 1983 01 13     26.00 A
06623800 1983 01 14     26.00 A
06623800 1983 01 15     26.00 A
06623800 1983 01 16     26.00 A
06623800 1983 01 17     26.00 A
06623800 1983 01 18     26.00 A
06623800 1983 01 19     26.00 A
06623800 1983 01 20     26.00 A
06623800 1983 01 21     25.00 A
06623800 1983 01 22     25.00 A
06623800 1983 01 23     25.00 A
06623800 1983 01 24     25.00 A
06623800 1983 01 25     25.00 A
06623800 1983 01 26     25.00 A
06623800 1983 01 27     25.00 A
06623800 1983 01 28     25.00 A
06623800 1983 01 29     25.00 A
06623800 1983 01 30     25.00 A
06623800 1983 01 31     23.00 A
06623800 1983 02 01     25.00 A
06623800 1983 02 02     25.00 A
06623800 1983 02 03     24.00 A
06623800 1983 02 04     25.00 A
06623800 1983 02 05     25.00 A
06623800 1983 02 06     25.00 A
06623800 1983 02 07     24.00 A
06623800 1983 02 08     24.00 A
06623800 1983 02 09     24.00 A
06623800 1983 02 10     24.00 A
06623800 1983 02 11     24.00 A
06623800 1983 02 12     23.00 A
06623800 1983 02 13     23.00 A
06623800 1983 02 14     23.00 A
06623800 1983 02 15     23.00 A
06623800 1983 02 16     23.00 A
06623800 1983 02 17     23.00 A
06623800 1983 02 18     23.00 A
06623800 1983 02 19     23.00 A
06623800 1983 02 20     21.00 A
06623800 1983 02 21     20.00 A
06623800 1983 02 22     20.00 A
06623800 1983 02 23     20.00 A
06623800 1983 02 24     22.00 A
06623800 1983 02 25     22.00 A
06623800 1983 02 26     23.00 A
06623800 1983 02 27     23.00 A
06623800 1983 02 28     23.00 A
06623800 1983 03 01     23.00 A
06623800 1983 03 02     22.00 A
06623800 1983 03 03     22.00 A
06623800 1983 03 04     22.00 A
06623800 1983 03 05     23.00 A
06623800 1983 03 06     23.00 A
06623800 1983 03 07     21.00 A
06623800 1983 03 08     22.00 A
06623800 1983 03 09     22.00 A
06623800 1983 03 10     23.00 A
06623800 1983 03 11     24.00 A
06623800 1983 03 12     24.00 A
06623800 1983 03 13     24.00 A
06623800 1983 03 14     24.00 A
06623800 1983 03 15     22.00 A
06623800 1983 03 16     22.00 A
06623800 1983 03 17     21.00 A
06623800 1983 03 18     22.00 A
06623800 1983 03 19     23.00 A
06623800 1983 03 20     23.00 A
06623800 1983 03 21     24.00 A
06623800 1983 03 22     24.00 A
06623800 1983 03 23     24.00 A
06623800 1983 03 24     24.00 A
06623800 1983 03 25     23.00 A
06623800 1983 03 26     22.00 A
06623800 1983 03 27     23.00 A
06623800 1983 03 28     22.00 A
06623800 1983 03 29     23.00 A
06623800 1983 03 30     22.00 A
06623800 1983 03 31     21.00 A
06623800 1983 04 01     20.00 A
06623800 1983 04 02     20.00 A
06623800 1983 04 03     21.00 A
06623800 1983 04 04     20.00 A
06623800 1983 04 05     20.00 A
06623800 1983 04 06     20.00 A
06623800 1983 04 07     21.00 A
06623800 1983 04 08     22.00 A
06623800 1983 04 09     23.00 A
06623800 1983 04 10     23.00 A
06623800 1983 04 11     20.00 A
06623800 1983 04 12     19.00 A
06623800 1983 04 13     20.00 A
06623800 1983 04 14     21.00 A
06623800 1983 04 15     21.00 A
06623800 1983 04 16     21.00 A
06623800 1983 04 17     21.00 A
06623800 1983 04 18     22.00 A
06623800 1983 04 19     23.00 A
06623800 1983 04 20     23.00 A
06623800 1983 04 21     25.00 A
06623800 1983 04 22     24.00 A
06623800 1983 04 23     24.00 A
06623800 1983 04 24     28.00 A
06623800 1983 04 25     32.00 A
06623800 1983 04 26     36.00 A
06623800 1983 04 27     37.00 A
06623800 1983 04 28     35.00 A
06623800 1983 04 29     32.00 A
06623800 1983 04 30     32.00 A
06623800 1983 05 01     32.00 A
06623800 1983 05 02     31.00 A
06623800 1983 05 03     30.00 A
06623800 1983 05 04     32.00 A
06623800 1983 05 05     37.00 A
06623800 1983 05 06     42.00 A
06623800 1983 05 07     38.00 A
06623800 1983 05 08     44.00 A
06623800 1983 05 09     61.00 A
06623800 1983 05 10     73.00 A
06623800 1983 05 11     83.00 A
06623800 1983 05 12     74.00 A
06623800 1983 05 13     65.00 A
06623800 1983 05 14     60.00 A
06623800 1983 05 15     52.00 A
06623800 1983 05 16     49.00 A
06623800 1983 05 17     47.00 A
06623800 1983 05 18     47.00 A
06623800 1983 05 19     44.00 A
06623800 1983 05 20     44.00 A
06623800 1983 05 21     47.00 A
06623800 1983 05 22     57.00 A
06623800 1983 05 23     83.00 A
06623800 1983 05 24     138.00 A
06623800 1983 05 25     196.00 A
06623800 1983 05 26     262.00 A
06623800 1983 05 27     356.00 A
06623800 1983 05 28     483.00 A
06623800 1983 05 29     543.00 A
06623800 1983 05 30     539.00 A
06623800 1983 05 31     499.00 A
06623800 1983 06 01     478.00 A
06623800 1983 06 02     458.00 A
06623800 1983 06 03     494.00 A
06623800 1983 06 04     561.00 A
06623800 1983 06 05     521.00 A
06623800 1983 06 06     499.00 A
06623800 1983 06 07     557.00 A
06623800 1983 06 08     636.00 A
06623800 1983 06 09     689.00 A
06623800 1983 06 10     778.00 A
06623800 1983 06 11     930.00 A
06623800 1983 06 12     1030.00 A
06623800 1983 06 13     900.00 A
06623800 1983 06 14     730.00 A
06623800 1983 06 15     660.00 A
06623800 1983 06 16     695.00 A
06623800 1983 06 17     750.00 A
06623800 1983 06 18     800.00 A
06623800 1983 06 19     1020.00 A
06623800 1983 06 20     1130.00 A
06623800 1983 06 21     1180.00 A
06623800 1983 06 22     1210.00 A
06623800 1983 06 23     1200.00 A
06623800 1983 06 24     1220.00 A
06623800 1983 06 25     1360.00 A
06623800 1983 06 26     1250.00 A
06623800 1983 06 27     1240.00 A
06623800 1983 06 28     1140.00 A
06623800 1983 06 29     1030.00 A
06623800 1983 06 30     1010.00 A
06623800 1983 07 01     956.00 A
06623800 1983 07 02     937.00 A
06623800 1983 07 03     1040.00 A
06623800 1983 07 04     829.00 A
06623800 1983 07 05     778.00 A
06623800 1983 07 06     778.00 A
06623800 1983 07 07     784.00 A
06623800 1983 07 08     806.00 A
06623800 1983 07 09     773.00 A
06623800 1983 07 10     729.00 A
06623800 1983 07 11     580.00 A
06623800 1983 07 12     478.00 A
06623800 1983 07 13     434.00 A
06623800 1983 07 14     389.00 A
06623800 1983 07 15     371.00 A
06623800 1983 07 16     337.00 A
06623800 1983 07 17     289.00 A
06623800 1983 07 18     257.00 A
06623800 1983 07 19     238.00 A
06623800 1983 07 20     220.00 A
06623800 1983 07 21     226.00 A
06623800 1983 07 22     224.00 A
06623800 1983 07 23     249.00 A
06623800 1983 07 24     196.00 A
06623800 1983 07 25     165.00 A
06623800 1983 07 26     190.00 A
06623800 1983 07 27     220.00 A
06623800 1983 07 28     165.00 A
06623800 1983 07 29     136.00 A
06623800 1983 07 30     124.00 A
06623800 1983 07 31     142.00 A
06623800 1983 08 01     140.00 A
06623800 1983 08 02     121.00 A
06623800 1983 08 03     119.00 A
06623800 1983 08 04     117.00 A
06623800 1983 08 05     117.00 A
06623800 1983 08 06     105.00 A
06623800 1983 08 07     90.00 A
06623800 1983 08 08     84.00 A
06623800 1983 08 09     97.00 A
06623800 1983 08 10     86.00 A
06623800 1983 08 11     72.00 A
06623800 1983 08 12     91.00 A
06623800 1983 08 13     91.00 A
06623800 1983 08 14     73.00 A
06623800 1983 08 15     68.00 A
06623800 1983 08 16     64.00 A
06623800 1983 08 17     62.00 A
06623800 1983 08 18     64.00 A
06623800 1983 08 19     66.00 A
06623800 1983 08 20     73.00 A
06623800 1983 08 21     60.00 A
06623800 1983 08 22     55.00 A
06623800 1983 08 23     52.00 A
06623800 1983 08 24     49.00 A
06623800 1983 08 25     48.00 A
06623800 1983 08 26     46.00 A
06623800 1983 08 27     45.00 A
06623800 1983 08 28     44.00 A
06623800 1983 08 29     44.00 A
06623800 1983 08 30     46.00 A
06623800 1983 08 31     45.00 A
06623800 1983 09 01     42.00 A
06623800 1983 09 02     40.00 A
06623800 1983 09 03     43.00 A
06623800 1983 09 04     79.00 A
06623800 1983 09 05     61.00 A
06623800 1983 09 06     44.00 A
06623800 1983 09 07     40.00 A
06623800 1983 09 08     41.00 A
06623800 1983 09 09     43.00 A
06623800 1983 09 10     39.00 A
06623800 1983 09 11     36.00 A
06623800 1983 09 12     34.00 A
06623800 1983 09 13     33.00 A
06623800 1983 09 14     35.00 A
06623800 1983 09 15     35.00 A
06623800 1983 09 16     32.00 A
06623800 1983 09 17     30.00 A
06623800 1983 09 18     30.00 A
06623800 1983 09 19     30.00 A
06623800 1983 09 20     33.00 A
06623800 1983 09 21     31.00 A
06623800 1983 09 22     31.00 A
06623800 1983 09 23     31.00 A
06623800 1983 09 24     35.00 A
06623800 1983 09 25     34.00 A
06623800 1983 09 26     31.00 A
06623800 1983 09 27     31.00 A
06623800 1983 09 28     30.00 A
06623800 1983 09 29     29.00 A
06623800 1983 09 30     30.00 A
06623800 1983 10 01     37.00 A
06623800 1983 10 02     52.80 A
06623800 1983 10 03     55.00 A
06623800 1983 10 04     50.10 A
06623800 1983 10 05     54.00 A
06623800 1983 10 06     53.00 A
06623800 1983 10 07     51.00 A
06623800 1983 10 08     48.00 A
06623800 1983 10 09     47.00 A
06623800 1983 10 10     63.60 A
06623800 1983 10 11     58.10 A
06623800 1983 10 12     46.10 A
06623800 1983 10 13     42.00 A
06623800 1983 10 14     45.00 A
06623800 1983 10 15     44.00 A
06623800 1983 10 16     41.00 A
06623800 1983 10 17     42.00 A
06623800 1983 10 18     62.80 A
06623800 1983 10 19     54.10 A
06623800 1983 10 20     44.10 A
06623800 1983 10 21     43.30 A
06623800 1983 10 22     40.00 A
06623800 1983 10 23     40.00 A
06623800 1983 10 24     40.00 A
06623800 1983 10 25     32.10 A
06623800 1983 10 26     37.90 A
06623800 1983 10 27     35.00 A
06623800 1983 10 28     33.00 A
06623800 1983 10 29     35.00 A
06623800 1983 10 30     31.00 A
06623800 1983 10 31     34.00 A
06623800 1983 11 01     35.00 A
06623800 1983 11 02     34.00 A
06623800 1983 11 03     34.00 A
06623800 1983 11 04     32.00 A
06623800 1983 11 05     32.00 A
06623800 1983 11 06     31.00 A
06623800 1983 11 07     31.00 A
06623800 1983 11 08     42.90 A
06623800 1983 11 09     35.10 A
06623800 1983 11 10     38.00 A
06623800 1983 11 11     37.00 A
06623800 1983 11 12     35.00 A
06623800 1983 11 13     33.00 A
06623800 1983 11 14     32.50 A
06623800 1983 11 15     43.90 A
06623800 1983 11 16     48.00 A
06623800 1983 11 17     44.00 A
06623800 1983 11 18     36.10 A
06623800 1983 11 19     35.00 A
06623800 1983 11 20     36.00 A
06623800 1983 11 21     33.00 A
06623800 1983 11 22     31.00 A
06623800 1983 11 23     30.00 A
06623800 1983 11 24     34.00 A
06623800 1983 11 25     39.00 A
06623800 1983 11 26     35.00 A
06623800 1983 11 27     32.00 A
06623800 1983 11 28     31.00 A
06623800 1983 11 29     30.00 A
06623800 1983 11 30     29.00 A
06623800 1983 12 01     31.00 A
06623800 1983 12 02     30.00 A
06623800 1983 12 03     29.00 A
06623800 1983 12 04     30.00 A
06623800 1983 12 05     28.00 A
06623800 1983 12 06     29.00 A
06623800 1983 12 07     31.00 A
06623800 1983 12 08     33.00 A
06623800 1983 12 09     35.00 A
06623800 1983 12 10     37.00 A
06623800 1983 12 11     38.00 A
06623800 1983 12 12     39.00 A
06623800 1983 12 13     37.00 A
06623800 1983 12 14     37.00 A
06623800 1983 12 15     37.00 A
06623800 1983 12 16     37.00 A
06623800 1983 12 17     37.00 A
06623800 1983 12 18     35.00 A
06623800 1983 12 19     35.00 A
06623800 1983 12 20     35.00 A
06623800 1983 12 21     31.00 A
06623800 1983 12 22     29.00 A
06623800 1983 12 23     28.00 A
06623800 1983 12 24     28.00 A
06623800 1983 12 25     30.00 A
06623800 1983 12 26     31.00 A
06623800 1983 12 27     31.00 A
06623800 1983 12 28     28.00 A
06623800 1983 12 29     26.00 A
06623800 1983 12 30     26.00 A
06623800 1983 12 31     27.00 A
06623800 1984 01 01     26.00 A
06623800 1984 01 02     25.00 A
06623800 1984 01 03     25.00 A
06623800 1984 01 04     26.00 A
06623800 1984 01 05     26.00 A
06623800 1984 01 06     26.00 A
06623800 1984 01 07     25.00 A
06623800 1984 01 08     24.00 A
06623800 1984 01 09     23.00 A
06623800 1984 01 10     22.00 A
06623800 1984 01 11     22.00 A
06623800 1984 01 12     22.00 A
06623800 1984 01 13     21.00 A
06623800 1984 01 14     22.00 A
06623800 1984 01 15     21.00 A
06623800 1984 01 16     21.00 A
06623800 1984 01 17     21.00 A
06623800 1984 01 18     20.00 A
06623800 1984 01 19     21.00 A
06623800 1984 01 20     21.00 A
06623800 1984 01 21     22.00 A
06623800 1984 01 22     22.00 A
06623800 1984 01 23     22.00 A
06623800 1984 01 24     22.00 A
06623800 1984 01 25     22.00 A
06623800 1984 01 26     22.00 A
06623800 1984 01 27     22.00 A
06623800 1984 01 28     22.00 A
06623800 1984 01 29     21.00 A
06623800 1984 01 30     21.00 A
06623800 1984 01 31     21.00 A
06623800 1984 02 01     21.00 A
06623800 1984 02 02     21.00 A
06623800 1984 02 03     21.00 A
06623800 1984 02 04     21.00 A
06623800 1984 02 05     21.00 A
06623800 1984 02 06     21.00 A
06623800 1984 02 07     20.70 A
06623800 1984 02 08     21.00 A
06623800 1984 02 09     21.00 A
06623800 1984 02 10     21.00 A
06623800 1984 02 11     21.00 A
06623800 1984 02 12     21.00 A
06623800 1984 02 13     21.00 A
06623800 1984 02 14     21.00 A
06623800 1984 02 15     21.00 A
06623800 1984 02 16     19.00 A
06623800 1984 02 17     20.00 A
06623800 1984 02 18     20.00 A
06623800 1984 02 19     20.00 A
06623800 1984 02 20     20.00 A
06623800 1984 02 21     20.00 A
06623800 1984 02 22     20.00 A
06623800 1984 02 23     20.00 A
06623800 1984 02 24     20.00 A
06623800 1984 02 25     20.00 A
06623800 1984 02 26     20.00 A
06623800 1984 02 27     20.00 A
06623800 1984 02 28     20.00 A
06623800 1984 02 29     20.00 A
06623800 1984 03 01     20.00 A
06623800 1984 03 02     20.00 A
06623800 1984 03 03     20.00 A
06623800 1984 03 04     20.00 A
06623800 1984 03 05     20.00 A
06623800 1984 03 06     20.00 A
06623800 1984 03 07     20.00 A
06623800 1984 03 08     20.00 A
06623800 1984 03 09     20.00 A
06623800 1984 03 10     20.00 A
06623800 1984 03 11     20.00 A
06623800 1984 03 12     19.00 A
06623800 1984 03 13     20.00 A
06623800 1984 03 14     20.00 A
06623800 1984 03 15     20.00 A
06623800 1984 03 16     19.00 A
06623800 1984 03 17     18.00 A
06623800 1984 03 18     18.00 A
06623800 1984 03 19     20.00 A
06623800 1984 03 20     22.00 A
06623800 1984 03 21     22.00 A
06623800 1984 03 22     23.00 A
06623800 1984 03 23     23.00 A
06623800 1984 03 24     23.00 A
06623800 1984 03 25     23.10 A
06623800 1984 03 26     22.00 A
06623800 1984 03 27     23.00 A
06623800 1984 03 28     22.00 A
06623800 1984 03 29     23.00 A
06623800 1984 03 30     24.10 A
06623800 1984 03 31     24.00 A
06623800 1984 04 01     21.00 A
06623800 1984 04 02     21.00 A
06623800 1984 04 03     21.00 A
06623800 1984 04 04     22.00 A
06623800 1984 04 05     23.00 A
06623800 1984 04 06     24.00 A
06623800 1984 04 07     23.00 A
06623800 1984 04 08     23.00 A
06623800 1984 04 09     23.00 A
06623800 1984 04 10     24.50 A
06623800 1984 04 11     22.00 A
06623800 1984 04 12     21.00 A
06623800 1984 04 13     20.00 A
06623800 1984 04 14     20.00 A
06623800 1984 04 15     21.00 A
06623800 1984 04 16     22.00 A
06623800 1984 04 17     25.00 A
06623800 1984 04 18     31.00 A
06623800 1984 04 19     32.00 A
06623800 1984 04 20     33.00 A
06623800 1984 04 21     32.00 A
06623800 1984 04 22     30.00 A
06623800 1984 04 23     29.00 A
06623800 1984 04 24     28.00 A
06623800 1984 04 25     27.00 A
06623800 1984 04 26     26.00 A
06623800 1984 04 27     24.00 A
06623800 1984 04 28     22.00 A
06623800 1984 04 29     23.00 A
06623800 1984 04 30     23.00 A
06623800 1984 05 01     24.00 A
06623800 1984 05 02     24.00 A
06623800 1984 05 03     24.00 A
06623800 1984 05 04     24.00 A
06623800 1984 05 05     26.00 A
06623800 1984 05 06     25.00 A
06623800 1984 05 07     26.00 A
06623800 1984 05 08     25.90 A
06623800 1984 05 09     33.90 A
06623800 1984 05 10     49.80 A
06623800 1984 05 11     82.70 A
06623800 1984 05 12     131.00 A
06623800 1984 05 13     176.00 A
06623800 1984 05 14     225.00 A
06623800 1984 05 15     294.00 A
06623800 1984 05 16     403.00 A
06623800 1984 05 17     453.00 A
06623800 1984 05 18     434.00 A
06623800 1984 05 19     404.00 A
06623800 1984 05 20     482.00 A
06623800 1984 05 21     570.00 A
06623800 1984 05 22     610.00 A
06623800 1984 05 23     694.00 A
06623800 1984 05 24     799.00 A
06623800 1984 05 25     741.00 A
06623800 1984 05 26     621.00 A
06623800 1984 05 27     650.00 A
06623800 1984 05 28     657.00 A
06623800 1984 05 29     705.00 A
06623800 1984 05 30     811.00 A
06623800 1984 05 31     852.00 A
06623800 1984 06 01     870.00 A
06623800 1984 06 02     819.00 A
06623800 1984 06 03     841.00 A
06623800 1984 06 04     852.00 A
06623800 1984 06 05     835.00 A
06623800 1984 06 06     768.00 A
06623800 1984 06 07     696.00 A
06623800 1984 06 08     586.00 A
06623800 1984 06 09     521.00 A
06623800 1984 06 10     483.00 A
06623800 1984 06 11     556.00 A
06623800 1984 06 12     595.00 A
06623800 1984 06 13     672.00 A
06623800 1984 06 14     816.00 A
06623800 1984 06 15     893.00 A
06623800 1984 06 16     888.00 A
06623800 1984 06 17     888.00 A
06623800 1984 06 18     876.00 A
06623800 1984 06 19     870.00 A
06623800 1984 06 20     876.00 A
06623800 1984 06 21     894.00 A
06623800 1984 06 22     912.00 A
06623800 1984 06 23     894.00 A
06623800 1984 06 24     882.00 A
06623800 1984 06 25     888.00 A
06623800 1984 06 26     858.00 A
06623800 1984 06 27     858.00 A
06623800 1984 06 28     846.00 A
06623800 1984 06 29     841.00 A
06623800 1984 06 30     846.00 A
06623800 1984 07 01     841.00 A
06623800 1984 07 02     785.00 A
06623800 1984 07 03     724.00 A
06623800 1984 07 04     668.00 A
06623800 1984 07 05     620.00 A
06623800 1984 07 06     562.00 A
06623800 1984 07 07     521.00 A
06623800 1984 07 08     499.00 A
06623800 1984 07 09     551.00 A
06623800 1984 07 10     575.00 A
06623800 1984 07 11     402.00 A
06623800 1984 07 12     348.00 A
06623800 1984 07 13     338.00 A
06623800 1984 07 14     331.00 A
06623800 1984 07 15     274.00 A
06623800 1984 07 16     240.00 A
06623800 1984 07 17     219.00 A
06623800 1984 07 18     194.00 A
06623800 1984 07 19     178.00 A
06623800 1984 07 20     168.00 A
06623800 1984 07 21     164.00 A
06623800 1984 07 22     165.00 A
06623800 1984 07 23     145.00 A
06623800 1984 07 24     143.00 A
06623800 1984 07 25     133.00 A
06623800 1984 07 26     136.00 A
06623800 1984 07 27     121.00 A
06623800 1984 07 28     138.00 A
06623800 1984 07 29     127.00 A
06623800 1984 07 30     117.00 A
06623800 1984 07 31     136.00 A
06623800 1984 08 01     122.00 A
06623800 1984 08 02     112.00 A
06623800 1984 08 03     95.20 A
06623800 1984 08 04     85.10 A
06623800 1984 08 05     84.10 A
06623800 1984 08 06     93.90 A
06623800 1984 08 07     85.10 A
06623800 1984 08 08     81.00 A
06623800 1984 08 09     71.40 A
06623800 1984 08 10     70.00 A
06623800 1984 08 11     63.10 A
06623800 1984 08 12     63.00 A
06623800 1984 08 13     61.40 A
06623800 1984 08 14     61.00 A
06623800 1984 08 15     60.00 A
06623800 1984 08 16     65.90 A
06623800 1984 08 17     59.10 A
06623800 1984 08 18     58.00 A
06623800 1984 08 19     62.90 A
06623800 1984 08 20     121.00 A
06623800 1984 08 21     87.20 A
06623800 1984 08 22     66.10 A
06623800 1984 08 23     63.00 A
06623800 1984 08 24     58.10 A
06623800 1984 08 25     57.00 A
06623800 1984 08 26     55.00 A
06623800 1984 08 27     49.00 A
06623800 1984 08 28     48.00 A
06623800 1984 08 29     44.00 A
06623800 1984 08 30     42.00 A
06623800 1984 08 31     47.90 A
06623800 1984 09 01     72.70 A
06623800 1984 09 02     53.20 A
06623800 1984 09 03     45.10 A
06623800 1984 09 04     42.00 A
06623800 1984 09 05     40.00 A
06623800 1984 09 06     38.00 A
06623800 1984 09 07     48.90 A
06623800 1984 09 08     53.90 A
06623800 1984 09 09     50.00 A
06623800 1984 09 10     40.10 A
06623800 1984 09 11     50.90 A
06623800 1984 09 12     102.00 A
06623800 1984 09 13     131.00 A
06623800 1984 09 14     71.30 A
06623800 1984 09 15     51.20 A
06623800 1984 09 16     67.10 A
06623800 1984 09 17     60.30 A
06623800 1984 09 18     48.10 A
06623800 1984 09 19     45.00 A
06623800 1984 09 20     53.40 A
06623800 1984 09 21     97.10 A
06623800 1984 09 22     94.40 A
06623800 1984 09 23     59.10 A
06623800 1984 09 24     63.90 A
06623800 1984 09 25     82.80 A
06623800 1984 09 26     86.00 A
06623800 1984 09 27     83.00 A
06623800 1984 09 28     65.20 A
06623800 1984 09 29     54.10 A
06623800 1984 09 30     54.00 A
06623800 1984 10 01     54.00 A
06623800 1984 10 02     57.80 A
06623800 1984 10 03     53.00 A
06623800 1984 10 04     52.00 A
06623800 1984 10 05     68.80 A
06623800 1984 10 06     63.10 A
06623800 1984 10 07     54.10 A
06623800 1984 10 08     50.00 A
06623800 1984 10 09     48.00 A
06623800 1984 10 10     48.00 A
06623800 1984 10 11     50.00 A
06623800 1984 10 12     48.00 A
06623800 1984 10 13     48.00 A
06623800 1984 10 14     50.00 A
06623800 1984 10 15     40.10 A
06623800 1984 10 16     44.00 A
06623800 1984 10 17     47.00 A
06623800 1984 10 18     49.00 A
06623800 1984 10 19     48.00 A
06623800 1984 10 20     48.00 A
06623800 1984 10 21     48.00 A
06623800 1984 10 22     47.00 A
06623800 1984 10 23     47.00 A
06623800 1984 10 24     47.00 A
06623800 1984 10 25     47.00 A
06623800 1984 10 26     48.00 A
06623800 1984 10 27     46.00 A
06623800 1984 10 28     46.00 A
06623800 1984 10 29     46.00 A
06623800 1984 10 30     47.00 A
06623800 1984 10 31     48.10 A
06623800 1984 11 01     47.00 A
06623800 1984 11 02     45.00 A
06623800 1984 11 03     44.10 A
06623800 1984 11 04     45.00 A
06623800 1984 11 05     43.00 A
06623800 1984 11 06     44.00 A
06623800 1984 11 07     44.00 A
06623800 1984 11 08     41.10 A
06623800 1984 11 09     38.00 A
06623800 1984 11 10     36.00 A
06623800 1984 11 11     38.00 A
06623800 1984 11 12     38.00 A
06623800 1984 11 13     39.00 A
06623800 1984 11 14     39.00 A
06623800 1984 11 15     39.00 A
06623800 1984 11 16     38.00 A
06623800 1984 11 17     37.00 A
06623800 1984 11 18     36.00 A
06623800 1984 11 19     36.00 A
06623800 1984 11 20     36.00 A
06623800 1984 11 21     38.00 A
06623800 1984 11 22     38.00 A
06623800 1984 11 23     38.00 A
06623800 1984 11 24     38.00 A
06623800 1984 11 25     37.00 A
06623800 1984 11 26     36.00 A
06623800 1984 11 27     34.00 A
06623800 1984 11 28     34.00 A
06623800 1984 11 29     33.00 A
06623800 1984 11 30     33.00 A
06623800 1984 12 01     32.00 A
06623800 1984 12 02     30.00 A
06623800 1984 12 03     29.00 A
06623800 1984 12 04     28.00 A
06623800 1984 12 05     28.00 A
06623800 1984 12 06     28.00 A
06623800 1984 12 07     29.00 A
06623800 1984 12 08     29.00 A
06623800 1984 12 09     29.00 A
06623800 1984 12 10     29.00 A
06623800 1984 12 11     28.00 A
06623800 1984 12 12     27.00 A
06623800 1984 12 13     25.00 A
06623800 1984 12 14     24.00 A
06623800 1984 12 15     24.00 A
06623800 1984 12 16     24.00 A
06623800 1984 12 17     25.00 A
06623800 1984 12 18     25.00 A
06623800 1984 12 19     25.00 A
06623800 1984 12 20     24.00 A
06623800 1984 12 21     24.00 A
06623800 1984 12 22     23.00 A
06623800 1984 12 23     23.00 A
06623800 1984 12 24     24.00 A
06623800 1984 12 25     24.00 A
06623800 1984 12 26     25.00 A
06623800 1984 12 27     25.00 A
06623800 1984 12 28     24.00 A
06623800 1984 12 29     24.00 A
06623800 1984 12 30     24.00 A
06623800 1984 12 31     23.00 A
06623800 1985 01 01     23.00 A
06623800 1985 01 02     23.00 A
06623800 1985 01 03     23.00 A
06623800 1985 01 04     23.00 A
06623800 1985 01 05     23.00 A
06623800 1985 01 06     23.00 A
06623800 1985 01 07     22.00 A
06623800 1985 01 08     22.00 A
06623800 1985 01 09     21.00 A
06623800 1985 01 10     21.00 A
06623800 1985 01 11     21.00 A
06623800 1985 01 12     20.00 A
06623800 1985 01 13     21.00 A
06623800 1985 01 14     21.00 A
06623800 1985 01 15     22.00 A
06623800 1985 01 16     22.00 A
06623800 1985 01 17     22.00 A
06623800 1985 01 18     22.00 A
06623800 1985 01 19     22.00 A
06623800 1985 01 20     22.00 A
06623800 1985 01 21     22.00 A
06623800 1985 01 22     21.00 A
06623800 1985 01 23     21.00 A
06623800 1985 01 24     21.00 A
06623800 1985 01 25     21.00 A
06623800 1985 01 26     21.00 A
06623800 1985 01 27     21.00 A
06623800 1985 01 28     21.00 A
06623800 1985 01 29     21.00 A
06623800 1985 01 30     20.00 A
06623800 1985 01 31     19.00 A
06623800 1985 02 01     19.00 A
06623800 1985 02 02     20.00 A
06623800 1985 02 03     20.00 A
06623800 1985 02 04     20.00 A
06623800 1985 02 05     20.00 A
06623800 1985 02 06     20.00 A
06623800 1985 02 07     20.00 A
06623800 1985 02 08     21.00 A
06623800 1985 02 09     20.00 A
06623800 1985 02 10     20.00 A
06623800 1985 02 11     20.00 A
06623800 1985 02 12     21.00 A
06623800 1985 02 13     21.00 A
06623800 1985 02 14     21.00 A
06623800 1985 02 15     21.00 A
06623800 1985 02 16     21.00 A
06623800 1985 02 17     20.00 A
06623800 1985 02 18     20.00 A
06623800 1985 02 19     21.00 A
06623800 1985 02 20     22.00 A
06623800 1985 02 21     21.00 A
06623800 1985 02 22     21.00 A
06623800 1985 02 23     21.00 A
06623800 1985 02 24     20.00 A
06623800 1985 02 25     20.00 A
06623800 1985 02 26     19.00 A
06623800 1985 02 27     20.00 A
06623800 1985 02 28     19.00 A
06623800 1985 03 01     20.00 A
06623800 1985 03 02     21.00 A
06623800 1985 03 03     19.00 A
06623800 1985 03 04     19.00 A
06623800 1985 03 05     21.00 A
06623800 1985 03 06     21.00 A
06623800 1985 03 07     20.00 A
06623800 1985 03 08     20.00 A
06623800 1985 03 09     20.00 A
06623800 1985 03 10     20.00 A
06623800 1985 03 11     20.00 A
06623800 1985 03 12     20.00 A
06623800 1985 03 13     20.00 A
06623800 1985 03 14     20.00 A
06623800 1985 03 15     20.00 A
06623800 1985 03 16     21.00 A
06623800 1985 03 17     20.00 A
06623800 1985 03 18     21.00 A
06623800 1985 03 19     21.00 A
06623800 1985 03 20     20.00 A
06623800 1985 03 21     20.00 A
06623800 1985 03 22     19.00 A
06623800 1985 03 23     19.00 A
06623800 1985 03 24     23.00 A
06623800 1985 03 25     25.00 A
06623800 1985 03 26     24.00 A
06623800 1985 03 27     20.00 A
06623800 1985 03 28     20.00 A
06623800 1985 03 29     20.00 A
06623800 1985 03 30     20.00 A
06623800 1985 03 31     20.00 A
06623800 1985 04 01     20.00 A
06623800 1985 04 02     23.00 A
06623800 1985 04 03     22.00 A
06623800 1985 04 04     22.00 A
06623800 1985 04 05     22.00 A
06623800 1985 04 06     23.00 A
06623800 1985 04 07     23.00 A
06623800 1985 04 08     23.00 A
06623800 1985 04 09     25.00 A
06623800 1985 04 10     27.00 A
06623800 1985 04 11     34.00 A
06623800 1985 04 12     42.00 A
06623800 1985 04 13     47.00 A
06623800 1985 04 14     59.90 A
06623800 1985 04 15     84.70 A
06623800 1985 04 16     111.00 A
06623800 1985 04 17     131.00 A
06623800 1985 04 18     150.00 A
06623800 1985 04 19     150.00 A
06623800 1985 04 20     103.00 A
06623800 1985 04 21     92.10 A
06623800 1985 04 22     80.10 A
06623800 1985 04 23     73.10 A
06623800 1985 04 24     64.10 A
06623800 1985 04 25     50.10 A
06623800 1985 04 26     54.90 A
06623800 1985 04 27     54.00 A
06623800 1985 04 28     65.90 A
06623800 1985 04 29     77.90 A
06623800 1985 04 30     83.90 A
06623800 1985 05 01     105.00 A
06623800 1985 05 02     141.00 A
06623800 1985 05 03     189.00 A
06623800 1985 05 04     253.00 A
06623800 1985 05 05     333.00 A
06623800 1985 05 06     331.00 A
06623800 1985 05 07     340.00 A
06623800 1985 05 08     388.00 A
06623800 1985 05 09     457.00 A
06623800 1985 05 10     529.00 A
06623800 1985 05 11     471.00 A
06623800 1985 05 12     365.00 A
06623800 1985 05 13     311.00 A
06623800 1985 05 14     281.00 A
06623800 1985 05 15     284.00 A
06623800 1985 05 16     298.00 A
06623800 1985 05 17     325.00 A
06623800 1985 05 18     360.00 A
06623800 1985 05 19     357.00 A
06623800 1985 05 20     374.00 A
06623800 1985 05 21     407.00 A
06623800 1985 05 22     411.00 A
06623800 1985 05 23     442.00 A
06623800 1985 05 24     507.00 A
06623800 1985 05 25     594.00 A
06623800 1985 05 26     687.00 A
06623800 1985 05 27     723.00 A
06623800 1985 05 28     756.00 A
06623800 1985 05 29     784.00 A
06623800 1985 05 30     724.00 A
06623800 1985 05 31     621.00 A
06623800 1985 06 01     567.00 A
06623800 1985 06 02     557.00 A
06623800 1985 06 03     561.00 A
06623800 1985 06 04     600.00 A
06623800 1985 06 05     630.00 A
06623800 1985 06 06     673.00 A
06623800 1985 06 07     772.00 A
06623800 1985 06 08     1010.00 A
06623800 1985 06 09     1010.00 A
06623800 1985 06 10     938.00 A
06623800 1985 06 11     791.00 A
06623800 1985 06 12     707.00 A
06623800 1985 06 13     695.00 A
06623800 1985 06 14     706.00 A
06623800 1985 06 15     689.00 A
06623800 1985 06 16     684.00 A
06623800 1985 06 17     641.00 A
06623800 1985 06 18     558.00 A
06623800 1985 06 19     496.00 A
06623800 1985 06 20     474.00 A
06623800 1985 06 21     461.00 A
06623800 1985 06 22     408.00 A
06623800 1985 06 23     374.00 A
06623800 1985 06 24     360.00 A
06623800 1985 06 25     469.00 A
06623800 1985 06 26     426.00 A
06623800 1985 06 27     338.00 A
06623800 1985 06 28     288.00 A
06623800 1985 06 29     262.00 A
06623800 1985 06 30     242.00 A
06623800 1985 07 01     231.00 A
06623800 1985 07 02     220.00 A
06623800 1985 07 03     204.00 A
06623800 1985 07 04     192.00 A
06623800 1985 07 05     180.00 A
06623800 1985 07 06     174.00 A
06623800 1985 07 07     165.00 A
06623800 1985 07 08     163.00 A
06623800 1985 07 09     170.00 A
06623800 1985 07 10     159.00 A
06623800 1985 07 11     145.00 A
06623800 1985 07 12     154.00 A
06623800 1985 07 13     133.00 A
06623800 1985 07 14     114.00 A
06623800 1985 07 15     103.00 A
06623800 1985 07 16     96.10 A
06623800 1985 07 17     97.00 A
06623800 1985 07 18     166.00 A
06623800 1985 07 19     179.00 A
06623800 1985 07 20     145.00 A
06623800 1985 07 21     118.00 A
06623800 1985 07 22     132.00 A
06623800 1985 07 23     121.00 A
06623800 1985 07 24     118.00 A
06623800 1985 07 25     95.20 A
06623800 1985 07 26     90.20 A
06623800 1985 07 27     85.10 A
06623800 1985 07 28     79.10 A
06623800 1985 07 29     111.00 A
06623800 1985 07 30     89.20 A
06623800 1985 07 31     77.10 A
06623800 1985 08 01     69.10 A
06623800 1985 08 02     64.10 A
06623800 1985 08 03     60.00 A
06623800 1985 08 04     55.10 A
06623800 1985 08 05     54.00 A
06623800 1985 08 06     53.00 A
06623800 1985 08 07     49.00 A
06623800 1985 08 08     46.00 A
06623800 1985 08 09     47.00 A
06623800 1985 08 10     45.00 A
06623800 1985 08 11     48.00 A
06623800 1985 08 12     66.80 A
06623800 1985 08 13     48.20 A
06623800 1985 08 14     43.10 A
06623800 1985 08 15     40.00 A
06623800 1985 08 16     39.10 A
06623800 1985 08 17     38.00 A
06623800 1985 08 18     40.00 A
06623800 1985 08 19     41.00 A
06623800 1985 08 20     38.00 A
06623800 1985 08 21     36.00 A
06623800 1985 08 22     35.00 A
06623800 1985 08 23     33.00 A
06623800 1985 08 24     32.00 A
06623800 1985 08 25     31.00 A
06623800 1985 08 26     31.00 A
06623800 1985 08 27     31.00 A
06623800 1985 08 28     31.00 A
06623800 1985 08 29     31.00 A
06623800 1985 08 30     29.00 A
06623800 1985 08 31     28.00 A
06623800 1985 09 01     28.00 A
06623800 1985 09 02     31.00 A
06623800 1985 09 03     63.20 A
06623800 1985 09 04     44.20 A
06623800 1985 09 05     33.10 A
06623800 1985 09 06     29.00 A
06623800 1985 09 07     29.00 A
06623800 1985 09 08     33.90 A
06623800 1985 09 09     29.10 A
06623800 1985 09 10     28.00 A
06623800 1985 09 11     30.00 A
06623800 1985 09 12     39.90 A
06623800 1985 09 13     31.10 A
06623800 1985 09 14     28.00 A
06623800 1985 09 15     26.00 A
06623800 1985 09 16     26.00 A
06623800 1985 09 17     25.00 A
06623800 1985 09 18     25.00 A
06623800 1985 09 19     30.90 A
06623800 1985 09 20     28.00 A
06623800 1985 09 21     27.00 A
06623800 1985 09 22     31.90 A
06623800 1985 09 23     33.00 A
06623800 1985 09 24     32.00 A
06623800 1985 09 25     32.00 A
06623800 1985 09 26     33.00 A
06623800 1985 09 27     37.90 A
06623800 1985 09 28     47.90 A
06623800 1985 09 29     34.10 A
06623800 1985 09 30     32.00 A
06623800 1985 10 01     30.00 A
06623800 1985 10 02     31.00 A
06623800 1985 10 03     29.00 A
06623800 1985 10 04     27.00 A
06623800 1985 10 05     26.00 A
06623800 1985 10 06     27.00 A
06623800 1985 10 07     43.80 A
06623800 1985 10 08     42.00 A
06623800 1985 10 09     40.00 A
06623800 1985 10 10     46.10 A
06623800 1985 10 11     50.00 A
06623800 1985 10 12     46.00 A
06623800 1985 10 13     47.00 A
06623800 1985 10 14     34.10 A
06623800 1985 10 15     37.00 A
06623800 1985 10 16     37.00 A
06623800 1985 10 17     39.00 A
06623800 1985 10 18     38.00 A
06623800 1985 10 19     37.00 A
06623800 1985 10 20     39.90 A
06623800 1985 10 21     40.00 A
06623800 1985 10 22     41.00 A
06623800 1985 10 23     39.00 A
06623800 1985 10 24     38.00 A
06623800 1985 10 25     40.00 A
06623800 1985 10 26     43.00 A
06623800 1985 10 27     40.00 A
06623800 1985 10 28     42.00 A
06623800 1985 10 29     42.00 A
06623800 1985 10 30     38.00 A
06623800 1985 10 31     38.00 A
06623800 1985 11 01     27.10 A
06623800 1985 11 02     36.90 A
06623800 1985 11 03     34.00 A
06623800 1985 11 04     35.00 A
06623800 1985 11 05     34.00 A
06623800 1985 11 06     32.00 A
06623800 1985 11 07     31.00 A
06623800 1985 11 08     29.00 A
06623800 1985 11 09     26.00 A
06623800 1985 11 10     23.00 A
06623800 1985 11 11     26.00 A
06623800 1985 11 12     29.00 A
06623800 1985 11 13     28.00 A
06623800 1985 11 14     26.00 A
06623800 1985 11 15     28.00 A
06623800 1985 11 16     30.00 A
06623800 1985 11 17     28.00 A
06623800 1985 11 18     27.00 A
06623800 1985 11 19     25.00 A
06623800 1985 11 20     24.00 A
06623800 1985 11 21     25.00 A
06623800 1985 11 22     26.00 A
06623800 1985 11 23     27.00 A
06623800 1985 11 24     29.00 A
06623800 1985 11 25     31.00 A
06623800 1985 11 26     33.00 A
06623800 1985 11 27     32.00 A
06623800 1985 11 28     31.00 A
06623800 1985 11 29     31.00 A
06623800 1985 11 30     29.00 A
06623800 1985 12 01     28.00 A
06623800 1985 12 02     30.00 A
06623800 1985 12 03     31.00 A
06623800 1985 12 04     30.00 A
06623800 1985 12 05     29.00 A
06623800 1985 12 06     29.00 A
06623800 1985 12 07     29.00 A
06623800 1985 12 08     28.00 A
06623800 1985 12 09     27.00 A
06623800 1985 12 10     26.00 A
06623800 1985 12 11     25.00 A
06623800 1985 12 12     24.00 A
06623800 1985 12 13     25.00 A
06623800 1985 12 14     26.00 A
06623800 1985 12 15     26.00 A
06623800 1985 12 16     26.00 A
06623800 1985 12 17     27.00 A
06623800 1985 12 18     27.00 A
06623800 1985 12 19     28.00 A
06623800 1985 12 20     27.00 A
06623800 1985 12 21     27.00 A
06623800 1985 12 22     26.00 A
06623800 1985 12 23     26.00 A
06623800 1985 12 24     26.00 A
06623800 1985 12 25     26.00 A
06623800 1985 12 26     25.00 A
06623800 1985 12 27     24.00 A
06623800 1985 12 28     24.00 A
06623800 1985 12 29     24.00 A
06623800 1985 12 30     25.00 A
06623800 1985 12 31     25.00 A
06623800 1986 01 01     25.00 A
06623800 1986 01 02     25.00 A
06623800 1986 01 03     25.00 A
06623800 1986 01 04     25.00 A
06623800 1986 01 05     25.00 A
06623800 1986 01 06     25.00 A
06623800 1986 01 07     25.00 A
06623800 1986 01 08     25.00 A
06623800 1986 01 09     25.00 A
06623800 1986 01 10     24.00 A
06623800 1986 01 11     24.00 A
06623800 1986 01 12     25.00 A
06623800 1986 01 13     24.00 A
06623800 1986 01 14     24.00 A
06623800 1986 01 15     24.00 A
06623800 1986 01 16     24.00 A
06623800 1986 01 17     24.00 A
06623800 1986 01 18     24.00 A
06623800 1986 01 19     24.00 A
06623800 1986 01 20     25.00 A
06623800 1986 01 21     25.00 A
06623800 1986 01 22     25.00 A
06623800 1986 01 23     27.00 A
06623800 1986 01 24     25.00 A
06623800 1986 01 25     25.00 A
06623800 1986 01 26     25.00 A
06623800 1986 01 27     25.00 A
06623800 1986 01 28     25.00 A
06623800 1986 01 29     25.00 A
06623800 1986 01 30     24.00 A
06623800 1986 01 31     24.00 A
06623800 1986 02 01     24.00 A
06623800 1986 02 02     25.00 A
06623800 1986 02 03     24.00 A
06623800 1986 02 04     24.00 A
06623800 1986 02 05     24.00 A
06623800 1986 02 06     22.00 A
06623800 1986 02 07     22.00 A
06623800 1986 02 08     21.00 A
06623800 1986 02 09     22.00 A
06623800 1986 02 10     23.00 A
06623800 1986 02 11     23.70 A
06623800 1986 02 12     24.00 A
06623800 1986 02 13     25.00 A
06623800 1986 02 14     24.00 A
06623800 1986 02 15     25.00 A
06623800 1986 02 16     25.00 A
06623800 1986 02 17     24.00 A
06623800 1986 02 18     24.00 A
06623800 1986 02 19     25.00 A
06623800 1986 02 20     23.00 A
06623800 1986 02 21     24.00 A
06623800 1986 02 22     26.00 A
06623800 1986 02 23     28.00 A
06623800 1986 02 24     28.00 A
06623800 1986 02 25     30.00 A
06623800 1986 02 26     34.00 A
06623800 1986 02 27     38.00 A
06623800 1986 02 28     35.00 A
06623800 1986 03 01     34.00 A
06623800 1986 03 02     32.00 A
06623800 1986 03 03     31.00 A
06623800 1986 03 04     30.00 A
06623800 1986 03 05     30.00 A
06623800 1986 03 06     31.00 A
06623800 1986 03 07     32.00 A
06623800 1986 03 08     33.00 A
06623800 1986 03 09     31.00 A
06623800 1986 03 10     28.00 A
06623800 1986 03 11     27.00 A
06623800 1986 03 12     25.00 A
06623800 1986 03 13     24.00 A
06623800 1986 03 14     23.00 A
06623800 1986 03 15     24.00 A
06623800 1986 03 16     25.00 A
06623800 1986 03 17     25.00 A
06623800 1986 03 18     26.00 A
06623800 1986 03 19     26.00 A
06623800 1986 03 20     27.00 A
06623800 1986 03 21     28.00 A
06623800 1986 03 22     30.00 A
06623800 1986 03 23     31.00 A
06623800 1986 03 24     31.00 A
06623800 1986 03 25     31.00 A
06623800 1986 03 26     31.00 A
06623800 1986 03 27     33.00 A
06623800 1986 03 28     35.00 A
06623800 1986 03 29     38.00 A
06623800 1986 03 30     43.90 A
06623800 1986 03 31     49.90 A
06623800 1986 04 01     53.00 A
06623800 1986 04 02     60.90 A
06623800 1986 04 03     58.00 A
06623800 1986 04 04     57.00 A
06623800 1986 04 05     51.10 A
06623800 1986 04 06     52.00 A
06623800 1986 04 07     54.00 A
06623800 1986 04 08     58.00 A
06623800 1986 04 09     61.00 A
06623800 1986 04 10     62.00 A
06623800 1986 04 11     58.00 A
06623800 1986 04 12     57.00 A
06623800 1986 04 13     61.90 A
06623800 1986 04 14     54.10 A
06623800 1986 04 15     53.00 A
06623800 1986 04 16     58.90 A
06623800 1986 04 17     61.00 A
06623800 1986 04 18     54.10 A
06623800 1986 04 19     52.00 A
06623800 1986 04 20     49.00 A
06623800 1986 04 21     53.00 A
06623800 1986 04 22     67.80 A
06623800 1986 04 23     94.70 A
06623800 1986 04 24     114.00 A
06623800 1986 04 25     118.00 A
06623800 1986 04 26     110.00 A
06623800 1986 04 27     94.20 A
06623800 1986 04 28     89.10 A
06623800 1986 04 29     94.90 A
06623800 1986 04 30     109.00 A
06623800 1986 05 01     135.00 A
06623800 1986 05 02     180.00 A
06623800 1986 05 03     251.00 A
06623800 1986 05 04     322.00 A
06623800 1986 05 05     326.00 A
06623800 1986 05 06     256.00 A
06623800 1986 05 07     246.00 A
06623800 1986 05 08     225.00 A
06623800 1986 05 09     188.00 A
06623800 1986 05 10     172.00 A
06623800 1986 05 11     193.00 A
06623800 1986 05 12     221.00 A
06623800 1986 05 13     228.00 A
06623800 1986 05 14     257.00 A
06623800 1986 05 15     252.00 A
06623800 1986 05 16     233.00 A
06623800 1986 05 17     218.00 A
06623800 1986 05 18     263.00 A
06623800 1986 05 19     343.00 A
06623800 1986 05 20     419.00 A
06623800 1986 05 21     523.00 A
06623800 1986 05 22     534.00 A
06623800 1986 05 23     465.00 A
06623800 1986 05 24     464.00 A
06623800 1986 05 25     501.00 A
06623800 1986 05 26     548.00 A
06623800 1986 05 27     603.00 A
06623800 1986 05 28     677.00 A
06623800 1986 05 29     722.00 A
06623800 1986 05 30     739.00 A
06623800 1986 05 31     789.00 A
06623800 1986 06 01     834.00 A
06623800 1986 06 02     892.00 A
06623800 1986 06 03     948.00 A
06623800 1986 06 04     967.00 A
06623800 1986 06 05     962.00 A
06623800 1986 06 06     1160.00 A
06623800 1986 06 07     1140.00 A
06623800 1986 06 08     1100.00 A
06623800 1986 06 09     1070.00 A
06623800 1986 06 10     1120.00 A
06623800 1986 06 11     865.00 A
06623800 1986 06 12     856.00 A
06623800 1986 06 13     862.00 A
06623800 1986 06 14     844.00 A
06623800 1986 06 15     880.00 A
06623800 1986 06 16     918.00 A
06623800 1986 06 17     956.00 A
06623800 1986 06 18     969.00 A
06623800 1986 06 19     906.00 A
06623800 1986 06 20     847.00 A
06623800 1986 06 21     838.00 A
06623800 1986 06 22     780.00 A
06623800 1986 06 23     728.00 A
06623800 1986 06 24     722.00 A
06623800 1986 06 25     689.00 A
06623800 1986 06 26     678.00 A
06623800 1986 06 27     635.00 A
06623800 1986 06 28     615.00 A
06623800 1986 06 29     677.00 A
06623800 1986 06 30     579.00 A
06623800 1986 07 01     516.00 A
06623800 1986 07 02     468.00 A
06623800 1986 07 03     453.00 A
06623800 1986 07 04     441.00 A
06623800 1986 07 05     543.00 A
06623800 1986 07 06     456.00 A
06623800 1986 07 07     364.00 A
06623800 1986 07 08     319.00 A
06623800 1986 07 09     284.00 A
06623800 1986 07 10     266.00 A
06623800 1986 07 11     244.00 A
06623800 1986 07 12     221.00 A
06623800 1986 07 13     209.00 A
06623800 1986 07 14     198.00 A
06623800 1986 07 15     172.00 A
06623800 1986 07 16     188.00 A
06623800 1986 07 17     164.00 A
06623800 1986 07 18     141.00 A
06623800 1986 07 19     130.00 A
06623800 1986 07 20     125.00 A
06623800 1986 07 21     136.00 A
06623800 1986 07 22     128.00 A
06623800 1986 07 23     118.00 A
06623800 1986 07 24     118.00 A
06623800 1986 07 25     132.00 A
06623800 1986 07 26     133.00 A
06623800 1986 07 27     109.00 A
06623800 1986 07 28     93.20 A
06623800 1986 07 29     83.10 A
06623800 1986 07 30     79.00 A
06623800 1986 07 31     76.60 A
06623800 1986 08 01     73.00 A
06623800 1986 08 02     71.00 A
06623800 1986 08 03     69.00 A
06623800 1986 08 04     67.00 A
06623800 1986 08 05     69.00 A
06623800 1986 08 06     63.10 A
06623800 1986 08 07     62.00 A
06623800 1986 08 08     66.90 A
06623800 1986 08 09     60.10 A
06623800 1986 08 10     57.00 A
06623800 1986 08 11     53.00 A
06623800 1986 08 12     67.80 A
06623800 1986 08 13     64.00 A
06623800 1986 08 14     51.10 A
06623800 1986 08 15     47.00 A
06623800 1986 08 16     46.00 A
06623800 1986 08 17     44.00 A
06623800 1986 08 18     43.00 A
06623800 1986 08 19     42.00 A
06623800 1986 08 20     48.90 A
06623800 1986 08 21     53.00 A
06623800 1986 08 22     46.10 A
06623800 1986 08 23     42.00 A
06623800 1986 08 24     40.00 A
06623800 1986 08 25     43.00 A
06623800 1986 08 26     42.00 A
06623800 1986 08 27     38.10 A
06623800 1986 08 28     36.00 A
06623800 1986 08 29     38.00 A
06623800 1986 08 30     42.90 A
06623800 1986 08 31     45.00 A
06623800 1986 09 01     49.90 A
06623800 1986 09 02     43.10 A
06623800 1986 09 03     42.00 A
06623800 1986 09 04     37.10 A
06623800 1986 09 05     35.00 A
06623800 1986 09 06     33.00 A
06623800 1986 09 07     33.00 A
06623800 1986 09 08     33.00 A
06623800 1986 09 09     36.00 A
06623800 1986 09 10     50.80 A
06623800 1986 09 11     47.00 A
06623800 1986 09 12     37.10 A
06623800 1986 09 13     34.00 A
06623800 1986 09 14     30.00 A
06623800 1986 09 15     29.00 A
06623800 1986 09 16     28.00 A
06623800 1986 09 17     28.00 A
06623800 1986 09 18     28.00 A
06623800 1986 09 19     34.90 A
06623800 1986 09 20     31.00 A
06623800 1986 09 21     51.80 A
06623800 1986 09 22     70.10 A
06623800 1986 09 23     64.10 A
06623800 1986 09 24     68.90 A
06623800 1986 09 25     59.10 A
06623800 1986 09 26     54.10 A
06623800 1986 09 27     53.00 A
06623800 1986 09 28     55.00 A
06623800 1986 09 29     52.00 A
06623800 1986 09 30     51.00 A
06623800 1986 10 01     52.00 A
06623800 1986 10 02     61.00 A
06623800 1986 10 03     66.00 A
06623800 1986 10 04     59.00 A
06623800 1986 10 05     54.00 A
06623800 1986 10 06     53.00 A
06623800 1986 10 07     59.00 A
06623800 1986 10 08     61.00 A
06623800 1986 10 09     59.00 A
06623800 1986 10 10     56.00 A
06623800 1986 10 11     46.00 A
06623800 1986 10 12     38.00 A
06623800 1986 10 13     41.00 A
06623800 1986 10 14     43.00 A
06623800 1986 10 15     42.00 A
06623800 1986 10 16     41.00 A
06623800 1986 10 17     41.00 A
06623800 1986 10 18     42.00 A
06623800 1986 10 19     43.00 A
06623800 1986 10 20     42.00 A
06623800 1986 10 21     39.00 A
06623800 1986 10 22     38.00 A
06623800 1986 10 23     38.00 A
06623800 1986 10 24     39.00 A
06623800 1986 10 25     40.00 A
06623800 1986 10 26     41.00 A
06623800 1986 10 27     39.00 A
06623800 1986 10 28     37.00 A
06623800 1986 10 29     36.00 A
06623800 1986 10 30     35.00 A
06623800 1986 10 31     34.00 A
06623800 1986 11 01     33.00 A
06623800 1986 11 02     33.00 A
06623800 1986 11 03     34.00 A
06623800 1986 11 04     34.00 A
06623800 1986 11 05     34.00 A
06623800 1986 11 06     35.00 A
06623800 1986 11 07     33.00 A
06623800 1986 11 08     31.00 A
06623800 1986 11 09     27.00 A
06623800 1986 11 10     23.00 A
06623800 1986 11 11     25.00 A
06623800 1986 11 12     27.00 A
06623800 1986 11 13     29.00 A
06623800 1986 11 14     31.00 A
06623800 1986 11 15     33.00 A
06623800 1986 11 16     34.00 A
06623800 1986 11 17     34.00 A
06623800 1986 11 18     35.00 A
06623800 1986 11 19     35.00 A
06623800 1986 11 20     34.00 A
06623800 1986 11 21     34.00 A
06623800 1986 11 22     33.00 A
06623800 1986 11 23     32.00 A
06623800 1986 11 24     32.00 A
06623800 1986 11 25     32.00 A
06623800 1986 11 26     30.00 A
06623800 1986 11 27     32.00 A
06623800 1986 11 28     33.00 A
06623800 1986 11 29     34.00 A
06623800 1986 11 30     31.00 A
06623800 1986 12 01     28.00 A
06623800 1986 12 02     29.00 A
06623800 1986 12 03     30.00 A
06623800 1986 12 04     32.00 A
06623800 1986 12 05     34.00 A
06623800 1986 12 06     34.00 A
06623800 1986 12 07     33.00 A
06623800 1986 12 08     31.00 A
06623800 1986 12 09     29.00 A
06623800 1986 12 10     28.00 A
06623800 1986 12 11     29.00 A
06623800 1986 12 12     30.00 A
06623800 1986 12 13     31.00 A
06623800 1986 12 14     31.00 A
06623800 1986 12 15     30.00 A
06623800 1986 12 16     31.00 A
06623800 1986 12 17     31.00 A
06623800 1986 12 18     30.00 A
06623800 1986 12 19     29.00 A
06623800 1986 12 20     28.00 A
06623800 1986 12 21     27.00 A
06623800 1986 12 22     27.00 A
06623800 1986 12 23     26.00 A
06623800 1986 12 24     26.00 A
06623800 1986 12 25     25.00 A
06623800 1986 12 26     26.00 A
06623800 1986 12 27     26.00 A
06623800 1986 12 28     26.00 A
06623800 1986 12 29     26.00 A
06623800 1986 12 30     26.00 A
06623800 1986 12 31     25.00 A
06623800 1987 01 01     25.00 A
06623800 1987 01 02     25.00 A
06623800 1987 01 03     26.00 A
06623800 1987 01 04     26.00 A
06623800 1987 01 05     25.00 A
06623800 1987 01 06     25.00 A
06623800 1987 01 07     26.00 A
06623800 1987 01 08     25.00 A
06623800 1987 01 09     25.00 A
06623800 1987 01 10     24.00 A
06623800 1987 01 11     24.00 A
06623800 1987 01 12     24.00 A
06623800 1987 01 13     23.00 A
06623800 1987 01 14     23.00 A
06623800 1987 01 15     23.00 A
06623800 1987 01 16     23.00 A
06623800 1987 01 17     22.00 A
06623800 1987 01 18     22.00 A
06623800 1987 01 19     21.00 A
06623800 1987 01 20     21.00 A
06623800 1987 01 21     21.00 A
06623800 1987 01 22     21.00 A
06623800 1987 01 23     21.00 A
06623800 1987 01 24     21.00 A
06623800 1987 01 25     20.00 A
06623800 1987 01 26     21.00 A
06623800 1987 01 27     21.00 A
06623800 1987 01 28     20.00 A
06623800 1987 01 29     21.00 A
06623800 1987 01 30     21.00 A
06623800 1987 01 31     21.00 A
06623800 1987 02 01     21.00 A
06623800 1987 02 02     20.00 A
06623800 1987 02 03     21.00 A
06623800 1987 02 04     21.00 A
06623800 1987 02 05     20.00 A
06623800 1987 02 06     20.00 A
06623800 1987 02 07     20.00 A
06623800 1987 02 08     20.00 A
06623800 1987 02 09     20.00 A
06623800 1987 02 10     20.00 A
06623800 1987 02 11     20.00 A
06623800 1987 02 12     20.00 A
06623800 1987 02 13     20.00 A
06623800 1987 02 14     20.00 A
06623800 1987 02 15     20.00 A
06623800 1987 02 16     20.00 A
06623800 1987 02 17     19.00 A
06623800 1987 02 18     19.00 A
06623800 1987 02 19     18.00 A
06623800 1987 02 20     19.00 A
06623800 1987 02 21     19.00 A
06623800 1987 02 22     19.00 A
06623800 1987 02 23     20.00 A
06623800 1987 02 24     20.00 A
06623800 1987 02 25     19.00 A
06623800 1987 02 26     19.00 A
06623800 1987 02 27     19.00 A
06623800 1987 02 28     19.00 A
06623800 1987 03 01     19.00 A
06623800 1987 03 02     20.00 A
06623800 1987 03 03     20.00 A
06623800 1987 03 04     21.00 A
06623800 1987 03 05     22.00 A
06623800 1987 03 06     22.00 A
06623800 1987 03 07     22.00 A
06623800 1987 03 08     21.00 A
06623800 1987 03 09     21.00 A
06623800 1987 03 10     20.00 A
06623800 1987 03 11     20.00 A
06623800 1987 03 12     20.00 A
06623800 1987 03 13     21.00 A
06623800 1987 03 14     21.00 A
06623800 1987 03 15     20.00 A
06623800 1987 03 16     20.00 A
06623800 1987 03 17     20.00 A
06623800 1987 03 18     20.00 A
06623800 1987 03 19     20.00 A
06623800 1987 03 20     20.00 A
06623800 1987 03 21     19.00 A
06623800 1987 03 22     19.00 A
06623800 1987 03 23     19.00 A
06623800 1987 03 24     20.00 A
06623800 1987 03 25     21.00 A
06623800 1987 03 26     21.00 A
06623800 1987 03 27     21.00 A
06623800 1987 03 28     20.00 A
06623800 1987 03 29     19.00 A
06623800 1987 03 30     20.00 A
06623800 1987 03 31     20.00 A
06623800 1987 04 01     21.00 A
06623800 1987 04 02     22.00 A
06623800 1987 04 03     23.00 A
06623800 1987 04 04     25.00 A
06623800 1987 04 05     25.00 A
06623800 1987 04 06     24.00 A
06623800 1987 04 07     25.00 A
06623800 1987 04 08     27.00 A
06623800 1987 04 09     29.00 A
06623800 1987 04 10     28.00 A
06623800 1987 04 11     26.00 A
06623800 1987 04 12     26.00 A
06623800 1987 04 13     25.00 A
06623800 1987 04 14     26.00 A
06623800 1987 04 15     29.00 A
06623800 1987 04 16     38.00 A
06623800 1987 04 17     48.00 A
06623800 1987 04 18     64.00 A
06623800 1987 04 19     76.00 A
06623800 1987 04 20     62.00 A
06623800 1987 04 21     50.00 A
06623800 1987 04 22     60.00 A
06623800 1987 04 23     80.00 A
06623800 1987 04 24     103.00 A
06623800 1987 04 25     124.00 A
06623800 1987 04 26     132.00 A
06623800 1987 04 27     143.00 A
06623800 1987 04 28     183.00 A
06623800 1987 04 29     204.00 A
06623800 1987 04 30     209.00 A
06623800 1987 05 01     238.00 A
06623800 1987 05 02     218.00 A
06623800 1987 05 03     158.00 A
06623800 1987 05 04     138.00 A
06623800 1987 05 05     153.00 A
06623800 1987 05 06     191.00 A
06623800 1987 05 07     223.00 A
06623800 1987 05 08     241.00 A
06623800 1987 05 09     272.00 A
06623800 1987 05 10     303.00 A
06623800 1987 05 11     313.00 A
06623800 1987 05 12     330.00 A
06623800 1987 05 13     363.00 A
06623800 1987 05 14     386.00 A
06623800 1987 05 15     403.00 A
06623800 1987 05 16     458.00 A
06623800 1987 05 17     468.00 A
06623800 1987 05 18     450.00 A
06623800 1987 05 19     424.00 A
06623800 1987 05 20     403.00 A
06623800 1987 05 21     382.00 A
06623800 1987 05 22     327.00 A
06623800 1987 05 23     319.00 A
06623800 1987 05 24     313.00 A
06623800 1987 05 25     303.00 A
06623800 1987 05 26     278.00 A
06623800 1987 05 27     249.00 A
06623800 1987 05 28     238.00 A
06623800 1987 05 29     228.00 A
06623800 1987 05 30     225.00 A
06623800 1987 05 31     233.00 A
06623800 1987 06 01     246.00 A
06623800 1987 06 02     231.00 A
06623800 1987 06 03     223.00 A
06623800 1987 06 04     228.00 A
06623800 1987 06 05     241.00 A
06623800 1987 06 06     246.00 A
06623800 1987 06 07     303.00 A
06623800 1987 06 08     375.00 A
06623800 1987 06 09     337.00 A
06623800 1987 06 10     290.00 A
06623800 1987 06 11     255.00 A
06623800 1987 06 12     236.00 A
06623800 1987 06 13     221.00 A
06623800 1987 06 14     204.00 A
06623800 1987 06 15     188.00 A
06623800 1987 06 16     176.00 A
06623800 1987 06 17     155.00 A
06623800 1987 06 18     140.00 A
06623800 1987 06 19     128.00 A
06623800 1987 06 20     121.00 A
06623800 1987 06 21     115.00 A
06623800 1987 06 22     107.00 A
06623800 1987 06 23     101.00 A
06623800 1987 06 24     94.00 A
06623800 1987 06 25     88.00 A
06623800 1987 06 26     83.00 A
06623800 1987 06 27     80.00 A
06623800 1987 06 28     74.00 A
06623800 1987 06 29     75.00 A
06623800 1987 06 30     78.00 A
06623800 1987 07 01     83.00 A
06623800 1987 07 02     70.00 A
06623800 1987 07 03     65.00 A
06623800 1987 07 04     62.00 A
06623800 1987 07 05     61.00 A
06623800 1987 07 06     56.00 A
06623800 1987 07 07     53.00 A
06623800 1987 07 08     51.00 A
06623800 1987 07 09     48.00 A
06623800 1987 07 10     46.00 A
06623800 1987 07 11     58.00 A
06623800 1987 07 12     90.00 A
06623800 1987 07 13     70.00 A
06623800 1987 07 14     53.00 A
06623800 1987 07 15     47.00 A
06623800 1987 07 16     43.00 A
06623800 1987 07 17     43.00 A
06623800 1987 07 18     45.00 A
06623800 1987 07 19     40.00 A
06623800 1987 07 20     37.00 A
06623800 1987 07 21     37.00 A
06623800 1987 07 22     41.00 A
06623800 1987 07 23     34.00 A
06623800 1987 07 24     32.00 A
06623800 1987 07 25     32.00 A
06623800 1987 07 26     41.00 A
06623800 1987 07 27     53.00 A
06623800 1987 07 28     52.00 A
06623800 1987 07 29     42.00 A
06623800 1987 07 30     36.00 A
06623800 1987 07 31     41.00 A
06623800 1987 08 01     37.00 A
06623800 1987 08 02     31.00 A
06623800 1987 08 03     28.00 A
06623800 1987 08 04     27.00 A
06623800 1987 08 05     26.00 A
06623800 1987 08 06     26.00 A
06623800 1987 08 07     28.00 A
06623800 1987 08 08     32.00 A
06623800 1987 08 09     27.00 A
06623800 1987 08 10     24.00 A
06623800 1987 08 11     24.00 A
06623800 1987 08 12     24.00 A
06623800 1987 08 13     24.00 A
06623800 1987 08 14     25.00 A
06623800 1987 08 15     27.00 A
06623800 1987 08 16     37.00 A
06623800 1987 08 17     27.00 A
06623800 1987 08 18     23.00 A
06623800 1987 08 19     22.00 A
06623800 1987 08 20     21.00 A
06623800 1987 08 21     23.00 A
06623800 1987 08 22     29.00 A
06623800 1987 08 23     31.00 A
06623800 1987 08 24     42.00 A
06623800 1987 08 25     39.00 A
06623800 1987 08 26     37.00 A
06623800 1987 08 27     28.00 A
06623800 1987 08 28     26.00 A
06623800 1987 08 29     25.00 A
06623800 1987 08 30     22.00 A
06623800 1987 08 31     22.00 A
06623800 1987 09 01     21.00 A
06623800 1987 09 02     20.00 A
06623800 1987 09 03     20.00 A
06623800 1987 09 04     22.00 A
06623800 1987 09 05     22.00 A
06623800 1987 09 06     21.00 A
06623800 1987 09 07     20.00 A
06623800 1987 09 08     20.00 A
06623800 1987 09 09     19.00 A
06623800 1987 09 10     18.00 A
06623800 1987 09 11     18.00 A
06623800 1987 09 12     18.00 A
06623800 1987 09 13     17.00 A
06623800 1987 09 14     17.00 A
06623800 1987 09 15     21.00 A
06623800 1987 09 16     21.00 A
06623800 1987 09 17     20.00 A
06623800 1987 09 18     19.00 A
06623800 1987 09 19     18.00 A
06623800 1987 09 20     18.00 A
06623800 1987 09 21     17.00 A
06623800 1987 09 22     17.00 A
06623800 1987 09 23     17.00 A
06623800 1987 09 24     17.00 A
06623800 1987 09 25     17.00 A
06623800 1987 09 26     17.00 A
06623800 1987 09 27     17.00 A
06623800 1987 09 28     16.00 A
06623800 1987 09 29     16.00 A
06623800 1987 09 30     16.00 A
06623800 1987 10 01     16.00 A
06623800 1987 10 02     16.00 A
06623800 1987 10 03     16.00 A
06623800 1987 10 04     15.00 A
06623800 1987 10 05     15.00 A
06623800 1987 10 06     15.00 A
06623800 1987 10 07     15.00 A
06623800 1987 10 08     15.00 A
06623800 1987 10 09     15.00 A
06623800 1987 10 10     15.00 A
06623800 1987 10 11     15.00 A
06623800 1987 10 12     15.00 A
06623800 1987 10 13     19.00 A
06623800 1987 10 14     37.00 A
06623800 1987 10 15     28.00 A
06623800 1987 10 16     23.00 A
06623800 1987 10 17     20.00 A
06623800 1987 10 18     20.00 A
06623800 1987 10 19     18.00 A
06623800 1987 10 20     15.00 A
06623800 1987 10 21     16.00 A
06623800 1987 10 22     17.00 A
06623800 1987 10 23     17.00 A
06623800 1987 10 24     19.00 A
06623800 1987 10 25     28.00 A
06623800 1987 10 26     24.00 A
06623800 1987 10 27     20.00 A
06623800 1987 10 28     18.00 A
06623800 1987 10 29     20.00 A
06623800 1987 10 30     22.00 A
06623800 1987 10 31     25.00 A
06623800 1987 11 01     22.00 A
06623800 1987 11 02     30.00 A
06623800 1987 11 03     29.00 A
06623800 1987 11 04     24.00 A
06623800 1987 11 05     21.00 A
06623800 1987 11 06     21.00 A
06623800 1987 11 07     21.00 A
06623800 1987 11 08     16.00 A
06623800 1987 11 09     14.00 A
06623800 1987 11 10     21.00 A
06623800 1987 11 11     22.00 A
06623800 1987 11 12     25.00 A
06623800 1987 11 13     26.00 A
06623800 1987 11 14     20.00 A
06623800 1987 11 15     20.00 A
06623800 1987 11 16     17.00 A
06623800 1987 11 17     15.00 A
06623800 1987 11 18     13.00 A
06623800 1987 11 19     15.00 A
06623800 1987 11 20     18.00 A
06623800 1987 11 21     21.00 A
06623800 1987 11 22     22.00 A
06623800 1987 11 23     23.00 A
06623800 1987 11 24     22.00 A
06623800 1987 11 25     21.00 A
06623800 1987 11 26     20.00 A
06623800 1987 11 27     20.00 A
06623800 1987 11 28     20.00 A
06623800 1987 11 29     19.00 A
06623800 1987 11 30     18.00 A
06623800 1987 12 01     17.00 A
06623800 1987 12 02     17.00 A
06623800 1987 12 03     18.00 A
06623800 1987 12 04     19.00 A
06623800 1987 12 05     19.00 A
06623800 1987 12 06     19.00 A
06623800 1987 12 07     18.00 A
06623800 1987 12 08     18.00 A
06623800 1987 12 09     18.00 A
06623800 1987 12 10     18.00 A
06623800 1987 12 11     16.00 A
06623800 1987 12 12     17.00 A
06623800 1987 12 13     17.00 A
06623800 1987 12 14     17.00 A
06623800 1987 12 15     16.00 A
06623800 1987 12 16     16.00 A
06623800 1987 12 17     16.00 A
06623800 1987 12 18     16.00 A
06623800 1987 12 19     16.00 A
06623800 1987 12 20     17.00 A
06623800 1987 12 21     17.00 A
06623800 1987 12 22     15.00 A
06623800 1987 12 23     14.00 A
06623800 1987 12 24     16.00 A
06623800 1987 12 25     17.00 A
06623800 1987 12 26     18.00 A
06623800 1987 12 27     18.00 A
06623800 1987 12 28     18.00 A
06623800 1987 12 29     18.00 A
06623800 1987 12 30     18.00 A
06623800 1987 12 31     18.00 A
06623800 1988 01 01     19.00 A
06623800 1988 01 02     19.00 A
06623800 1988 01 03     19.00 A
06623800 1988 01 04     19.00 A
06623800 1988 01 05     19.00 A
06623800 1988 01 06     19.00 A
06623800 1988 01 07     19.00 A
06623800 1988 01 08     18.00 A
06623800 1988 01 09     19.00 A
06623800 1988 01 10     18.00 A
06623800 1988 01 11     15.00 A
06623800 1988 01 12     17.00 A
06623800 1988 01 13     18.00 A
06623800 1988 01 14     18.00 A
06623800 1988 01 15     19.00 A
06623800 1988 01 16     19.00 A
06623800 1988 01 17     19.00 A
06623800 1988 01 18     19.00 A
06623800 1988 01 19     19.00 A
06623800 1988 01 20     19.00 A
06623800 1988 01 21     19.00 A
06623800 1988 01 22     19.00 A
06623800 1988 01 23     19.00 A
06623800 1988 01 24     19.00 A
06623800 1988 01 25     19.00 A
06623800 1988 01 26     19.00 A
06623800 1988 01 27     18.00 A
06623800 1988 01 28     18.00 A
06623800 1988 01 29     18.00 A
06623800 1988 01 30     18.00 A
06623800 1988 01 31     18.00 A
06623800 1988 02 01     18.00 A
06623800 1988 02 02     18.00 A
06623800 1988 02 03     17.00 A
06623800 1988 02 04     17.00 A
06623800 1988 02 05     18.00 A
06623800 1988 02 06     17.00 A
06623800 1988 02 07     17.00 A
06623800 1988 02 08     17.00 A
06623800 1988 02 09     17.00 A
06623800 1988 02 10     14.00 A
06623800 1988 02 11     15.00 A
06623800 1988 02 12     15.00 A
06623800 1988 02 13     15.00 A
06623800 1988 02 14     15.00 A
06623800 1988 02 15     15.00 A
06623800 1988 02 16     16.00 A
06623800 1988 02 17     16.00 A
06623800 1988 02 18     16.00 A
06623800 1988 02 19     16.00 A
06623800 1988 02 20     17.00 A
06623800 1988 02 21     17.00 A
06623800 1988 02 22     16.00 A
06623800 1988 02 23     16.00 A
06623800 1988 02 24     16.00 A
06623800 1988 02 25     16.00 A
06623800 1988 02 26     16.00 A
06623800 1988 02 27     17.00 A
06623800 1988 02 28     17.00 A
06623800 1988 02 29     17.00 A
06623800 1988 03 01     16.00 A
06623800 1988 03 02     17.00 A
06623800 1988 03 03     17.00 A
06623800 1988 03 04     15.00 A
06623800 1988 03 05     15.00 A
06623800 1988 03 06     16.00 A
06623800 1988 03 07     14.00 A
06623800 1988 03 08     16.00 A
06623800 1988 03 09     17.00 A
06623800 1988 03 10     14.00 A
06623800 1988 03 11     14.00 A
06623800 1988 03 12     17.00 A
06623800 1988 03 13     16.00 A
06623800 1988 03 14     16.00 A
06623800 1988 03 15     16.00 A
06623800 1988 03 16     16.00 A
06623800 1988 03 17     16.00 A
06623800 1988 03 18     16.00 A
06623800 1988 03 19     17.00 A
06623800 1988 03 20     17.00 A
06623800 1988 03 21     19.00 A
06623800 1988 03 22     18.00 A
06623800 1988 03 23     17.00 A
06623800 1988 03 24     16.00 A
06623800 1988 03 25     14.00 A
06623800 1988 03 26     18.00 A
06623800 1988 03 27     19.00 A
06623800 1988 03 28     18.00 A
06623800 1988 03 29     18.00 A
06623800 1988 03 30     19.00 A
06623800 1988 03 31     18.00 A
06623800 1988 04 01     17.00 A
06623800 1988 04 02     18.00 A
06623800 1988 04 03     20.00 A
06623800 1988 04 04     19.00 A
06623800 1988 04 05     20.00 A
06623800 1988 04 06     23.00 A
06623800 1988 04 07     26.00 A
06623800 1988 04 08     27.00 A
06623800 1988 04 09     24.00 A
06623800 1988 04 10     25.00 A
06623800 1988 04 11     27.00 A
06623800 1988 04 12     29.00 A
06623800 1988 04 13     32.00 A
06623800 1988 04 14     36.00 A
06623800 1988 04 15     47.00 A
06623800 1988 04 16     57.00 A
06623800 1988 04 17     64.00 A
06623800 1988 04 18     74.00 A
06623800 1988 04 19     77.00 A
06623800 1988 04 20     82.00 A
06623800 1988 04 21     70.00 A
06623800 1988 04 22     60.00 A
06623800 1988 04 23     53.00 A
06623800 1988 04 24     47.00 A
06623800 1988 04 25     39.00 A
06623800 1988 04 26     40.00 A
06623800 1988 04 27     39.00 A
06623800 1988 04 28     44.00 A
06623800 1988 04 29     65.00 A
06623800 1988 04 30     91.00 A
06623800 1988 05 01     79.00 A
06623800 1988 05 02     68.00 A
06623800 1988 05 03     61.00 A
06623800 1988 05 04     65.00 A
06623800 1988 05 05     87.00 A
06623800 1988 05 06     76.00 A
06623800 1988 05 07     69.00 A
06623800 1988 05 08     71.00 A
06623800 1988 05 09     67.00 A
06623800 1988 05 10     67.00 A
06623800 1988 05 11     78.00 A
06623800 1988 05 12     111.00 A
06623800 1988 05 13     176.00 A
06623800 1988 05 14     255.00 A
06623800 1988 05 15     303.00 A
06623800 1988 05 16     374.00 A
06623800 1988 05 17     433.00 A
06623800 1988 05 18     501.00 A
06623800 1988 05 19     444.00 A
06623800 1988 05 20     319.00 A
06623800 1988 05 21     263.00 A
06623800 1988 05 22     255.00 A
06623800 1988 05 23     287.00 A
06623800 1988 05 24     367.00 A
06623800 1988 05 25     415.00 A
06623800 1988 05 26     437.00 A
06623800 1988 05 27     517.00 A
06623800 1988 05 28     593.00 A
06623800 1988 05 29     661.00 A
06623800 1988 05 30     645.00 A
06623800 1988 05 31     494.00 A
06623800 1988 06 01     464.00 A
06623800 1988 06 02     477.00 A
06623800 1988 06 03     573.00 A
06623800 1988 06 04     730.00 A
06623800 1988 06 05     862.00 A
06623800 1988 06 06     874.00 A
06623800 1988 06 07     937.00 A
06623800 1988 06 08     899.00 A
06623800 1988 06 09     838.00 A
06623800 1988 06 10     838.00 A
06623800 1988 06 11     814.00 A
06623800 1988 06 12     761.00 A
06623800 1988 06 13     683.00 A
06623800 1988 06 14     640.00 A
06623800 1988 06 15     619.00 A
06623800 1988 06 16     651.00 A
06623800 1988 06 17     645.00 A
06623800 1988 06 18     619.00 A
06623800 1988 06 19     609.00 A
06623800 1988 06 20     609.00 A
06623800 1988 06 21     578.00 A
06623800 1988 06 22     568.00 A
06623800 1988 06 23     515.00 A
06623800 1988 06 24     473.00 A
06623800 1988 06 25     420.00 A
06623800 1988 06 26     363.00 A
06623800 1988 06 27     355.00 A
06623800 1988 06 28     333.00 A
06623800 1988 06 29     278.00 A
06623800 1988 06 30     221.00 A
06623800 1988 07 01     197.00 A
06623800 1988 07 02     178.00 A
06623800 1988 07 03     168.00 A
06623800 1988 07 04     170.00 A
06623800 1988 07 05     148.00 A
06623800 1988 07 06     132.00 A
06623800 1988 07 07     120.00 A
06623800 1988 07 08     113.00 A
06623800 1988 07 09     109.00 A
06623800 1988 07 10     118.00 A
06623800 1988 07 11     113.00 A
06623800 1988 07 12     101.00 A
06623800 1988 07 13     93.00 A
06623800 1988 07 14     86.00 A
06623800 1988 07 15     80.00 A
06623800 1988 07 16     76.00 A
06623800 1988 07 17     72.00 A
06623800 1988 07 18     69.00 A
06623800 1988 07 19     66.00 A
06623800 1988 07 20     63.00 A
06623800 1988 07 21     59.00 A
06623800 1988 07 22     56.00 A
06623800 1988 07 23     53.00 A
06623800 1988 07 24     52.00 A
06623800 1988 07 25     51.00 A
06623800 1988 07 26     52.00 A
06623800 1988 07 27     49.00 A
06623800 1988 07 28     52.00 A
06623800 1988 07 29     53.00 A
06623800 1988 07 30     50.00 A
06623800 1988 07 31     45.00 A
06623800 1988 08 01     44.00 A
06623800 1988 08 02     43.00 A
06623800 1988 08 03     43.00 A
06623800 1988 08 04     43.00 A
06623800 1988 08 05     39.00 A
06623800 1988 08 06     38.00 A
06623800 1988 08 07     43.00 A
06623800 1988 08 08     42.00 A
06623800 1988 08 09     37.00 A
06623800 1988 08 10     36.00 A
06623800 1988 08 11     35.00 A
06623800 1988 08 12     32.00 A
06623800 1988 08 13     32.00 A
06623800 1988 08 14     30.00 A
06623800 1988 08 15     28.00 A
06623800 1988 08 16     43.00 A
06623800 1988 08 17     35.00 A
06623800 1988 08 18     30.00 A
06623800 1988 08 19     28.00 A
06623800 1988 08 20     27.00 A
06623800 1988 08 21     32.00 A
06623800 1988 08 22     36.00 A
06623800 1988 08 23     39.00 A
06623800 1988 08 24     34.00 A
06623800 1988 08 25     31.00 A
06623800 1988 08 26     29.00 A
06623800 1988 08 27     28.00 A
06623800 1988 08 28     25.00 A
06623800 1988 08 29     27.00 A
06623800 1988 08 30     28.00 A
06623800 1988 08 31     26.00 A
06623800 1988 09 01     25.00 A
06623800 1988 09 02     24.00 A
06623800 1988 09 03     23.00 A
06623800 1988 09 04     23.00 A
06623800 1988 09 05     22.00 A
06623800 1988 09 06     21.00 A
06623800 1988 09 07     20.00 A
06623800 1988 09 08     21.00 A
06623800 1988 09 09     21.00 A
06623800 1988 09 10     21.00 A
06623800 1988 09 11     37.00 A
06623800 1988 09 12     47.00 A
06623800 1988 09 13     40.00 A
06623800 1988 09 14     42.00 A
06623800 1988 09 15     41.00 A
06623800 1988 09 16     38.00 A
06623800 1988 09 17     36.00 A
06623800 1988 09 18     34.00 A
06623800 1988 09 19     32.00 A
06623800 1988 09 20     30.00 A
06623800 1988 09 21     29.00 A
06623800 1988 09 22     30.00 A
06623800 1988 09 23     31.00 A
06623800 1988 09 24     30.00 A
06623800 1988 09 25     28.00 A
06623800 1988 09 26     27.00 A
06623800 1988 09 27     28.00 A
06623800 1988 09 28     34.00 A
06623800 1988 09 29     32.00 A
06623800 1988 09 30     30.00 A
06623800 1988 10 01     27.00 A
06623800 1988 10 02     26.00 A
06623800 1988 10 03     24.00 A
06623800 1988 10 04     22.00 A
06623800 1988 10 05     21.00 A
06623800 1988 10 06     21.00 A
06623800 1988 10 07     22.00 A
06623800 1988 10 08     22.00 A
06623800 1988 10 09     21.00 A
06623800 1988 10 10     22.00 A
06623800 1988 10 11     21.00 A
06623800 1988 10 12     21.00 A
06623800 1988 10 13     20.00 A
06623800 1988 10 14     21.00 A
06623800 1988 10 15     20.00 A
06623800 1988 10 16     19.00 A
06623800 1988 10 17     19.00 A
06623800 1988 10 18     20.00 A
06623800 1988 10 19     20.00 A
06623800 1988 10 20     20.00 A
06623800 1988 10 21     19.00 A
06623800 1988 10 22     19.00 A
06623800 1988 10 23     19.00 A
06623800 1988 10 24     19.00 A
06623800 1988 10 25     19.00 A
06623800 1988 10 26     18.00 A
06623800 1988 10 27     17.00 A
06623800 1988 10 28     18.00 A
06623800 1988 10 29     17.00 A
06623800 1988 10 30     16.00 A
06623800 1988 10 31     16.00 A
06623800 1988 11 01     19.00 A
06623800 1988 11 02     20.00 A
06623800 1988 11 03     24.00 A
06623800 1988 11 04     20.00 A
06623800 1988 11 05     18.00 A
06623800 1988 11 06     18.00 A
06623800 1988 11 07     19.00 A
06623800 1988 11 08     19.00 A
06623800 1988 11 09     18.00 A
06623800 1988 11 10     14.00 A
06623800 1988 11 11     16.00 A
06623800 1988 11 12     18.00 A
06623800 1988 11 13     19.00 A
06623800 1988 11 14     21.00 A
06623800 1988 11 15     18.00 A
06623800 1988 11 16     16.00 A
06623800 1988 11 17     15.00 A
06623800 1988 11 18     15.00 A
06623800 1988 11 19     13.00 A
06623800 1988 11 20     15.00 A
06623800 1988 11 21     16.00 A
06623800 1988 11 22     18.00 A
06623800 1988 11 23     19.00 A
06623800 1988 11 24     20.00 A
06623800 1988 11 25     19.00 A
06623800 1988 11 26     18.00 A
06623800 1988 11 27     17.00 A
06623800 1988 11 28     17.00 A
06623800 1988 11 29     17.00 A
06623800 1988 11 30     18.00 A
06623800 1988 12 01     18.00 A
06623800 1988 12 02     19.00 A
06623800 1988 12 03     19.00 A
06623800 1988 12 04     20.00 A
06623800 1988 12 05     19.00 A
06623800 1988 12 06     18.00 A
06623800 1988 12 07     19.00 A
06623800 1988 12 08     19.00 A
06623800 1988 12 09     19.00 A
06623800 1988 12 10     19.00 A
06623800 1988 12 11     19.00 A
06623800 1988 12 12     20.00 A
06623800 1988 12 13     20.00 A
06623800 1988 12 14     19.00 A
06623800 1988 12 15     17.00 A
06623800 1988 12 16     17.00 A
06623800 1988 12 17     18.00 A
06623800 1988 12 18     18.00 A
06623800 1988 12 19     18.00 A
06623800 1988 12 20     17.00 A
06623800 1988 12 21     18.00 A
06623800 1988 12 22     18.00 A
06623800 1988 12 23     17.00 A
06623800 1988 12 24     17.00 A
06623800 1988 12 25     18.00 A
06623800 1988 12 26     18.00 A
06623800 1988 12 27     17.00 A
06623800 1988 12 28     16.00 A
06623800 1988 12 29     17.00 A
06623800 1988 12 30     18.00 A
06623800 1988 12 31     18.00 A
06623800 1989 01 01     17.00 A
06623800 1989 01 02     17.00 A
06623800 1989 01 03     18.00 A
06623800 1989 01 04     18.00 A
06623800 1989 01 05     19.00 A
06623800 1989 01 06     18.00 A
06623800 1989 01 07     17.00 A
06623800 1989 01 08     16.00 A
06623800 1989 01 09     17.00 A
06623800 1989 01 10     18.00 A
06623800 1989 01 11     17.00 A
06623800 1989 01 12     16.00 A
06623800 1989 01 13     16.00 A
06623800 1989 01 14     16.00 A
06623800 1989 01 15     16.00 A
06623800 1989 01 16     16.00 A
06623800 1989 01 17     17.00 A
06623800 1989 01 18     17.00 A
06623800 1989 01 19     17.00 A
06623800 1989 01 20     17.00 A
06623800 1989 01 21     17.00 A
06623800 1989 01 22     17.00 A
06623800 1989 01 23     16.00 A
06623800 1989 01 24     16.00 A
06623800 1989 01 25     16.00 A
06623800 1989 01 26     16.00 A
06623800 1989 01 27     17.00 A
06623800 1989 01 28     17.00 A
06623800 1989 01 29     17.00 A
06623800 1989 01 30     17.00 A
06623800 1989 01 31     17.00 A
06623800 1989 02 01     16.00 A
06623800 1989 02 02     15.00 A
06623800 1989 02 03     15.00 A
06623800 1989 02 04     15.00 A
06623800 1989 02 05     14.00 A
06623800 1989 02 06     15.00 A
06623800 1989 02 07     16.00 A
06623800 1989 02 08     17.00 A
06623800 1989 02 09     17.00 A
06623800 1989 02 10     17.00 A
06623800 1989 02 11     17.00 A
06623800 1989 02 12     17.00 A
06623800 1989 02 13     18.00 A
06623800 1989 02 14     18.00 A
06623800 1989 02 15     18.00 A
06623800 1989 02 16     18.00 A
06623800 1989 02 17     18.00 A
06623800 1989 02 18     18.00 A
06623800 1989 02 19     18.00 A
06623800 1989 02 20     18.00 A
06623800 1989 02 21     17.00 A
06623800 1989 02 22     17.00 A
06623800 1989 02 23     17.00 A
06623800 1989 02 24     17.00 A
06623800 1989 02 25     18.00 A
06623800 1989 02 26     17.00 A
06623800 1989 02 27     16.00 A
06623800 1989 02 28     18.00 A
06623800 1989 03 01     18.00 A
06623800 1989 03 02     17.00 A
06623800 1989 03 03     17.00 A
06623800 1989 03 04     16.00 A
06623800 1989 03 05     17.00 A
06623800 1989 03 06     18.00 A
06623800 1989 03 07     18.00 A
06623800 1989 03 08     19.00 A
06623800 1989 03 09     23.00 A
06623800 1989 03 10     25.00 A
06623800 1989 03 11     26.00 A
06623800 1989 03 12     24.00 A
06623800 1989 03 13     22.00 A
06623800 1989 03 14     20.00 A
06623800 1989 03 15     19.00 A
06623800 1989 03 16     18.00 A
06623800 1989 03 17     19.00 A
06623800 1989 03 18     18.00 A
06623800 1989 03 19     18.00 A
06623800 1989 03 20     18.00 A
06623800 1989 03 21     17.00 A
06623800 1989 03 22     18.00 A
06623800 1989 03 23     19.00 A
06623800 1989 03 24     20.00 A
06623800 1989 03 25     21.00 A
06623800 1989 03 26     21.00 A
06623800 1989 03 27     21.00 A
06623800 1989 03 28     21.00 A
06623800 1989 03 29     20.00 A
06623800 1989 03 30     20.00 A
06623800 1989 03 31     20.00 A
06623800 1989 04 01     20.00 A
06623800 1989 04 02     20.00 A
06623800 1989 04 03     20.00 A
06623800 1989 04 04     20.00 A
06623800 1989 04 05     21.00 A
06623800 1989 04 06     23.00 A
06623800 1989 04 07     25.00 A
06623800 1989 04 08     26.00 A
06623800 1989 04 09     24.00 A
06623800 1989 04 10     23.00 A
06623800 1989 04 11     22.00 A
06623800 1989 04 12     22.00 A
06623800 1989 04 13     24.00 A
06623800 1989 04 14     26.00 A
06623800 1989 04 15     30.00 A
06623800 1989 04 16     35.00 A
06623800 1989 04 17     41.00 A
06623800 1989 04 18     48.00 A
06623800 1989 04 19     58.00 A
06623800 1989 04 20     78.00 A
06623800 1989 04 21     113.00 A
06623800 1989 04 22     170.00 A
06623800 1989 04 23     217.00 A
06623800 1989 04 24     232.00 A
06623800 1989 04 25     222.00 A
06623800 1989 04 26     192.00 A
06623800 1989 04 27     167.00 A
06623800 1989 04 28     144.00 A
06623800 1989 04 29     122.00 A
06623800 1989 04 30     109.00 A
06623800 1989 05 01     95.00 A
06623800 1989 05 02     89.00 A
06623800 1989 05 03     87.00 A
06623800 1989 05 04     93.00 A
06623800 1989 05 05     113.00 A
06623800 1989 05 06     150.00 A
06623800 1989 05 07     198.00 A
06623800 1989 05 08     245.00 A
06623800 1989 05 09     316.00 A
06623800 1989 05 10     335.00 A
06623800 1989 05 11     305.00 A
06623800 1989 05 12     260.00 A
06623800 1989 05 13     220.00 A
06623800 1989 05 14     182.00 A
06623800 1989 05 15     164.00 A
06623800 1989 05 16     158.00 A
06623800 1989 05 17     190.00 A
06623800 1989 05 18     245.00 A
06623800 1989 05 19     272.00 A
06623800 1989 05 20     295.00 A
06623800 1989 05 21     318.00 A
06623800 1989 05 22     368.00 A
06623800 1989 05 23     425.00 A
06623800 1989 05 24     407.00 A
06623800 1989 05 25     355.00 A
06623800 1989 05 26     321.00 A
06623800 1989 05 27     338.00 A
06623800 1989 05 28     418.00 A
06623800 1989 05 29     490.00 A
06623800 1989 05 30     475.00 A
06623800 1989 05 31     415.00 A
06623800 1989 06 01     368.00 A
06623800 1989 06 02     380.00 A
06623800 1989 06 03     340.00 A
06623800 1989 06 04     304.00 A
06623800 1989 06 05     313.00 A
06623800 1989 06 06     324.00 A
06623800 1989 06 07     340.00 A
06623800 1989 06 08     323.00 A
06623800 1989 06 09     323.00 A
06623800 1989 06 10     315.00 A
06623800 1989 06 11     305.00 A
06623800 1989 06 12     350.00 A
06623800 1989 06 13     370.00 A
06623800 1989 06 14     350.00 A
06623800 1989 06 15     349.00 A
06623800 1989 06 16     390.00 A
06623800 1989 06 17     397.00 A
06623800 1989 06 18     334.00 A
06623800 1989 06 19     331.00 A
06623800 1989 06 20     321.00 A
06623800 1989 06 21     269.00 A
06623800 1989 06 22     222.00 A
06623800 1989 06 23     200.00 A
06623800 1989 06 24     189.00 A
06623800 1989 06 25     175.00 A
06623800 1989 06 26     170.00 A
06623800 1989 06 27     154.00 A
06623800 1989 06 28     144.00 A
06623800 1989 06 29     140.00 A
06623800 1989 06 30     132.00 A
06623800 1989 07 01     121.00 A
06623800 1989 07 02     111.00 A
06623800 1989 07 03     103.00 A
06623800 1989 07 04     97.00 A
06623800 1989 07 05     90.00 A
06623800 1989 07 06     84.00 A
06623800 1989 07 07     79.00 A
06623800 1989 07 08     76.00 A
06623800 1989 07 09     71.00 A
06623800 1989 07 10     69.00 A
06623800 1989 07 11     68.00 A
06623800 1989 07 12     76.00 A
06623800 1989 07 13     77.00 A
06623800 1989 07 14     65.00 A
06623800 1989 07 15     55.00 A
06623800 1989 07 16     50.00 A
06623800 1989 07 17     49.00 A
06623800 1989 07 18     48.00 A
06623800 1989 07 19     45.00 A
06623800 1989 07 20     43.00 A
06623800 1989 07 21     41.00 A
06623800 1989 07 22     44.00 A
06623800 1989 07 23     98.00 A
06623800 1989 07 24     97.00 A
06623800 1989 07 25     62.00 A
06623800 1989 07 26     56.00 A
06623800 1989 07 27     51.00 A
06623800 1989 07 28     47.00 A
06623800 1989 07 29     57.00 A
06623800 1989 07 30     57.00 A
06623800 1989 07 31     44.00 A
06623800 1989 08 01     40.00 A
06623800 1989 08 02     38.00 A
06623800 1989 08 03     37.00 A
06623800 1989 08 04     35.00 A
06623800 1989 08 05     33.00 A
06623800 1989 08 06     33.00 A
06623800 1989 08 07     33.00 A
06623800 1989 08 08     32.00 A
06623800 1989 08 09     30.00 A
06623800 1989 08 10     29.00 A
06623800 1989 08 11     31.00 A
06623800 1989 08 12     51.00 A
06623800 1989 08 13     45.00 A
06623800 1989 08 14     33.00 A
06623800 1989 08 15     31.00 A
06623800 1989 08 16     28.00 A
06623800 1989 08 17     27.00 A
06623800 1989 08 18     27.00 A
06623800 1989 08 19     27.00 A
06623800 1989 08 20     29.00 A
06623800 1989 08 21     32.00 A
06623800 1989 08 22     27.00 A
06623800 1989 08 23     24.00 A
06623800 1989 08 24     23.00 A
06623800 1989 08 25     22.00 A
06623800 1989 08 26     22.00 A
06623800 1989 08 27     21.00 A
06623800 1989 08 28     20.00 A
06623800 1989 08 29     20.00 A
06623800 1989 08 30     19.00 A
06623800 1989 08 31     19.00 A
06623800 1989 09 01     18.00 A
06623800 1989 09 02     18.00 A
06623800 1989 09 03     17.00 A
06623800 1989 09 04     17.00 A
06623800 1989 09 05     17.00 A
06623800 1989 09 06     17.00 A
06623800 1989 09 07     17.00 A
06623800 1989 09 08     21.00 A
06623800 1989 09 09     39.00 A
06623800 1989 09 10     46.00 A
06623800 1989 09 11     35.00 A
06623800 1989 09 12     29.00 A
06623800 1989 09 13     28.00 A
06623800 1989 09 14     25.00 A
06623800 1989 09 15     23.00 A
06623800 1989 09 16     22.00 A
06623800 1989 09 17     21.00 A
06623800 1989 09 18     21.00 A
06623800 1989 09 19     20.00 A
06623800 1989 09 20     23.00 A
06623800 1989 09 21     25.00 A
06623800 1989 09 22     23.00 A
06623800 1989 09 23     21.00 A
06623800 1989 09 24     20.00 A
06623800 1989 09 25     19.00 A
06623800 1989 09 26     18.00 A
06623800 1989 09 27     18.00 A
06623800 1989 09 28     18.00 A
06623800 1989 09 29     18.00 A
06623800 1989 09 30     17.00 A
06623800 1989 10 01     18.00 A
06623800 1989 10 02     19.00 A
06623800 1989 10 03     17.00 A
06623800 1989 10 04     20.00 A
06623800 1989 10 05     20.00 A
06623800 1989 10 06     19.00 A
06623800 1989 10 07     18.00 A
06623800 1989 10 08     18.00 A
06623800 1989 10 09     17.00 A
06623800 1989 10 10     17.00 A
06623800 1989 10 11     17.00 A
06623800 1989 10 12     16.00 A
06623800 1989 10 13     15.00 A
06623800 1989 10 14     15.00 A
06623800 1989 10 15     15.00 A
06623800 1989 10 16     17.00 A
06623800 1989 10 17     18.00 A
06623800 1989 10 18     14.00 A
06623800 1989 10 19     16.00 A
06623800 1989 10 20     18.00 A
06623800 1989 10 21     19.00 A
06623800 1989 10 22     20.00 A
06623800 1989 10 23     19.00 A
06623800 1989 10 24     18.00 A
06623800 1989 10 25     17.00 A
06623800 1989 10 26     21.00 A
06623800 1989 10 27     20.00 A
06623800 1989 10 28     17.00 A
06623800 1989 10 29     16.00 A
06623800 1989 10 30     16.00 A
06623800 1989 10 31     17.00 A
06623800 1989 11 01     15.00 A
06623800 1989 11 02     17.00 A
06623800 1989 11 03     19.00 A
06623800 1989 11 04     20.00 A
06623800 1989 11 05     21.00 A
06623800 1989 11 06     21.00 A
06623800 1989 11 07     21.00 A
06623800 1989 11 08     21.00 A
06623800 1989 11 09     21.00 A
06623800 1989 11 10     21.00 A
06623800 1989 11 11     22.00 A
06623800 1989 11 12     23.00 A
06623800 1989 11 13     21.00 A
06623800 1989 11 14     18.00 A
06623800 1989 11 15     19.00 A
06623800 1989 11 16     20.00 A
06623800 1989 11 17     21.00 A
06623800 1989 11 18     22.00 A
06623800 1989 11 19     23.00 A
06623800 1989 11 20     23.00 A
06623800 1989 11 21     23.00 A
06623800 1989 11 22     23.00 A
06623800 1989 11 23     22.00 A
06623800 1989 11 24     21.00 A
06623800 1989 11 25     21.00 A
06623800 1989 11 26     21.00 A
06623800 1989 11 27     21.00 A
06623800 1989 11 28     19.00 A
06623800 1989 11 29     17.00 A
06623800 1989 11 30     17.00 A
06623800 1989 12 01     18.00 A
06623800 1989 12 02     19.00 A
06623800 1989 12 03     20.00 A
06623800 1989 12 04     22.00 A
06623800 1989 12 05     23.00 A
06623800 1989 12 06     23.00 A
06623800 1989 12 07     22.00 A
06623800 1989 12 08     21.00 A
06623800 1989 12 09     21.00 A
06623800 1989 12 10     21.00 A
06623800 1989 12 11     21.00 A
06623800 1989 12 12     20.00 A
06623800 1989 12 13     19.00 A
06623800 1989 12 14     19.00 A
06623800 1989 12 15     18.00 A
06623800 1989 12 16     17.00 A
06623800 1989 12 17     16.00 A
06623800 1989 12 18     17.00 A
06623800 1989 12 19     17.00 A
06623800 1989 12 20     17.00 A
06623800 1989 12 21     18.00 A
06623800 1989 12 22     18.00 A
06623800 1989 12 23     19.00 A
06623800 1989 12 24     18.00 A
06623800 1989 12 25     18.00 A
06623800 1989 12 26     18.00 A
06623800 1989 12 27     17.00 A
06623800 1989 12 28     18.00 A
06623800 1989 12 29     18.00 A
06623800 1989 12 30     18.00 A
06623800 1989 12 31     18.00 A
06623800 1990 01 01     17.00 A
06623800 1990 01 02     18.00 A
06623800 1990 01 03     17.00 A
06623800 1990 01 04     17.00 A
06623800 1990 01 05     17.00 A
06623800 1990 01 06     17.00 A
06623800 1990 01 07     17.00 A
06623800 1990 01 08     16.00 A
06623800 1990 01 09     16.00 A
06623800 1990 01 10     17.00 A
06623800 1990 01 11     17.00 A
06623800 1990 01 12     17.00 A
06623800 1990 01 13     17.00 A
06623800 1990 01 14     17.00 A
06623800 1990 01 15     16.00 A
06623800 1990 01 16     18.00 A
06623800 1990 01 17     17.00 A
06623800 1990 01 18     16.00 A
06623800 1990 01 19     18.00 A
06623800 1990 01 20     17.00 A
06623800 1990 01 21     17.00 A
06623800 1990 01 22     17.00 A
06623800 1990 01 23     17.00 A
06623800 1990 01 24     17.00 A
06623800 1990 01 25     17.00 A
06623800 1990 01 26     17.00 A
06623800 1990 01 27     17.00 A
06623800 1990 01 28     17.00 A
06623800 1990 01 29     17.00 A
06623800 1990 01 30     17.00 A
06623800 1990 01 31     17.00 A
06623800 1990 02 01     17.00 A
06623800 1990 02 02     17.00 A
06623800 1990 02 03     17.00 A
06623800 1990 02 04     18.00 A
06623800 1990 02 05     18.00 A
06623800 1990 02 06     18.00 A
06623800 1990 02 07     18.00 A
06623800 1990 02 08     18.00 A
06623800 1990 02 09     17.00 A
06623800 1990 02 10     17.00 A
06623800 1990 02 11     17.00 A
06623800 1990 02 12     17.00 A
06623800 1990 02 13     17.00 A
06623800 1990 02 14     16.00 A
06623800 1990 02 15     17.00 A
06623800 1990 02 16     18.00 A
06623800 1990 02 17     17.00 A
06623800 1990 02 18     17.00 A
06623800 1990 02 19     17.00 A
06623800 1990 02 20     18.00 A
06623800 1990 02 21     18.00 A
06623800 1990 02 22     18.00 A
06623800 1990 02 23     17.00 A
06623800 1990 02 24     19.00 A
06623800 1990 02 25     17.00 A
06623800 1990 02 26     17.00 A
06623800 1990 02 27     17.00 A
06623800 1990 02 28     16.00 A
06623800 1990 03 01     16.00 A
06623800 1990 03 02     16.00 A
06623800 1990 03 03     17.00 A
06623800 1990 03 04     18.00 A
06623800 1990 03 05     18.00 A
06623800 1990 03 06     17.00 A
06623800 1990 03 07     17.00 A
06623800 1990 03 08     18.00 A
06623800 1990 03 09     19.00 A
06623800 1990 03 10     19.00 A
06623800 1990 03 11     19.00 A
06623800 1990 03 12     19.00 A
06623800 1990 03 13     18.00 A
06623800 1990 03 14     18.00 A
06623800 1990 03 15     18.00 A
06623800 1990 03 16     18.00 A
06623800 1990 03 17     18.00 A
06623800 1990 03 18     17.00 A
06623800 1990 03 19     18.00 A
06623800 1990 03 20     19.00 A
06623800 1990 03 21     19.00 A
06623800 1990 03 22     19.00 A
06623800 1990 03 23     19.00 A
06623800 1990 03 24     18.00 A
06623800 1990 03 25     17.00 A
06623800 1990 03 26     17.00 A
06623800 1990 03 27     18.00 A
06623800 1990 03 28     18.00 A
06623800 1990 03 29     18.00 A
06623800 1990 03 30     17.00 A
06623800 1990 03 31     17.00 A
06623800 1990 04 01     17.00 A
06623800 1990 04 02     18.00 A
06623800 1990 04 03     19.00 A
06623800 1990 04 04     19.00 A
06623800 1990 04 05     21.00 A
06623800 1990 04 06     20.00 A
06623800 1990 04 07     21.00 A
06623800 1990 04 08     23.00 A
06623800 1990 04 09     26.00 A
06623800 1990 04 10     26.00 A
06623800 1990 04 11     28.00 A
06623800 1990 04 12     29.00 A
06623800 1990 04 13     32.00 A
06623800 1990 04 14     34.00 A
06623800 1990 04 15     39.00 A
06623800 1990 04 16     47.00 A
06623800 1990 04 17     55.00 A
06623800 1990 04 18     65.00 A
06623800 1990 04 19     78.00 A
06623800 1990 04 20     77.00 A
06623800 1990 04 21     79.00 A
06623800 1990 04 22     100.00 A
06623800 1990 04 23     114.00 A
06623800 1990 04 24     119.00 A
06623800 1990 04 25     91.00 A
06623800 1990 04 26     74.00 A
06623800 1990 04 27     60.00 A
06623800 1990 04 28     58.00 A
06623800 1990 04 29     57.00 A
06623800 1990 04 30     51.00 A
06623800 1990 05 01     51.00 A
06623800 1990 05 02     54.00 A
06623800 1990 05 03     66.00 A
06623800 1990 05 04     68.00 A
06623800 1990 05 05     76.00 A
06623800 1990 05 06     118.00 A
06623800 1990 05 07     151.00 A
06623800 1990 05 08     132.00 A
06623800 1990 05 09     100.00 A
06623800 1990 05 10     103.00 A
06623800 1990 05 11     120.00 A
06623800 1990 05 12     103.00 A
06623800 1990 05 13     97.00 A
06623800 1990 05 14     109.00 A
06623800 1990 05 15     125.00 A
06623800 1990 05 16     112.00 A
06623800 1990 05 17     125.00 A
06623800 1990 05 18     138.00 A
06623800 1990 05 19     144.00 A
06623800 1990 05 20     150.00 A
06623800 1990 05 21     169.00 A
06623800 1990 05 22     215.00 A
06623800 1990 05 23     288.00 A
06623800 1990 05 24     340.00 A
06623800 1990 05 25     338.00 A
06623800 1990 05 26     314.00 A
06623800 1990 05 27     313.00 A
06623800 1990 05 28     341.00 A
06623800 1990 05 29     362.00 A
06623800 1990 05 30     340.00 A
06623800 1990 05 31     403.00 A
06623800 1990 06 01     396.00 A
06623800 1990 06 02     336.00 A
06623800 1990 06 03     327.00 A
06623800 1990 06 04     423.00 A
06623800 1990 06 05     516.00 A
06623800 1990 06 06     569.00 A
06623800 1990 06 07     544.00 A
06623800 1990 06 08     559.00 A
06623800 1990 06 09     568.00 A
06623800 1990 06 10     628.00 A
06623800 1990 06 11     839.00 A
06623800 1990 06 12     730.00 A
06623800 1990 06 13     637.00 A
06623800 1990 06 14     593.00 A
06623800 1990 06 15     565.00 A
06623800 1990 06 16     515.00 A
06623800 1990 06 17     474.00 A
06623800 1990 06 18     499.00 A
06623800 1990 06 19     500.00 A
06623800 1990 06 20     481.00 A
06623800 1990 06 21     470.00 A
06623800 1990 06 22     461.00 A
06623800 1990 06 23     455.00 A
06623800 1990 06 24     445.00 A
06623800 1990 06 25     424.00 A
06623800 1990 06 26     405.00 A
06623800 1990 06 27     378.00 A
06623800 1990 06 28     339.00 A
06623800 1990 06 29     299.00 A
06623800 1990 06 30     266.00 A
06623800 1990 07 01     249.00 A
06623800 1990 07 02     225.00 A
06623800 1990 07 03     214.00 A
06623800 1990 07 04     239.00 A
06623800 1990 07 05     184.00 A
06623800 1990 07 06     164.00 A
06623800 1990 07 07     152.00 A
06623800 1990 07 08     180.00 A
06623800 1990 07 09     196.00 A
06623800 1990 07 10     168.00 A
06623800 1990 07 11     136.00 A
06623800 1990 07 12     120.00 A
06623800 1990 07 13     110.00 A
06623800 1990 07 14     107.00 A
06623800 1990 07 15     99.00 A
06623800 1990 07 16     94.00 A
06623800 1990 07 17     88.00 A
06623800 1990 07 18     81.00 A
06623800 1990 07 19     79.00 A
06623800 1990 07 20     80.00 A
06623800 1990 07 21     97.00 A
06623800 1990 07 22     80.00 A
06623800 1990 07 23     74.00 A
06623800 1990 07 24     69.00 A
06623800 1990 07 25     79.00 A
06623800 1990 07 26     65.00 A
06623800 1990 07 27     59.00 A
06623800 1990 07 28     55.00 A
06623800 1990 07 29     53.00 A
06623800 1990 07 30     53.00 A
06623800 1990 07 31     52.00 A
06623800 1990 08 01     48.00 A
06623800 1990 08 02     45.00 A
06623800 1990 08 03     43.00 A
06623800 1990 08 04     41.00 A
06623800 1990 08 05     40.00 A
06623800 1990 08 06     39.00 A
06623800 1990 08 07     37.00 A
06623800 1990 08 08     35.00 A
06623800 1990 08 09     35.00 A
06623800 1990 08 10     34.00 A
06623800 1990 08 11     33.00 A
06623800 1990 08 12     35.00 A
06623800 1990 08 13     35.00 A
06623800 1990 08 14     32.00 A
06623800 1990 08 15     32.00 A
06623800 1990 08 16     36.00 A
06623800 1990 08 17     43.00 A
06623800 1990 08 18     42.00 A
06623800 1990 08 19     33.00 A
06623800 1990 08 20     29.00 A
06623800 1990 08 21     28.00 A
06623800 1990 08 22     27.00 A
06623800 1990 08 23     27.00 A
06623800 1990 08 24     27.00 A
06623800 1990 08 25     25.00 A
06623800 1990 08 26     23.00 A
06623800 1990 08 27     23.00 A
06623800 1990 08 28     22.00 A
06623800 1990 08 29     22.00 A
06623800 1990 08 30     22.00 A
06623800 1990 08 31     23.00 A
06623800 1990 09 01     29.00 A
06623800 1990 09 02     29.00 A
06623800 1990 09 03     35.00 A
06623800 1990 09 04     26.00 A
06623800 1990 09 05     25.00 A
06623800 1990 09 06     29.00 A
06623800 1990 09 07     23.00 A
06623800 1990 09 08     22.00 A
06623800 1990 09 09     21.00 A
06623800 1990 09 10     19.00 A
06623800 1990 09 11     18.00 A
06623800 1990 09 12     18.00 A
06623800 1990 09 13     17.00 A
06623800 1990 09 14     17.00 A
06623800 1990 09 15     17.00 A
06623800 1990 09 16     18.00 A
06623800 1990 09 17     38.00 A
06623800 1990 09 18     32.00 A
06623800 1990 09 19     27.00 A
06623800 1990 09 20     29.00 A
06623800 1990 09 21     24.00 A
06623800 1990 09 22     21.00 A
06623800 1990 09 23     20.00 A
06623800 1990 09 24     20.00 A
06623800 1990 09 25     20.00 A
06623800 1990 09 26     20.00 A
06623800 1990 09 27     20.00 A
06623800 1990 09 28     22.00 A
06623800 1990 09 29     23.00 A
06623800 1990 09 30     21.00 A
06623800 1990 10 01     20.00 A
06623800 1990 10 02     20.00 A
06623800 1990 10 03     19.00 A
06623800 1990 10 04     19.00 A
06623800 1990 10 05     18.00 A
06623800 1990 10 06     19.00 A
06623800 1990 10 07     28.00 A
06623800 1990 10 08     26.00 A
06623800 1990 10 09     25.00 A
06623800 1990 10 10     26.00 A
06623800 1990 10 11     27.00 A
06623800 1990 10 12     24.00 A
06623800 1990 10 13     25.00 A
06623800 1990 10 14     24.00 A
06623800 1990 10 15     27.00 A
06623800 1990 10 16     34.00 A
06623800 1990 10 17     33.00 A
06623800 1990 10 18     29.00 A
06623800 1990 10 19     33.00 A
06623800 1990 10 20     28.00 A
06623800 1990 10 21     24.00 A
06623800 1990 10 22     28.00 A
06623800 1990 10 23     25.00 A
06623800 1990 10 24     24.00 A
06623800 1990 10 25     24.00 A
06623800 1990 10 26     26.00 A
06623800 1990 10 27     26.00 A
06623800 1990 10 28     25.00 A
06623800 1990 10 29     26.00 A
06623800 1990 10 30     26.00 A
06623800 1990 10 31     26.00 A
06623800 1990 11 01     25.00 A
06623800 1990 11 02     25.00 A
06623800 1990 11 03     17.00 A
06623800 1990 11 04     16.00 A
06623800 1990 11 05     20.00 A
06623800 1990 11 06     18.00 A
06623800 1990 11 07     15.00 A
06623800 1990 11 08     18.00 A
06623800 1990 11 09     21.00 A
06623800 1990 11 10     24.00 A
06623800 1990 11 11     26.00 A
06623800 1990 11 12     28.00 A
06623800 1990 11 13     30.00 A
06623800 1990 11 14     31.00 A
06623800 1990 11 15     30.00 A
06623800 1990 11 16     27.00 A
06623800 1990 11 17     25.00 A
06623800 1990 11 18     24.00 A
06623800 1990 11 19     23.00 A
06623800 1990 11 20     21.00 A
06623800 1990 11 21     18.00 A
06623800 1990 11 22     16.00 A
06623800 1990 11 23     18.00 A
06623800 1990 11 24     19.00 A
06623800 1990 11 25     21.00 A
06623800 1990 11 26     18.00 A
06623800 1990 11 27     16.00 A
06623800 1990 11 28     14.00 A
06623800 1990 11 29     15.00 A
06623800 1990 11 30     17.00 A
06623800 1990 12 01     17.00 A
06623800 1990 12 02     16.00 A
06623800 1990 12 03     15.00 A
06623800 1990 12 04     17.00 A
06623800 1990 12 05     16.00 A
06623800 1990 12 06     16.00 A
06623800 1990 12 07     16.00 A
06623800 1990 12 08     17.00 A
06623800 1990 12 09     18.00 A
06623800 1990 12 10     19.00 A
06623800 1990 12 11     19.00 A
06623800 1990 12 12     20.00 A
06623800 1990 12 13     19.00 A
06623800 1990 12 14     17.00 A
06623800 1990 12 15     18.00 A
06623800 1990 12 16     19.00 A
06623800 1990 12 17     19.00 A
06623800 1990 12 18     18.00 A
06623800 1990 12 19     17.00 A
06623800 1990 12 20     16.00 A
06623800 1990 12 21     15.00 A
06623800 1990 12 22     14.00 A
06623800 1990 12 23     15.00 A
06623800 1990 12 24     16.00 A
06623800 1990 12 25     16.00 A
06623800 1990 12 26     17.00 A
06623800 1990 12 27     17.00 A
06623800 1990 12 28     17.00 A
06623800 1990 12 29     17.00 A
06623800 1990 12 30     17.00 A
06623800 1990 12 31     17.00 A
06623800 1991 01 01     17.00 A
06623800 1991 01 02     17.00 A
06623800 1991 01 03     17.00 A
06623800 1991 01 04     17.00 A
06623800 1991 01 05     18.00 A
06623800 1991 01 06     17.00 A
06623800 1991 01 07     17.00 A
06623800 1991 01 08     17.00 A
06623800 1991 01 09     17.00 A
06623800 1991 01 10     18.00 A
06623800 1991 01 11     18.00 A
06623800 1991 01 12     18.00 A
06623800 1991 01 13     18.00 A
06623800 1991 01 14     18.00 A
06623800 1991 01 15     17.00 A
06623800 1991 01 16     18.00 A
06623800 1991 01 17     18.00 A
06623800 1991 01 18     18.00 A
06623800 1991 01 19     17.00 A
06623800 1991 01 20     16.00 A
06623800 1991 01 21     15.00 A
06623800 1991 01 22     16.00 A
06623800 1991 01 23     16.00 A
06623800 1991 01 24     16.00 A
06623800 1991 01 25     15.00 A
06623800 1991 01 26     15.00 A
06623800 1991 01 27     14.00 A
06623800 1991 01 28     14.00 A
06623800 1991 01 29     13.00 A
06623800 1991 01 30     14.00 A
06623800 1991 01 31     14.00 A
06623800 1991 02 01     14.00 A
06623800 1991 02 02     14.00 A
06623800 1991 02 03     14.00 A
06623800 1991 02 04     14.00 A
06623800 1991 02 05     14.00 A
06623800 1991 02 06     14.00 A
06623800 1991 02 07     14.00 A
06623800 1991 02 08     14.00 A
06623800 1991 02 09     14.00 A
06623800 1991 02 10     14.00 A
06623800 1991 02 11     14.00 A
06623800 1991 02 12     14.00 A
06623800 1991 02 13     14.00 A
06623800 1991 02 14     14.00 A
06623800 1991 02 15     14.00 A
06623800 1991 02 16     15.00 A
06623800 1991 02 17     15.00 A
06623800 1991 02 18     15.00 A
06623800 1991 02 19     15.00 A
06623800 1991 02 20     15.00 A
06623800 1991 02 21     15.00 A
06623800 1991 02 22     15.00 A
06623800 1991 02 23     15.00 A
06623800 1991 02 24     15.00 A
06623800 1991 02 25     14.00 A
06623800 1991 02 26     15.00 A
06623800 1991 02 27     15.00 A
06623800 1991 02 28     16.00 A
06623800 1991 03 01     16.00 A
06623800 1991 03 02     16.00 A
06623800 1991 03 03     16.00 A
06623800 1991 03 04     16.00 A
06623800 1991 03 05     16.00 A
06623800 1991 03 06     16.00 A
06623800 1991 03 07     16.00 A
06623800 1991 03 08     16.00 A
06623800 1991 03 09     16.00 A
06623800 1991 03 10     16.00 A
06623800 1991 03 11     16.00 A
06623800 1991 03 12     16.00 A
06623800 1991 03 13     16.00 A
06623800 1991 03 14     16.00 A
06623800 1991 03 15     16.00 A
06623800 1991 03 16     16.00 A
06623800 1991 03 17     17.00 A
06623800 1991 03 18     17.00 A
06623800 1991 03 19     17.00 A
06623800 1991 03 20     17.00 A
06623800 1991 03 21     16.00 A
06623800 1991 03 22     16.00 A
06623800 1991 03 23     16.00 A
06623800 1991 03 24     17.00 A
06623800 1991 03 25     17.00 A
06623800 1991 03 26     16.00 A
06623800 1991 03 27     15.00 A
06623800 1991 03 28     14.00 A
06623800 1991 03 29     14.00 A
06623800 1991 03 30     14.00 A
06623800 1991 03 31     15.00 A
06623800 1991 04 01     16.00 A
06623800 1991 04 02     18.00 A
06623800 1991 04 03     21.00 A
06623800 1991 04 04     20.00 A
06623800 1991 04 05     21.00 A
06623800 1991 04 06     25.00 A
06623800 1991 04 07     29.00 A
06623800 1991 04 08     26.00 A
06623800 1991 04 09     25.00 A
06623800 1991 04 10     25.00 A
06623800 1991 04 11     23.00 A
06623800 1991 04 12     20.00 A
06623800 1991 04 13     18.00 A
06623800 1991 04 14     19.00 A
06623800 1991 04 15     21.00 A
06623800 1991 04 16     23.00 A
06623800 1991 04 17     26.00 A
06623800 1991 04 18     28.00 A
06623800 1991 04 19     27.00 A
06623800 1991 04 20     26.00 A
06623800 1991 04 21     27.00 A
06623800 1991 04 22     27.00 A
06623800 1991 04 23     30.00 A
06623800 1991 04 24     31.00 A
06623800 1991 04 25     35.00 A
06623800 1991 04 26     35.00 A
06623800 1991 04 27     31.00 A
06623800 1991 04 28     28.00 A
06623800 1991 04 29     26.00 A
06623800 1991 04 30     24.00 A
06623800 1991 05 01     25.00 A
06623800 1991 05 02     32.00 A
06623800 1991 05 03     35.00 A
06623800 1991 05 04     33.00 A
06623800 1991 05 05     29.00 A
06623800 1991 05 06     31.00 A
06623800 1991 05 07     43.00 A
06623800 1991 05 08     62.00 A
06623800 1991 05 09     118.00 A
06623800 1991 05 10     183.00 A
06623800 1991 05 11     187.00 A
06623800 1991 05 12     149.00 A
06623800 1991 05 13     146.00 A
06623800 1991 05 14     211.00 A
06623800 1991 05 15     198.00 A
06623800 1991 05 16     144.00 A
06623800 1991 05 17     168.00 A
06623800 1991 05 18     264.00 A
06623800 1991 05 19     335.00 A
06623800 1991 05 20     351.00 A
06623800 1991 05 21     379.00 A
06623800 1991 05 22     457.00 A
06623800 1991 05 23     449.00 A
06623800 1991 05 24     412.00 A
06623800 1991 05 25     452.00 A
06623800 1991 05 26     585.00 A
06623800 1991 05 27     583.00 A
06623800 1991 05 28     474.00 A
06623800 1991 05 29     460.00 A
06623800 1991 05 30     442.00 A
06623800 1991 05 31     435.00 A
06623800 1991 06 01     585.00 A
06623800 1991 06 02     665.00 A
06623800 1991 06 03     518.00 A
06623800 1991 06 04     591.00 A
06623800 1991 06 05     580.00 A
06623800 1991 06 06     556.00 A
06623800 1991 06 07     609.00 A
06623800 1991 06 08     587.00 A
06623800 1991 06 09     551.00 A
06623800 1991 06 10     520.00 A
06623800 1991 06 11     542.00 A
06623800 1991 06 12     528.00 A
06623800 1991 06 13     537.00 A
06623800 1991 06 14     610.00 A
06623800 1991 06 15     533.00 A
06623800 1991 06 16     483.00 A
06623800 1991 06 17     464.00 A
06623800 1991 06 18     447.00 A
06623800 1991 06 19     433.00 A
06623800 1991 06 20     411.00 A
06623800 1991 06 21     365.00 A
06623800 1991 06 22     331.00 A
06623800 1991 06 23     295.00 A
06623800 1991 06 24     267.00 A
06623800 1991 06 25     243.00 A
06623800 1991 06 26     220.00 A
06623800 1991 06 27     199.00 A
06623800 1991 06 28     195.00 A
06623800 1991 06 29     181.00 A
06623800 1991 06 30     189.00 A
06623800 1991 07 01     157.00 A
06623800 1991 07 02     141.00 A
06623800 1991 07 03     131.00 A
06623800 1991 07 04     123.00 A
06623800 1991 07 05     115.00 A
06623800 1991 07 06     109.00 A
06623800 1991 07 07     103.00 A
06623800 1991 07 08     99.00 A
06623800 1991 07 09     124.00 A
06623800 1991 07 10     114.00 A
06623800 1991 07 11     102.00 A
06623800 1991 07 12     85.00 A
06623800 1991 07 13     79.00 A
06623800 1991 07 14     77.00 A
06623800 1991 07 15     76.00 A
06623800 1991 07 16     71.00 A
06623800 1991 07 17     81.00 A
06623800 1991 07 18     79.00 A
06623800 1991 07 19     79.00 A
06623800 1991 07 20     89.00 A
06623800 1991 07 21     69.00 A
06623800 1991 07 22     62.00 A
06623800 1991 07 23     64.00 A
06623800 1991 07 24     66.00 A
06623800 1991 07 25     62.00 A
06623800 1991 07 26     65.00 A
06623800 1991 07 27     61.00 A
06623800 1991 07 28     51.00 A
06623800 1991 07 29     46.00 A
06623800 1991 07 30     43.00 A
06623800 1991 07 31     41.00 A
06623800 1991 08 01     41.00 A
06623800 1991 08 02     46.00 A
06623800 1991 08 03     60.00 A
06623800 1991 08 04     83.00 A
06623800 1991 08 05     61.00 A
06623800 1991 08 06     47.00 A
06623800 1991 08 07     43.00 A
06623800 1991 08 08     40.00 A
06623800 1991 08 09     40.00 A
06623800 1991 08 10     38.00 A
06623800 1991 08 11     35.00 A
06623800 1991 08 12     34.00 A
06623800 1991 08 13     35.00 A
06623800 1991 08 14     32.00 A
06623800 1991 08 15     30.00 A
06623800 1991 08 16     30.00 A
06623800 1991 08 17     29.00 A
06623800 1991 08 18     28.00 A
06623800 1991 08 19     29.00 A
06623800 1991 08 20     30.00 A
06623800 1991 08 21     31.00 A
06623800 1991 08 22     28.00 A
06623800 1991 08 23     26.00 A
06623800 1991 08 24     25.00 A
06623800 1991 08 25     24.00 A
06623800 1991 08 26     24.00 A
06623800 1991 08 27     24.00 A
06623800 1991 08 28     24.00 A
06623800 1991 08 29     24.00 A
06623800 1991 08 30     22.00 A
06623800 1991 08 31     22.00 A
06623800 1991 09 01     21.00 A
06623800 1991 09 02     22.00 A
06623800 1991 09 03     21.00 A
06623800 1991 09 04     20.00 A
06623800 1991 09 05     20.00 A
06623800 1991 09 06     20.00 A
06623800 1991 09 07     23.00 A
06623800 1991 09 08     58.00 A
06623800 1991 09 09     45.00 A
06623800 1991 09 10     30.00 A
06623800 1991 09 11     30.00 A
06623800 1991 09 12     27.00 A
06623800 1991 09 13     27.00 A
06623800 1991 09 14     28.00 A
06623800 1991 09 15     31.00 A
06623800 1991 09 16     30.00 A
06623800 1991 09 17     28.00 A
06623800 1991 09 18     25.00 A
06623800 1991 09 19     24.00 A
06623800 1991 09 20     22.00 A
06623800 1991 09 21     22.00 A
06623800 1991 09 22     21.00 A
06623800 1991 09 23     21.00 A
06623800 1991 09 24     20.00 A
06623800 1991 09 25     21.00 A
06623800 1991 09 26     20.00 A
06623800 1991 09 27     20.00 A
06623800 1991 09 28     20.00 A
06623800 1991 09 29     21.00 A
06623800 1991 09 30     25.00 A
06623800 1991 10 01     23.00 A
06623800 1991 10 02     20.00 A
06623800 1991 10 03     19.00 A
06623800 1991 10 04     18.00 A
06623800 1991 10 05     18.00 A
06623800 1991 10 06     18.00 A
06623800 1991 10 07     19.00 A
06623800 1991 10 08     19.00 A
06623800 1991 10 09     18.00 A
06623800 1991 10 10     18.00 A
06623800 1991 10 11     18.00 A
06623800 1991 10 12     18.00 A
06623800 1991 10 13     17.00 A
06623800 1991 10 14     17.00 A
06623800 1991 10 15     17.00 A
06623800 1991 10 16     17.00 A
06623800 1991 10 17     16.00 A
06623800 1991 10 18     16.00 A
06623800 1991 10 19     16.00 A
06623800 1991 10 20     16.00 A
06623800 1991 10 21     16.00 A
06623800 1991 10 22     16.00 A
06623800 1991 10 23     16.00 A
06623800 1991 10 24     18.00 A
06623800 1991 10 25     18.00 A
06623800 1991 10 26     20.00 A
06623800 1991 10 27     20.00 A
06623800 1991 10 28     17.00 A
06623800 1991 10 29     15.00 A
06623800 1991 10 30     15.00 A
06623800 1991 10 31     14.00 A
06623800 1991 11 01     12.00 A
06623800 1991 11 02     10.00 A
06623800 1991 11 03     12.00 A
06623800 1991 11 04     14.00 A
06623800 1991 11 05     16.00 A
06623800 1991 11 06     18.00 A
06623800 1991 11 07     19.00 A
06623800 1991 11 08     21.00 A
06623800 1991 11 09     21.00 A
06623800 1991 11 10     21.00 A
06623800 1991 11 11     20.00 A
06623800 1991 11 12     20.00 A
06623800 1991 11 13     19.00 A
06623800 1991 11 14     19.00 A
06623800 1991 11 15     18.00 A
06623800 1991 11 16     18.00 A
06623800 1991 11 17     18.00 A
06623800 1991 11 18     18.00 A
06623800 1991 11 19     16.00 A
06623800 1991 11 20     17.00 A
06623800 1991 11 21     18.00 A
06623800 1991 11 22     17.00 A
06623800 1991 11 23     16.00 A
06623800 1991 11 24     15.00 A
06623800 1991 11 25     16.00 A
06623800 1991 11 26     17.00 A
06623800 1991 11 27     18.00 A
06623800 1991 11 28     19.00 A
06623800 1991 11 29     18.00 A
06623800 1991 11 30     18.00 A
06623800 1991 12 01     18.00 A
06623800 1991 12 02     19.00 A
06623800 1991 12 03     19.00 A
06623800 1991 12 04     19.00 A
06623800 1991 12 05     19.00 A
06623800 1991 12 06     18.00 A
06623800 1991 12 07     18.00 A
06623800 1991 12 08     17.00 A
06623800 1991 12 09     17.00 A
06623800 1991 12 10     17.00 A
06623800 1991 12 11     17.00 A
06623800 1991 12 12     17.00 A
06623800 1991 12 13     17.00 A
06623800 1991 12 14     18.00 A
06623800 1991 12 15     18.00 A
06623800 1991 12 16     18.00 A
06623800 1991 12 17     19.00 A
06623800 1991 12 18     19.00 A
06623800 1991 12 19     20.00 A
06623800 1991 12 20     19.00 A
06623800 1991 12 21     18.00 A
06623800 1991 12 22     19.00 A
06623800 1991 12 23     19.00 A
06623800 1991 12 24     17.00 A
06623800 1991 12 25     17.00 A
06623800 1991 12 26     17.00 A
06623800 1991 12 27     18.00 A
06623800 1991 12 28     17.00 A
06623800 1991 12 29     18.00 A
06623800 1991 12 30     18.00 A
06623800 1991 12 31     18.00 A
06623800 1992 01 01     18.00 A
06623800 1992 01 02     18.00 A
06623800 1992 01 03     18.00 A
06623800 1992 01 04     18.00 A
06623800 1992 01 05     18.00 A
06623800 1992 01 06     18.00 A
06623800 1992 01 07     18.00 A
06623800 1992 01 08     18.00 A
06623800 1992 01 09     17.00 A
06623800 1992 01 10     17.00 A
06623800 1992 01 11     17.00 A
06623800 1992 01 12     17.00 A
06623800 1992 01 13     16.00 A
06623800 1992 01 14     16.00 A
06623800 1992 01 15     16.00 A
06623800 1992 01 16     16.00 A
06623800 1992 01 17     16.00 A
06623800 1992 01 18     15.00 A
06623800 1992 01 19     15.00 A
06623800 1992 01 20     15.00 A
06623800 1992 01 21     15.00 A
06623800 1992 01 22     15.00 A
06623800 1992 01 23     15.00 A
06623800 1992 01 24     16.00 A
06623800 1992 01 25     16.00 A
06623800 1992 01 26     16.00 A
06623800 1992 01 27     16.00 A
06623800 1992 01 28     16.00 A
06623800 1992 01 29     15.00 A
06623800 1992 01 30     15.00 A
06623800 1992 01 31     15.00 A
06623800 1992 02 01     15.00 A
06623800 1992 02 02     15.00 A
06623800 1992 02 03     15.00 A
06623800 1992 02 04     15.00 A
06623800 1992 02 05     14.00 A
06623800 1992 02 06     14.00 A
06623800 1992 02 07     15.00 A
06623800 1992 02 08     15.00 A
06623800 1992 02 09     15.00 A
06623800 1992 02 10     15.00 A
06623800 1992 02 11     15.00 A
06623800 1992 02 12     15.00 A
06623800 1992 02 13     15.00 A
06623800 1992 02 14     16.00 A
06623800 1992 02 15     15.00 A
06623800 1992 02 16     15.00 A
06623800 1992 02 17     16.00 A
06623800 1992 02 18     15.00 A
06623800 1992 02 19     15.00 A
06623800 1992 02 20     16.00 A
06623800 1992 02 21     16.00 A
06623800 1992 02 22     16.00 A
06623800 1992 02 23     15.00 A
06623800 1992 02 24     13.00 A
06623800 1992 02 25     15.00 A
06623800 1992 02 26     14.00 A
06623800 1992 02 27     16.00 A
06623800 1992 02 28     16.00 A
06623800 1992 02 29     17.00 A
06623800 1992 03 01     18.00 A
06623800 1992 03 02     17.00 A
06623800 1992 03 03     16.00 A
06623800 1992 03 04     16.00 A
06623800 1992 03 05     17.00 A
06623800 1992 03 06     17.00 A
06623800 1992 03 07     16.00 A
06623800 1992 03 08     15.00 A
06623800 1992 03 09     15.00 A
06623800 1992 03 10     16.00 A
06623800 1992 03 11     17.00 A
06623800 1992 03 12     17.00 A
06623800 1992 03 13     17.00 A
06623800 1992 03 14     18.00 A
06623800 1992 03 15     19.00 A
06623800 1992 03 16     19.00 A
06623800 1992 03 17     18.00 A
06623800 1992 03 18     17.00 A
06623800 1992 03 19     15.00 A
06623800 1992 03 20     15.00 A
06623800 1992 03 21     15.00 A
06623800 1992 03 22     14.00 A
06623800 1992 03 23     14.00 A
06623800 1992 03 24     15.00 A
06623800 1992 03 25     15.00 A
06623800 1992 03 26     15.00 A
06623800 1992 03 27     16.00 A
06623800 1992 03 28     16.00 A
06623800 1992 03 29     15.00 A
06623800 1992 03 30     15.00 A
06623800 1992 03 31     14.00 A
06623800 1992 04 01     13.00 A
06623800 1992 04 02     15.00 A
06623800 1992 04 03     17.00 A
06623800 1992 04 04     20.00 A
06623800 1992 04 05     22.00 A
06623800 1992 04 06     25.00 A
06623800 1992 04 07     24.00 A
06623800 1992 04 08     26.00 A
06623800 1992 04 09     32.00 A
06623800 1992 04 10     39.00 A
06623800 1992 04 11     48.00 A
06623800 1992 04 12     62.00 A
06623800 1992 04 13     74.00 A
06623800 1992 04 14     67.00 A
06623800 1992 04 15     66.00 A
06623800 1992 04 16     58.00 A
06623800 1992 04 17     59.00 A
06623800 1992 04 18     59.00 A
06623800 1992 04 19     44.00 A
06623800 1992 04 20     38.00 A
06623800 1992 04 21     38.00 A
06623800 1992 04 22     44.00 A
06623800 1992 04 23     42.00 A
06623800 1992 04 24     36.00 A
06623800 1992 04 25     41.00 A
06623800 1992 04 26     54.00 A
06623800 1992 04 27     73.00 A
06623800 1992 04 28     98.00 A
06623800 1992 04 29     121.00 A
06623800 1992 04 30     151.00 A
06623800 1992 05 01     169.00 A
06623800 1992 05 02     153.00 A
06623800 1992 05 03     141.00 A
06623800 1992 05 04     152.00 A
06623800 1992 05 05     162.00 A
06623800 1992 05 06     171.00 A
06623800 1992 05 07     187.00 A
06623800 1992 05 08     187.00 A
06623800 1992 05 09     268.00 A
06623800 1992 05 10     227.00 A
06623800 1992 05 11     187.00 A
06623800 1992 05 12     199.00 A
06623800 1992 05 13     207.00 A
06623800 1992 05 14     234.00 A
06623800 1992 05 15     258.00 A
06623800 1992 05 16     264.00 A
06623800 1992 05 17     258.00 A
06623800 1992 05 18     266.00 A
06623800 1992 05 19     291.00 A
06623800 1992 05 20     310.00 A
06623800 1992 05 21     358.00 A
06623800 1992 05 22     327.00 A
06623800 1992 05 23     293.00 A
06623800 1992 05 24     272.00 A
06623800 1992 05 25     272.00 A
06623800 1992 05 26     301.00 A
06623800 1992 05 27     467.00 A
06623800 1992 05 28     373.00 A
06623800 1992 05 29     287.00 A
06623800 1992 05 30     272.00 A
06623800 1992 05 31     293.00 A
06623800 1992 06 01     257.00 A
06623800 1992 06 02     234.00 A
06623800 1992 06 03     236.00 A
06623800 1992 06 04     237.00 A
06623800 1992 06 05     251.00 A
06623800 1992 06 06     226.00 A
06623800 1992 06 07     231.00 A
06623800 1992 06 08     236.00 A
06623800 1992 06 09     209.00 A
06623800 1992 06 10     198.00 A
06623800 1992 06 11     244.00 A
06623800 1992 06 12     199.00 A
06623800 1992 06 13     182.00 A
06623800 1992 06 14     166.00 A
06623800 1992 06 15     153.00 A
06623800 1992 06 16     140.00 A
06623800 1992 06 17     168.00 A
06623800 1992 06 18     177.00 A
06623800 1992 06 19     152.00 A
06623800 1992 06 20     128.00 A
06623800 1992 06 21     122.00 A
06623800 1992 06 22     113.00 A
06623800 1992 06 23     101.00 A
06623800 1992 06 24     94.00 A
06623800 1992 06 25     117.00 A
06623800 1992 06 26     138.00 A
06623800 1992 06 27     113.00 A
06623800 1992 06 28     103.00 A
06623800 1992 06 29     98.00 A
06623800 1992 06 30     95.00 A
06623800 1992 07 01     103.00 A
06623800 1992 07 02     95.00 A
06623800 1992 07 03     90.00 A
06623800 1992 07 04     89.00 A
06623800 1992 07 05     88.00 A
06623800 1992 07 06     75.00 A
06623800 1992 07 07     73.00 A
06623800 1992 07 08     105.00 A
06623800 1992 07 09     75.00 A
06623800 1992 07 10     72.00 A
06623800 1992 07 11     64.00 A
06623800 1992 07 12     73.00 A
06623800 1992 07 13     95.00 A
06623800 1992 07 14     80.00 A
06623800 1992 07 15     68.00 A
06623800 1992 07 16     60.00 A
06623800 1992 07 17     69.00 A
06623800 1992 07 18     65.00 A
06623800 1992 07 19     64.00 A
06623800 1992 07 20     70.00 A
06623800 1992 07 21     67.00 A
06623800 1992 07 22     56.00 A
06623800 1992 07 23     52.00 A
06623800 1992 07 24     52.00 A
06623800 1992 07 25     54.00 A
06623800 1992 07 26     82.00 A
06623800 1992 07 27     51.00 A
06623800 1992 07 28     45.00 A
06623800 1992 07 29     41.00 A
06623800 1992 07 30     39.00 A
06623800 1992 07 31     37.00 A
06623800 1992 08 01     35.00 A
06623800 1992 08 02     35.00 A
06623800 1992 08 03     35.00 A
06623800 1992 08 04     37.00 A
06623800 1992 08 05     33.00 A
06623800 1992 08 06     34.00 A
06623800 1992 08 07     35.00 A
06623800 1992 08 08     33.00 A
06623800 1992 08 09     33.00 A
06623800 1992 08 10     30.00 A
06623800 1992 08 11     29.00 A
06623800 1992 08 12     28.00 A
06623800 1992 08 13     27.00 A
06623800 1992 08 14     26.00 A
06623800 1992 08 15     25.00 A
06623800 1992 08 16     26.00 A
06623800 1992 08 17     32.00 A
06623800 1992 08 18     26.00 A
06623800 1992 08 19     24.00 A
06623800 1992 08 20     23.00 A
06623800 1992 08 21     22.00 A
06623800 1992 08 22     24.00 A
06623800 1992 08 23     30.00 A
06623800 1992 08 24     34.00 A
06623800 1992 08 25     28.00 A
06623800 1992 08 26     27.00 A
06623800 1992 08 27     24.00 A
06623800 1992 08 28     22.00 A
06623800 1992 08 29     21.00 A
06623800 1992 08 30     21.00 A
06623800 1992 08 31     21.00 A
06623800 1992 09 01     27.00 A
06623800 1992 09 02     26.00 A
06623800 1992 09 03     23.00 A
06623800 1992 09 04     22.00 A
06623800 1992 09 05     29.00 A
06623800 1992 09 06     25.00 A
06623800 1992 09 07     24.00 A
06623800 1992 09 08     21.00 A
06623800 1992 09 09     20.00 A
06623800 1992 09 10     19.00 A
06623800 1992 09 11     19.00 A
06623800 1992 09 12     19.00 A
06623800 1992 09 13     19.00 A
06623800 1992 09 14     18.00 A
06623800 1992 09 15     18.00 A
06623800 1992 09 16     19.00 A
06623800 1992 09 17     26.00 A
06623800 1992 09 18     28.00 A
06623800 1992 09 19     22.00 A
06623800 1992 09 20     21.00 A
06623800 1992 09 21     20.00 A
06623800 1992 09 22     19.00 A
06623800 1992 09 23     19.00 A
06623800 1992 09 24     18.00 A
06623800 1992 09 25     29.00 A
06623800 1992 09 26     29.00 A
06623800 1992 09 27     30.00 A
06623800 1992 09 28     26.00 A
06623800 1992 09 29     23.00 A
06623800 1992 09 30     21.00 A
06623800 1992 10 01     20.00 A
06623800 1992 10 02     19.00 A
06623800 1992 10 03     19.00 A
06623800 1992 10 04     19.00 A
06623800 1992 10 05     18.00 A
06623800 1992 10 06     18.00 A
06623800 1992 10 07     20.00 A
06623800 1992 10 08     20.00 A
06623800 1992 10 09     22.00 A
06623800 1992 10 10     21.00 A
06623800 1992 10 11     21.00 A
06623800 1992 10 12     21.00 A
06623800 1992 10 13     19.00 A
06623800 1992 10 14     19.00 A
06623800 1992 10 15     18.00 A
06623800 1992 10 16     17.00 A
06623800 1992 10 17     17.00 A
06623800 1992 10 18     17.00 A
06623800 1992 10 19     17.00 A
06623800 1992 10 20     17.00 A
06623800 1992 10 21     17.00 A
06623800 1992 10 22     17.00 A
06623800 1992 10 23     17.00 A
06623800 1992 10 24     17.00 A
06623800 1992 10 25     23.00 A
06623800 1992 10 26     31.00 A
06623800 1992 10 27     24.00 A
06623800 1992 10 28     21.00 A
06623800 1992 10 29     25.00 A
06623800 1992 10 30     32.00 A
06623800 1992 10 31     32.00 A
06623800 1992 11 01     24.00 A
06623800 1992 11 02     18.00 A
06623800 1992 11 03     15.00 A
06623800 1992 11 04     12.00 A
06623800 1992 11 05     13.00 A
06623800 1992 11 06     14.00 A
06623800 1992 11 07     15.00 A
06623800 1992 11 08     16.00 A
06623800 1992 11 09     14.00 A
06623800 1992 11 10     13.00 A
06623800 1992 11 11     11.00 A
06623800 1992 11 12     12.00 A
06623800 1992 11 13     13.00 A
06623800 1992 11 14     14.00 A
06623800 1992 11 15     15.00 A
06623800 1992 11 16     17.00 A
06623800 1992 11 17     18.00 A
06623800 1992 11 18     20.00 A
06623800 1992 11 19     21.00 A
06623800 1992 11 20     20.00 A
06623800 1992 11 21     19.00 A
06623800 1992 11 22     20.00 A
06623800 1992 11 23     19.00 A
06623800 1992 11 24     17.00 A
06623800 1992 11 25     15.00 A
06623800 1992 11 26     15.00 A
06623800 1992 11 27     16.00 A
06623800 1992 11 28     17.00 A
06623800 1992 11 29     17.00 A
06623800 1992 11 30     16.00 A
06623800 1992 12 01     17.00 A
06623800 1992 12 02     18.00 A
06623800 1992 12 03     17.00 A
06623800 1992 12 04     16.00 A
06623800 1992 12 05     15.00 A
06623800 1992 12 06     16.00 A
06623800 1992 12 07     16.00 A
06623800 1992 12 08     17.00 A
06623800 1992 12 09     17.00 A
06623800 1992 12 10     18.00 A
06623800 1992 12 11     19.00 A
06623800 1992 12 12     20.00 A
06623800 1992 12 13     18.00 A
06623800 1992 12 14     17.00 A
06623800 1992 12 15     18.00 A
06623800 1992 12 16     17.00 A
06623800 1992 12 17     16.00 A
06623800 1992 12 18     17.00 A
06623800 1992 12 19     16.00 A
06623800 1992 12 20     17.00 A
06623800 1992 12 21     18.00 A
06623800 1992 12 22     18.00 A
06623800 1992 12 23     18.00 A
06623800 1992 12 24     18.00 A
06623800 1992 12 25     18.00 A
06623800 1992 12 26     18.00 A
06623800 1992 12 27     18.00 A
06623800 1992 12 28     18.00 A
06623800 1992 12 29     17.00 A
06623800 1992 12 30     16.00 A
06623800 1992 12 31     16.00 A
06623800 1993 01 01     17.00 A
06623800 1993 01 02     18.00 A
06623800 1993 01 03     18.00 A
06623800 1993 01 04     18.00 A
06623800 1993 01 05     18.00 A
06623800 1993 01 06     18.00 A
06623800 1993 01 07     18.00 A
06623800 1993 01 08     19.00 A
06623800 1993 01 09     19.00 A
06623800 1993 01 10     18.00 A
06623800 1993 01 11     18.00 A
06623800 1993 01 12     18.00 A
06623800 1993 01 13     18.00 A
06623800 1993 01 14     18.00 A
06623800 1993 01 15     19.00 A
06623800 1993 01 16     19.00 A
06623800 1993 01 17     19.00 A
06623800 1993 01 18     19.00 A
06623800 1993 01 19     18.00 A
06623800 1993 01 20     19.00 A
06623800 1993 01 21     18.00 A
06623800 1993 01 22     17.00 A
06623800 1993 01 23     16.00 A
06623800 1993 01 24     17.00 A
06623800 1993 01 25     18.00 A
06623800 1993 01 26     19.00 A
06623800 1993 01 27     19.00 A
06623800 1993 01 28     19.00 A
06623800 1993 01 29     20.00 A
06623800 1993 01 30     19.00 A
06623800 1993 01 31     19.00 A
06623800 1993 02 01     19.00 A
06623800 1993 02 02     19.00 A
06623800 1993 02 03     19.00 A
06623800 1993 02 04     18.00 A
06623800 1993 02 05     19.00 A
06623800 1993 02 06     19.00 A
06623800 1993 02 07     19.00 A
06623800 1993 02 08     19.00 A
06623800 1993 02 09     19.00 A
06623800 1993 02 10     19.00 A
06623800 1993 02 11     19.00 A
06623800 1993 02 12     18.00 A
06623800 1993 02 13     18.00 A
06623800 1993 02 14     18.00 A
06623800 1993 02 15     17.00 A
06623800 1993 02 16     17.00 A
06623800 1993 02 17     17.00 A
06623800 1993 02 18     18.00 A
06623800 1993 02 19     19.00 A
06623800 1993 02 20     18.00 A
06623800 1993 02 21     17.00 A
06623800 1993 02 22     18.00 A
06623800 1993 02 23     19.00 A
06623800 1993 02 24     19.00 A
06623800 1993 02 25     18.00 A
06623800 1993 02 26     17.00 A
06623800 1993 02 27     17.00 A
06623800 1993 02 28     18.00 A
06623800 1993 03 01     18.00 A
06623800 1993 03 02     18.00 A
06623800 1993 03 03     19.00 A
06623800 1993 03 04     18.00 A
06623800 1993 03 05     19.00 A
06623800 1993 03 06     20.00 A
06623800 1993 03 07     21.00 A
06623800 1993 03 08     22.00 A
06623800 1993 03 09     22.00 A
06623800 1993 03 10     21.00 A
06623800 1993 03 11     21.00 A
06623800 1993 03 12     20.00 A
06623800 1993 03 13     21.00 A
06623800 1993 03 14     22.00 A
06623800 1993 03 15     21.00 A
06623800 1993 03 16     21.00 A
06623800 1993 03 17     21.00 A
06623800 1993 03 18     20.00 A
06623800 1993 03 19     21.00 A
06623800 1993 03 20     21.00 A
06623800 1993 03 21     22.00 A
06623800 1993 03 22     21.00 A
06623800 1993 03 23     21.00 A
06623800 1993 03 24     22.00 A
06623800 1993 03 25     26.00 A
06623800 1993 03 26     31.00 A
06623800 1993 03 27     36.00 A
06623800 1993 03 28     34.00 A
06623800 1993 03 29     32.00 A
06623800 1993 03 30     30.00 A
06623800 1993 03 31     28.00 A
06623800 1993 04 01     26.00 A
06623800 1993 04 02     27.00 A
06623800 1993 04 03     26.00 A
06623800 1993 04 04     25.00 A
06623800 1993 04 05     28.00 A
06623800 1993 04 06     29.00 A
06623800 1993 04 07     28.00 A
06623800 1993 04 08     27.00 A
06623800 1993 04 09     29.00 A
06623800 1993 04 10     31.00 A
06623800 1993 04 11     29.00 A
06623800 1993 04 12     29.00 A
06623800 1993 04 13     30.00 A
06623800 1993 04 14     28.00 A
06623800 1993 04 15     29.00 A
06623800 1993 04 16     29.00 A
06623800 1993 04 17     27.00 A
06623800 1993 04 18     28.00 A
06623800 1993 04 19     29.00 A
06623800 1993 04 20     28.00 A
06623800 1993 04 21     39.00 A
06623800 1993 04 22     50.00 A
06623800 1993 04 23     57.00 A
06623800 1993 04 24     59.00 A
06623800 1993 04 25     58.00 A
06623800 1993 04 26     62.00 A
06623800 1993 04 27     67.00 A
06623800 1993 04 28     73.00 A
06623800 1993 04 29     75.00 A
06623800 1993 04 30     78.00 A
06623800 1993 05 01     73.00 A
06623800 1993 05 02     71.00 A
06623800 1993 05 03     72.00 A
06623800 1993 05 04     80.00 A
06623800 1993 05 05     96.00 A
06623800 1993 05 06     89.00 A
06623800 1993 05 07     82.00 A
06623800 1993 05 08     75.00 A
06623800 1993 05 09     72.00 A
06623800 1993 05 10     79.00 A
06623800 1993 05 11     92.00 A
06623800 1993 05 12     112.00 A
06623800 1993 05 13     142.00 A
06623800 1993 05 14     177.00 A
06623800 1993 05 15     203.00 A
06623800 1993 05 16     237.00 A
06623800 1993 05 17     277.00 A
06623800 1993 05 18     296.00 A
06623800 1993 05 19     316.00 A
06623800 1993 05 20     345.00 A
06623800 1993 05 21     418.00 A
06623800 1993 05 22     500.00 A
06623800 1993 05 23     480.00 A
06623800 1993 05 24     447.00 A
06623800 1993 05 25     418.00 A
06623800 1993 05 26     521.00 A
06623800 1993 05 27     586.00 A
06623800 1993 05 28     657.00 A
06623800 1993 05 29     661.00 A
06623800 1993 05 30     625.00 A
06623800 1993 05 31     667.00 A
06623800 1993 06 01     704.00 A
06623800 1993 06 02     724.00 A
06623800 1993 06 03     711.00 A
06623800 1993 06 04     560.00 A
06623800 1993 06 05     512.00 A
06623800 1993 06 06     545.00 A
06623800 1993 06 07     553.00 A
06623800 1993 06 08     483.00 A
06623800 1993 06 09     462.00 A
06623800 1993 06 10     447.00 A
06623800 1993 06 11     492.00 A
06623800 1993 06 12     610.00 A
06623800 1993 06 13     688.00 A
06623800 1993 06 14     721.00 A
06623800 1993 06 15     875.00 A
06623800 1993 06 16     1000.00 A
06623800 1993 06 17     994.00 A
06623800 1993 06 18     879.00 A
06623800 1993 06 19     779.00 A
06623800 1993 06 20     788.00 A
06623800 1993 06 21     809.00 A
06623800 1993 06 22     818.00 A
06623800 1993 06 23     759.00 A
06623800 1993 06 24     585.00 A
06623800 1993 06 25     524.00 A
06623800 1993 06 26     556.00 A
06623800 1993 06 27     590.00 A
06623800 1993 06 28     603.00 A
06623800 1993 06 29     609.00 A
06623800 1993 06 30     542.00 A
06623800 1993 07 01     488.00 A
06623800 1993 07 02     477.00 A
06623800 1993 07 03     478.00 A
06623800 1993 07 04     385.00 A
06623800 1993 07 05     351.00 A
06623800 1993 07 06     307.00 A
06623800 1993 07 07     292.00 A
06623800 1993 07 08     292.00 A
06623800 1993 07 09     284.00 A
06623800 1993 07 10     278.00 A
06623800 1993 07 11     272.00 A
06623800 1993 07 12     267.00 A
06623800 1993 07 13     262.00 A
06623800 1993 07 14     242.00 A
06623800 1993 07 15     216.00 A
06623800 1993 07 16     194.00 A
06623800 1993 07 17     177.00 A
06623800 1993 07 18     161.00 A
06623800 1993 07 19     148.00 A
06623800 1993 07 20     139.00 A
06623800 1993 07 21     129.00 A
06623800 1993 07 22     120.00 A
06623800 1993 07 23     115.00 A
06623800 1993 07 24     153.00 A
06623800 1993 07 25     133.00 A
06623800 1993 07 26     111.00 A
06623800 1993 07 27     104.00 A
06623800 1993 07 28     95.00 A
06623800 1993 07 29     90.00 A
06623800 1993 07 30     86.00 A
06623800 1993 07 31     82.00 A
06623800 1993 08 01     78.00 A
06623800 1993 08 02     74.00 A
06623800 1993 08 03     72.00 A
06623800 1993 08 04     73.00 A
06623800 1993 08 05     81.00 A
06623800 1993 08 06     76.00 A
06623800 1993 08 07     70.00 A
06623800 1993 08 08     71.00 A
06623800 1993 08 09     65.00 A
06623800 1993 08 10     69.00 A
06623800 1993 08 11     79.00 A
06623800 1993 08 12     68.00 A
06623800 1993 08 13     62.00 A
06623800 1993 08 14     55.00 A
06623800 1993 08 15     57.00 A
06623800 1993 08 16     57.00 A
06623800 1993 08 17     49.00 A
06623800 1993 08 18     46.00 A
06623800 1993 08 19     44.00 A
06623800 1993 08 20     43.00 A
06623800 1993 08 21     53.00 A
06623800 1993 08 22     55.00 A
06623800 1993 08 23     44.00 A
06623800 1993 08 24     40.00 A
06623800 1993 08 25     37.00 A
06623800 1993 08 26     40.00 A
06623800 1993 08 27     41.00 A
06623800 1993 08 28     38.00 A
06623800 1993 08 29     35.00 A
06623800 1993 08 30     36.00 A
06623800 1993 08 31     35.00 A
06623800 1993 09 01     33.00 A
06623800 1993 09 02     34.00 A
06623800 1993 09 03     34.00 A
06623800 1993 09 04     32.00 A
06623800 1993 09 05     30.00 A
06623800 1993 09 06     30.00 A
06623800 1993 09 07     31.00 A
06623800 1993 09 08     32.00 A
06623800 1993 09 09     29.00 A
06623800 1993 09 10     28.00 A
06623800 1993 09 11     26.00 A
06623800 1993 09 12     26.00 A
06623800 1993 09 13     30.00 A
06623800 1993 09 14     31.00 A
06623800 1993 09 15     30.00 A
06623800 1993 09 16     30.00 A
06623800 1993 09 17     52.00 A
06623800 1993 09 18     40.00 A
06623800 1993 09 19     43.00 A
06623800 1993 09 20     39.00 A
06623800 1993 09 21     34.00 A
06623800 1993 09 22     31.00 A
06623800 1993 09 23     29.00 A
06623800 1993 09 24     27.00 A
06623800 1993 09 25     28.00 A
06623800 1993 09 26     27.00 A
06623800 1993 09 27     26.00 A
06623800 1993 09 28     25.00 A
06623800 1993 09 29     25.00 A
06623800 1993 09 30     24.00 A
06623800 1993 10 01     23.00 A
06623800 1993 10 02     23.00 A
06623800 1993 10 03     23.00 A
06623800 1993 10 04     22.00 A
06623800 1993 10 05     22.00 A
06623800 1993 10 06     22.00 A
06623800 1993 10 07     30.00 A
06623800 1993 10 08     38.00 A
06623800 1993 10 09     33.00 A
06623800 1993 10 10     34.00 A
06623800 1993 10 11     35.00 A
06623800 1993 10 12     55.00 A
06623800 1993 10 13     55.00 A
06623800 1993 10 14     57.00 A
06623800 1993 10 15     50.00 A
06623800 1993 10 16     46.00 A
06623800 1993 10 17     43.00 A
06623800 1993 10 18     45.00 A
06623800 1993 10 19     40.00 A
06623800 1993 10 20     38.00 A
06623800 1993 10 21     34.00 A
06623800 1993 10 22     34.00 A
06623800 1993 10 23     31.00 A
06623800 1993 10 24     32.00 A
06623800 1993 10 25     31.00 A
06623800 1993 10 26     26.00 A
06623800 1993 10 27     23.00 A
06623800 1993 10 28     25.00 A
06623800 1993 10 29     21.00 A
06623800 1993 10 30     17.00 A
06623800 1993 10 31     21.00 A
06623800 1993 11 01     25.00 A
06623800 1993 11 02     23.00 A
06623800 1993 11 03     24.00 A
06623800 1993 11 04     21.00 A
06623800 1993 11 05     18.00 A
06623800 1993 11 06     16.00 A
06623800 1993 11 07     18.00 A
06623800 1993 11 08     20.00 A
06623800 1993 11 09     21.00 A
06623800 1993 11 10     23.00 A
06623800 1993 11 11     30.00 A
06623800 1993 11 12     27.00 A
06623800 1993 11 13     25.00 A
06623800 1993 11 14     24.00 A
06623800 1993 11 15     25.00 A
06623800 1993 11 16     26.00 A
06623800 1993 11 17     24.00 A
06623800 1993 11 18     24.00 A
06623800 1993 11 19     24.00 A
06623800 1993 11 20     24.00 A
06623800 1993 11 21     24.00 A
06623800 1993 11 22     24.00 A
06623800 1993 11 23     24.00 A
06623800 1993 11 24     24.00 A
06623800 1993 11 25     23.00 A
06623800 1993 11 26     23.00 A
06623800 1993 11 27     23.00 A
06623800 1993 11 28     23.00 A
06623800 1993 11 29     23.00 A
06623800 1993 11 30     24.00 A
06623800 1993 12 01     23.00 A
06623800 1993 12 02     23.00 A
06623800 1993 12 03     23.00 A
06623800 1993 12 04     23.00 A
06623800 1993 12 05     22.00 A
06623800 1993 12 06     24.00 A
06623800 1993 12 07     24.00 A
06623800 1993 12 08     23.00 A
06623800 1993 12 09     23.00 A
06623800 1993 12 10     22.00 A
06623800 1993 12 11     22.00 A
06623800 1993 12 12     22.00 A
06623800 1993 12 13     21.00 A
06623800 1993 12 14     21.00 A
06623800 1993 12 15     23.00 A
06623800 1993 12 16     22.00 A
06623800 1993 12 17     21.00 A
06623800 1993 12 18     21.00 A
06623800 1993 12 19     21.00 A
06623800 1993 12 20     21.00 A
06623800 1993 12 21     22.00 A
06623800 1993 12 22     22.00 A
06623800 1993 12 23     21.00 A
06623800 1993 12 24     21.00 A
06623800 1993 12 25     21.00 A
06623800 1993 12 26     21.00 A
06623800 1993 12 27     21.00 A
06623800 1993 12 28     21.00 A
06623800 1993 12 29     20.00 A
06623800 1993 12 30     20.00 A
06623800 1993 12 31     20.00 A
06623800 1994 01 01     20.00 A
06623800 1994 01 02     18.00 A
06623800 1994 01 03     19.00 A
06623800 1994 01 04     20.00 A
06623800 1994 01 05     20.00 A
06623800 1994 01 06     20.00 A
06623800 1994 01 07     20.00 A
06623800 1994 01 08     21.00 A
06623800 1994 01 09     21.00 A
06623800 1994 01 10     22.00 A
06623800 1994 01 11     21.00 A
06623800 1994 01 12     21.00 A
06623800 1994 01 13     20.00 A
06623800 1994 01 14     20.00 A
06623800 1994 01 15     20.00 A
06623800 1994 01 16     20.00 A
06623800 1994 01 17     19.00 A
06623800 1994 01 18     20.00 A
06623800 1994 01 19     20.00 A
06623800 1994 01 20     19.00 A
06623800 1994 01 21     19.00 A
06623800 1994 01 22     20.00 A
06623800 1994 01 23     20.00 A
06623800 1994 01 24     19.00 A
06623800 1994 01 25     19.00 A
06623800 1994 01 26     19.00 A
06623800 1994 01 27     19.00 A
06623800 1994 01 28     18.00 A
06623800 1994 01 29     18.00 A
06623800 1994 01 30     18.00 A
06623800 1994 01 31     18.00 A
06623800 1994 02 01     18.00 A
06623800 1994 02 02     18.00 A
06623800 1994 02 03     18.00 A
06623800 1994 02 04     18.00 A
06623800 1994 02 05     18.00 A
06623800 1994 02 06     18.00 A
06623800 1994 02 07     18.00 A
06623800 1994 02 08     18.00 A
06623800 1994 02 09     18.00 A
06623800 1994 02 10     18.00 A
06623800 1994 02 11     18.00 A
06623800 1994 02 12     17.00 A
06623800 1994 02 13     18.00 A
06623800 1994 02 14     20.00 A
06623800 1994 02 15     19.00 A
06623800 1994 02 16     19.00 A
06623800 1994 02 17     19.00 A
06623800 1994 02 18     20.00 A
06623800 1994 02 19     19.00 A
06623800 1994 02 20     20.00 A
06623800 1994 02 21     20.00 A
06623800 1994 02 22     20.00 A
06623800 1994 02 23     20.00 A
06623800 1994 02 24     20.00 A
06623800 1994 02 25     20.00 A
06623800 1994 02 26     20.00 A
06623800 1994 02 27     20.00 A
06623800 1994 02 28     20.00 A
06623800 1994 03 01     20.00 A
06623800 1994 03 02     20.00 A
06623800 1994 03 03     20.00 A
06623800 1994 03 04     20.00 A
06623800 1994 03 05     22.00 A
06623800 1994 03 06     21.00 A
06623800 1994 03 07     19.00 A
06623800 1994 03 08     20.00 A
06623800 1994 03 09     20.00 A
06623800 1994 03 10     21.00 A
06623800 1994 03 11     21.00 A
06623800 1994 03 12     20.00 A
06623800 1994 03 13     20.00 A
06623800 1994 03 14     20.00 A
06623800 1994 03 15     21.00 A
06623800 1994 03 16     23.00 A
06623800 1994 03 17     23.00 A
06623800 1994 03 18     21.00 A
06623800 1994 03 19     22.00 A
06623800 1994 03 20     23.00 A
06623800 1994 03 21     22.00 A
06623800 1994 03 22     24.00 A
06623800 1994 03 23     23.00 A
06623800 1994 03 24     22.00 A
06623800 1994 03 25     23.00 A
06623800 1994 03 26     22.00 A
06623800 1994 03 27     28.00 A
06623800 1994 03 28     37.00 A
06623800 1994 03 29     31.00 A
06623800 1994 03 30     34.00 A
06623800 1994 03 31     28.00 A
06623800 1994 04 01     26.00 A
06623800 1994 04 02     24.00 A
06623800 1994 04 03     23.00 A
06623800 1994 04 04     22.00 A
06623800 1994 04 05     21.00 A
06623800 1994 04 06     22.00 A
06623800 1994 04 07     22.00 A
06623800 1994 04 08     22.00 A
06623800 1994 04 09     21.00 A
06623800 1994 04 10     22.00 A
06623800 1994 04 11     21.00 A
06623800 1994 04 12     22.00 A
06623800 1994 04 13     24.00 A
06623800 1994 04 14     26.00 A
06623800 1994 04 15     27.00 A
06623800 1994 04 16     31.00 A
06623800 1994 04 17     37.00 A
06623800 1994 04 18     50.00 A
06623800 1994 04 19     67.00 A
06623800 1994 04 20     85.00 A
06623800 1994 04 21     108.00 A
06623800 1994 04 22     124.00 A
06623800 1994 04 23     147.00 A
06623800 1994 04 24     159.00 A
06623800 1994 04 25     130.00 A
06623800 1994 04 26     106.00 A
06623800 1994 04 27     90.00 A
06623800 1994 04 28     81.00 A
06623800 1994 04 29     74.00 A
06623800 1994 04 30     69.00 A
06623800 1994 05 01     67.00 A
06623800 1994 05 02     69.00 A
06623800 1994 05 03     71.00 A
06623800 1994 05 04     71.00 A
06623800 1994 05 05     97.00 A
06623800 1994 05 06     136.00 A
06623800 1994 05 07     173.00 A
06623800 1994 05 08     217.00 A
06623800 1994 05 09     254.00 A
06623800 1994 05 10     278.00 A
06623800 1994 05 11     326.00 A
06623800 1994 05 12     373.00 A
06623800 1994 05 13     371.00 A
06623800 1994 05 14     379.00 A
06623800 1994 05 15     394.00 A
06623800 1994 05 16     468.00 A
06623800 1994 05 17     525.00 A
06623800 1994 05 18     533.00 A
06623800 1994 05 19     542.00 A
06623800 1994 05 20     535.00 A
06623800 1994 05 21     493.00 A
06623800 1994 05 22     487.00 A
06623800 1994 05 23     482.00 A
06623800 1994 05 24     470.00 A
06623800 1994 05 25     500.00 A
06623800 1994 05 26     522.00 A
06623800 1994 05 27     528.00 A
06623800 1994 05 28     583.00 A
06623800 1994 05 29     557.00 A
06623800 1994 05 30     574.00 A
06623800 1994 05 31     609.00 A
06623800 1994 06 01     726.00 A
06623800 1994 06 02     567.00 A
06623800 1994 06 03     528.00 A
06623800 1994 06 04     540.00 A
06623800 1994 06 05     504.00 A
06623800 1994 06 06     471.00 A
06623800 1994 06 07     439.00 A
06623800 1994 06 08     389.00 A
06623800 1994 06 09     342.00 A
06623800 1994 06 10     312.00 A
06623800 1994 06 11     304.00 A
06623800 1994 06 12     300.00 A
06623800 1994 06 13     285.00 A
06623800 1994 06 14     272.00 A
06623800 1994 06 15     246.00 A
06623800 1994 06 16     216.00 A
06623800 1994 06 17     196.00 A
06623800 1994 06 18     180.00 A
06623800 1994 06 19     198.00 A
06623800 1994 06 20     219.00 A
06623800 1994 06 21     177.00 A
06623800 1994 06 22     187.00 A
06623800 1994 06 23     151.00 A
06623800 1994 06 24     127.00 A
06623800 1994 06 25     113.00 A
06623800 1994 06 26     104.00 A
06623800 1994 06 27     96.00 A
06623800 1994 06 28     90.00 A
06623800 1994 06 29     88.00 A
06623800 1994 06 30     84.00 A
06623800 1994 07 01     78.00 A
06623800 1994 07 02     75.00 A
06623800 1994 07 03     76.00 A
06623800 1994 07 04     70.00 A
06623800 1994 07 05     64.00 A
06623800 1994 07 06     60.00 A
06623800 1994 07 07     61.00 A
06623800 1994 07 08     61.00 A
06623800 1994 07 09     56.00 A
06623800 1994 07 10     53.00 A
06623800 1994 07 11     51.00 A
06623800 1994 07 12     51.00 A
06623800 1994 07 13     47.00 A
06623800 1994 07 14     46.00 A
06623800 1994 07 15     44.00 A
06623800 1994 07 16     43.00 A
06623800 1994 07 17     41.00 A
06623800 1994 07 18     39.00 A
06623800 1994 07 19     38.00 A
06623800 1994 07 20     36.00 A
06623800 1994 07 21     34.00 A
06623800 1994 07 22     33.00 A
06623800 1994 07 23     33.00 A
06623800 1994 07 24     34.00 A
06623800 1994 07 25     33.00 A
06623800 1994 07 26     31.00 A
06623800 1994 07 27     29.00 A
06623800 1994 07 28     28.00 A
06623800 1994 07 29     29.00 A
06623800 1994 07 30     28.00 A
06623800 1994 07 31     29.00 A
06623800 1994 08 01     58.00 A
06623800 1994 08 02     49.00 A
06623800 1994 08 03     33.00 A
06623800 1994 08 04     31.00 A
06623800 1994 08 05     29.00 A
06623800 1994 08 06     27.00 A
06623800 1994 08 07     25.00 A
06623800 1994 08 08     25.00 A
06623800 1994 08 09     36.00 A
06623800 1994 08 10     41.00 A
06623800 1994 08 11     31.00 A
06623800 1994 08 12     28.00 A
06623800 1994 08 13     27.00 A
06623800 1994 08 14     25.00 A
06623800 1994 08 15     24.00 A
06623800 1994 08 16     24.00 A
06623800 1994 08 17     23.00 A
06623800 1994 08 18     22.00 A
06623800 1994 08 19     27.00 A
06623800 1994 08 20     30.00 A
06623800 1994 08 21     26.00 A
06623800 1994 08 22     25.00 A
06623800 1994 08 23     23.00 A
06623800 1994 08 24     21.00 A
06623800 1994 08 25     21.00 A
06623800 1994 08 26     20.00 A
06623800 1994 08 27     19.00 A
06623800 1994 08 28     22.00 A
06623800 1994 08 29     23.00 A
06623800 1994 08 30     22.00 A
06623800 1994 08 31     19.00 A
06623800 1994 09 01     20.00 A
06623800 1994 09 02     23.00 A
06623800 1994 09 03     22.00 A
06623800 1994 09 04     21.00 A
06623800 1994 09 05     18.00 A
06623800 1994 09 06     18.00 A
06623800 1994 09 07     17.00 A
06623800 1994 09 08     17.00 A
06623800 1994 09 09     17.00 A
06623800 1994 09 10     18.00 A
06623800 1994 09 11     16.00 A
06623800 1994 09 12     16.00 A
06623800 1994 09 13     17.00 A
06623800 1994 09 14     24.00 A
06623800 1994 09 15     25.00 A
06623800 1994 09 16     21.00 A
06623800 1994 09 17     19.00 A
06623800 1994 09 18     17.00 A
06623800 1994 09 19     17.00 A
06623800 1994 09 20     18.00 A
06623800 1994 09 21     19.00 A
06623800 1994 09 22     18.00 A
06623800 1994 09 23     18.00 A
06623800 1994 09 24     17.00 A
06623800 1994 09 25     16.00 A
06623800 1994 09 26     16.00 A
06623800 1994 09 27     15.00 A
06623800 1994 09 28     15.00 A
06623800 1994 09 29     14.00 A
06623800 1994 09 30     15.00 A
06623800 1994 10 01     16.00 A
06623800 1994 10 02     19.00 A
06623800 1994 10 03     23.00 A
06623800 1994 10 04     27.00 A
06623800 1994 10 05     26.00 A
06623800 1994 10 06     29.00 A
06623800 1994 10 07     28.00 A
06623800 1994 10 08     27.00 A
06623800 1994 10 09     26.00 A
06623800 1994 10 10     27.00 A
06623800 1994 10 11     26.00 A
06623800 1994 10 12     25.00 A
06623800 1994 10 13     23.00 A
06623800 1994 10 14     22.00 A
06623800 1994 10 15     23.00 A
06623800 1994 10 16     23.00 A
06623800 1994 10 17     19.00 A
06623800 1994 10 18     26.00 A
06623800 1994 10 19     21.00 A
06623800 1994 10 20     25.00 A
06623800 1994 10 21     24.00 A
06623800 1994 10 22     22.00 A
06623800 1994 10 23     22.00 A
06623800 1994 10 24     21.00 A
06623800 1994 10 25     20.00 A
06623800 1994 10 26     22.00 A
06623800 1994 10 27     23.00 A
06623800 1994 10 28     21.00 A
06623800 1994 10 29     21.00 A
06623800 1994 10 30     16.00 A
06623800 1994 10 31     18.00 A
06623800 1994 11 01     21.00 A
06623800 1994 11 02     19.00 A
06623800 1994 11 03     18.00 A
06623800 1994 11 04     18.00 A
06623800 1994 11 05     22.00 A
06623800 1994 11 06     21.00 A
06623800 1994 11 07     21.00 A
06623800 1994 11 08     20.00 A
06623800 1994 11 09     20.00 A
06623800 1994 11 10     19.00 A
06623800 1994 11 11     22.00 A
06623800 1994 11 12     21.00 A
06623800 1994 11 13     19.00 A
06623800 1994 11 14     18.00 A
06623800 1994 11 15     17.00 A
06623800 1994 11 16     18.00 A
06623800 1994 11 17     17.00 A
06623800 1994 11 18     16.00 A
06623800 1994 11 19     16.00 A
06623800 1994 11 20     16.00 A
06623800 1994 11 21     16.00 A
06623800 1994 11 22     17.00 A
06623800 1994 11 23     18.00 A
06623800 1994 11 24     19.00 A
06623800 1994 11 25     20.00 A
06623800 1994 11 26     20.00 A
06623800 1994 11 27     19.00 A
06623800 1994 11 28     18.00 A
06623800 1994 11 29     20.00 A
06623800 1994 11 30     20.00 A
06623800 1994 12 01     19.00 A
06623800 1994 12 02     19.00 A
06623800 1994 12 03     19.00 A
06623800 1994 12 04     18.00 A
06623800 1994 12 05     18.00 A
06623800 1994 12 06     19.00 A
06623800 1994 12 07     19.00 A
06623800 1994 12 08     17.00 A
06623800 1994 12 09     18.00 A
06623800 1994 12 10     19.00 A
06623800 1994 12 11     19.00 A
06623800 1994 12 12     18.00 A
06623800 1994 12 13     18.00 A
06623800 1994 12 14     18.00 A
06623800 1994 12 15     18.00 A
06623800 1994 12 16     18.00 A
06623800 1994 12 17     18.00 A
06623800 1994 12 18     18.00 A
06623800 1994 12 19     17.00 A
06623800 1994 12 20     18.00 A
06623800 1994 12 21     18.00 A
06623800 1994 12 22     17.00 A
06623800 1994 12 23     17.00 A
06623800 1994 12 24     17.00 A
06623800 1994 12 25     17.00 A
06623800 1994 12 26     17.00 A
06623800 1994 12 27     17.00 A
06623800 1994 12 28     17.00 A
06623800 1994 12 29     17.00 A
06623800 1994 12 30     16.00 A
06623800 1994 12 31     15.00 A
06623800 1995 01 01     15.00 A
06623800 1995 01 02     15.00 A
06623800 1995 01 03     15.00 A
06623800 1995 01 04     14.00 A
06623800 1995 01 05     15.00 A
06623800 1995 01 06     16.00 A
06623800 1995 01 07     16.00 A
06623800 1995 01 08     15.00 A
06623800 1995 01 09     16.00 A
06623800 1995 01 10     16.00 A
06623800 1995 01 11     16.00 A
06623800 1995 01 12     16.00 A
06623800 1995 01 13     16.00 A
06623800 1995 01 14     16.00 A
06623800 1995 01 15     16.00 A
06623800 1995 01 16     16.00 A
06623800 1995 01 17     16.00 A
06623800 1995 01 18     16.00 A
06623800 1995 01 19     17.00 A
06623800 1995 01 20     17.00 A
06623800 1995 01 21     15.00 A
06623800 1995 01 22     16.00 A
06623800 1995 01 23     16.00 A
06623800 1995 01 24     16.00 A
06623800 1995 01 25     16.00 A
06623800 1995 01 26     16.00 A
06623800 1995 01 27     15.00 A
06623800 1995 01 28     15.00 A
06623800 1995 01 29     15.00 A
06623800 1995 01 30     15.00 A
06623800 1995 01 31     16.00 A
06623800 1995 02 01     16.00 A
06623800 1995 02 02     15.00 A
06623800 1995 02 03     14.00 A
06623800 1995 02 04     15.00 A
06623800 1995 02 05     15.00 A
06623800 1995 02 06     16.00 A
06623800 1995 02 07     16.00 A
06623800 1995 02 08     15.00 A
06623800 1995 02 09     16.00 A
06623800 1995 02 10     13.00 A
06623800 1995 02 11     14.00 A
06623800 1995 02 12     15.00 A
06623800 1995 02 13     16.00 A
06623800 1995 02 14     16.00 A
06623800 1995 02 15     15.00 A
06623800 1995 02 16     16.00 A
06623800 1995 02 17     17.00 A
06623800 1995 02 18     18.00 A
06623800 1995 02 19     18.00 A
06623800 1995 02 20     17.00 A
06623800 1995 02 21     16.00 A
06623800 1995 02 22     17.00 A
06623800 1995 02 23     18.00 A
06623800 1995 02 24     18.00 A
06623800 1995 02 25     18.00 A
06623800 1995 02 26     19.00 A
06623800 1995 02 27     18.00 A
06623800 1995 02 28     17.00 A
06623800 1995 03 01     17.00 A
06623800 1995 03 02     18.00 A
06623800 1995 03 03     17.00 A
06623800 1995 03 04     16.00 A
06623800 1995 03 05     18.00 A
06623800 1995 03 06     16.00 A
06623800 1995 03 07     16.00 A
06623800 1995 03 08     17.00 A
06623800 1995 03 09     17.00 A
06623800 1995 03 10     19.00 A
06623800 1995 03 11     22.00 A
06623800 1995 03 12     21.00 A
06623800 1995 03 13     20.00 A
06623800 1995 03 14     22.00 A
06623800 1995 03 15     23.00 A
06623800 1995 03 16     22.00 A
06623800 1995 03 17     22.00 A
06623800 1995 03 18     22.00 A
06623800 1995 03 19     21.00 A
06623800 1995 03 20     20.00 A
06623800 1995 03 21     20.00 A
06623800 1995 03 22     20.00 A
06623800 1995 03 23     21.00 A
06623800 1995 03 24     19.00 A
06623800 1995 03 25     18.00 A
06623800 1995 03 26     18.00 A
06623800 1995 03 27     18.00 A
06623800 1995 03 28     17.00 A
06623800 1995 03 29     17.00 A
06623800 1995 03 30     17.00 A
06623800 1995 03 31     17.00 A
06623800 1995 04 01     17.00 A
06623800 1995 04 02     17.00 A
06623800 1995 04 03     18.00 A
06623800 1995 04 04     19.00 A
06623800 1995 04 05     22.00 A
06623800 1995 04 06     27.00 A
06623800 1995 04 07     31.00 A
06623800 1995 04 08     35.00 A
06623800 1995 04 09     34.00 A
06623800 1995 04 10     31.00 A
06623800 1995 04 11     29.00 A
06623800 1995 04 12     27.00 A
06623800 1995 04 13     30.00 A
06623800 1995 04 14     35.00 A
06623800 1995 04 15     31.00 A
06623800 1995 04 16     31.00 A
06623800 1995 04 17     32.00 A
06623800 1995 04 18     30.00 A
06623800 1995 04 19     27.00 A
06623800 1995 04 20     26.00 A
06623800 1995 04 21     24.00 A
06623800 1995 04 22     25.00 A
06623800 1995 04 23     23.00 A
06623800 1995 04 24     24.00 A
06623800 1995 04 25     23.00 A
06623800 1995 04 26     22.00 A
06623800 1995 04 27     23.00 A
06623800 1995 04 28     26.00 A
06623800 1995 04 29     26.00 A
06623800 1995 04 30     28.00 A
06623800 1995 05 01     27.00 A
06623800 1995 05 02     30.00 A
06623800 1995 05 03     32.00 A
06623800 1995 05 04     32.00 A
06623800 1995 05 05     38.00 A
06623800 1995 05 06     40.00 A
06623800 1995 05 07     37.00 A
06623800 1995 05 08     26.00 A
06623800 1995 05 09     33.00 A
06623800 1995 05 10     45.00 A
06623800 1995 05 11     54.00 A
06623800 1995 05 12     62.00 A
06623800 1995 05 13     61.00 A
06623800 1995 05 14     67.00 A
06623800 1995 05 15     101.00 A
06623800 1995 05 16     118.00 A
06623800 1995 05 17     131.00 A
06623800 1995 05 18     128.00 A
06623800 1995 05 19     150.00 A
06623800 1995 05 20     178.00 A
06623800 1995 05 21     182.00 A
06623800 1995 05 22     212.00 A
06623800 1995 05 23     226.00 A
06623800 1995 05 24     184.00 A
06623800 1995 05 25     187.00 A
06623800 1995 05 26     198.00 A
06623800 1995 05 27     193.00 A
06623800 1995 05 28     174.00 A
06623800 1995 05 29     195.00 A
06623800 1995 05 30     254.00 A
06623800 1995 05 31     318.00 A
06623800 1995 06 01     383.00 A
06623800 1995 06 02     389.00 A
06623800 1995 06 03     460.00 A
06623800 1995 06 04     491.00 A
06623800 1995 06 05     647.00 A
06623800 1995 06 06     775.00 A
06623800 1995 06 07     732.00 A
06623800 1995 06 08     697.00 A
06623800 1995 06 09     703.00 A
06623800 1995 06 10     520.00 A
06623800 1995 06 11     526.00 A
06623800 1995 06 12     680.00 A
06623800 1995 06 13     899.00 A
06623800 1995 06 14     1060.00 A
06623800 1995 06 15     1120.00 A
06623800 1995 06 16     1150.00 A
06623800 1995 06 17     1170.00 A
06623800 1995 06 18     977.00 A
06623800 1995 06 19     954.00 A
06623800 1995 06 20     1030.00 A
06623800 1995 06 21     1080.00 A
06623800 1995 06 22     1080.00 A
06623800 1995 06 23     986.00 A
06623800 1995 06 24     902.00 A
06623800 1995 06 25     835.00 A
06623800 1995 06 26     841.00 A
06623800 1995 06 27     913.00 A
06623800 1995 06 28     1030.00 A
06623800 1995 06 29     1010.00 A
06623800 1995 06 30     899.00 A
06623800 1995 07 01     822.00 A
06623800 1995 07 02     841.00 A
06623800 1995 07 03     902.00 A
06623800 1995 07 04     816.00 A
06623800 1995 07 05     726.00 A
06623800 1995 07 06     783.00 A
06623800 1995 07 07     852.00 A
06623800 1995 07 08     872.00 A
06623800 1995 07 09     887.00 A
06623800 1995 07 10     939.00 A
06623800 1995 07 11     928.00 A
06623800 1995 07 12     897.00 A
06623800 1995 07 13     821.00 A
06623800 1995 07 14     792.00 A
06623800 1995 07 15     647.00 A
06623800 1995 07 16     554.00 A
06623800 1995 07 17     511.00 A
06623800 1995 07 18     468.00 A
06623800 1995 07 19     489.00 A
06623800 1995 07 20     457.00 A
06623800 1995 07 21     401.00 A
06623800 1995 07 22     382.00 A
06623800 1995 07 23     331.00 A
06623800 1995 07 24     295.00 A
06623800 1995 07 25     270.00 A
06623800 1995 07 26     261.00 A
06623800 1995 07 27     245.00 A
06623800 1995 07 28     224.00 A
06623800 1995 07 29     211.00 A
06623800 1995 07 30     198.00 A
06623800 1995 07 31     178.00 A
06623800 1995 08 01     159.00 A
06623800 1995 08 02     146.00 A
06623800 1995 08 03     135.00 A
06623800 1995 08 04     132.00 A
06623800 1995 08 05     124.00 A
06623800 1995 08 06     116.00 A
06623800 1995 08 07     110.00 A
06623800 1995 08 08     105.00 A
06623800 1995 08 09     100.00 A
06623800 1995 08 10     94.00 A
06623800 1995 08 11     94.00 A
06623800 1995 08 12     91.00 A
06623800 1995 08 13     84.00 A
06623800 1995 08 14     79.00 A
06623800 1995 08 15     75.00 A
06623800 1995 08 16     70.00 A
06623800 1995 08 17     67.00 A
06623800 1995 08 18     64.00 A
06623800 1995 08 19     62.00 A
06623800 1995 08 20     61.00 A
06623800 1995 08 21     61.00 A
06623800 1995 08 22     62.00 A
06623800 1995 08 23     60.00 A
06623800 1995 08 24     58.00 A
06623800 1995 08 25     68.00 A
06623800 1995 08 26     57.00 A
06623800 1995 08 27     54.00 A
06623800 1995 08 28     53.00 A
06623800 1995 08 29     50.00 A
06623800 1995 08 30     47.00 A
06623800 1995 08 31     45.00 A
06623800 1995 09 01     43.00 A
06623800 1995 09 02     43.00 A
06623800 1995 09 03     52.00 A
06623800 1995 09 04     42.00 A
06623800 1995 09 05     41.00 A
06623800 1995 09 06     43.00 A
06623800 1995 09 07     41.00 A
06623800 1995 09 08     67.00 A
06623800 1995 09 09     56.00 A
06623800 1995 09 10     45.00 A
06623800 1995 09 11     52.00 A
06623800 1995 09 12     42.00 A
06623800 1995 09 13     39.00 A
06623800 1995 09 14     37.00 A
06623800 1995 09 15     35.00 A
06623800 1995 09 16     34.00 A
06623800 1995 09 17     33.00 A
06623800 1995 09 18     38.00 A
06623800 1995 09 19     57.00 A
06623800 1995 09 20     53.00 A
06623800 1995 09 21     49.00 A
06623800 1995 09 22     41.00 A
06623800 1995 09 23     39.00 A
06623800 1995 09 24     38.00 A
06623800 1995 09 25     37.00 A
06623800 1995 09 26     36.00 A
06623800 1995 09 27     35.00 A
06623800 1995 09 28     37.00 A
06623800 1995 09 29     67.00 A
06623800 1995 09 30     64.00 A
06623800 1995 10 01     53.00 A
06623800 1995 10 02     46.00 A
06623800 1995 10 03     40.00 A
06623800 1995 10 04     46.00 A
06623800 1995 10 05     43.00 A
06623800 1995 10 06     40.00 A
06623800 1995 10 07     44.00 A
06623800 1995 10 08     47.00 A
06623800 1995 10 09     42.00 A
06623800 1995 10 10     42.00 A
06623800 1995 10 11     45.00 A
06623800 1995 10 12     50.00 A
06623800 1995 10 13     44.00 A
06623800 1995 10 14     38.00 A
06623800 1995 10 15     38.00 A
06623800 1995 10 16     37.00 A
06623800 1995 10 17     35.00 A
06623800 1995 10 18     34.00 A
06623800 1995 10 19     32.00 A
06623800 1995 10 20     28.00 A
06623800 1995 10 21     33.00 A
06623800 1995 10 22     30.00 A
06623800 1995 10 23     31.00 A
06623800 1995 10 24     30.00 A
06623800 1995 10 25     34.00 A
06623800 1995 10 26     37.00 A
06623800 1995 10 27     36.00 A
06623800 1995 10 28     35.00 A
06623800 1995 10 29     36.00 A
06623800 1995 10 30     49.00 A
06623800 1995 10 31     56.00 A
06623800 1995 11 01     45.00 A
06623800 1995 11 02     36.00 A
06623800 1995 11 03     33.00 A
06623800 1995 11 04     32.00 A
06623800 1995 11 05     37.00 A
06623800 1995 11 06     42.00 A
06623800 1995 11 07     44.00 A
06623800 1995 11 08     40.00 A
06623800 1995 11 09     38.00 A
06623800 1995 11 10     37.00 A
06623800 1995 11 11     33.00 A
06623800 1995 11 12     38.00 A
06623800 1995 11 13     43.00 A
06623800 1995 11 14     46.00 A
06623800 1995 11 15     49.00 A
06623800 1995 11 16     47.00 A
06623800 1995 11 17     44.00 A
06623800 1995 11 18     40.00 A
06623800 1995 11 19     37.00 A
06623800 1995 11 20     34.00 A
06623800 1995 11 21     32.00 A
06623800 1995 11 22     33.00 A
06623800 1995 11 23     31.00 A
06623800 1995 11 24     31.00 A
06623800 1995 11 25     31.00 A
06623800 1995 11 26     30.00 A
06623800 1995 11 27     31.00 A
06623800 1995 11 28     27.00 A
06623800 1995 11 29     32.00 A
06623800 1995 11 30     37.00 A
06623800 1995 12 01     36.00 A
06623800 1995 12 02     34.00 A
06623800 1995 12 03     34.00 A
06623800 1995 12 04     31.00 A
06623800 1995 12 05     32.00 A
06623800 1995 12 06     31.00 A
06623800 1995 12 07     31.00 A
06623800 1995 12 08     28.00 A
06623800 1995 12 09     27.00 A
06623800 1995 12 10     28.00 A
06623800 1995 12 11     29.00 A
06623800 1995 12 12     28.00 A
06623800 1995 12 13     27.00 A
06623800 1995 12 14     26.00 A
06623800 1995 12 15     25.00 A
06623800 1995 12 16     26.00 A
06623800 1995 12 17     27.00 A
06623800 1995 12 18     28.00 A
06623800 1995 12 19     29.00 A
06623800 1995 12 20     31.00 A
06623800 1995 12 21     32.00 A
06623800 1995 12 22     32.00 A
06623800 1995 12 23     31.00 A
06623800 1995 12 24     30.00 A
06623800 1995 12 25     29.00 A
06623800 1995 12 26     29.00 A
06623800 1995 12 27     28.00 A
06623800 1995 12 28     28.00 A
06623800 1995 12 29     28.00 A
06623800 1995 12 30     29.00 A
06623800 1995 12 31     30.00 A
06623800 1996 01 01     30.00 A
06623800 1996 01 02     30.00 A
06623800 1996 01 03     28.00 A
06623800 1996 01 04     28.00 A
06623800 1996 01 05     27.00 A
06623800 1996 01 06     26.00 A
06623800 1996 01 07     26.00 A
06623800 1996 01 08     26.00 A
06623800 1996 01 09     25.00 A
06623800 1996 01 10     25.00 A
06623800 1996 01 11     25.00 A
06623800 1996 01 12     25.00 A
06623800 1996 01 13     26.00 A
06623800 1996 01 14     25.00 A
06623800 1996 01 15     25.00 A
06623800 1996 01 16     24.00 A
06623800 1996 01 17     24.00 A
06623800 1996 01 18     25.00 A
06623800 1996 01 19     26.00 A
06623800 1996 01 20     27.00 A
06623800 1996 01 21     28.00 A
06623800 1996 01 22     29.00 A
06623800 1996 01 23     30.00 A
06623800 1996 01 24     28.00 A
06623800 1996 01 25     27.00 A
06623800 1996 01 26     26.00 A
06623800 1996 01 27     26.00 A
06623800 1996 01 28     26.00 A
06623800 1996 01 29     26.00 A
06623800 1996 01 30     26.00 A
06623800 1996 01 31     25.00 A
06623800 1996 02 01     24.00 A
06623800 1996 02 02     24.00 A
06623800 1996 02 03     24.00 A
06623800 1996 02 04     24.00 A
06623800 1996 02 05     24.00 A
06623800 1996 02 06     24.00 A
06623800 1996 02 07     24.00 A
06623800 1996 02 08     24.00 A
06623800 1996 02 09     24.00 A
06623800 1996 02 10     24.00 A
06623800 1996 02 11     24.00 A
06623800 1996 02 12     24.00 A
06623800 1996 02 13     24.00 A
06623800 1996 02 14     24.00 A
06623800 1996 02 15     24.00 A
06623800 1996 02 16     24.00 A
06623800 1996 02 17     24.00 A
06623800 1996 02 18     24.00 A
06623800 1996 02 19     23.00 A
06623800 1996 02 20     23.00 A
06623800 1996 02 21     23.00 A
06623800 1996 02 22     23.00 A
06623800 1996 02 23     23.00 A
06623800 1996 02 24     23.00 A
06623800 1996 02 25     23.00 A
06623800 1996 02 26     23.00 A
06623800 1996 02 27     23.00 A
06623800 1996 02 28     23.00 A
06623800 1996 02 29     24.00 A
06623800 1996 03 01     24.00 A
06623800 1996 03 02     24.00 A
06623800 1996 03 03     22.00 A
06623800 1996 03 04     23.00 A
06623800 1996 03 05     23.00 A
06623800 1996 03 06     22.00 A
06623800 1996 03 07     22.00 A
06623800 1996 03 08     22.00 A
06623800 1996 03 09     22.00 A
06623800 1996 03 10     23.00 A
06623800 1996 03 11     24.00 A
06623800 1996 03 12     25.00 A
06623800 1996 03 13     24.00 A
06623800 1996 03 14     24.00 A
06623800 1996 03 15     23.00 A
06623800 1996 03 16     24.00 A
06623800 1996 03 17     22.00 A
06623800 1996 03 18     22.00 A
06623800 1996 03 19     22.00 A
06623800 1996 03 20     22.00 A
06623800 1996 03 21     24.00 A
06623800 1996 03 22     24.00 A
06623800 1996 03 23     24.00 A
06623800 1996 03 24     24.00 A
06623800 1996 03 25     23.00 A
06623800 1996 03 26     25.00 A
06623800 1996 03 27     25.00 A
06623800 1996 03 28     25.00 A
06623800 1996 03 29     23.00 A
06623800 1996 03 30     23.00 A
06623800 1996 03 31     23.00 A
06623800 1996 04 01     25.00 A
06623800 1996 04 02     33.00 A
06623800 1996 04 03     33.00 A
06623800 1996 04 04     33.00 A
06623800 1996 04 05     30.00 A
06623800 1996 04 06     35.00 A
06623800 1996 04 07     35.00 A
06623800 1996 04 08     40.00 A
06623800 1996 04 09     53.00 A
06623800 1996 04 10     60.00 A
06623800 1996 04 11     65.00 A
06623800 1996 04 12     60.00 A
06623800 1996 04 13     56.00 A
06623800 1996 04 14     48.00 A
06623800 1996 04 15     58.00 A
06623800 1996 04 16     52.00 A
06623800 1996 04 17     50.00 A
06623800 1996 04 18     50.00 A
06623800 1996 04 19     49.00 A
06623800 1996 04 20     43.00 A
06623800 1996 04 21     40.00 A
06623800 1996 04 22     43.00 A
06623800 1996 04 23     49.00 A
06623800 1996 04 24     54.00 A
06623800 1996 04 25     65.00 A
06623800 1996 04 26     62.00 A
06623800 1996 04 27     58.00 A
06623800 1996 04 28     52.00 A
06623800 1996 04 29     57.00 A
06623800 1996 04 30     51.00 A
06623800 1996 05 01     47.00 A
06623800 1996 05 02     48.00 A
06623800 1996 05 03     48.00 A
06623800 1996 05 04     48.00 A
06623800 1996 05 05     70.00 A
06623800 1996 05 06     90.00 A
06623800 1996 05 07     100.00 A
06623800 1996 05 08     130.00 A
06623800 1996 05 09     180.00 A
06623800 1996 05 10     230.00 A
06623800 1996 05 11     257.00 A
06623800 1996 05 12     353.00 A
06623800 1996 05 13     414.00 A
06623800 1996 05 14     499.00 A
06623800 1996 05 15     566.00 A
06623800 1996 05 16     729.00 A
06623800 1996 05 17     854.00 A
06623800 1996 05 18     787.00 A
06623800 1996 05 19     718.00 A
06623800 1996 05 20     556.00 A
06623800 1996 05 21     500.00 A
06623800 1996 05 22     520.00 A
06623800 1996 05 23     540.00 A
06623800 1996 05 24     509.00 A
06623800 1996 05 25     645.00 A
06623800 1996 05 26     659.00 A
06623800 1996 05 27     534.00 A
06623800 1996 05 28     501.00 A
06623800 1996 05 29     506.00 A
06623800 1996 05 30     555.00 A
06623800 1996 05 31     590.00 A
06623800 1996 06 01     606.00 A
06623800 1996 06 02     631.00 A
06623800 1996 06 03     703.00 A
06623800 1996 06 04     805.00 A
06623800 1996 06 05     908.00 A
06623800 1996 06 06     944.00 A
06623800 1996 06 07     901.00 A
06623800 1996 06 08     942.00 A
06623800 1996 06 09     987.00 A
06623800 1996 06 10     1010.00 A
06623800 1996 06 11     1010.00 A
06623800 1996 06 12     902.00 A
06623800 1996 06 13     897.00 A
06623800 1996 06 14     833.00 A
06623800 1996 06 15     738.00 A
06623800 1996 06 16     693.00 A
06623800 1996 06 17     727.00 A
06623800 1996 06 18     741.00 A
06623800 1996 06 19     727.00 A
06623800 1996 06 20     706.00 A
06623800 1996 06 21     911.00 A
06623800 1996 06 22     849.00 A
06623800 1996 06 23     647.00 A
06623800 1996 06 24     539.00 A
06623800 1996 06 25     487.00 A
06623800 1996 06 26     462.00 A
06623800 1996 06 27     446.00 A
06623800 1996 06 28     420.00 A
06623800 1996 06 29     382.00 A
06623800 1996 06 30     346.00 A
06623800 1996 07 01     327.00 A
06623800 1996 07 02     312.00 A
06623800 1996 07 03     289.00 A
06623800 1996 07 04     268.00 A
06623800 1996 07 05     263.00 A
06623800 1996 07 06     253.00 A
06623800 1996 07 07     214.00 A
06623800 1996 07 08     186.00 A
06623800 1996 07 09     174.00 A
06623800 1996 07 10     163.00 A
06623800 1996 07 11     147.00 A
06623800 1996 07 12     135.00 A
06623800 1996 07 13     124.00 A
06623800 1996 07 14     117.00 A
06623800 1996 07 15     111.00 A
06623800 1996 07 16     108.00 A
06623800 1996 07 17     138.00 A
06623800 1996 07 18     117.00 A
06623800 1996 07 19     111.00 A
06623800 1996 07 20     95.00 A
06623800 1996 07 21     89.00 A
06623800 1996 07 22     83.00 A
06623800 1996 07 23     80.00 A
06623800 1996 07 24     78.00 A
06623800 1996 07 25     74.00 A
06623800 1996 07 26     73.00 A
06623800 1996 07 27     72.00 A
06623800 1996 07 28     67.00 A
06623800 1996 07 29     95.00 A
06623800 1996 07 30     103.00 A
06623800 1996 07 31     72.00 A
06623800 1996 08 01     65.00 A
06623800 1996 08 02     62.00 A
06623800 1996 08 03     85.00 A
06623800 1996 08 04     151.00 A
06623800 1996 08 05     74.00 A
06623800 1996 08 06     61.00 A
06623800 1996 08 07     58.00 A
06623800 1996 08 08     54.00 A
06623800 1996 08 09     51.00 A
06623800 1996 08 10     49.00 A
06623800 1996 08 11     47.00 A
06623800 1996 08 12     45.00 A
06623800 1996 08 13     43.00 A
06623800 1996 08 14     43.00 A
06623800 1996 08 15     41.00 A
06623800 1996 08 16     40.00 A
06623800 1996 08 17     38.00 A
06623800 1996 08 18     39.00 A
06623800 1996 08 19     49.00 A
06623800 1996 08 20     43.00 A
06623800 1996 08 21     39.00 A
06623800 1996 08 22     41.00 A
06623800 1996 08 23     37.00 A
06623800 1996 08 24     35.00 A
06623800 1996 08 25     33.00 A
06623800 1996 08 26     32.00 A
06623800 1996 08 27     36.00 A
06623800 1996 08 28     37.00 A
06623800 1996 08 29     33.00 A
06623800 1996 08 30     32.00 A
06623800 1996 08 31     31.00 A
06623800 1996 09 01     30.00 A
06623800 1996 09 02     29.00 A
06623800 1996 09 03     29.00 A
06623800 1996 09 04     28.00 A
06623800 1996 09 05     28.00 A
06623800 1996 09 06     34.00 A
06623800 1996 09 07     35.00 A
06623800 1996 09 08     30.00 A
06623800 1996 09 09     28.00 A
06623800 1996 09 10     27.00 A
06623800 1996 09 11     27.00 A
06623800 1996 09 12     29.00 A
06623800 1996 09 13     34.00 A
06623800 1996 09 14     31.00 A
06623800 1996 09 15     29.00 A
06623800 1996 09 16     27.00 A
06623800 1996 09 17     27.00 A
06623800 1996 09 18     30.00 A
06623800 1996 09 19     32.00 A
06623800 1996 09 20     33.00 A
06623800 1996 09 21     36.00 A
06623800 1996 09 22     39.00 A
06623800 1996 09 23     37.00 A
06623800 1996 09 24     32.00 A
06623800 1996 09 25     44.00 A
06623800 1996 09 26     39.00 A
06623800 1996 09 27     34.00 A
06623800 1996 09 28     36.00 A
06623800 1996 09 29     38.00 A
06623800 1996 09 30     35.00 A
06623800 1996 10 01     31.00 A
06623800 1996 10 02     29.00 A
06623800 1996 10 03     28.00 A
06623800 1996 10 04     28.00 A
06623800 1996 10 05     28.00 A
06623800 1996 10 06     26.00 A
06623800 1996 10 07     25.00 A
06623800 1996 10 08     24.00 A
06623800 1996 10 09     24.00 A
06623800 1996 10 10     24.00 A
06623800 1996 10 11     23.00 A
06623800 1996 10 12     23.00 A
06623800 1996 10 13     22.00 A
06623800 1996 10 14     22.00 A
06623800 1996 10 15     23.00 A
06623800 1996 10 16     23.00 A
06623800 1996 10 17     22.00 A
06623800 1996 10 18     26.00 A
06623800 1996 10 19     29.00 A
06623800 1996 10 20     28.00 A
06623800 1996 10 21     26.00 A
06623800 1996 10 22     28.00 A
06623800 1996 10 23     29.00 A
06623800 1996 10 24     27.00 A
06623800 1996 10 25     28.00 A
06623800 1996 10 26     28.00 A
06623800 1996 10 27     35.00 A
06623800 1996 10 28     48.00 A
06623800 1996 10 29     40.00 A
06623800 1996 10 30     54.00 A
06623800 1996 10 31     43.00 A
06623800 1996 11 01     37.00 A
06623800 1996 11 02     41.00 A
06623800 1996 11 03     43.00 A
06623800 1996 11 04     34.00 A
06623800 1996 11 05     28.00 A
06623800 1996 11 06     27.00 A
06623800 1996 11 07     28.00 A
06623800 1996 11 08     32.00 A
06623800 1996 11 09     37.00 A
06623800 1996 11 10     36.00 A
06623800 1996 11 11     36.00 A
06623800 1996 11 12     36.00 A
06623800 1996 11 13     36.00 A
06623800 1996 11 14     36.00 A
06623800 1996 11 15     36.00 A
06623800 1996 11 16     36.00 A
06623800 1996 11 17     32.00 A
06623800 1996 11 18     33.00 A
06623800 1996 11 19     36.00 A
06623800 1996 11 20     35.00 A
06623800 1996 11 21     33.00 A
06623800 1996 11 22     34.00 A
06623800 1996 11 23     35.00 A
06623800 1996 11 24     31.00 A
06623800 1996 11 25     34.00 A
06623800 1996 11 26     33.00 A
06623800 1996 11 27     32.00 A
06623800 1996 11 28     33.00 A
06623800 1996 11 29     35.00 A
06623800 1996 11 30     34.00 A
06623800 1996 12 01     33.00 A
06623800 1996 12 02     32.00 A
06623800 1996 12 03     31.00 A
06623800 1996 12 04     30.00 A
06623800 1996 12 05     31.00 A
06623800 1996 12 06     31.00 A
06623800 1996 12 07     32.00 A
06623800 1996 12 08     34.00 A
06623800 1996 12 09     36.00 A
06623800 1996 12 10     36.00 A
06623800 1996 12 11     36.00 A
06623800 1996 12 12     35.00 A
06623800 1996 12 13     34.00 A
06623800 1996 12 14     31.00 A
06623800 1996 12 15     30.00 A
06623800 1996 12 16     30.00 A
06623800 1996 12 17     31.00 A
06623800 1996 12 18     32.00 A
06623800 1996 12 19     33.00 A
06623800 1996 12 20     33.00 A
06623800 1996 12 21     32.00 A
06623800 1996 12 22     31.00 A
06623800 1996 12 23     31.00 A
06623800 1996 12 24     31.00 A
06623800 1996 12 25     31.00 A
06623800 1996 12 26     31.00 A
06623800 1996 12 27     30.00 A
06623800 1996 12 28     31.00 A
06623800 1996 12 29     31.00 A
06623800 1996 12 30     31.00 A
06623800 1996 12 31     32.00 A
06623800 1997 01 01     32.00 A
06623800 1997 01 02     32.00 A
06623800 1997 01 03     32.00 A
06623800 1997 01 04     30.00 A
06623800 1997 01 05     28.00 A
06623800 1997 01 06     27.00 A
06623800 1997 01 07     26.00 A
06623800 1997 01 08     24.00 A
06623800 1997 01 09     24.00 A
06623800 1997 01 10     24.00 A
06623800 1997 01 11     23.00 A
06623800 1997 01 12     22.00 A
06623800 1997 01 13     22.00 A
06623800 1997 01 14     23.00 A
06623800 1997 01 15     23.00 A
06623800 1997 01 16     24.00 A
06623800 1997 01 17     25.00 A
06623800 1997 01 18     26.00 A
06623800 1997 01 19     27.00 A
06623800 1997 01 20     27.00 A
06623800 1997 01 21     27.00 A
06623800 1997 01 22     26.00 A
06623800 1997 01 23     25.00 A
06623800 1997 01 24     24.00 A
06623800 1997 01 25     24.00 A
06623800 1997 01 26     25.00 A
06623800 1997 01 27     25.00 A
06623800 1997 01 28     24.00 A
06623800 1997 01 29     23.00 A
06623800 1997 01 30     24.00 A
06623800 1997 01 31     25.00 A
06623800 1997 02 01     25.00 A
06623800 1997 02 02     24.00 A
06623800 1997 02 03     23.00 A
06623800 1997 02 04     22.00 A
06623800 1997 02 05     22.00 A
06623800 1997 02 06     21.00 A
06623800 1997 02 07     21.00 A
06623800 1997 02 08     22.00 A
06623800 1997 02 09     22.00 A
06623800 1997 02 10     22.00 A
06623800 1997 02 11     22.00 A
06623800 1997 02 12     22.00 A
06623800 1997 02 13     21.00 A
06623800 1997 02 14     21.00 A
06623800 1997 02 15     21.00 A
06623800 1997 02 16     21.00 A
06623800 1997 02 17     20.00 A
06623800 1997 02 18     20.00 A
06623800 1997 02 19     20.00 A
06623800 1997 02 20     21.00 A
06623800 1997 02 21     20.00 A
06623800 1997 02 22     20.00 A
06623800 1997 02 23     19.00 A
06623800 1997 02 24     18.00 A
06623800 1997 02 25     17.00 A
06623800 1997 02 26     18.00 A
06623800 1997 02 27     19.00 A
06623800 1997 02 28     19.00 A
06623800 1997 03 01     18.00 A
06623800 1997 03 02     19.00 A
06623800 1997 03 03     19.00 A
06623800 1997 03 04     18.00 A
06623800 1997 03 05     18.00 A
06623800 1997 03 06     18.00 A
06623800 1997 03 07     19.00 A
06623800 1997 03 08     19.00 A
06623800 1997 03 09     20.00 A
06623800 1997 03 10     20.00 A
06623800 1997 03 11     21.00 A
06623800 1997 03 12     23.00 A
06623800 1997 03 13     23.00 A
06623800 1997 03 14     22.00 A
06623800 1997 03 15     24.00 A
06623800 1997 03 16     25.00 A
06623800 1997 03 17     27.00 A
06623800 1997 03 18     30.00 A
06623800 1997 03 19     33.00 A
06623800 1997 03 20     42.00 A
06623800 1997 03 21     50.00 A
06623800 1997 03 22     65.00 A
06623800 1997 03 23     54.00 A
06623800 1997 03 24     47.00 A
06623800 1997 03 25     76.00 A
06623800 1997 03 26     60.00 A
06623800 1997 03 27     36.00 A
06623800 1997 03 28     33.00 A
06623800 1997 03 29     32.00 A
06623800 1997 03 30     32.00 A
06623800 1997 03 31     31.00 A
06623800 1997 04 01     32.00 A
06623800 1997 04 02     31.00 A
06623800 1997 04 03     31.00 A
06623800 1997 04 04     34.00 A
06623800 1997 04 05     34.00 A
06623800 1997 04 06     33.00 A
06623800 1997 04 07     32.00 A
06623800 1997 04 08     29.00 A
06623800 1997 04 09     29.00 A
06623800 1997 04 10     28.00 A
06623800 1997 04 11     29.00 A
06623800 1997 04 12     36.00 A
06623800 1997 04 13     46.00 A
06623800 1997 04 14     41.00 A
06623800 1997 04 15     28.00 A
06623800 1997 04 16     27.00 A
06623800 1997 04 17     31.00 A
06623800 1997 04 18     37.00 A
06623800 1997 04 19     46.00 A
06623800 1997 04 20     55.00 A
06623800 1997 04 21     62.00 A
06623800 1997 04 22     57.00 A
06623800 1997 04 23     49.00 A
06623800 1997 04 24     48.00 A
06623800 1997 04 25     46.00 A
06623800 1997 04 26     51.00 A
06623800 1997 04 27     56.00 A
06623800 1997 04 28     69.00 A
06623800 1997 04 29     70.00 A
06623800 1997 04 30     62.00 A
06623800 1997 05 01     56.00 A
06623800 1997 05 02     51.00 A
06623800 1997 05 03     50.00 A
06623800 1997 05 04     56.00 A
06623800 1997 05 05     75.00 A
06623800 1997 05 06     98.00 A
06623800 1997 05 07     133.00 A
06623800 1997 05 08     151.00 A
06623800 1997 05 09     163.00 A
06623800 1997 05 10     196.00 A
06623800 1997 05 11     222.00 A
06623800 1997 05 12     233.00 A
06623800 1997 05 13     251.00 A
06623800 1997 05 14     267.00 A
06623800 1997 05 15     310.00 A
06623800 1997 05 16     382.00 A
06623800 1997 05 17     439.00 A
06623800 1997 05 18     488.00 A
06623800 1997 05 19     518.00 A
06623800 1997 05 20     490.00 A
06623800 1997 05 21     479.00 A
06623800 1997 05 22     483.00 A
06623800 1997 05 23     490.00 A
06623800 1997 05 24     532.00 A
06623800 1997 05 25     556.00 A
06623800 1997 05 26     463.00 A
06623800 1997 05 27     421.00 A
06623800 1997 05 28     413.00 A
06623800 1997 05 29     461.00 A
06623800 1997 05 30     572.00 A
06623800 1997 05 31     720.00 A
06623800 1997 06 01     1000.00 A
06623800 1997 06 02     1100.00 A
06623800 1997 06 03     1230.00 A
06623800 1997 06 04     1100.00 A
06623800 1997 06 05     1130.00 A
06623800 1997 06 06     1020.00 A
06623800 1997 06 07     1000.00 A
06623800 1997 06 08     1280.00 A
06623800 1997 06 09     1140.00 A
06623800 1997 06 10     1090.00 A
06623800 1997 06 11     1010.00 A
06623800 1997 06 12     931.00 A
06623800 1997 06 13     895.00 A
06623800 1997 06 14     870.00 A
06623800 1997 06 15     822.00 A
06623800 1997 06 16     764.00 A
06623800 1997 06 17     811.00 A
06623800 1997 06 18     913.00 A
06623800 1997 06 19     1070.00 A
06623800 1997 06 20     1090.00 A
06623800 1997 06 21     1090.00 A
06623800 1997 06 22     1020.00 A
06623800 1997 06 23     943.00 A
06623800 1997 06 24     835.00 A
06623800 1997 06 25     711.00 A
06623800 1997 06 26     622.00 A
06623800 1997 06 27     571.00 A
06623800 1997 06 28     534.00 A
06623800 1997 06 29     499.00 A
06623800 1997 06 30     465.00 A
06623800 1997 07 01     430.00 A
06623800 1997 07 02     382.00 A
06623800 1997 07 03     362.00 A
06623800 1997 07 04     334.00 A
06623800 1997 07 05     320.00 A
06623800 1997 07 06     303.00 A
06623800 1997 07 07     285.00 A
06623800 1997 07 08     272.00 A
06623800 1997 07 09     254.00 A
06623800 1997 07 10     239.00 A
06623800 1997 07 11     220.00 A
06623800 1997 07 12     205.00 A
06623800 1997 07 13     229.00 A
06623800 1997 07 14     177.00 A
06623800 1997 07 15     160.00 A
06623800 1997 07 16     150.00 A
06623800 1997 07 17     144.00 A
06623800 1997 07 18     134.00 A
06623800 1997 07 19     150.00 A
06623800 1997 07 20     150.00 A
06623800 1997 07 21     119.00 A
06623800 1997 07 22     109.00 A
06623800 1997 07 23     104.00 A
06623800 1997 07 24     102.00 A
06623800 1997 07 25     96.00 A
06623800 1997 07 26     89.00 A
06623800 1997 07 27     85.00 A
06623800 1997 07 28     93.00 A
06623800 1997 07 29     98.00 A
06623800 1997 07 30     121.00 A
06623800 1997 07 31     136.00 A
06623800 1997 08 01     105.00 A
06623800 1997 08 02     87.00 A
06623800 1997 08 03     77.00 A
06623800 1997 08 04     74.00 A
06623800 1997 08 05     80.00 A
06623800 1997 08 06     79.00 A
06623800 1997 08 07     68.00 A
06623800 1997 08 08     62.00 A
06623800 1997 08 09     68.00 A
06623800 1997 08 10     98.00 A
06623800 1997 08 11     107.00 A
06623800 1997 08 12     116.00 A
06623800 1997 08 13     89.00 A
06623800 1997 08 14     73.00 A
06623800 1997 08 15     64.00 A
06623800 1997 08 16     54.00 A
06623800 1997 08 17     55.00 A
06623800 1997 08 18     55.00 A
06623800 1997 08 19     54.00 A
06623800 1997 08 20     48.00 A
06623800 1997 08 21     46.00 A
06623800 1997 08 22     45.00 A
06623800 1997 08 23     43.00 A
06623800 1997 08 24     41.00 A
06623800 1997 08 25     41.00 A
06623800 1997 08 26     42.00 A
06623800 1997 08 27     49.00 A
06623800 1997 08 28     55.00 A
06623800 1997 08 29     42.00 A
06623800 1997 08 30     40.00 A
06623800 1997 08 31     38.00 A
06623800 1997 09 01     42.00 A
06623800 1997 09 02     40.00 A
06623800 1997 09 03     36.00 A
06623800 1997 09 04     36.00 A
06623800 1997 09 05     37.00 A
06623800 1997 09 06     37.00 A
06623800 1997 09 07     37.00 A
06623800 1997 09 08     42.00 A
06623800 1997 09 09     35.00 A
06623800 1997 09 10     32.00 A
06623800 1997 09 11     35.00 A
06623800 1997 09 12     66.00 A
06623800 1997 09 13     41.00 A
06623800 1997 09 14     36.00 A
06623800 1997 09 15     33.00 A
06623800 1997 09 16     38.00 A
06623800 1997 09 17     34.00 A
06623800 1997 09 18     74.00 A
06623800 1997 09 19     328.00 A
06623800 1997 09 20     276.00 A
06623800 1997 09 21     253.00 A
06623800 1997 09 22     140.00 A
06623800 1997 09 23     136.00 A
06623800 1997 09 24     106.00 A
06623800 1997 09 25     88.00 A
06623800 1997 09 26     92.00 A
06623800 1997 09 27     97.00 A
06623800 1997 09 28     79.00 A
06623800 1997 09 29     72.00 A
06623800 1997 09 30     67.00 A
06623800 1997 10 01     64.00 A
06623800 1997 10 02     63.00 A
06623800 1997 10 03     135.00 A
06623800 1997 10 04     82.00 A
06623800 1997 10 05     68.00 A
06623800 1997 10 06     62.00 A
06623800 1997 10 07     60.00 A
06623800 1997 10 08     76.00 A
06623800 1997 10 09     68.00 A
06623800 1997 10 10     71.00 A
06623800 1997 10 11     77.00 A
06623800 1997 10 12     83.00 A
06623800 1997 10 13     72.00 A
06623800 1997 10 14     76.00 A
06623800 1997 10 15     78.00 A
06623800 1997 10 16     78.00 A
06623800 1997 10 17     79.00 A
06623800 1997 10 18     78.00 A
06623800 1997 10 19     72.00 A
06623800 1997 10 20     69.00 A
06623800 1997 10 21     64.00 A
06623800 1997 10 22     61.00 A
06623800 1997 10 23     60.00 A
06623800 1997 10 24     54.00 A
06623800 1997 10 25     53.00 A
06623800 1997 10 26     72.00 A
06623800 1997 10 27     78.00 A
06623800 1997 10 28     72.00 A
06623800 1997 10 29     67.00 A
06623800 1997 10 30     64.00 A
06623800 1997 10 31     61.00 A
06623800 1997 11 01     57.00 A
06623800 1997 11 02     53.00 A
06623800 1997 11 03     60.00 A
06623800 1997 11 04     57.00 A
06623800 1997 11 05     53.00 A
06623800 1997 11 06     52.00 A
06623800 1997 11 07     53.00 A
06623800 1997 11 08     52.00 A
06623800 1997 11 09     48.00 A
06623800 1997 11 10     48.00 A
06623800 1997 11 11     47.00 A
06623800 1997 11 12     54.00 A
06623800 1997 11 13     51.00 A
06623800 1997 11 14     43.00 A
06623800 1997 11 15     40.00 A
06623800 1997 11 16     38.00 A
06623800 1997 11 17     38.00 A
06623800 1997 11 18     39.00 A
06623800 1997 11 19     40.00 A
06623800 1997 11 20     40.00 A
06623800 1997 11 21     40.00 A
06623800 1997 11 22     38.00 A
06623800 1997 11 23     38.00 A
06623800 1997 11 24     40.00 A
06623800 1997 11 25     40.00 A
06623800 1997 11 26     42.00 A
06623800 1997 11 27     40.00 A
06623800 1997 11 28     38.00 A
06623800 1997 11 29     38.00 A
06623800 1997 11 30     38.00 A
06623800 1997 12 01     40.00 A
06623800 1997 12 02     40.00 A
06623800 1997 12 03     38.00 A
06623800 1997 12 04     38.00 A
06623800 1997 12 05     40.00 A
06623800 1997 12 06     40.00 A
06623800 1997 12 07     42.00 A
06623800 1997 12 08     41.00 A
06623800 1997 12 09     39.00 A
06623800 1997 12 10     38.00 A
06623800 1997 12 11     35.00 A
06623800 1997 12 12     33.00 A
06623800 1997 12 13     32.00 A
06623800 1997 12 14     32.00 A
06623800 1997 12 15     32.00 A
06623800 1997 12 16     33.00 A
06623800 1997 12 17     34.00 A
06623800 1997 12 18     34.00 A
06623800 1997 12 19     32.00 A
06623800 1997 12 20     32.00 A
06623800 1997 12 21     33.00 A
06623800 1997 12 22     33.00 A
06623800 1997 12 23     30.00 A
06623800 1997 12 24     29.00 A
06623800 1997 12 25     29.00 A
06623800 1997 12 26     29.00 A
06623800 1997 12 27     29.00 A
06623800 1997 12 28     28.00 A
06623800 1997 12 29     29.00 A
06623800 1997 12 30     29.00 A
06623800 1997 12 31     29.00 A
06623800 1998 01 01     29.00 A
06623800 1998 01 02     29.00 A
06623800 1998 01 03     29.00 A
06623800 1998 01 04     29.00 A
06623800 1998 01 05     29.00 A
06623800 1998 01 06     29.00 A
06623800 1998 01 07     27.00 A
06623800 1998 01 08     26.00 A
06623800 1998 01 09     26.00 A
06623800 1998 01 10     27.00 A
06623800 1998 01 11     27.00 A
06623800 1998 01 12     27.00 A
06623800 1998 01 13     28.00 A
06623800 1998 01 14     28.00 A
06623800 1998 01 15     29.00 A
06623800 1998 01 16     28.00 A
06623800 1998 01 17     28.00 A
06623800 1998 01 18     29.00 A
06623800 1998 01 19     30.00 A
06623800 1998 01 20     29.00 A
06623800 1998 01 21     28.00 A
06623800 1998 01 22     27.00 A
06623800 1998 01 23     26.00 A
06623800 1998 01 24     26.00 A
06623800 1998 01 25     27.00 A
06623800 1998 01 26     27.00 A
06623800 1998 01 27     28.00 A
06623800 1998 01 28     27.00 A
06623800 1998 01 29     27.00 A
06623800 1998 01 30     27.00 A
06623800 1998 01 31     26.00 A
06623800 1998 02 01     25.00 A
06623800 1998 02 02     25.00 A
06623800 1998 02 03     26.00 A
06623800 1998 02 04     27.00 A
06623800 1998 02 05     28.00 A
06623800 1998 02 06     27.00 A
06623800 1998 02 07     27.00 A
06623800 1998 02 08     27.00 A
06623800 1998 02 09     27.00 A
06623800 1998 02 10     26.00 A
06623800 1998 02 11     28.00 A
06623800 1998 02 12     28.00 A
06623800 1998 02 13     27.00 A
06623800 1998 02 14     27.00 A
06623800 1998 02 15     27.00 A
06623800 1998 02 16     27.00 A
06623800 1998 02 17     26.00 A
06623800 1998 02 18     25.00 A
06623800 1998 02 19     24.00 A
06623800 1998 02 20     24.00 A
06623800 1998 02 21     26.00 A
06623800 1998 02 22     27.00 A
06623800 1998 02 23     26.00 A
06623800 1998 02 24     27.00 A
06623800 1998 02 25     26.00 A
06623800 1998 02 26     25.00 A
06623800 1998 02 27     24.00 A
06623800 1998 02 28     25.00 A
06623800 1998 03 01     26.00 A
06623800 1998 03 02     27.00 A
06623800 1998 03 03     26.00 A
06623800 1998 03 04     26.00 A
06623800 1998 03 05     26.00 A
06623800 1998 03 06     26.00 A
06623800 1998 03 07     25.00 A
06623800 1998 03 08     23.00 A
06623800 1998 03 09     25.00 A
06623800 1998 03 10     26.00 A
06623800 1998 03 11     26.00 A
06623800 1998 03 12     26.00 A
06623800 1998 03 13     27.00 A
06623800 1998 03 14     28.00 A
06623800 1998 03 15     29.00 A
06623800 1998 03 16     28.00 A
06623800 1998 03 17     25.00 A
06623800 1998 03 18     25.00 A
06623800 1998 03 19     24.00 A
06623800 1998 03 20     25.00 A
06623800 1998 03 21     27.00 A
06623800 1998 03 22     28.00 A
06623800 1998 03 23     30.00 A
06623800 1998 03 24     33.00 A
06623800 1998 03 25     34.00 A
06623800 1998 03 26     33.00 A
06623800 1998 03 27     33.00 A
06623800 1998 03 28     34.00 A
06623800 1998 03 29     30.00 A
06623800 1998 03 30     28.00 A
06623800 1998 03 31     29.00 A
06623800 1998 04 01     29.00 A
06623800 1998 04 02     28.00 A
06623800 1998 04 03     27.00 A
06623800 1998 04 04     26.00 A
06623800 1998 04 05     27.00 A
06623800 1998 04 06     24.00 A
06623800 1998 04 07     26.00 A
06623800 1998 04 08     24.00 A
06623800 1998 04 09     24.00 A
06623800 1998 04 10     25.00 A
06623800 1998 04 11     28.00 A
06623800 1998 04 12     34.00 A
06623800 1998 04 13     32.00 A
06623800 1998 04 14     29.00 A
06623800 1998 04 15     28.00 A
06623800 1998 04 16     27.00 A
06623800 1998 04 17     27.00 A
06623800 1998 04 18     26.00 A
06623800 1998 04 19     25.00 A
06623800 1998 04 20     25.00 A
06623800 1998 04 21     26.00 A
06623800 1998 04 22     32.00 A
06623800 1998 04 23     44.00 A
06623800 1998 04 24     58.00 A
06623800 1998 04 25     53.00 A
06623800 1998 04 26     57.00 A
06623800 1998 04 27     55.00 A
06623800 1998 04 28     62.00 A
06623800 1998 04 29     78.00 A
06623800 1998 04 30     93.00 A
06623800 1998 05 01     102.00 A
06623800 1998 05 02     110.00 A
06623800 1998 05 03     126.00 A
06623800 1998 05 04     154.00 A
06623800 1998 05 05     189.00 A
06623800 1998 05 06     193.00 A
06623800 1998 05 07     171.00 A
06623800 1998 05 08     151.00 A
06623800 1998 05 09     147.00 A
06623800 1998 05 10     202.00 A
06623800 1998 05 11     212.00 A
06623800 1998 05 12     186.00 A
06623800 1998 05 13     230.00 A
06623800 1998 05 14     246.00 A
06623800 1998 05 15     224.00 A
06623800 1998 05 16     252.00 A
06623800 1998 05 17     341.00 A
06623800 1998 05 18     430.00 A
06623800 1998 05 19     481.00 A
06623800 1998 05 20     577.00 A
06623800 1998 05 21     667.00 A
06623800 1998 05 22     583.00 A
06623800 1998 05 23     500.00 A
06623800 1998 05 24     471.00 A
06623800 1998 05 25     461.00 A
06623800 1998 05 26     518.00 A
06623800 1998 05 27     585.00 A
06623800 1998 05 28     646.00 A
06623800 1998 05 29     713.00 A
06623800 1998 05 30     760.00 A
06623800 1998 05 31     740.00 A
06623800 1998 06 01     771.00 A
06623800 1998 06 02     830.00 A
06623800 1998 06 03     840.00 A
06623800 1998 06 04     790.00 A
06623800 1998 06 05     589.00 A
06623800 1998 06 06     536.00 A
06623800 1998 06 07     545.00 A
06623800 1998 06 08     556.00 A
06623800 1998 06 09     533.00 A
06623800 1998 06 10     538.00 A
06623800 1998 06 11     506.00 A
06623800 1998 06 12     520.00 A
06623800 1998 06 13     547.00 A
06623800 1998 06 14     780.00 A
06623800 1998 06 15     619.00 A
06623800 1998 06 16     662.00 A
06623800 1998 06 17     667.00 A
06623800 1998 06 18     580.00 A
06623800 1998 06 19     626.00 A
06623800 1998 06 20     607.00 A
06623800 1998 06 21     629.00 A
06623800 1998 06 22     702.00 A
06623800 1998 06 23     686.00 A
06623800 1998 06 24     636.00 A
06623800 1998 06 25     605.00 A
06623800 1998 06 26     650.00 A
06623800 1998 06 27     636.00 A
06623800 1998 06 28     595.00 A
06623800 1998 06 29     581.00 A
06623800 1998 06 30     555.00 A
06623800 1998 07 01     511.00 A
06623800 1998 07 02     478.00 A
06623800 1998 07 03     453.00 A
06623800 1998 07 04     430.00 A
06623800 1998 07 05     401.00 A
06623800 1998 07 06     376.00 A
06623800 1998 07 07     330.00 A
06623800 1998 07 08     315.00 A
06623800 1998 07 09     292.00 A
06623800 1998 07 10     284.00 A
06623800 1998 07 11     262.00 A
06623800 1998 07 12     236.00 A
06623800 1998 07 13     206.00 A
06623800 1998 07 14     190.00 A
06623800 1998 07 15     172.00 A
06623800 1998 07 16     155.00 A
06623800 1998 07 17     144.00 A
06623800 1998 07 18     133.00 A
06623800 1998 07 19     124.00 A
06623800 1998 07 20     115.00 A
06623800 1998 07 21     108.00 A
06623800 1998 07 22     105.00 A
06623800 1998 07 23     134.00 A
06623800 1998 07 24     126.00 A
06623800 1998 07 25     155.00 A
06623800 1998 07 26     165.00 A
06623800 1998 07 27     109.00 A
06623800 1998 07 28     102.00 A
06623800 1998 07 29     107.00 A
06623800 1998 07 30     169.00 A
06623800 1998 07 31     122.00 A
06623800 1998 08 01     111.00 A
06623800 1998 08 02     90.00 A
06623800 1998 08 03     88.00 A
06623800 1998 08 04     97.00 A
06623800 1998 08 05     83.00 A
06623800 1998 08 06     74.00 A
06623800 1998 08 07     69.00 A
06623800 1998 08 08     65.00 A
06623800 1998 08 09     67.00 A
06623800 1998 08 10     62.00 A
06623800 1998 08 11     70.00 A
06623800 1998 08 12     62.00 A
06623800 1998 08 13     57.00 A
06623800 1998 08 14     54.00 A
06623800 1998 08 15     51.00 A
06623800 1998 08 16     50.00 A
06623800 1998 08 17     50.00 A
06623800 1998 08 18     50.00 A
06623800 1998 08 19     53.00 A
06623800 1998 08 20     48.00 A
06623800 1998 08 21     47.00 A
06623800 1998 08 22     55.00 A
06623800 1998 08 23     46.00 A
06623800 1998 08 24     43.00 A
06623800 1998 08 25     39.00 A
06623800 1998 08 26     40.00 A
06623800 1998 08 27     44.00 A
06623800 1998 08 28     38.00 A
06623800 1998 08 29     35.00 A
06623800 1998 08 30     34.00 A
06623800 1998 08 31     32.00 A
06623800 1998 09 01     32.00 A
06623800 1998 09 02     31.00 A
06623800 1998 09 03     30.00 A
06623800 1998 09 04     29.00 A
06623800 1998 09 05     29.00 A
06623800 1998 09 06     28.00 A
06623800 1998 09 07     28.00 A
06623800 1998 09 08     28.00 A
06623800 1998 09 09     28.00 A
06623800 1998 09 10     27.00 A
06623800 1998 09 11     28.00 A
06623800 1998 09 12     54.00 A
06623800 1998 09 13     49.00 A
06623800 1998 09 14     40.00 A
06623800 1998 09 15     31.00 A
06623800 1998 09 16     29.00 A
06623800 1998 09 17     27.00 A
06623800 1998 09 18     27.00 A
06623800 1998 09 19     26.00 A
06623800 1998 09 20     25.00 A
06623800 1998 09 21     26.00 A
06623800 1998 09 22     28.00 A
06623800 1998 09 23     26.00 A
06623800 1998 09 24     28.00 A
06623800 1998 09 25     26.00 A
06623800 1998 09 26     25.00 A
06623800 1998 09 27     24.00 A
06623800 1998 09 28     24.00 A
06623800 1998 09 29     23.00 A
06623800 1998 09 30     23.00 A
06623800 1998 10 01     29.00 A
06623800 1998 10 02     78.00 A
06623800 1998 10 03     57.00 A
06623800 1998 10 04     59.00 A
06623800 1998 10 05     43.00 A
06623800 1998 10 06     41.00 A
06623800 1998 10 07     44.00 A
06623800 1998 10 08     54.00 A
06623800 1998 10 09     51.00 A
06623800 1998 10 10     45.00 A
06623800 1998 10 11     39.00 A
06623800 1998 10 12     34.00 A
06623800 1998 10 13     34.00 A
06623800 1998 10 14     35.00 A
06623800 1998 10 15     35.00 A
06623800 1998 10 16     31.00 A
06623800 1998 10 17     32.00 A
06623800 1998 10 18     33.00 A
06623800 1998 10 19     33.00 A
06623800 1998 10 20     32.00 A
06623800 1998 10 21     31.00 A
06623800 1998 10 22     33.00 A
06623800 1998 10 23     35.00 A
06623800 1998 10 24     35.00 A
06623800 1998 10 25     32.00 A
06623800 1998 10 26     31.00 A
06623800 1998 10 27     31.00 A
06623800 1998 10 28     50.00 A
06623800 1998 10 29     42.00 A
06623800 1998 10 30     43.00 A
06623800 1998 10 31     47.00 A
06623800 1998 11 01     46.00 A
06623800 1998 11 02     44.00 A
06623800 1998 11 03     42.00 A
06623800 1998 11 04     35.00 A
06623800 1998 11 05     34.00 A
06623800 1998 11 06     31.00 A
06623800 1998 11 07     37.00 A
06623800 1998 11 08     36.00 A
06623800 1998 11 09     35.00 A
06623800 1998 11 10     34.00 A
06623800 1998 11 11     32.00 A
06623800 1998 11 12     31.00 A
06623800 1998 11 13     32.00 A
06623800 1998 11 14     33.00 A
06623800 1998 11 15     34.00 A
06623800 1998 11 16     34.00 A
06623800 1998 11 17     33.00 A
06623800 1998 11 18     31.00 A
06623800 1998 11 19     34.00 A
06623800 1998 11 20     31.00 A
06623800 1998 11 21     29.00 A
06623800 1998 11 22     29.00 A
06623800 1998 11 23     30.00 A
06623800 1998 11 24     30.00 A
06623800 1998 11 25     29.00 A
06623800 1998 11 26     31.00 A
06623800 1998 11 27     33.00 A
06623800 1998 11 28     34.00 A
06623800 1998 11 29     34.00 A
06623800 1998 11 30     32.00 A
06623800 1998 12 01     30.00 A
06623800 1998 12 02     29.00 A
06623800 1998 12 03     27.00 A
06623800 1998 12 04     28.00 A
06623800 1998 12 05     26.00 A
06623800 1998 12 06     25.00 A
06623800 1998 12 07     24.00 A
06623800 1998 12 08     25.00 A
06623800 1998 12 09     26.00 A
06623800 1998 12 10     25.00 A
06623800 1998 12 11     24.00 A
06623800 1998 12 12     25.00 A
06623800 1998 12 13     27.00 A
06623800 1998 12 14     29.00 A
06623800 1998 12 15     30.00 A
06623800 1998 12 16     30.00 A
06623800 1998 12 17     29.00 A
06623800 1998 12 18     28.00 A
06623800 1998 12 19     27.00 A
06623800 1998 12 20     27.00 A
06623800 1998 12 21     26.00 A
06623800 1998 12 22     25.00 A
06623800 1998 12 23     24.00 A
06623800 1998 12 24     23.00 A
06623800 1998 12 25     23.00 A
06623800 1998 12 26     23.00 A
06623800 1998 12 27     23.00 A
06623800 1998 12 28     22.00 A
06623800 1998 12 29     23.00 A
06623800 1998 12 30     24.00 A
06623800 1998 12 31     24.00 A
06623800 1999 01 01     24.00 A
06623800 1999 01 02     24.00 A
06623800 1999 01 03     23.00 A
06623800 1999 01 04     24.00 A
06623800 1999 01 05     24.00 A
06623800 1999 01 06     23.00 A
06623800 1999 01 07     24.00 A
06623800 1999 01 08     24.00 A
06623800 1999 01 09     24.00 A
06623800 1999 01 10     24.00 A
06623800 1999 01 11     24.00 A
06623800 1999 01 12     24.00 A
06623800 1999 01 13     24.00 A
06623800 1999 01 14     23.00 A
06623800 1999 01 15     24.00 A
06623800 1999 01 16     23.00 A
06623800 1999 01 17     23.00 A
06623800 1999 01 18     23.00 A
06623800 1999 01 19     24.00 A
06623800 1999 01 20     25.00 A
06623800 1999 01 21     24.00 A
06623800 1999 01 22     24.00 A
06623800 1999 01 23     24.00 A
06623800 1999 01 24     25.00 A
06623800 1999 01 25     25.00 A
06623800 1999 01 26     25.00 A
06623800 1999 01 27     25.00 A
06623800 1999 01 28     24.00 A
06623800 1999 01 29     24.00 A
06623800 1999 01 30     26.00 A
06623800 1999 01 31     27.00 A
06623800 1999 02 01     27.00 A
06623800 1999 02 02     26.00 A
06623800 1999 02 03     25.00 A
06623800 1999 02 04     25.00 A
06623800 1999 02 05     25.00 A
06623800 1999 02 06     25.00 A
06623800 1999 02 07     25.00 A
06623800 1999 02 08     25.00 A
06623800 1999 02 09     25.00 A
06623800 1999 02 10     24.00 A
06623800 1999 02 11     23.00 A
06623800 1999 02 12     24.00 A
06623800 1999 02 13     25.00 A
06623800 1999 02 14     24.00 A
06623800 1999 02 15     25.00 A
06623800 1999 02 16     24.00 A
06623800 1999 02 17     24.00 A
06623800 1999 02 18     24.00 A
06623800 1999 02 19     24.00 A
06623800 1999 02 20     24.00 A
06623800 1999 02 21     23.00 A
06623800 1999 02 22     24.00 A
06623800 1999 02 23     24.00 A
06623800 1999 02 24     24.00 A
06623800 1999 02 25     24.00 A
06623800 1999 02 26     24.00 A
06623800 1999 02 27     24.00 A
06623800 1999 02 28     24.00 A
06623800 1999 03 01     24.00 A
06623800 1999 03 02     23.00 A
06623800 1999 03 03     23.00 A
06623800 1999 03 04     23.00 A
06623800 1999 03 05     22.00 A
06623800 1999 03 06     21.00 A
06623800 1999 03 07     23.00 A
06623800 1999 03 08     23.00 A
06623800 1999 03 09     22.00 A
06623800 1999 03 10     22.00 A
06623800 1999 03 11     21.00 A
06623800 1999 03 12     23.00 A
06623800 1999 03 13     21.00 A
06623800 1999 03 14     22.00 A
06623800 1999 03 15     23.00 A
06623800 1999 03 16     23.00 A
06623800 1999 03 17     23.00 A
06623800 1999 03 18     24.00 A
06623800 1999 03 19     26.00 A
06623800 1999 03 20     28.00 A
06623800 1999 03 21     29.00 A
06623800 1999 03 22     29.00 A
06623800 1999 03 23     28.00 A
06623800 1999 03 24     28.00 A
06623800 1999 03 25     31.00 A
06623800 1999 03 26     32.00 A
06623800 1999 03 27     32.00 A
06623800 1999 03 28     31.00 A
06623800 1999 03 29     31.00 A
06623800 1999 03 30     32.00 A
06623800 1999 03 31     33.00 A
06623800 1999 04 01     33.00 A
06623800 1999 04 02     33.00 A
06623800 1999 04 03     30.00 A
06623800 1999 04 04     29.00 A
06623800 1999 04 05     28.00 A
06623800 1999 04 06     29.00 A
06623800 1999 04 07     29.00 A
06623800 1999 04 08     34.00 A
06623800 1999 04 09     32.00 A
06623800 1999 04 10     29.00 A
06623800 1999 04 11     29.00 A
06623800 1999 04 12     31.00 A
06623800 1999 04 13     35.00 A
06623800 1999 04 14     39.00 A
06623800 1999 04 15     37.00 A
06623800 1999 04 16     33.00 A
06623800 1999 04 17     32.00 A
06623800 1999 04 18     33.00 A
06623800 1999 04 19     36.00 A
06623800 1999 04 20     52.00 A
06623800 1999 04 21     60.00 A
06623800 1999 04 22     58.00 A
06623800 1999 04 23     49.00 A
06623800 1999 04 24     49.00 A
06623800 1999 04 25     53.00 A
06623800 1999 04 26     53.00 A
06623800 1999 04 27     51.00 A
06623800 1999 04 28     61.00 A
06623800 1999 04 29     81.00 A
06623800 1999 04 30     108.00 A
06623800 1999 05 01     107.00 A
06623800 1999 05 02     98.00 A
06623800 1999 05 03     99.00 A
06623800 1999 05 04     94.00 A
06623800 1999 05 05     81.00 A
06623800 1999 05 06     73.00 A
06623800 1999 05 07     78.00 A
06623800 1999 05 08     111.00 A
06623800 1999 05 09     174.00 A
06623800 1999 05 10     188.00 A
06623800 1999 05 11     138.00 A
06623800 1999 05 12     121.00 A
06623800 1999 05 13     122.00 A
06623800 1999 05 14     124.00 A
06623800 1999 05 15     134.00 A
06623800 1999 05 16     147.00 A
06623800 1999 05 17     132.00 A
06623800 1999 05 18     170.00 A
06623800 1999 05 19     242.00 A
06623800 1999 05 20     292.00 A
06623800 1999 05 21     335.00 A
06623800 1999 05 22     398.00 A
06623800 1999 05 23     528.00 A
06623800 1999 05 24     565.00 A
06623800 1999 05 25     598.00 A
06623800 1999 05 26     633.00 A
06623800 1999 05 27     627.00 A
06623800 1999 05 28     692.00 A
06623800 1999 05 29     782.00 A
06623800 1999 05 30     947.00 A
06623800 1999 05 31     973.00 A
06623800 1999 06 01     806.00 A
06623800 1999 06 02     804.00 A
06623800 1999 06 03     938.00 A
06623800 1999 06 04     909.00 A
06623800 1999 06 05     827.00 A
06623800 1999 06 06     754.00 A
06623800 1999 06 07     720.00 A
06623800 1999 06 08     840.00 A
06623800 1999 06 09     909.00 A
06623800 1999 06 10     874.00 A
06623800 1999 06 11     849.00 A
06623800 1999 06 12     858.00 A
06623800 1999 06 13     864.00 A
06623800 1999 06 14     877.00 A
06623800 1999 06 15     950.00 A
06623800 1999 06 16     906.00 A
06623800 1999 06 17     1070.00 A
06623800 1999 06 18     1050.00 A
06623800 1999 06 19     1080.00 A
06623800 1999 06 20     1050.00 A
06623800 1999 06 21     1050.00 A
06623800 1999 06 22     1050.00 A
06623800 1999 06 23     1030.00 A
06623800 1999 06 24     961.00 A
06623800 1999 06 25     946.00 A
06623800 1999 06 26     905.00 A
06623800 1999 06 27     807.00 A
06623800 1999 06 28     688.00 A
06623800 1999 06 29     602.00 A
06623800 1999 06 30     534.00 A
06623800 1999 07 01     513.00 A
06623800 1999 07 02     530.00 A
06623800 1999 07 03     509.00 A
06623800 1999 07 04     480.00 A
06623800 1999 07 05     436.00 A
06623800 1999 07 06     392.00 A
06623800 1999 07 07     358.00 A
06623800 1999 07 08     348.00 A
06623800 1999 07 09     302.00 A
06623800 1999 07 10     257.00 A
06623800 1999 07 11     227.00 A
06623800 1999 07 12     204.00 A
06623800 1999 07 13     185.00 A
06623800 1999 07 14     178.00 A
06623800 1999 07 15     230.00 A
06623800 1999 07 16     172.00 A
06623800 1999 07 17     157.00 A
06623800 1999 07 18     143.00 A
06623800 1999 07 19     136.00 A
06623800 1999 07 20     130.00 A
06623800 1999 07 21     117.00 A
06623800 1999 07 22     122.00 A
06623800 1999 07 23     108.00 A
06623800 1999 07 24     100.00 A
06623800 1999 07 25     95.00 A
06623800 1999 07 26     90.00 A
06623800 1999 07 27     87.00 A
06623800 1999 07 28     103.00 A
06623800 1999 07 29     103.00 A
06623800 1999 07 30     119.00 A
06623800 1999 07 31     116.00 A
06623800 1999 08 01     97.00 A
06623800 1999 08 02     81.00 A
06623800 1999 08 03     73.00 A
06623800 1999 08 04     71.00 A
06623800 1999 08 05     75.00 A
06623800 1999 08 06     73.00 A
06623800 1999 08 07     72.00 A
06623800 1999 08 08     69.00 A
06623800 1999 08 09     62.00 A
06623800 1999 08 10     62.00 A
06623800 1999 08 11     61.00 A
06623800 1999 08 12     62.00 A
06623800 1999 08 13     59.00 A
06623800 1999 08 14     54.00 A
06623800 1999 08 15     52.00 A
06623800 1999 08 16     60.00 A
06623800 1999 08 17     54.00 A
06623800 1999 08 18     52.00 A
06623800 1999 08 19     49.00 A
06623800 1999 08 20     55.00 A
06623800 1999 08 21     58.00 A
06623800 1999 08 22     65.00 A
06623800 1999 08 23     51.00 A
06623800 1999 08 24     47.00 A
06623800 1999 08 25     45.00 A
06623800 1999 08 26     43.00 A
06623800 1999 08 27     45.00 A
06623800 1999 08 28     55.00 A
06623800 1999 08 29     62.00 A
06623800 1999 08 30     47.00 A
06623800 1999 08 31     41.00 A
06623800 1999 09 01     41.00 A
06623800 1999 09 02     64.00 A
06623800 1999 09 03     71.00 A
06623800 1999 09 04     57.00 A
06623800 1999 09 05     46.00 A
06623800 1999 09 06     40.00 A
06623800 1999 09 07     36.00 A
06623800 1999 09 08     34.00 A
06623800 1999 09 09     33.00 A
06623800 1999 09 10     32.00 A
06623800 1999 09 11     32.00 A
06623800 1999 09 12     32.00 A
06623800 1999 09 13     30.00 A
06623800 1999 09 14     29.00 A
06623800 1999 09 15     28.00 A
06623800 1999 09 16     28.00 A
06623800 1999 09 17     28.00 A
06623800 1999 09 18     28.00 A
06623800 1999 09 19     43.00 A
06623800 1999 09 20     60.00 A
06623800 1999 09 21     47.00 A
06623800 1999 09 22     38.00 A
06623800 1999 09 23     33.00 A
06623800 1999 09 24     31.00 A
06623800 1999 09 25     31.00 A
06623800 1999 09 26     28.00 A
06623800 1999 09 27     27.00 A
06623800 1999 09 28     28.00 A
06623800 1999 09 29     33.00 A
06623800 1999 09 30     36.00 A
06623800 1999 10 01     36.00 A
06623800 1999 10 02     32.00 A
06623800 1999 10 03     30.00 A
06623800 1999 10 04     29.00 A
06623800 1999 10 05     29.00 A
06623800 1999 10 06     29.00 A
06623800 1999 10 07     42.00 A
06623800 1999 10 08     37.00 A
06623800 1999 10 09     31.00 A
06623800 1999 10 10     28.00 A
06623800 1999 10 11     27.00 A
06623800 1999 10 12     27.00 A
06623800 1999 10 13     25.00 A
06623800 1999 10 14     25.00 A
06623800 1999 10 15     26.00 A
06623800 1999 10 16     24.00 A
06623800 1999 10 17     24.00 A
06623800 1999 10 18     25.00 A
06623800 1999 10 19     27.00 A
06623800 1999 10 20     28.00 A
06623800 1999 10 21     28.00 A
06623800 1999 10 22     27.00 A
06623800 1999 10 23     27.00 A
06623800 1999 10 24     27.00 A
06623800 1999 10 25     26.00 A
06623800 1999 10 26     25.00 A
06623800 1999 10 27     25.00 A
06623800 1999 10 28     24.00 A
06623800 1999 10 29     24.00 A
06623800 1999 10 30     25.00 A
06623800 1999 10 31     25.00 A
06623800 1999 11 01     25.00 A
06623800 1999 11 02     23.00 A
06623800 1999 11 03     22.00 A
06623800 1999 11 04     22.00 A
06623800 1999 11 05     23.00 A
06623800 1999 11 06     23.00 A
06623800 1999 11 07     22.00 A
06623800 1999 11 08     20.00 A
06623800 1999 11 09     19.00 A
06623800 1999 11 10     17.00 A
06623800 1999 11 11     16.00 A
06623800 1999 11 12     15.00 A
06623800 1999 11 13     15.00 A
06623800 1999 11 14     14.00 A
06623800 1999 11 15     14.00 A
06623800 1999 11 16     14.00 A
06623800 1999 11 17     15.00 A
06623800 1999 11 18     16.00 A
06623800 1999 11 19     15.00 A
06623800 1999 11 20     14.00 A
06623800 1999 11 21     14.00 A
06623800 1999 11 22     13.00 A
06623800 1999 11 23     14.00 A
06623800 1999 11 24     15.00 A
06623800 1999 11 25     16.00 A
06623800 1999 11 26     17.00 A
06623800 1999 11 27     18.00 A
06623800 1999 11 28     19.00 A
06623800 1999 11 29     20.00 A
06623800 1999 11 30     22.00 A
06623800 1999 12 01     23.00 A
06623800 1999 12 02     23.00 A
06623800 1999 12 03     22.00 A
06623800 1999 12 04     22.00 A
06623800 1999 12 05     22.00 A
06623800 1999 12 06     23.00 A
06623800 1999 12 07     24.00 A
06623800 1999 12 08     24.00 A
06623800 1999 12 09     23.00 A
06623800 1999 12 10     23.00 A
06623800 1999 12 11     23.00 A
06623800 1999 12 12     24.00 A
06623800 1999 12 13     23.00 A
06623800 1999 12 14     23.00 A
06623800 1999 12 15     23.00 A
06623800 1999 12 16     23.00 A
06623800 1999 12 17     23.00 A
06623800 1999 12 18     24.00 A
06623800 1999 12 19     23.00 A
06623800 1999 12 20     23.00 A
06623800 1999 12 21     23.00 A
06623800 1999 12 22     24.00 A
06623800 1999 12 23     24.00 A
06623800 1999 12 24     24.00 A
06623800 1999 12 25     25.00 A
06623800 1999 12 26     26.00 A
06623800 1999 12 27     26.00 A
06623800 1999 12 28     26.00 A
06623800 1999 12 29     26.00 A
06623800 1999 12 30     26.00 A
06623800 1999 12 31     25.00 A
06623800 2000 01 01     25.00 A
06623800 2000 01 02     24.00 A
06623800 2000 01 03     24.00 A
06623800 2000 01 04     24.00 A
06623800 2000 01 05     24.00 A
06623800 2000 01 06     24.00 A
06623800 2000 01 07     24.00 A
06623800 2000 01 08     24.00 A
06623800 2000 01 09     23.00 A
06623800 2000 01 10     23.00 A
06623800 2000 01 11     24.00 A
06623800 2000 01 12     24.00 A
06623800 2000 01 13     24.00 A
06623800 2000 01 14     24.00 A
06623800 2000 01 15     24.00 A
06623800 2000 01 16     24.00 A
06623800 2000 01 17     24.00 A
06623800 2000 01 18     24.00 A
06623800 2000 01 19     25.00 A
06623800 2000 01 20     25.00 A
06623800 2000 01 21     25.00 A
06623800 2000 01 22     25.00 A
06623800 2000 01 23     23.00 A
06623800 2000 01 24     23.00 A
06623800 2000 01 25     24.00 A
06623800 2000 01 26     24.00 A
06623800 2000 01 27     23.00 A
06623800 2000 01 28     23.00 A
06623800 2000 01 29     22.00 A
06623800 2000 01 30     22.00 A
06623800 2000 01 31     22.00 A
06623800 2000 02 01     22.00 A
06623800 2000 02 02     23.00 A
06623800 2000 02 03     24.00 A
06623800 2000 02 04     23.00 A
06623800 2000 02 05     22.00 A
06623800 2000 02 06     23.00 A
06623800 2000 02 07     23.00 A
06623800 2000 02 08     24.00 A
06623800 2000 02 09     24.00 A
06623800 2000 02 10     24.00 A
06623800 2000 02 11     24.00 A
06623800 2000 02 12     24.00 A
06623800 2000 02 13     22.00 A
06623800 2000 02 14     21.00 A
06623800 2000 02 15     20.00 A
06623800 2000 02 16     22.00 A
06623800 2000 02 17     22.00 A
06623800 2000 02 18     22.00 A
06623800 2000 02 19     22.00 A
06623800 2000 02 20     21.00 A
06623800 2000 02 21     25.00 A
06623800 2000 02 22     25.00 A
06623800 2000 02 23     24.00 A
06623800 2000 02 24     23.00 A
06623800 2000 02 25     23.00 A
06623800 2000 02 26     22.00 A
06623800 2000 02 27     24.00 A
06623800 2000 02 28     23.00 A
06623800 2000 02 29     23.00 A
06623800 2000 03 01     21.00 A
06623800 2000 03 02     22.00 A
06623800 2000 03 03     21.00 A
06623800 2000 03 04     22.00 A
06623800 2000 03 05     22.00 A
06623800 2000 03 06     21.00 A
06623800 2000 03 07     21.00 A
06623800 2000 03 08     20.00 A
06623800 2000 03 09     20.00 A
06623800 2000 03 10     19.00 A
06623800 2000 03 11     20.00 A
06623800 2000 03 12     20.00 A
06623800 2000 03 13     19.00 A
06623800 2000 03 14     18.00 A
06623800 2000 03 15     18.00 A
06623800 2000 03 16     19.00 A
06623800 2000 03 17     19.00 A
06623800 2000 03 18     18.00 A
06623800 2000 03 19     18.00 A
06623800 2000 03 20     18.00 A
06623800 2000 03 21     18.00 A
06623800 2000 03 22     18.00 A
06623800 2000 03 23     19.00 A
06623800 2000 03 24     18.00 A
06623800 2000 03 25     19.00 A
06623800 2000 03 26     19.00 A
06623800 2000 03 27     20.00 A
06623800 2000 03 28     18.00 A
06623800 2000 03 29     18.00 A
06623800 2000 03 30     17.00 A
06623800 2000 03 31     17.00 A
06623800 2000 04 01     18.00 A
06623800 2000 04 02     18.00 A
06623800 2000 04 03     17.00 A
06623800 2000 04 04     17.00 A
06623800 2000 04 05     21.00 A
06623800 2000 04 06     22.00 A
06623800 2000 04 07     24.00 A
06623800 2000 04 08     28.00 A
06623800 2000 04 09     29.00 A
06623800 2000 04 10     30.00 A
06623800 2000 04 11     32.00 A
06623800 2000 04 12     37.00 A
06623800 2000 04 13     43.00 A
06623800 2000 04 14     52.00 A
06623800 2000 04 15     56.00 A
06623800 2000 04 16     52.00 A
06623800 2000 04 17     54.00 A
06623800 2000 04 18     62.00 A
06623800 2000 04 19     60.00 A
06623800 2000 04 20     56.00 A
06623800 2000 04 21     59.00 A
06623800 2000 04 22     65.00 A
06623800 2000 04 23     66.00 A
06623800 2000 04 24     71.00 A
06623800 2000 04 25     64.00 A
06623800 2000 04 26     71.00 A
06623800 2000 04 27     98.00 A
06623800 2000 04 28     139.00 A
06623800 2000 04 29     166.00 A
06623800 2000 04 30     154.00 A
06623800 2000 05 01     150.00 A
06623800 2000 05 02     226.00 A
06623800 2000 05 03     287.00 A
06623800 2000 05 04     348.00 A
06623800 2000 05 05     422.00 A
06623800 2000 05 06     441.00 A
06623800 2000 05 07     409.00 A
06623800 2000 05 08     338.00 A
06623800 2000 05 09     278.00 A
06623800 2000 05 10     341.00 A
06623800 2000 05 11     327.00 A
06623800 2000 05 12     261.00 A
06623800 2000 05 13     239.00 A
06623800 2000 05 14     244.00 A
06623800 2000 05 15     277.00 A
06623800 2000 05 16     348.00 A
06623800 2000 05 17     360.00 A
06623800 2000 05 18     307.00 A
06623800 2000 05 19     291.00 A
06623800 2000 05 20     326.00 A
06623800 2000 05 21     382.00 A
06623800 2000 05 22     468.00 A
06623800 2000 05 23     650.00 A
06623800 2000 05 24     789.00 A
06623800 2000 05 25     754.00 A
06623800 2000 05 26     855.00 A
06623800 2000 05 27     716.00 A
06623800 2000 05 28     804.00 A
06623800 2000 05 29     1010.00 A
06623800 2000 05 30     1000.00 A
06623800 2000 05 31     958.00 A
06623800 2000 06 01     850.00 A
06623800 2000 06 02     719.00 A
06623800 2000 06 03     696.00 A
06623800 2000 06 04     659.00 A
06623800 2000 06 05     640.00 A
06623800 2000 06 06     614.00 A
06623800 2000 06 07     586.00 A
06623800 2000 06 08     560.00 A
06623800 2000 06 09     530.00 A
06623800 2000 06 10     460.00 A
06623800 2000 06 11     390.00 A
06623800 2000 06 12     330.00 A
06623800 2000 06 13     320.00 A
06623800 2000 06 14     300.00 A
06623800 2000 06 15     290.00 A
06623800 2000 06 16     270.00 A
06623800 2000 06 17     250.00 A
06623800 2000 06 18     220.00 A
06623800 2000 06 19     250.00 A
06623800 2000 06 20     350.00 A
06623800 2000 06 21     270.00 A
06623800 2000 06 22     230.00 A
06623800 2000 06 23     200.00 A
06623800 2000 06 24     170.00 A
06623800 2000 06 25     140.00 A
06623800 2000 06 26     130.00 A
06623800 2000 06 27     120.00 A
06623800 2000 06 28     130.00 A
06623800 2000 06 29     110.00 A
06623800 2000 06 30     100.00 A
06623800 2000 07 01     94.00 A
06623800 2000 07 02     88.00 A
06623800 2000 07 03     80.00 A
06623800 2000 07 04     66.00 A
06623800 2000 07 05     60.00 A
06623800 2000 07 06     58.00 A
06623800 2000 07 07     58.00 A
06623800 2000 07 08     66.00 A
06623800 2000 07 09     78.00 A
06623800 2000 07 10     76.00 A
06623800 2000 07 11     66.00 A
06623800 2000 07 12     59.00 A
06623800 2000 07 13     57.00 A
06623800 2000 07 14     56.00 A
06623800 2000 07 15     57.00 A
06623800 2000 07 16     55.00 A
06623800 2000 07 17     54.00 A
06623800 2000 07 18     59.00 A
06623800 2000 07 19     49.00 A
06623800 2000 07 20     46.00 A
06623800 2000 07 21     43.00 A
06623800 2000 07 22     41.00 A
06623800 2000 07 23     40.00 A
06623800 2000 07 24     38.00 A
06623800 2000 07 25     36.00 A
06623800 2000 07 26     36.00 A
06623800 2000 07 27     39.00 A
06623800 2000 07 28     36.00 A
06623800 2000 07 29     34.00 A
06623800 2000 07 30     32.00 A
06623800 2000 07 31     30.00 A
06623800 2000 08 01     29.00 A
06623800 2000 08 02     29.00 A
06623800 2000 08 03     28.00 A
06623800 2000 08 04     27.00 A
06623800 2000 08 05     27.00 A
06623800 2000 08 06     26.00 A
06623800 2000 08 07     24.00 A
06623800 2000 08 08     24.00 A
06623800 2000 08 09     23.00 A
06623800 2000 08 10     23.00 A
06623800 2000 08 11     26.00 A
06623800 2000 08 12     23.00 A
06623800 2000 08 13     23.00 A
06623800 2000 08 14     25.00 A
06623800 2000 08 15     24.00 A
06623800 2000 08 16     23.00 A
06623800 2000 08 17     23.00 A
06623800 2000 08 18     23.00 A
06623800 2000 08 19     24.00 A
06623800 2000 08 20     21.00 A
06623800 2000 08 21     20.00 A
06623800 2000 08 22     25.00 A
06623800 2000 08 23     33.00 A
06623800 2000 08 24     23.00 A
06623800 2000 08 25     24.00 A
06623800 2000 08 26     37.00 A
06623800 2000 08 27     38.00 A
06623800 2000 08 28     28.00 A
06623800 2000 08 29     27.00 A
06623800 2000 08 30     30.00 A
06623800 2000 08 31     27.00 A
06623800 2000 09 01     26.00 A
06623800 2000 09 02     23.00 A
06623800 2000 09 03     20.00 A
06623800 2000 09 04     19.00 A
06623800 2000 09 05     18.00 A
06623800 2000 09 06     19.00 A
06623800 2000 09 07     18.00 A
06623800 2000 09 08     20.00 A
06623800 2000 09 09     25.00 A
06623800 2000 09 10     19.00 A
06623800 2000 09 11     17.00 A
06623800 2000 09 12     17.00 A
06623800 2000 09 13     16.00 A
06623800 2000 09 14     16.00 A
06623800 2000 09 15     16.00 A
06623800 2000 09 16     15.00 A
06623800 2000 09 17     15.00 A
06623800 2000 09 18     16.00 A
06623800 2000 09 19     16.00 A
06623800 2000 09 20     21.00 A
06623800 2000 09 21     45.00 A
06623800 2000 09 22     104.00 A
06623800 2000 09 23     65.00 A
06623800 2000 09 24     48.00 A
06623800 2000 09 25     36.00 A
06623800 2000 09 26     37.00 A
06623800 2000 09 27     32.00 A
06623800 2000 09 28     28.00 A
06623800 2000 09 29     28.00 A
06623800 2000 09 30     32.00 A
06623800 2000 10 01     26.00 A
06623800 2000 10 02     23.00 A
06623800 2000 10 03     22.00 A
06623800 2000 10 04     21.00 A
06623800 2000 10 05     20.00 A
06623800 2000 10 06     19.00 A
06623800 2000 10 07     19.00 A
06623800 2000 10 08     19.00 A
06623800 2000 10 09     20.00 A
06623800 2000 10 10     20.00 A
06623800 2000 10 11     20.00 A
06623800 2000 10 12     20.00 A
06623800 2000 10 13     20.00 A
06623800 2000 10 14     21.00 A
06623800 2000 10 15     21.00 A
06623800 2000 10 16     22.00 A
06623800 2000 10 17     21.00 A
06623800 2000 10 18     21.00 A
06623800 2000 10 19     20.00 A
06623800 2000 10 20     20.00 A
06623800 2000 10 21     19.00 A
06623800 2000 10 22     19.00 A
06623800 2000 10 23     19.00 A
06623800 2000 10 24     20.00 A
06623800 2000 10 25     21.00 A
06623800 2000 10 26     21.00 A
06623800 2000 10 27     20.00 A
06623800 2000 10 28     20.00 A
06623800 2000 10 29     20.00 A
06623800 2000 10 30     20.00 A
06623800 2000 10 31     20.00 A
06623800 2000 11 01     18.00 A
06623800 2000 11 02     17.70 A
06623800 2000 11 03     16.20 A
06623800 2000 11 04     18.20 A
06623800 2000 11 05     24.40 A
06623800 2000 11 06     21.60 A
06623800 2000 11 07     16.40 A
06623800 2000 11 08     17.60 A
06623800 2000 11 09     21.30 A
06623800 2000 11 10     20.70 A
06623800 2000 11 11     17.20 A
06623800 2000 11 12     16.10 A
06623800 2000 11 13     18.70 A
06623800 2000 11 14     18.90 A
06623800 2000 11 15     19.70 A
06623800 2000 11 16     19.00 A
06623800 2000 11 17     17.20 A
06623800 2000 11 18     18.40 A
06623800 2000 11 19     18.50 A
06623800 2000 11 20     18.90 A
06623800 2000 11 21     19.00 A
06623800 2000 11 22     19.10 A
06623800 2000 11 23     18.50 A
06623800 2000 11 24     19.60 A
06623800 2000 11 25     19.30 A
06623800 2000 11 26     19.80 A
06623800 2000 11 27     19.20 A
06623800 2000 11 28     19.80 A
06623800 2000 11 29     19.30 A
06623800 2000 11 30     19.40 A
06623800 2000 12 01     20.10 A
06623800 2000 12 02     20.10 A
06623800 2000 12 03     19.60 A
06623800 2000 12 04     18.90 A
06623800 2000 12 05     17.90 A
06623800 2000 12 06     17.60 A
06623800 2000 12 07     19.30 A
06623800 2000 12 08     19.60 A
06623800 2000 12 09     20.70 A
06623800 2000 12 10     20.00 A
06623800 2000 12 11     18.40 A
06623800 2000 12 12     16.90 A
06623800 2000 12 13     17.30 A
06623800 2000 12 14     18.30 A
06623800 2000 12 15     18.30 A
06623800 2000 12 16     17.60 A
06623800 2000 12 17     17.40 A
06623800 2000 12 18     17.70 A
06623800 2000 12 19     18.70 A
06623800 2000 12 20     19.40 A
06623800 2000 12 21     19.30 A
06623800 2000 12 22     20.30 A
06623800 2000 12 23     20.00 A
06623800 2000 12 24     18.30 A
06623800 2000 12 25     18.00 A
06623800 2000 12 26     17.40 A
06623800 2000 12 27     17.60 A
06623800 2000 12 28     18.20 A
06623800 2000 12 29     17.80 A
06623800 2000 12 30     17.50 A
06623800 2000 12 31     17.30 A
06623800 2001 01 01     17.40 A
06623800 2001 01 02     18.30 A
06623800 2001 01 03     18.30 A
06623800 2001 01 04     18.20 A
06623800 2001 01 05     17.40 A
06623800 2001 01 06     17.40 A
06623800 2001 01 07     18.30 A
06623800 2001 01 08     18.30 A
06623800 2001 01 09     19.10 A
06623800 2001 01 10     18.50 A
06623800 2001 01 11     17.90 A
06623800 2001 01 12     17.10 A
06623800 2001 01 13     17.50 A
06623800 2001 01 14     17.40 A
06623800 2001 01 15     16.90 A
06623800 2001 01 16     15.40 A
06623800 2001 01 17     16.00 A
06623800 2001 01 18     16.40 A
06623800 2001 01 19     16.00 A
06623800 2001 01 20     16.00 A
06623800 2001 01 21     17.00 A
06623800 2001 01 22     17.00 A
06623800 2001 01 23     17.00 A
06623800 2001 01 24     16.00 A
06623800 2001 01 25     16.00 A
06623800 2001 01 26     16.00 A
06623800 2001 01 27     16.00 A
06623800 2001 01 28     16.00 A
06623800 2001 01 29     16.00 A
06623800 2001 01 30     15.00 A
06623800 2001 01 31     15.00 A
06623800 2001 02 01     15.00 A
06623800 2001 02 02     15.00 A
06623800 2001 02 03     15.00 A
06623800 2001 02 04     15.00 A
06623800 2001 02 05     16.00 A
06623800 2001 02 06     16.00 A
06623800 2001 02 07     16.00 A
06623800 2001 02 08     15.00 A
06623800 2001 02 09     14.40 A
06623800 2001 02 10     15.10 A
06623800 2001 02 11     16.30 A
06623800 2001 02 12     17.00 A
06623800 2001 02 13     17.00 A
06623800 2001 02 14     17.00 A
06623800 2001 02 15     16.00 A
06623800 2001 02 16     15.00 A
06623800 2001 02 17     15.00 A
06623800 2001 02 18     16.00 A
06623800 2001 02 19     16.00 A
06623800 2001 02 20     17.00 A
06623800 2001 02 21     17.00 A
06623800 2001 02 22     17.00 A
06623800 2001 02 23     16.00 A
06623800 2001 02 24     16.00 A
06623800 2001 02 25     16.00 A
06623800 2001 02 26     16.00 A
06623800 2001 02 27     15.00 A
06623800 2001 02 28     15.00 A
06623800 2001 03 01     16.00 A
06623800 2001 03 02     16.00 A
06623800 2001 03 03     16.00 A
06623800 2001 03 04     15.00 A
06623800 2001 03 05     16.00 A
06623800 2001 03 06     17.30 A
06623800 2001 03 07     18.20 A
06623800 2001 03 08     19.20 A
06623800 2001 03 09     19.20 A
06623800 2001 03 10     17.00 A
06623800 2001 03 11     16.80 A
06623800 2001 03 12     16.90 A
06623800 2001 03 13     17.80 A
06623800 2001 03 14     16.60 A
06623800 2001 03 15     15.50 A
06623800 2001 03 16     16.00 A
06623800 2001 03 17     16.40 A
06623800 2001 03 18     18.00 A
06623800 2001 03 19     19.00 A
06623800 2001 03 20     20.00 A
06623800 2001 03 21     23.00 A
06623800 2001 03 22     24.90 A
06623800 2001 03 23     26.30 A
06623800 2001 03 24     25.00 A
06623800 2001 03 25     20.00 A
06623800 2001 03 26     21.00 A
06623800 2001 03 27     19.20 A
06623800 2001 03 28     18.80 A
06623800 2001 03 29     19.00 A
06623800 2001 03 30     18.00 A
06623800 2001 03 31     17.00 A
06623800 2001 04 01     18.00 A
06623800 2001 04 02     18.00 A
06623800 2001 04 03     18.20 A
06623800 2001 04 04     23.00 A
06623800 2001 04 05     25.00 A
06623800 2001 04 06     29.00 A
06623800 2001 04 07     26.00 A
06623800 2001 04 08     24.00 A
06623800 2001 04 09     20.40 A
06623800 2001 04 10     19.60 A
06623800 2001 04 11     19.20 A
06623800 2001 04 12     18.20 A
06623800 2001 04 13     19.10 A
06623800 2001 04 14     19.00 A
06623800 2001 04 15     18.00 A
06623800 2001 04 16     23.00 A
06623800 2001 04 17     29.00 A
06623800 2001 04 18     36.00 A
06623800 2001 04 19     50.00 A
06623800 2001 04 20     63.00 A
06623800 2001 04 21     53.00 A
06623800 2001 04 22     36.00 A
06623800 2001 04 23     34.00 A
06623800 2001 04 24     32.00 A
06623800 2001 04 25     37.00 A
06623800 2001 04 26     51.00 A
06623800 2001 04 27     74.00 A
06623800 2001 04 28     102.00 A
06623800 2001 04 29     127.00 A
06623800 2001 04 30     123.00 A
06623800 2001 05 01     170.00 A
06623800 2001 05 02     165.00 A
06623800 2001 05 03     103.00 A
06623800 2001 05 04     91.00 A
06623800 2001 05 05     89.00 A
06623800 2001 05 06     94.00 A
06623800 2001 05 07     110.00 A
06623800 2001 05 08     145.00 A
06623800 2001 05 09     189.00 A
06623800 2001 05 10     261.00 A
06623800 2001 05 11     315.00 A
06623800 2001 05 12     348.00 A
06623800 2001 05 13     399.00 A
06623800 2001 05 14     451.00 A
06623800 2001 05 15     539.00 A
06623800 2001 05 16     655.00 A
06623800 2001 05 17     583.00 A
06623800 2001 05 18     529.00 A
06623800 2001 05 19     651.00 A
06623800 2001 05 20     554.00 A
06623800 2001 05 21     456.00 A
06623800 2001 05 22     410.00 A
06623800 2001 05 23     450.00 A
06623800 2001 05 24     511.00 A
06623800 2001 05 25     525.00 A
06623800 2001 05 26     586.00 A
06623800 2001 05 27     638.00 A
06623800 2001 05 28     608.00 A
06623800 2001 05 29     602.00 A
06623800 2001 05 30     579.00 A
06623800 2001 05 31     554.00 A
06623800 2001 06 01     583.00 A
06623800 2001 06 02     632.00 A
06623800 2001 06 03     600.00 A
06623800 2001 06 04     496.00 A
06623800 2001 06 05     431.00 A
06623800 2001 06 06     430.00 A
06623800 2001 06 07     459.00 A
06623800 2001 06 08     461.00 A
06623800 2001 06 09     466.00 A
06623800 2001 06 10     465.00 A
06623800 2001 06 11     446.00 A
06623800 2001 06 12     408.00 A
06623800 2001 06 13     373.00 A
06623800 2001 06 14     299.00 A
06623800 2001 06 15     266.00 A
06623800 2001 06 16     252.00 A
06623800 2001 06 17     249.00 A
06623800 2001 06 18     241.00 A
06623800 2001 06 19     224.00 A
06623800 2001 06 20     205.00 A
06623800 2001 06 21     192.00 A
06623800 2001 06 22     178.00 A
06623800 2001 06 23     168.00 A
06623800 2001 06 24     156.00 A
06623800 2001 06 25     147.00 A
06623800 2001 06 26     142.00 A
06623800 2001 06 27     134.00 A
06623800 2001 06 28     119.00 A
06623800 2001 06 29     112.00 A
06623800 2001 06 30     101.00 A
06623800 2001 07 01     94.00 A
06623800 2001 07 02     87.00 A
06623800 2001 07 03     83.00 A
06623800 2001 07 04     78.00 A
06623800 2001 07 05     74.00 A
06623800 2001 07 06     70.00 A
06623800 2001 07 07     69.00 A
06623800 2001 07 08     71.00 A
06623800 2001 07 09     64.00 A
06623800 2001 07 10     62.00 A
06623800 2001 07 11     84.00 A
06623800 2001 07 12     65.00 A
06623800 2001 07 13     64.00 A
06623800 2001 07 14     64.00 A
06623800 2001 07 15     61.00 A
06623800 2001 07 16     56.00 A
06623800 2001 07 17     49.00 A
06623800 2001 07 18     45.00 A
06623800 2001 07 19     43.00 A
06623800 2001 07 20     41.00 A
06623800 2001 07 21     40.00 A
06623800 2001 07 22     38.00 A
06623800 2001 07 23     36.00 A
06623800 2001 07 24     36.00 A
06623800 2001 07 25     35.00 A
06623800 2001 07 26     40.00 A
06623800 2001 07 27     42.00 A
06623800 2001 07 28     34.00 A
06623800 2001 07 29     32.00 A
06623800 2001 07 30     30.00 A
06623800 2001 07 31     35.00 A
06623800 2001 08 01     33.00 A
06623800 2001 08 02     29.00 A
06623800 2001 08 03     28.00 A
06623800 2001 08 04     28.00 A
06623800 2001 08 05     27.00 A
06623800 2001 08 06     26.00 A
06623800 2001 08 07     26.00 A
06623800 2001 08 08     27.00 A
06623800 2001 08 09     36.00 A
06623800 2001 08 10     36.00 A
06623800 2001 08 11     34.00 A
06623800 2001 08 12     27.00 A
06623800 2001 08 13     26.00 A
06623800 2001 08 14     31.00 A
06623800 2001 08 15     37.00 A
06623800 2001 08 16     46.00 A
06623800 2001 08 17     30.00 A
06623800 2001 08 18     25.00 A
06623800 2001 08 19     23.00 A
06623800 2001 08 20     22.00 A
06623800 2001 08 21     24.00 A
06623800 2001 08 22     26.00 A
06623800 2001 08 23     24.00 A
06623800 2001 08 24     21.00 A
06623800 2001 08 25     20.00 A
06623800 2001 08 26     19.00 A
06623800 2001 08 27     18.00 A
06623800 2001 08 28     18.00 A
06623800 2001 08 29     18.00 A
06623800 2001 08 30     18.00 A
06623800 2001 08 31     22.00 A
06623800 2001 09 01     27.00 A
06623800 2001 09 02     20.00 A
06623800 2001 09 03     19.00 A
06623800 2001 09 04     18.00 A
06623800 2001 09 05     19.00 A
06623800 2001 09 06     21.00 A
06623800 2001 09 07     20.00 A
06623800 2001 09 08     26.00 A
06623800 2001 09 09     28.00 A
06623800 2001 09 10     32.00 A
06623800 2001 09 11     26.00 A
06623800 2001 09 12     21.00 A
06623800 2001 09 13     20.00 A
06623800 2001 09 14     21.00 A
06623800 2001 09 15     22.00 A
06623800 2001 09 16     20.00 A
06623800 2001 09 17     21.00 A
06623800 2001 09 18     31.00 A
06623800 2001 09 19     25.00 A
06623800 2001 09 20     21.00 A
06623800 2001 09 21     19.00 A
06623800 2001 09 22     18.00 A
06623800 2001 09 23     17.00 A
06623800 2001 09 24     17.00 A
06623800 2001 09 25     17.00 A
06623800 2001 09 26     16.00 A
06623800 2001 09 27     16.00 A
06623800 2001 09 28     16.00 A
06623800 2001 09 29     16.00 A
06623800 2001 09 30     16.00 A
06623800 2001 10 01     16.00 A
06623800 2001 10 02     15.00 A
06623800 2001 10 03     15.00 A
06623800 2001 10 04     14.00 A
06623800 2001 10 05     14.00 A
06623800 2001 10 06     15.00 A
06623800 2001 10 07     15.00 A
06623800 2001 10 08     16.00 A
06623800 2001 10 09     24.00 A
06623800 2001 10 10     21.00 A
06623800 2001 10 11     19.00 A
06623800 2001 10 12     20.00 A
06623800 2001 10 13     22.00 A
06623800 2001 10 14     23.00 A
06623800 2001 10 15     22.00 A
06623800 2001 10 16     21.00 A
06623800 2001 10 17     24.00 A
06623800 2001 10 18     26.00 A
06623800 2001 10 19     23.00 A
06623800 2001 10 20     23.00 A
06623800 2001 10 21     24.00 A
06623800 2001 10 22     23.00 A
06623800 2001 10 23     23.00 A
06623800 2001 10 24     18.00 A
06623800 2001 10 25     22.00 A
06623800 2001 10 26     21.00 A
06623800 2001 10 27     21.00 A
06623800 2001 10 28     23.00 A
06623800 2001 10 29     25.00 A
06623800 2001 10 30     27.00 A
06623800 2001 10 31     30.00 A
06623800 2001 11 01     27.00 A
06623800 2001 11 02     22.00 A
06623800 2001 11 03     20.00 A
06623800 2001 11 04     19.00 A
06623800 2001 11 05     22.00 A
06623800 2001 11 06     21.00 A
06623800 2001 11 07     23.00 A
06623800 2001 11 08     23.00 A
06623800 2001 11 09     15.00 A
06623800 2001 11 10     20.00 A
06623800 2001 11 11     23.00 A
06623800 2001 11 12     21.00 A
06623800 2001 11 13     20.00 A
06623800 2001 11 14     18.00 A
06623800 2001 11 15     16.00 A
06623800 2001 11 16     16.00 A
06623800 2001 11 17     17.00 A
06623800 2001 11 18     17.00 A
06623800 2001 11 19     15.00 A
06623800 2001 11 20     14.00 A
06623800 2001 11 21     15.00 A
06623800 2001 11 22     18.00 A
06623800 2001 11 23     17.00 A
06623800 2001 11 24     16.00 A
06623800 2001 11 25     16.00 A
06623800 2001 11 26     15.00 A
06623800 2001 11 27     14.00 A
06623800 2001 11 28     13.00 A
06623800 2001 11 29     14.00 A
06623800 2001 11 30     15.00 A
06623800 2001 12 01     15.00 A
06623800 2001 12 02     16.00 A
06623800 2001 12 03     17.00 A
06623800 2001 12 04     17.00 A
06623800 2001 12 05     16.00 A
06623800 2001 12 06     15.00 A
06623800 2001 12 07     15.00 A
06623800 2001 12 08     15.00 A
06623800 2001 12 09     16.00 A
06623800 2001 12 10     15.00 A
06623800 2001 12 11     15.00 A
06623800 2001 12 12     15.00 A
06623800 2001 12 13     17.00 A
06623800 2001 12 14     18.00 A
06623800 2001 12 15     18.00 A
06623800 2001 12 16     18.00 A
06623800 2001 12 17     17.00 A
06623800 2001 12 18     17.00 A
06623800 2001 12 19     17.00 A
06623800 2001 12 20     17.00 A
06623800 2001 12 21     17.00 A
06623800 2001 12 22     17.00 A
06623800 2001 12 23     17.00 A
06623800 2001 12 24     16.00 A
06623800 2001 12 25     16.00 A
06623800 2001 12 26     16.00 A
06623800 2001 12 27     16.00 A
06623800 2001 12 28     16.00 A
06623800 2001 12 29     16.00 A
06623800 2001 12 30     16.00 A
06623800 2001 12 31     17.00 A
06623800 2002 01 01     16.00 A
06623800 2002 01 02     15.00 A
06623800 2002 01 03     16.00 A
06623800 2002 01 04     16.00 A
06623800 2002 01 05     16.00 A
06623800 2002 01 06     16.00 A
06623800 2002 01 07     16.00 A
06623800 2002 01 08     16.00 A
06623800 2002 01 09     16.00 A
06623800 2002 01 10     15.00 A
06623800 2002 01 11     15.00 A
06623800 2002 01 12     16.00 A
06623800 2002 01 13     16.00 A
06623800 2002 01 14     16.00 A
06623800 2002 01 15     15.00 A
06623800 2002 01 16     15.00 A
06623800 2002 01 17     15.00 A
06623800 2002 01 18     15.00 A
06623800 2002 01 19     14.00 A
06623800 2002 01 20     14.00 A
06623800 2002 01 21     14.00 A
06623800 2002 01 22     14.00 A
06623800 2002 01 23     15.00 A
06623800 2002 01 24     15.00 A
06623800 2002 01 25     15.00 A
06623800 2002 01 26     15.00 A
06623800 2002 01 27     15.00 A
06623800 2002 01 28     15.00 A
06623800 2002 01 29     14.00 A
06623800 2002 01 30     14.00 A
06623800 2002 01 31     14.00 A
06623800 2002 02 01     14.00 A
06623800 2002 02 02     14.00 A
06623800 2002 02 03     14.00 A
06623800 2002 02 04     14.00 A
06623800 2002 02 05     14.00 A
06623800 2002 02 06     14.00 A
06623800 2002 02 07     13.00 A
06623800 2002 02 08     14.00 A
06623800 2002 02 09     14.00 A
06623800 2002 02 10     14.00 A
06623800 2002 02 11     14.00 A
06623800 2002 02 12     14.00 A
06623800 2002 02 13     14.00 A
06623800 2002 02 14     14.00 A
06623800 2002 02 15     14.00 A
06623800 2002 02 16     14.00 A
06623800 2002 02 17     14.00 A
06623800 2002 02 18     14.00 A
06623800 2002 02 19     14.00 A
06623800 2002 02 20     14.00 A
06623800 2002 02 21     13.00 A
06623800 2002 02 22     14.00 A
06623800 2002 02 23     15.00 A
06623800 2002 02 24     15.00 A
06623800 2002 02 25     14.00 A
06623800 2002 02 26     14.00 A
06623800 2002 02 27     15.00 A
06623800 2002 02 28     15.00 A
06623800 2002 03 01     15.00 A
06623800 2002 03 02     15.00 A
06623800 2002 03 03     15.00 A
06623800 2002 03 04     15.00 A
06623800 2002 03 05     15.00 A
06623800 2002 03 06     15.00 A
06623800 2002 03 07     16.00 A
06623800 2002 03 08     15.00 A
06623800 2002 03 09     15.00 A
06623800 2002 03 10     15.00 A
06623800 2002 03 11     16.00 A
06623800 2002 03 12     16.00 A
06623800 2002 03 13     16.00 A
06623800 2002 03 14     15.00 A
06623800 2002 03 15     15.00 A
06623800 2002 03 16     15.00 A
06623800 2002 03 17     16.00 A
06623800 2002 03 18     16.00 A
06623800 2002 03 19     16.00 A
06623800 2002 03 20     16.00 A
06623800 2002 03 21     16.00 A
06623800 2002 03 22     17.00 A
06623800 2002 03 23     17.00 A
06623800 2002 03 24     17.00 A
06623800 2002 03 25     16.00 A
06623800 2002 03 26     16.00 A
06623800 2002 03 27     16.00 A
06623800 2002 03 28     16.00 A
06623800 2002 03 29     17.00 A
06623800 2002 03 30     17.00 A
06623800 2002 03 31     18.00 A
06623800 2002 04 01     21.00 A
06623800 2002 04 02     21.00 A
06623800 2002 04 03     20.00 A
06623800 2002 04 04     22.00 A
06623800 2002 04 05     24.00 A
06623800 2002 04 06     27.00 A
06623800 2002 04 07     32.00 A
06623800 2002 04 08     37.00 A
06623800 2002 04 09     41.00 A
06623800 2002 04 10     46.00 A
06623800 2002 04 11     48.00 A
06623800 2002 04 12     46.00 A
06623800 2002 04 13     49.00 A
06623800 2002 04 14     67.00 A
06623800 2002 04 15     90.00 A
06623800 2002 04 16     83.00 A
06623800 2002 04 17     59.00 A
06623800 2002 04 18     55.00 A
06623800 2002 04 19     52.00 A
06623800 2002 04 20     53.00 A
06623800 2002 04 21     40.00 A
06623800 2002 04 22     38.00 A
06623800 2002 04 23     43.00 A
06623800 2002 04 24     56.00 A
06623800 2002 04 25     58.00 A
06623800 2002 04 26     72.00 A
06623800 2002 04 27     74.00 A
06623800 2002 04 28     56.00 A
06623800 2002 04 29     61.00 A
06623800 2002 04 30     88.00 A
06623800 2002 05 01     94.00 A
06623800 2002 05 02     79.00 A
06623800 2002 05 03     78.00 A
06623800 2002 05 04     87.00 A
06623800 2002 05 05     101.00 A
06623800 2002 05 06     114.00 A
06623800 2002 05 07     148.00 A
06623800 2002 05 08     150.00 A
06623800 2002 05 09     107.00 A
06623800 2002 05 10     100.00 A
06623800 2002 05 11     100.00 A
06623800 2002 05 12     102.00 A
06623800 2002 05 13     113.00 A
06623800 2002 05 14     142.00 A
06623800 2002 05 15     160.00 A
06623800 2002 05 16     171.00 A
06623800 2002 05 17     150.00 A
06623800 2002 05 18     183.00 A
06623800 2002 05 19     224.00 A
06623800 2002 05 20     269.00 A
06623800 2002 05 21     289.00 A
06623800 2002 05 22     222.00 A
06623800 2002 05 23     175.00 A
06623800 2002 05 24     169.00 A
06623800 2002 05 25     157.00 A
06623800 2002 05 26     185.00 A
06623800 2002 05 27     206.00 A
06623800 2002 05 28     231.00 A
06623800 2002 05 29     267.00 A
06623800 2002 05 30     332.00 A
06623800 2002 05 31     372.00 A
06623800 2002 06 01     364.00 A
06623800 2002 06 02     357.00 A
06623800 2002 06 03     332.00 A
06623800 2002 06 04     311.00 A
06623800 2002 06 05     258.00 A
06623800 2002 06 06     256.00 A
06623800 2002 06 07     258.00 A
06623800 2002 06 08     262.00 A
06623800 2002 06 09     255.00 A
06623800 2002 06 10     222.00 A
06623800 2002 06 11     183.00 A
06623800 2002 06 12     162.00 A
06623800 2002 06 13     150.00 A
06623800 2002 06 14     139.00 A
06623800 2002 06 15     133.00 A
06623800 2002 06 16     125.00 A
06623800 2002 06 17     116.00 A
06623800 2002 06 18     109.00 A
06623800 2002 06 19     103.00 A
06623800 2002 06 20     97.00 A
06623800 2002 06 21     89.00 A
06623800 2002 06 22     86.00 A
06623800 2002 06 23     78.00 A
06623800 2002 06 24     72.00 A
06623800 2002 06 25     68.00 A
06623800 2002 06 26     63.00 A
06623800 2002 06 27     61.00 A
06623800 2002 06 28     58.00 A
06623800 2002 06 29     54.00 A
06623800 2002 06 30     49.00 A
06623800 2002 07 01     46.00 A
06623800 2002 07 02     44.00 A
06623800 2002 07 03     42.00 A
06623800 2002 07 04     41.00 A
06623800 2002 07 05     41.00 A
06623800 2002 07 06     40.00 A
06623800 2002 07 07     37.00 A
06623800 2002 07 08     35.00 A
06623800 2002 07 09     34.00 A
06623800 2002 07 10     31.00 A
06623800 2002 07 11     29.00 A
06623800 2002 07 12     28.00 A
06623800 2002 07 13     27.00 A
06623800 2002 07 14     26.00 A
06623800 2002 07 15     25.00 A
06623800 2002 07 16     25.00 A
06623800 2002 07 17     26.00 A
06623800 2002 07 18     28.00 A
06623800 2002 07 19     26.00 A
06623800 2002 07 20     26.00 A
06623800 2002 07 21     28.00 A
06623800 2002 07 22     25.00 A
06623800 2002 07 23     23.00 A
06623800 2002 07 24     21.00 A
06623800 2002 07 25     22.00 A
06623800 2002 07 26     32.00 A
06623800 2002 07 27     24.00 A
06623800 2002 07 28     24.00 A
06623800 2002 07 29     21.00 A
06623800 2002 07 30     20.00 A
06623800 2002 07 31     19.00 A
06623800 2002 08 01     18.00 A
06623800 2002 08 02     19.00 A
06623800 2002 08 03     24.00 A
06623800 2002 08 04     21.00 A
06623800 2002 08 05     20.00 A
06623800 2002 08 06     22.00 A
06623800 2002 08 07     20.00 A
06623800 2002 08 08     19.00 A
06623800 2002 08 09     17.00 A
06623800 2002 08 10     15.00 A
06623800 2002 08 11     15.00 A
06623800 2002 08 12     14.00 A
06623800 2002 08 13     14.00 A
06623800 2002 08 14     14.00 A
06623800 2002 08 15     13.00 A
06623800 2002 08 16     13.00 A
06623800 2002 08 17     12.00 A
06623800 2002 08 18     12.00 A
06623800 2002 08 19     12.00 A
06623800 2002 08 20     13.00 A
06623800 2002 08 21     17.00 A
06623800 2002 08 22     16.00 A
06623800 2002 08 23     15.00 A
06623800 2002 08 24     14.00 A
06623800 2002 08 25     13.00 A
06623800 2002 08 26     12.00 A
06623800 2002 08 27     12.00 A
06623800 2002 08 28     12.00 A
06623800 2002 08 29     14.00 A
06623800 2002 08 30     17.00 A
06623800 2002 08 31     14.00 A
06623800 2002 09 01     13.00 A
06623800 2002 09 02     12.00 A
06623800 2002 09 03     12.00 A
06623800 2002 09 04     12.00 A
06623800 2002 09 05     11.00 A
06623800 2002 09 06     11.00 A
06623800 2002 09 07     12.00 A
06623800 2002 09 08     15.00 A
06623800 2002 09 09     19.00 A
06623800 2002 09 10     17.00 A
06623800 2002 09 11     19.00 A
06623800 2002 09 12     38.00 A
06623800 2002 09 13     27.00 A
06623800 2002 09 14     20.00 A
06623800 2002 09 15     17.00 A
06623800 2002 09 16     15.00 A
06623800 2002 09 17     17.00 A
06623800 2002 09 18     31.00 A
06623800 2002 09 19     28.00 A
06623800 2002 09 20     22.00 A
06623800 2002 09 21     19.00 A
06623800 2002 09 22     17.00 A
06623800 2002 09 23     16.00 A
06623800 2002 09 24     15.00 A
06623800 2002 09 25     15.00 A
06623800 2002 09 26     15.00 A
06623800 2002 09 27     15.00 A
06623800 2002 09 28     17.00 A
06623800 2002 09 29     17.00 A
06623800 2002 09 30     19.00 A
06623800 2002 10 01     17.10 A
06623800 2002 10 02     17.80 A
06623800 2002 10 03     28.80 A
06623800 2002 10 04     25.90 A
06623800 2002 10 05     25.20 A
06623800 2002 10 06     25.00 A
06623800 2002 10 07     25.40 A
06623800 2002 10 08     26.70 A
06623800 2002 10 09     25.40 A
06623800 2002 10 10     23.90 A
06623800 2002 10 11     23.90 A
06623800 2002 10 12     21.10 A
06623800 2002 10 13     17.40 A
06623800 2002 10 14     18.20 A
06623800 2002 10 15     16.90 A
06623800 2002 10 16     16.80 A
06623800 2002 10 17     16.20 A
06623800 2002 10 18     15.60 A
06623800 2002 10 19     15.20 A
06623800 2002 10 20     15.00 A
06623800 2002 10 21     15.00 A
06623800 2002 10 22     15.00 A
06623800 2002 10 23     18.00 A
06623800 2002 10 24     17.20 A
06623800 2002 10 25     16.80 A
06623800 2002 10 26     15.40 A
06623800 2002 10 27     17.10 A
06623800 2002 10 28     15.70 A
06623800 2002 10 29     16.00 A
06623800 2002 10 30     15.20 A
06623800 2002 10 31     14.00 A
06623800 2002 11 01     14.00 A
06623800 2002 11 02     14.00 A
06623800 2002 11 03     14.00 A
06623800 2002 11 04     15.00 A
06623800 2002 11 05     16.00 A
06623800 2002 11 06     17.60 A
06623800 2002 11 07     19.80 A
06623800 2002 11 08     22.90 A
06623800 2002 11 09     22.70 A
06623800 2002 11 10     21.00 A
06623800 2002 11 11     19.80 A
06623800 2002 11 12     17.80 A
06623800 2002 11 13     19.50 A
06623800 2002 11 14     18.70 A
06623800 2002 11 15     17.10 A
06623800 2002 11 16     16.20 A
06623800 2002 11 17     18.00 A
06623800 2002 11 18     19.30 A
06623800 2002 11 19     17.50 A
06623800 2002 11 20     17.70 A
06623800 2002 11 21     17.30 A
06623800 2002 11 22     17.60 A
06623800 2002 11 23     19.00 A
06623800 2002 11 24     17.30 A
06623800 2002 11 25     15.00 A
06623800 2002 11 26     13.50 A
06623800 2002 11 27     16.10 A
06623800 2002 11 28     15.80 A
06623800 2002 11 29     15.60 A
06623800 2002 11 30     15.60 A
06623800 2002 12 01     16.80 A
06623800 2002 12 02     17.20 A
06623800 2002 12 03     15.60 A
06623800 2002 12 04     15.80 A
06623800 2002 12 05     16.00 A
06623800 2002 12 06     15.70 A
06623800 2002 12 07     14.70 A
06623800 2002 12 08     14.10 A
06623800 2002 12 09     13.40 A
06623800 2002 12 10     13.10 A
06623800 2002 12 11     14.60 A
06623800 2002 12 12     16.80 A
06623800 2002 12 13     17.50 A
06623800 2002 12 14     16.50 A
06623800 2002 12 15     16.10 A
06623800 2002 12 16     15.90 A
06623800 2002 12 17     16.00 A
06623800 2002 12 18     15.80 A
06623800 2002 12 19     14.80 A
06623800 2002 12 20     14.70 A
06623800 2002 12 21     14.80 A
06623800 2002 12 22     14.40 A
06623800 2002 12 23     13.90 A
06623800 2002 12 24     13.70 A
06623800 2002 12 25     13.40 A
06623800 2002 12 26     13.30 A
06623800 2002 12 27     13.30 A
06623800 2002 12 28     13.30 A
06623800 2002 12 29     13.30 A
06623800 2002 12 30     13.10 A
06623800 2002 12 31     13.00 A
06623800 2003 01 01     13.20 A
06623800 2003 01 02     13.40 A
06623800 2003 01 03     13.80 A
06623800 2003 01 04     13.60 A
06623800 2003 01 05     13.60 A
06623800 2003 01 06     13.20 A
06623800 2003 01 07     13.00 A
06623800 2003 01 08     13.80 A
06623800 2003 01 09     13.40 A
06623800 2003 01 10     13.40 A
06623800 2003 01 11     13.80 A
06623800 2003 01 12     13.70 A
06623800 2003 01 13     13.50 A
06623800 2003 01 14     13.60 A
06623800 2003 01 15     13.30 A
06623800 2003 01 16     13.40 A
06623800 2003 01 17     13.90 A
06623800 2003 01 18     13.00 A
06623800 2003 01 19     13.60 A
06623800 2003 01 20     13.10 A
06623800 2003 01 21     14.10 A
06623800 2003 01 22     14.10 A
06623800 2003 01 23     13.90 A
06623800 2003 01 24     14.00 A
06623800 2003 01 25     13.70 A
06623800 2003 01 26     13.60 A
06623800 2003 01 27     13.50 A
06623800 2003 01 28     13.90 A
06623800 2003 01 29     13.60 A
06623800 2003 01 30     13.60 A
06623800 2003 01 31     13.40 A
06623800 2003 02 01     14.00 A
06623800 2003 02 02     12.60 A
06623800 2003 02 03     12.30 A
06623800 2003 02 04     11.90 A
06623800 2003 02 05     11.70 A
06623800 2003 02 06     11.00 A
06623800 2003 02 07     10.80 A
06623800 2003 02 08     12.30 A
06623800 2003 02 09     13.30 A
06623800 2003 02 10     14.00 A
06623800 2003 02 11     14.00 A
06623800 2003 02 12     13.00 A
06623800 2003 02 13     14.00 A
06623800 2003 02 14     15.00 A
06623800 2003 02 15     14.00 A
06623800 2003 02 16     13.00 A
06623800 2003 02 17     13.00 A
06623800 2003 02 18     13.00 A
06623800 2003 02 19     13.00 A
06623800 2003 02 20     13.00 A
06623800 2003 02 21     13.80 A
06623800 2003 02 22     13.70 A
06623800 2003 02 23     13.80 A
06623800 2003 02 24     13.60 A
06623800 2003 02 25     13.90 A
06623800 2003 02 26     14.00 A
06623800 2003 02 27     13.80 A
06623800 2003 02 28     13.00 A
06623800 2003 03 01     13.00 A
06623800 2003 03 02     13.00 A
06623800 2003 03 03     13.90 A
06623800 2003 03 04     13.80 A
06623800 2003 03 05     13.80 A
06623800 2003 03 06     13.20 A
06623800 2003 03 07     13.60 A
06623800 2003 03 08     13.30 A
06623800 2003 03 09     13.20 A
06623800 2003 03 10     13.30 A
06623800 2003 03 11     13.40 A
06623800 2003 03 12     13.80 A
06623800 2003 03 13     14.30 A
06623800 2003 03 14     15.00 A
06623800 2003 03 15     16.00 A
06623800 2003 03 16     16.70 A
06623800 2003 03 17     15.50 A
06623800 2003 03 18     14.00 A
06623800 2003 03 19     13.00 A
06623800 2003 03 20     12.00 A
06623800 2003 03 21     12.00 A
06623800 2003 03 22     14.00 A
06623800 2003 03 23     17.00 A
06623800 2003 03 24     19.00 A
06623800 2003 03 25     17.00 A
06623800 2003 03 26     18.00 A
06623800 2003 03 27     17.80 A
06623800 2003 03 28     16.40 A
06623800 2003 03 29     15.10 A
06623800 2003 03 30     16.10 A
06623800 2003 03 31     18.90 A
06623800 2003 04 01     22.50 A
06623800 2003 04 02     24.90 A
06623800 2003 04 03     23.00 A
06623800 2003 04 04     21.00 A
06623800 2003 04 05     18.00 A
06623800 2003 04 06     17.00 A
06623800 2003 04 07     16.00 A
06623800 2003 04 08     16.40 A
06623800 2003 04 09     18.50 A
06623800 2003 04 10     21.00 A
06623800 2003 04 11     25.00 A
06623800 2003 04 12     32.70 A
06623800 2003 04 13     42.70 A
06623800 2003 04 14     57.70 A
06623800 2003 04 15     68.30 A
06623800 2003 04 16     63.70 A
06623800 2003 04 17     54.10 A
06623800 2003 04 18     49.50 A
06623800 2003 04 19     42.70 A
06623800 2003 04 20     39.90 A
06623800 2003 04 21     46.90 A
06623800 2003 04 22     54.00 A
06623800 2003 04 23     45.10 A
06623800 2003 04 24     40.80 A
06623800 2003 04 25     48.30 A
06623800 2003 04 26     59.60 A
06623800 2003 04 27     72.70 A
06623800 2003 04 28     79.20 A
06623800 2003 04 29     93.30 A
06623800 2003 04 30     87.50 A
06623800 2003 05 01     63.50 A
06623800 2003 05 02     56.60 A
06623800 2003 05 03     66.10 A
06623800 2003 05 04     70.40 A
06623800 2003 05 05     59.60 A
06623800 2003 05 06     52.00 A
06623800 2003 05 07     51.10 A
06623800 2003 05 08     49.80 A
06623800 2003 05 09     45.80 A
06623800 2003 05 10     44.50 A
06623800 2003 05 11     41.40 A
06623800 2003 05 12     50.20 A
06623800 2003 05 13     87.00 A
06623800 2003 05 14     132.00 A
06623800 2003 05 15     166.00 A
06623800 2003 05 16     202.00 A
06623800 2003 05 17     296.00 A
06623800 2003 05 18     397.00 A
06623800 2003 05 19     378.00 A
06623800 2003 05 20     355.00 A
06623800 2003 05 21     386.00 A
06623800 2003 05 22     440.00 A
06623800 2003 05 23     537.00 A
06623800 2003 05 24     658.00 A
06623800 2003 05 25     722.00 A
06623800 2003 05 26     720.00 A
06623800 2003 05 27     859.00 A
06623800 2003 05 28     990.00 A
06623800 2003 05 29     1100.00 A
06623800 2003 05 30     1130.00 A
06623800 2003 05 31     1140.00 A
06623800 2003 06 01     1300.00 A
06623800 2003 06 02     1120.00 A
06623800 2003 06 03     941.00 A
06623800 2003 06 04     830.00 A
06623800 2003 06 05     705.00 A
06623800 2003 06 06     598.00 A
06623800 2003 06 07     555.00 A
06623800 2003 06 08     516.00 A
06623800 2003 06 09     553.00 A
06623800 2003 06 10     653.00 A
06623800 2003 06 11     745.00 A
06623800 2003 06 12     620.00 A
06623800 2003 06 13     580.00 A
06623800 2003 06 14     637.00 A
06623800 2003 06 15     601.00 A
06623800 2003 06 16     589.00 A
06623800 2003 06 17     549.00 A
06623800 2003 06 18     539.00 A
06623800 2003 06 19     530.00 A
06623800 2003 06 20     526.00 A
06623800 2003 06 21     473.00 A
06623800 2003 06 22     442.00 A
06623800 2003 06 23     405.00 A
06623800 2003 06 24     372.00 A
06623800 2003 06 25     354.00 A
06623800 2003 06 26     287.00 A
06623800 2003 06 27     263.00 A
06623800 2003 06 28     255.00 A
06623800 2003 06 29     246.00 A
06623800 2003 06 30     230.00 A
06623800 2003 07 01     212.00 A
06623800 2003 07 02     194.00 A
06623800 2003 07 03     173.00 A
06623800 2003 07 04     157.00 A
06623800 2003 07 05     143.00 A
06623800 2003 07 06     132.00 A
06623800 2003 07 07     123.00 A
06623800 2003 07 08     112.00 A
06623800 2003 07 09     102.00 A
06623800 2003 07 10     95.60 A
06623800 2003 07 11     89.20 A
06623800 2003 07 12     84.60 A
06623800 2003 07 13     79.40 A
06623800 2003 07 14     74.60 A
06623800 2003 07 15     70.90 A
06623800 2003 07 16     68.30 A
06623800 2003 07 17     66.90 A
06623800 2003 07 18     67.90 A
06623800 2003 07 19     70.30 A
06623800 2003 07 20     65.30 A
06623800 2003 07 21     67.90 A
06623800 2003 07 22     59.80 A
06623800 2003 07 23     54.10 A
06623800 2003 07 24     51.20 A
06623800 2003 07 25     50.20 A
06623800 2003 07 26     53.80 A
06623800 2003 07 27     49.70 A
06623800 2003 07 28     46.40 A
06623800 2003 07 29     47.50 A
06623800 2003 07 30     46.50 A
06623800 2003 07 31     44.00 A
06623800 2003 08 01     41.50 A
06623800 2003 08 02     39.10 A
06623800 2003 08 03     38.30 A
06623800 2003 08 04     42.60 A
06623800 2003 08 05     37.60 A
06623800 2003 08 06     35.20 A
06623800 2003 08 07     34.10 A
06623800 2003 08 08     33.10 A
06623800 2003 08 09     32.50 A
06623800 2003 08 10     30.90 A
06623800 2003 08 11     30.70 A
06623800 2003 08 12     33.40 A
06623800 2003 08 13     33.30 A
06623800 2003 08 14     32.80 A
06623800 2003 08 15     28.60 A
06623800 2003 08 16     30.60 A
06623800 2003 08 17     59.80 A
06623800 2003 08 18     62.10 A
06623800 2003 08 19     47.10 A
06623800 2003 08 20     34.70 A
06623800 2003 08 21     31.20 A
06623800 2003 08 22     29.80 A
06623800 2003 08 23     38.90 A
06623800 2003 08 24     36.50 A
06623800 2003 08 25     41.10 A
06623800 2003 08 26     35.20 A
06623800 2003 08 27     31.50 A
06623800 2003 08 28     29.20 A
06623800 2003 08 29     27.70 A
06623800 2003 08 30     28.00 A
06623800 2003 08 31     30.40 A
06623800 2003 09 01     27.90 A
06623800 2003 09 02     25.90 A
06623800 2003 09 03     28.40 A
06623800 2003 09 04     31.20 A
06623800 2003 09 05     27.60 A
06623800 2003 09 06     34.30 A
06623800 2003 09 07     34.00 A
06623800 2003 09 08     31.10 A
06623800 2003 09 09     29.80 A
06623800 2003 09 10     35.50 A
06623800 2003 09 11     47.20 A
06623800 2003 09 12     41.50 A
06623800 2003 09 13     32.50 A
06623800 2003 09 14     28.90 A
06623800 2003 09 15     27.00 A
06623800 2003 09 16     25.60 A
06623800 2003 09 17     26.60 A
06623800 2003 09 18     30.40 A
06623800 2003 09 19     33.60 A
06623800 2003 09 20     30.90 A
06623800 2003 09 21     26.90 A
06623800 2003 09 22     25.30 A
06623800 2003 09 23     24.30 A
06623800 2003 09 24     23.20 A
06623800 2003 09 25     22.60 A
06623800 2003 09 26     22.00 A
06623800 2003 09 27     21.60 A
06623800 2003 09 28     21.50 A
06623800 2003 09 29     21.20 A
06623800 2003 09 30     21.00 A
06623800 2003 10 01     20.60 A
06623800 2003 10 02     21.40 A
06623800 2003 10 03     29.90 A
06623800 2003 10 04     24.50 A
06623800 2003 10 05     23.20 A
06623800 2003 10 06     22.40 A
06623800 2003 10 07     21.60 A
06623800 2003 10 08     21.50 A
06623800 2003 10 09     21.00 A
06623800 2003 10 10     20.80 A
06623800 2003 10 11     20.60 A
06623800 2003 10 12     20.40 A
06623800 2003 10 13     20.40 A
06623800 2003 10 14     19.80 A
06623800 2003 10 15     20.00 A
06623800 2003 10 16     20.50 A
06623800 2003 10 17     20.20 A
06623800 2003 10 18     19.90 A
06623800 2003 10 19     19.50 A
06623800 2003 10 20     19.30 A
06623800 2003 10 21     19.10 A
06623800 2003 10 22     18.90 A
06623800 2003 10 23     18.80 A
06623800 2003 10 24     18.40 A
06623800 2003 10 25     14.70 A
06623800 2003 10 26     18.00 A
06623800 2003 10 27     21.30 A
06623800 2003 10 28     20.40 A
06623800 2003 10 29     20.30 A
06623800 2003 10 30     19.80 A
06623800 2003 10 31     18.00 A
06623800 2003 11 01     18.70 A
06623800 2003 11 02     20.00 A
06623800 2003 11 03     20.30 A
06623800 2003 11 04     18.70 A
06623800 2003 11 05     17.30 A
06623800 2003 11 06     17.30 A
06623800 2003 11 07     15.80 A
06623800 2003 11 08     17.30 A
06623800 2003 11 09     18.70 A
06623800 2003 11 10     20.00 A
06623800 2003 11 11     19.00 A
06623800 2003 11 12     19.00 A
06623800 2003 11 13     20.30 A
06623800 2003 11 14     20.30 A
06623800 2003 11 15     19.00 A
06623800 2003 11 16     18.00 A
06623800 2003 11 17     18.00 A
06623800 2003 11 18     17.00 A
06623800 2003 11 19     18.00 A
06623800 2003 11 20     20.00 A
06623800 2003 11 21     19.00 A
06623800 2003 11 22     17.00 A
06623800 2003 11 23     15.00 A
06623800 2003 11 24     16.60 A
06623800 2003 11 25     18.70 A
06623800 2003 11 26     17.50 A
06623800 2003 11 27     16.40 A
06623800 2003 11 28     15.00 A
06623800 2003 11 29     16.00 A
06623800 2003 11 30     19.00 A
06623800 2003 12 01     18.20 A
06623800 2003 12 02     19.00 A
06623800 2003 12 03     18.00 A
06623800 2003 12 04     17.10 A
06623800 2003 12 05     16.40 A
06623800 2003 12 06     18.10 A
06623800 2003 12 07     19.30 A
06623800 2003 12 08     18.30 A
06623800 2003 12 09     17.40 A
06623800 2003 12 10     16.30 A
06623800 2003 12 11     17.40 A
06623800 2003 12 12     16.10 A
06623800 2003 12 13     17.40 A
06623800 2003 12 14     19.00 A
06623800 2003 12 15     17.60 A
06623800 2003 12 16     15.90 A
06623800 2003 12 17     15.90 A
06623800 2003 12 18     16.90 A
06623800 2003 12 19     18.10 A
06623800 2003 12 20     19.00 A
06623800 2003 12 21     19.00 A
06623800 2003 12 22     17.80 A
06623800 2003 12 23     16.10 A
06623800 2003 12 24     16.10 A
06623800 2003 12 25     17.20 A
06623800 2003 12 26     17.80 A
06623800 2003 12 27     16.90 A
06623800 2003 12 28     15.50 A
06623800 2003 12 29     14.00 A
06623800 2003 12 30     14.70 A
06623800 2003 12 31     15.70 A
06623800 2004 01 01     17.20 A
06623800 2004 01 02     16.10 A
06623800 2004 01 03     14.50 A
06623800 2004 01 04     12.70 A
06623800 2004 01 05     12.00 A
06623800 2004 01 06     13.00 A
06623800 2004 01 07     13.00 A
06623800 2004 01 08     14.00 A
06623800 2004 01 09     16.00 A
06623800 2004 01 10     17.00 A
06623800 2004 01 11     16.10 A
06623800 2004 01 12     16.00 A
06623800 2004 01 13     15.00 A
06623800 2004 01 14     14.00 A
06623800 2004 01 15     14.00 A
06623800 2004 01 16     14.00 A
06623800 2004 01 17     12.80 A
06623800 2004 01 18     12.60 A
06623800 2004 01 19     12.80 A
06623800 2004 01 20     13.00 A
06623800 2004 01 21     13.00 A
06623800 2004 01 22     13.90 A
06623800 2004 01 23     15.20 A
06623800 2004 01 24     16.10 A
06623800 2004 01 25     15.20 A
06623800 2004 01 26     13.70 A
06623800 2004 01 27     12.80 A
06623800 2004 01 28     14.10 A
06623800 2004 01 29     16.10 A
06623800 2004 01 30     17.80 A
06623800 2004 01 31     17.10 A
06623800 2004 02 01     15.90 A
06623800 2004 02 02     15.00 A
06623800 2004 02 03     15.90 A
06623800 2004 02 04     17.30 A
06623800 2004 02 05     15.90 A
06623800 2004 02 06     14.50 A
06623800 2004 02 07     15.90 A
06623800 2004 02 08     17.10 A
06623800 2004 02 09     15.90 A
06623800 2004 02 10     14.80 A
06623800 2004 02 11     13.90 A
06623800 2004 02 12     12.00 A
06623800 2004 02 13     11.00 A
06623800 2004 02 14     13.00 A
06623800 2004 02 15     14.10 A
06623800 2004 02 16     15.90 A
06623800 2004 02 17     17.80 A
06623800 2004 02 18     19.20 A
06623800 2004 02 19     19.50 A
06623800 2004 02 20     18.10 A
06623800 2004 02 21     17.10 A
06623800 2004 02 22     18.40 A
06623800 2004 02 23     18.40 A
06623800 2004 02 24     18.40 A
06623800 2004 02 25     18.00 A
06623800 2004 02 26     19.00 A
06623800 2004 02 27     19.60 A
06623800 2004 02 28     19.50 A
06623800 2004 02 29     19.20 A
06623800 2004 03 01     18.00 A
06623800 2004 03 02     17.00 A
06623800 2004 03 03     18.00 A
06623800 2004 03 04     19.00 A
06623800 2004 03 05     19.00 A
06623800 2004 03 06     18.50 A
06623800 2004 03 07     19.00 A
06623800 2004 03 08     19.00 A
06623800 2004 03 09     18.00 A
06623800 2004 03 10     17.00 A
06623800 2004 03 11     17.00 A
06623800 2004 03 12     18.00 A
06623800 2004 03 13     20.00 A
06623800 2004 03 14     20.00 A
06623800 2004 03 15     20.00 A
06623800 2004 03 16     22.00 A
06623800 2004 03 17     23.00 A
06623800 2004 03 18     24.00 A
06623800 2004 03 19     26.00 A
06623800 2004 03 20     27.00 A
06623800 2004 03 21     26.00 A
06623800 2004 03 22     25.00 A
06623800 2004 03 23     32.50 A
06623800 2004 03 24     40.70 A
06623800 2004 03 25     48.40 A
06623800 2004 03 26     54.10 A
06623800 2004 03 27     51.20 A
06623800 2004 03 28     39.40 A
06623800 2004 03 29     36.00 A
06623800 2004 03 30     36.00 A
06623800 2004 03 31     37.00 A
06623800 2004 04 01     48.20 A
06623800 2004 04 02     55.30 A
06623800 2004 04 03     58.30 A
06623800 2004 04 04     60.50 A
06623800 2004 04 05     66.90 A
06623800 2004 04 06     75.20 A
06623800 2004 04 07     76.00 A
06623800 2004 04 08     80.80 A
06623800 2004 04 09     76.10 A
06623800 2004 04 10     60.00 A
06623800 2004 04 11     54.50 A
06623800 2004 04 12     48.90 A
06623800 2004 04 13     48.10 A
06623800 2004 04 14     57.90 A
06623800 2004 04 15     61.60 A
06623800 2004 04 16     70.30 A
06623800 2004 04 17     84.10 A
06623800 2004 04 18     82.40 A
06623800 2004 04 19     66.40 A
06623800 2004 04 20     62.70 A
06623800 2004 04 21     57.40 A
06623800 2004 04 22     52.10 A
06623800 2004 04 23     49.70 A
06623800 2004 04 24     49.10 A
06623800 2004 04 25     50.00 A
06623800 2004 04 26     57.70 A
06623800 2004 04 27     85.50 A
06623800 2004 04 28     113.00 A
06623800 2004 04 29     117.00 A
06623800 2004 04 30     92.50 A
06623800 2004 05 01     80.60 A
06623800 2004 05 02     96.60 A
06623800 2004 05 03     134.00 A
06623800 2004 05 04     184.00 A
06623800 2004 05 05     260.00 A
06623800 2004 05 06     326.00 A
06623800 2004 05 07     364.00 A
06623800 2004 05 08     384.00 A
06623800 2004 05 09     402.00 A
06623800 2004 05 10     427.00 A
06623800 2004 05 11     433.00 A
06623800 2004 05 12     355.00 A
06623800 2004 05 13     289.00 A
06623800 2004 05 14     253.00 A
06623800 2004 05 15     241.00 A
06623800 2004 05 16     247.00 A
06623800 2004 05 17     268.00 A
06623800 2004 05 18     325.00 A
06623800 2004 05 19     390.00 A
06623800 2004 05 20     419.00 A
06623800 2004 05 21     458.00 A
06623800 2004 05 22     426.00 A
06623800 2004 05 23     381.00 A
06623800 2004 05 24     368.00 A
06623800 2004 05 25     365.00 A
06623800 2004 05 26     326.00 A
06623800 2004 05 27     352.00 A
06623800 2004 05 28     395.00 A
06623800 2004 05 29     443.00 A
06623800 2004 05 30     329.00 A
06623800 2004 05 31     287.00 A
06623800 2004 06 01     279.00 A
06623800 2004 06 02     306.00 A
06623800 2004 06 03     373.00 A
06623800 2004 06 04     429.00 A
06623800 2004 06 05     452.00 A
06623800 2004 06 06     497.00 A
06623800 2004 06 07     534.00 A
06623800 2004 06 08     518.00 A
06623800 2004 06 09     492.00 A
06623800 2004 06 10     447.00 A
06623800 2004 06 11     360.00 A
06623800 2004 06 12     322.00 A
06623800 2004 06 13     300.00 A
06623800 2004 06 14     304.00 A
06623800 2004 06 15     306.00 A
06623800 2004 06 16     298.00 A
06623800 2004 06 17     356.00 A
06623800 2004 06 18     361.00 A
06623800 2004 06 19     289.00 A
06623800 2004 06 20     267.00 A
06623800 2004 06 21     361.00 A
06623800 2004 06 22     270.00 A
06623800 2004 06 23     219.00 A
06623800 2004 06 24     208.00 A
06623800 2004 06 25     206.00 A
06623800 2004 06 26     222.00 A
06623800 2004 06 27     213.00 A
06623800 2004 06 28     194.00 A
06623800 2004 06 29     188.00 A
06623800 2004 06 30     301.00 A
06623800 2004 07 01     238.00 A
06623800 2004 07 02     180.00 A
06623800 2004 07 03     159.00 A
06623800 2004 07 04     151.00 A
06623800 2004 07 05     146.00 A
06623800 2004 07 06     131.00 A
06623800 2004 07 07     117.00 A
06623800 2004 07 08     111.00 A
06623800 2004 07 09     103.00 A
06623800 2004 07 10     98.10 A
06623800 2004 07 11     92.70 A
06623800 2004 07 12     86.90 A
06623800 2004 07 13     82.00 A
06623800 2004 07 14     80.60 A
06623800 2004 07 15     77.80 A
06623800 2004 07 16     104.00 A
06623800 2004 07 17     85.30 A
06623800 2004 07 18     74.70 A
06623800 2004 07 19     70.50 A
06623800 2004 07 20     67.10 A
06623800 2004 07 21     65.70 A
06623800 2004 07 22     68.40 A
06623800 2004 07 23     79.90 A
06623800 2004 07 24     69.20 A
06623800 2004 07 25     61.00 A
06623800 2004 07 26     54.20 A
06623800 2004 07 27     51.70 A
06623800 2004 07 28     50.80 A
06623800 2004 07 29     47.40 A
06623800 2004 07 30     45.60 A
06623800 2004 07 31     45.20 A
06623800 2004 08 01     42.20 A
06623800 2004 08 02     40.80 A
06623800 2004 08 03     39.70 A
06623800 2004 08 04     37.40 A
06623800 2004 08 05     37.80 A
06623800 2004 08 06     38.60 A
06623800 2004 08 07     40.00 A
06623800 2004 08 08     34.20 A
06623800 2004 08 09     32.00 A
06623800 2004 08 10     30.60 A
06623800 2004 08 11     30.00 A
06623800 2004 08 12     29.20 A
06623800 2004 08 13     28.20 A
06623800 2004 08 14     27.30 A
06623800 2004 08 15     26.80 A
06623800 2004 08 16     26.30 A
06623800 2004 08 17     26.10 A
06623800 2004 08 18     33.90 A
06623800 2004 08 19     51.80 A
06623800 2004 08 20     39.80 A
06623800 2004 08 21     37.50 A
06623800 2004 08 22     36.50 A
06623800 2004 08 23     33.30 A
06623800 2004 08 24     29.10 A
06623800 2004 08 25     27.50 A
06623800 2004 08 26     29.10 A
06623800 2004 08 27     38.20 A
06623800 2004 08 28     31.10 A
06623800 2004 08 29     26.80 A
06623800 2004 08 30     24.90 A
06623800 2004 08 31     24.20 A
06623800 2004 09 01     23.30 A
06623800 2004 09 02     22.40 A
06623800 2004 09 03     21.90 A
06623800 2004 09 04     28.50 A
06623800 2004 09 05     40.30 A
06623800 2004 09 06     33.40 A
06623800 2004 09 07     26.60 A
06623800 2004 09 08     24.00 A
06623800 2004 09 09     23.00 A
06623800 2004 09 10     22.70 A
06623800 2004 09 11     22.70 A
06623800 2004 09 12     21.20 A
06623800 2004 09 13     26.60 A
06623800 2004 09 14     27.20 A
06623800 2004 09 15     23.00 A
06623800 2004 09 16     21.30 A
06623800 2004 09 17     20.10 A
06623800 2004 09 18     19.40 A
06623800 2004 09 19     23.10 A
06623800 2004 09 20     63.20 A
06623800 2004 09 21     64.00 A
06623800 2004 09 22     44.40 A
06623800 2004 09 23     40.80 A
06623800 2004 09 24     49.30 A
06623800 2004 09 25     61.90 A
06623800 2004 09 26     59.10 A
06623800 2004 09 27     56.10 A
06623800 2004 09 28     51.10 A
06623800 2004 09 29     53.30 A
06623800 2004 09 30     97.20 A
06623800 2004 10 01     86.70 A
06623800 2004 10 02     67.50 A
06623800 2004 10 03     62.20 A
06623800 2004 10 04     55.40 A
06623800 2004 10 05     49.80 A
06623800 2004 10 06     50.00 A
06623800 2004 10 07     45.10 A
06623800 2004 10 08     41.70 A
06623800 2004 10 09     40.00 A
06623800 2004 10 10     38.30 A
06623800 2004 10 11     36.80 A
06623800 2004 10 12     35.30 A
06623800 2004 10 13     38.80 A
06623800 2004 10 14     38.70 A
06623800 2004 10 15     39.60 A
06623800 2004 10 16     36.60 A
06623800 2004 10 17     33.60 A
06623800 2004 10 18     35.10 A
06623800 2004 10 19     38.10 A
06623800 2004 10 20     43.40 A
06623800 2004 10 21     45.40 A
06623800 2004 10 22     42.90 A
06623800 2004 10 23     39.40 A
06623800 2004 10 24     43.00 A
06623800 2004 10 25     40.80 A
06623800 2004 10 26     41.40 A
06623800 2004 10 27     41.40 A
06623800 2004 10 28     47.50 A
06623800 2004 10 29     38.90 A
06623800 2004 10 30     42.70 A
06623800 2004 10 31     43.80 A
06623800 2004 11 01     37.10 A
06623800 2004 11 02     38.70 A
06623800 2004 11 03     49.40 A
06623800 2004 11 04     47.60 A
06623800 2004 11 05     46.50 A
06623800 2004 11 06     43.20 A
06623800 2004 11 07     43.70 A
06623800 2004 11 08     45.00 A
06623800 2004 11 09     45.90 A
06623800 2004 11 10     41.90 A
06623800 2004 11 11     35.90 A
06623800 2004 11 12     34.80 A
06623800 2004 11 13     30.70 A
06623800 2004 11 14     24.30 A
06623800 2004 11 15     25.30 A
06623800 2004 11 16     27.00 A
06623800 2004 11 17     24.60 A
06623800 2004 11 18     20.00 A
06623800 2004 11 19     20.00 A
06623800 2004 11 20     22.50 A
06623800 2004 11 21     22.50 A
06623800 2004 11 22     22.20 A
06623800 2004 11 23     19.70 A
06623800 2004 11 24     20.00 A
06623800 2004 11 25     22.20 A
06623800 2004 11 26     20.80 A
06623800 2004 11 27     20.00 A
06623800 2004 11 28     21.00 A
06623800 2004 11 29     16.00 A
06623800 2004 11 30     15.00 A
06623800 2004 12 01     17.30 A
06623800 2004 12 02     19.20 A
06623800 2004 12 03     21.30 A
06623800 2004 12 04     23.10 A
06623800 2004 12 05     24.60 A
06623800 2004 12 06     25.60 A
06623800 2004 12 07     24.90 A
06623800 2004 12 08     25.90 A
06623800 2004 12 09     27.80 A
06623800 2004 12 10     29.80 A
06623800 2004 12 11     31.40 A
06623800 2004 12 12     32.30 A
06623800 2004 12 13     31.00 A
06623800 2004 12 14     29.40 A
06623800 2004 12 15     27.50 A
06623800 2004 12 16     26.40 A
06623800 2004 12 17     26.40 A
06623800 2004 12 18     28.20 A
06623800 2004 12 19     28.50 A
06623800 2004 12 20     27.70 A
06623800 2004 12 21     26.10 A
06623800 2004 12 22     24.90 A
06623800 2004 12 23     25.00 A
06623800 2004 12 24     24.30 A
06623800 2004 12 25     24.20 A
06623800 2004 12 26     23.80 A
06623800 2004 12 27     23.60 A
06623800 2004 12 28     23.70 A
06623800 2004 12 29     23.70 A
06623800 2004 12 30     24.00 A
06623800 2004 12 31     25.30 A
06623800 2005 01 01     26.00 A
06623800 2005 01 02     26.60 A
06623800 2005 01 03     27.40 A
06623800 2005 01 04     27.90 A
06623800 2005 01 05     28.10 A
06623800 2005 01 06     26.90 A
06623800 2005 01 07     26.30 A
06623800 2005 01 08     26.40 A
06623800 2005 01 09     24.90 A
06623800 2005 01 10     24.70 A
06623800 2005 01 11     24.10 A
06623800 2005 01 12     23.20 A
06623800 2005 01 13     23.30 A
06623800 2005 01 14     24.40 A
06623800 2005 01 15     25.20 A
06623800 2005 01 16     25.50 A
06623800 2005 01 17     26.10 A
06623800 2005 01 18     26.50 A
06623800 2005 01 19     26.10 A
06623800 2005 01 20     25.60 A
06623800 2005 01 21     25.50 A
06623800 2005 01 22     25.60 A
06623800 2005 01 23     25.50 A
06623800 2005 01 24     25.20 A
06623800 2005 01 25     24.80 A
06623800 2005 01 26     24.60 A
06623800 2005 01 27     24.70 A
06623800 2005 01 28     24.30 A
06623800 2005 01 29     23.40 A
06623800 2005 01 30     23.00 A
06623800 2005 01 31     23.50 A
06623800 2005 02 01     22.70 A
06623800 2005 02 02     23.90 A
06623800 2005 02 03     23.20 A
06623800 2005 02 04     23.60 A
06623800 2005 02 05     24.00 A
06623800 2005 02 06     24.00 A
06623800 2005 02 07     24.30 A
06623800 2005 02 08     24.10 A
06623800 2005 02 09     23.50 A
06623800 2005 02 10     23.40 A
06623800 2005 02 11     23.90 A
06623800 2005 02 12     24.40 A
06623800 2005 02 13     24.20 A
06623800 2005 02 14     23.60 A
06623800 2005 02 15     22.30 A
06623800 2005 02 16     23.70 A
06623800 2005 02 17     24.90 A
06623800 2005 02 18     24.80 A
06623800 2005 02 19     25.00 A
06623800 2005 02 20     24.50 A
06623800 2005 02 21     23.50 A
06623800 2005 02 22     22.90 A
06623800 2005 02 23     22.20 A
06623800 2005 02 24     21.50 A
06623800 2005 02 25     22.60 A
06623800 2005 02 26     22.50 A
06623800 2005 02 27     22.10 A
06623800 2005 02 28     22.00 A
06623800 2005 03 01     22.40 A
06623800 2005 03 02     21.90 A
06623800 2005 03 03     21.30 A
06623800 2005 03 04     22.10 A
06623800 2005 03 05     22.00 A
06623800 2005 03 06     22.10 A
06623800 2005 03 07     22.00 A
06623800 2005 03 08     21.80 A
06623800 2005 03 09     21.90 A
06623800 2005 03 10     21.50 A
06623800 2005 03 11     20.70 A
06623800 2005 03 12     23.40 A
06623800 2005 03 13     21.90 A
06623800 2005 03 14     20.50 A
06623800 2005 03 15     22.50 A
06623800 2005 03 16     23.70 A
06623800 2005 03 17     22.00 A
06623800 2005 03 18     21.50 A
06623800 2005 03 19     21.80 A
06623800 2005 03 20     21.60 A
06623800 2005 03 21     21.60 A
06623800 2005 03 22     21.70 A
06623800 2005 03 23     20.50 A
06623800 2005 03 24     19.00 A
06623800 2005 03 25     16.60 A
06623800 2005 03 26     17.00 A
06623800 2005 03 27     17.50 A
06623800 2005 03 28     18.10 A
06623800 2005 03 29     18.30 A
06623800 2005 03 30     17.80 A
06623800 2005 03 31     16.50 A
06623800 2005 04 01     20.00 A
06623800 2005 04 02     20.00 A
06623800 2005 04 03     21.00 A
06623800 2005 04 04     22.90 A
06623800 2005 04 05     23.20 A
06623800 2005 04 06     24.80 A
06623800 2005 04 07     25.50 A
06623800 2005 04 08     28.00 A
06623800 2005 04 09     30.00 A
06623800 2005 04 10     33.20 A
06623800 2005 04 11     31.30 A
06623800 2005 04 12     27.70 A
06623800 2005 04 13     29.00 A
06623800 2005 04 14     39.70 A
06623800 2005 04 15     48.00 A
06623800 2005 04 16     58.00 A
06623800 2005 04 17     74.00 A
06623800 2005 04 18     90.00 A
06623800 2005 04 19     97.00 A
06623800 2005 04 20     97.50 A
06623800 2005 04 21     78.10 A
06623800 2005 04 22     69.30 A
06623800 2005 04 23     83.50 A
06623800 2005 04 24     101.00 A
06623800 2005 04 25     91.20 A
06623800 2005 04 26     81.20 A
06623800 2005 04 27     78.70 A
06623800 2005 04 28     79.40 A
06623800 2005 04 29     68.70 A
06623800 2005 04 30     61.10 A
06623800 2005 05 01     60.30 A
06623800 2005 05 02     58.30 A
06623800 2005 05 03     59.30 A
06623800 2005 05 04     62.70 A
06623800 2005 05 05     78.90 A
06623800 2005 05 06     108.00 A
06623800 2005 05 07     121.00 A
06623800 2005 05 08     108.00 A
06623800 2005 05 09     118.00 A
06623800 2005 05 10     148.00 A
06623800 2005 05 11     153.00 A
06623800 2005 05 12     129.00 A
06623800 2005 05 13     123.00 A
06623800 2005 05 14     134.00 A
06623800 2005 05 15     168.00 A
06623800 2005 05 16     232.00 A
06623800 2005 05 17     271.00 A
06623800 2005 05 18     270.00 A
06623800 2005 05 19     356.00 A
06623800 2005 05 20     539.00 A
06623800 2005 05 21     795.00 A
06623800 2005 05 22     889.00 A
06623800 2005 05 23     928.00 A
06623800 2005 05 24     982.00 A
06623800 2005 05 25     916.00 A
06623800 2005 05 26     796.00 A
06623800 2005 05 27     734.00 A
06623800 2005 05 28     698.00 A
06623800 2005 05 29     690.00 A
06623800 2005 05 30     871.00 A
06623800 2005 05 31     756.00 A
06623800 2005 06 01     634.00 A
06623800 2005 06 02     663.00 A
06623800 2005 06 03     555.00 A
06623800 2005 06 04     597.00 A
06623800 2005 06 05     634.00 A
06623800 2005 06 06     604.00 A
06623800 2005 06 07     607.00 A
06623800 2005 06 08     555.00 A
06623800 2005 06 09     544.00 A
06623800 2005 06 10     481.00 A
06623800 2005 06 11     434.00 A
06623800 2005 06 12     514.00 A
06623800 2005 06 13     426.00 A
06623800 2005 06 14     434.00 A
06623800 2005 06 15     507.00 A
06623800 2005 06 16     600.00 A
06623800 2005 06 17     663.00 A
06623800 2005 06 18     746.00 A
06623800 2005 06 19     791.00 A
06623800 2005 06 20     776.00 A
06623800 2005 06 21     759.00 A
06623800 2005 06 22     759.00 A
06623800 2005 06 23     790.00 A
06623800 2005 06 24     755.00 A
06623800 2005 06 25     632.00 A
06623800 2005 06 26     639.00 A
06623800 2005 06 27     532.00 A
06623800 2005 06 28     474.00 A
06623800 2005 06 29     501.00 A
06623800 2005 06 30     395.00 A
06623800 2005 07 01     361.00 A
06623800 2005 07 02     340.00 A
06623800 2005 07 03     323.00 A
06623800 2005 07 04     291.00 A
06623800 2005 07 05     263.00 A
06623800 2005 07 06     247.00 A
06623800 2005 07 07     230.00 A
06623800 2005 07 08     212.00 A
06623800 2005 07 09     198.00 A
06623800 2005 07 10     183.00 A
06623800 2005 07 11     170.00 A
06623800 2005 07 12     164.00 A
06623800 2005 07 13     149.00 A
06623800 2005 07 14     135.00 A
06623800 2005 07 15     124.00 A
06623800 2005 07 16     114.00 A
06623800 2005 07 17     107.00 A
06623800 2005 07 18     99.60 A
06623800 2005 07 19     93.50 A
06623800 2005 07 20     88.90 A
06623800 2005 07 21     84.00 A
06623800 2005 07 22     79.70 A
06623800 2005 07 23     79.20 A
06623800 2005 07 24     110.00 A
06623800 2005 07 25     112.00 A
06623800 2005 07 26     91.00 A
06623800 2005 07 27     76.30 A
06623800 2005 07 28     69.70 A
06623800 2005 07 29     64.90 A
06623800 2005 07 30     61.30 A
06623800 2005 07 31     63.60 A
06623800 2005 08 01     67.10 A
06623800 2005 08 02     59.40 A
06623800 2005 08 03     61.80 A
06623800 2005 08 04     56.20 A
06623800 2005 08 05     53.40 A
06623800 2005 08 06     50.10 A
06623800 2005 08 07     49.10 A
06623800 2005 08 08     47.80 A
06623800 2005 08 09     49.00 A
06623800 2005 08 10     53.00 A
06623800 2005 08 11     54.00 A
06623800 2005 08 12     45.90 A
06623800 2005 08 13     42.20 A
06623800 2005 08 14     40.60 A
06623800 2005 08 15     38.60 A
06623800 2005 08 16     38.00 A
06623800 2005 08 17     48.40 A
06623800 2005 08 18     43.90 A
06623800 2005 08 19     40.20 A
06623800 2005 08 20     36.80 A
06623800 2005 08 21     37.00 A
06623800 2005 08 22     39.00 A
06623800 2005 08 23     40.60 A
06623800 2005 08 24     38.90 A
06623800 2005 08 25     35.10 A
06623800 2005 08 26     33.50 A
06623800 2005 08 27     30.70 A
06623800 2005 08 28     29.50 A
06623800 2005 08 29     28.50 A
06623800 2005 08 30     27.70 A
06623800 2005 08 31     26.80 A
06623800 2005 09 01     26.60 A
06623800 2005 09 02     26.10 A
06623800 2005 09 03     25.90 A
06623800 2005 09 04     26.20 A
06623800 2005 09 05     26.20 A
06623800 2005 09 06     25.00 A
06623800 2005 09 07     24.90 A
06623800 2005 09 08     24.80 A
06623800 2005 09 09     28.10 A
06623800 2005 09 10     34.60 A
06623800 2005 09 11     28.50 A
06623800 2005 09 12     24.70 A
06623800 2005 09 13     24.10 A
06623800 2005 09 14     24.00 A
06623800 2005 09 15     23.50 A
06623800 2005 09 16     23.00 A
06623800 2005 09 17     22.20 A
06623800 2005 09 18     21.70 A
06623800 2005 09 19     21.30 A
06623800 2005 09 20     20.90 A
06623800 2005 09 21     24.30 A
06623800 2005 09 22     37.10 A
06623800 2005 09 23     26.90 A
06623800 2005 09 24     25.50 A
06623800 2005 09 25     23.20 A
06623800 2005 09 26     21.90 A
06623800 2005 09 27     23.80 A
06623800 2005 09 28     32.00 A
06623800 2005 09 29     25.30 A
06623800 2005 09 30     23.10 A
06623800 2005 10 01     22.10 A
06623800 2005 10 02     21.30 A
06623800 2005 10 03     20.50 A
06623800 2005 10 04     35.00 A
06623800 2005 10 05     45.00 A
06623800 2005 10 06     32.30 A
06623800 2005 10 07     35.00 A
06623800 2005 10 08     38.50 A
06623800 2005 10 09     52.60 A
06623800 2005 10 10     42.10 A
06623800 2005 10 11     35.70 A
06623800 2005 10 12     34.60 A
06623800 2005 10 13     38.70 A
06623800 2005 10 14     40.20 A
06623800 2005 10 15     40.30 A
06623800 2005 10 16     39.00 A
06623800 2005 10 17     37.10 A
06623800 2005 10 18     34.80 A
06623800 2005 10 19     35.10 A
06623800 2005 10 20     37.40 A
06623800 2005 10 21     40.00 A
06623800 2005 10 22     32.80 A
06623800 2005 10 23     29.30 A
06623800 2005 10 24     27.00 A
06623800 2005 10 25     26.80 A
06623800 2005 10 26     26.40 A
06623800 2005 10 27     25.90 A
06623800 2005 10 28     26.70 A
06623800 2005 10 29     30.20 A
06623800 2005 10 30     29.70 A
06623800 2005 10 31     23.30 A
06623800 2005 11 01     28.70 A
06623800 2005 11 02     27.00 A
06623800 2005 11 03     26.60 A
06623800 2005 11 04     26.00 A
06623800 2005 11 05     24.50 A
06623800 2005 11 06     28.70 A
06623800 2005 11 07     28.00 A
06623800 2005 11 08     30.60 A
06623800 2005 11 09     36.00 A
06623800 2005 11 10     33.00 A
06623800 2005 11 11     34.00 A
06623800 2005 11 12     33.10 A
06623800 2005 11 13     29.30 A
06623800 2005 11 14     28.90 A
06623800 2005 11 15     28.00 A
06623800 2005 11 16     29.00 A
06623800 2005 11 17     35.00 A
06623800 2005 11 18     35.00 A
06623800 2005 11 19     36.00 A
06623800 2005 11 20     38.20 A
06623800 2005 11 21     38.20 A
06623800 2005 11 22     38.20 A
06623800 2005 11 23     38.20 A
06623800 2005 11 24     38.20 A
06623800 2005 11 25     38.20 A
06623800 2005 11 26     38.20 A
06623800 2005 11 27     37.00 A
06623800 2005 11 28     36.00 A
06623800 2005 11 29     35.00 A
06623800 2005 11 30     34.00 A
06623800 2005 12 01     34.00 A
06623800 2005 12 02     35.00 A
06623800 2005 12 03     34.00 A
06623800 2005 12 04     32.00 A
06623800 2005 12 05     31.00 A
06623800 2005 12 06     28.70 A
06623800 2005 12 07     26.50 A
06623800 2005 12 08     25.50 A
06623800 2005 12 09     26.50 A
06623800 2005 12 10     27.80 A
06623800 2005 12 11     27.60 A
06623800 2005 12 12     27.40 A
06623800 2005 12 13     27.30 A
06623800 2005 12 14     27.30 A
06623800 2005 12 15     26.80 A
06623800 2005 12 16     26.60 A
06623800 2005 12 17     26.70 A
06623800 2005 12 18     26.70 A
06623800 2005 12 19     27.00 A
06623800 2005 12 20     28.00 A
06623800 2005 12 21     30.10 A
06623800 2005 12 22     29.60 A
06623800 2005 12 23     29.00 A
06623800 2005 12 24     28.20 A
06623800 2005 12 25     28.20 A
06623800 2005 12 26     29.00 A
06623800 2005 12 27     28.30 A
06623800 2005 12 28     28.70 A
06623800 2005 12 29     26.50 A
06623800 2005 12 30     24.40 A
06623800 2005 12 31     25.10 A
06623800 2006 01 01     25.40 A
06623800 2006 01 02     25.40 A
06623800 2006 01 03     25.40 A
06623800 2006 01 04     24.00 A
06623800 2006 01 05     24.90 A
06623800 2006 01 06     25.60 A
06623800 2006 01 07     26.60 A
06623800 2006 01 08     24.70 A
06623800 2006 01 09     23.90 A
06623800 2006 01 10     24.70 A
06623800 2006 01 11     23.70 A
06623800 2006 01 12     23.00 A
06623800 2006 01 13     24.00 A
06623800 2006 01 14     25.10 A
06623800 2006 01 15     25.80 A
06623800 2006 01 16     24.70 A
06623800 2006 01 17     23.30 A
06623800 2006 01 18     24.00 A
06623800 2006 01 19     23.60 A
06623800 2006 01 20     22.40 A
06623800 2006 01 21     22.40 A
06623800 2006 01 22     22.40 A
06623800 2006 01 23     22.40 A
06623800 2006 01 24     24.00 A
06623800 2006 01 25     25.60 A
06623800 2006 01 26     25.40 A
06623800 2006 01 27     24.50 A
06623800 2006 01 28     23.40 A
06623800 2006 01 29     23.80 A
06623800 2006 01 30     24.70 A
06623800 2006 01 31     26.20 A
06623800 2006 02 01     26.00 A
06623800 2006 02 02     26.20 A
06623800 2006 02 03     26.70 A
06623800 2006 02 04     26.70 A
06623800 2006 02 05     25.80 A
06623800 2006 02 06     25.20 A
06623800 2006 02 07     25.20 A
06623800 2006 02 08     26.00 A
06623800 2006 02 09     26.00 A
06623800 2006 02 10     24.90 A
06623800 2006 02 11     23.60 A
06623800 2006 02 12     25.00 A
06623800 2006 02 13     25.70 A
06623800 2006 02 14     25.40 A
06623800 2006 02 15     25.10 A
06623800 2006 02 16     24.70 A
06623800 2006 02 17     24.10 A
06623800 2006 02 18     23.90 A
06623800 2006 02 19     23.80 A
06623800 2006 02 20     23.40 A
06623800 2006 02 21     23.10 A
06623800 2006 02 22     22.80 A
06623800 2006 02 23     22.60 A
06623800 2006 02 24     22.00 A
06623800 2006 02 25     22.00 A
06623800 2006 02 26     22.50 A
06623800 2006 02 27     22.70 A
06623800 2006 02 28     23.00 A
06623800 2006 03 01     23.00 A
06623800 2006 03 02     23.00 A
06623800 2006 03 03     23.30 A
06623800 2006 03 04     25.30 A
06623800 2006 03 05     22.60 A
06623800 2006 03 06     22.70 A
06623800 2006 03 07     24.20 A
06623800 2006 03 08     22.10 A
06623800 2006 03 09     21.60 A
06623800 2006 03 10     20.50 A
06623800 2006 03 11     21.10 A
06623800 2006 03 12     23.00 A
06623800 2006 03 13     22.50 A
06623800 2006 03 14     22.00 A
06623800 2006 03 15     21.70 A
06623800 2006 03 16     21.70 A
06623800 2006 03 17     22.10 A
06623800 2006 03 18     21.60 A
06623800 2006 03 19     21.00 A
06623800 2006 03 20     20.70 A
06623800 2006 03 21     20.60 A
06623800 2006 03 22     20.90 A
06623800 2006 03 23     20.70 A
06623800 2006 03 24     21.20 A
06623800 2006 03 25     22.10 A
06623800 2006 03 26     21.60 A
06623800 2006 03 27     23.10 A
06623800 2006 03 28     23.70 A
06623800 2006 03 29     25.10 A
06623800 2006 03 30     24.50 A
06623800 2006 03 31     24.10 A
06623800 2006 04 01     25.20 A
06623800 2006 04 02     24.00 A
06623800 2006 04 03     24.00 A
06623800 2006 04 04     25.00 A
06623800 2006 04 05     32.00 A
06623800 2006 04 06     34.00 A
06623800 2006 04 07     30.00 A
06623800 2006 04 08     28.00 A
06623800 2006 04 09     30.00 A
06623800 2006 04 10     34.00 A
06623800 2006 04 11     42.40 A
06623800 2006 04 12     46.10 A
06623800 2006 04 13     56.50 A
06623800 2006 04 14     65.50 A
06623800 2006 04 15     78.80 A
06623800 2006 04 16     93.90 A
06623800 2006 04 17     106.00 A
06623800 2006 04 18     99.90 A
06623800 2006 04 19     92.70 A
06623800 2006 04 20     77.30 A
06623800 2006 04 21     78.50 A
06623800 2006 04 22     98.10 A
06623800 2006 04 23     138.00 A
06623800 2006 04 24     170.00 A
06623800 2006 04 25     136.00 A
06623800 2006 04 26     131.00 A
06623800 2006 04 27     168.00 A
06623800 2006 04 28     192.00 A
06623800 2006 04 29     168.00 A
06623800 2006 04 30     175.00 A
06623800 2006 05 01     205.00 A
06623800 2006 05 02     234.00 A
06623800 2006 05 03     236.00 A
06623800 2006 05 04     236.00 A
06623800 2006 05 05     244.00 A
06623800 2006 05 06     233.00 A
06623800 2006 05 07     250.00 A
06623800 2006 05 08     287.00 A
06623800 2006 05 09     271.00 A
06623800 2006 05 10     241.00 A
06623800 2006 05 11     224.00 A
06623800 2006 05 12     264.00 A
06623800 2006 05 13     351.00 A
06623800 2006 05 14     454.00 A
06623800 2006 05 15     526.00 A
06623800 2006 05 16     595.00 A
06623800 2006 05 17     667.00 A
06623800 2006 05 18     732.00 A
06623800 2006 05 19     849.00 A
06623800 2006 05 20     974.00 A
06623800 2006 05 21     1060.00 A
06623800 2006 05 22     1120.00 A
06623800 2006 05 23     1150.00 A
06623800 2006 05 24     916.00 A
06623800 2006 05 25     909.00 A
06623800 2006 05 26     974.00 A
06623800 2006 05 27     970.00 A
06623800 2006 05 28     857.00 A
06623800 2006 05 29     666.00 A
06623800 2006 05 30     565.00 A
06623800 2006 05 31     564.00 A
06623800 2006 06 01     601.00 A
06623800 2006 06 02     675.00 A
06623800 2006 06 03     735.00 A
06623800 2006 06 04     785.00 A
06623800 2006 06 05     865.00 A
06623800 2006 06 06     878.00 A
06623800 2006 06 07     860.00 A
06623800 2006 06 08     866.00 A
06623800 2006 06 09     898.00 A
06623800 2006 06 10     773.00 A
06623800 2006 06 11     627.00 A
06623800 2006 06 12     577.00 A
06623800 2006 06 13     529.00 A
06623800 2006 06 14     493.00 A
06623800 2006 06 15     446.00 A
06623800 2006 06 16     382.00 A
06623800 2006 06 17     349.00 A
06623800 2006 06 18     334.00 A
06623800 2006 06 19     316.00 A
06623800 2006 06 20     297.00 A
06623800 2006 06 21     275.00 A
06623800 2006 06 22     253.00 A
06623800 2006 06 23     232.00 A
06623800 2006 06 24     212.00 A
06623800 2006 06 25     198.00 A
06623800 2006 06 26     184.00 A
06623800 2006 06 27     172.00 A
06623800 2006 06 28     159.00 A
06623800 2006 06 29     151.00 A
06623800 2006 06 30     146.00 A
06623800 2006 07 01     145.00 A
06623800 2006 07 02     132.00 A
06623800 2006 07 03     129.00 A
06623800 2006 07 04     124.00 A
06623800 2006 07 05     112.00 A
06623800 2006 07 06     108.00 A
06623800 2006 07 07     108.00 A
06623800 2006 07 08     116.00 A
06623800 2006 07 09     194.00 A
06623800 2006 07 10     202.00 A
06623800 2006 07 11     113.00 A
06623800 2006 07 12     98.50 A
06623800 2006 07 13     92.20 A
06623800 2006 07 14     83.10 A
06623800 2006 07 15     77.00 A
06623800 2006 07 16     73.20 A
06623800 2006 07 17     69.70 A
06623800 2006 07 18     67.10 A
06623800 2006 07 19     68.30 A
06623800 2006 07 20     66.80 A
06623800 2006 07 21     64.00 A
06623800 2006 07 22     58.60 A
06623800 2006 07 23     54.90 A
06623800 2006 07 24     53.20 A
06623800 2006 07 25     68.50 A
06623800 2006 07 26     77.40 A
06623800 2006 07 27     55.20 A
06623800 2006 07 28     50.70 A
06623800 2006 07 29     48.20 A
06623800 2006 07 30     46.80 A
06623800 2006 07 31     47.70 A
06623800 2006 08 01     58.30 A
06623800 2006 08 02     51.00 A
06623800 2006 08 03     45.40 A
06623800 2006 08 04     45.00 A
06623800 2006 08 05     47.40 A
06623800 2006 08 06     45.70 A
06623800 2006 08 07     44.00 A
06623800 2006 08 08     40.20 A
06623800 2006 08 09     37.20 A
06623800 2006 08 10     35.20 A
06623800 2006 08 11     33.50 A
06623800 2006 08 12     41.60 A
06623800 2006 08 13     51.20 A
06623800 2006 08 14     38.50 A
06623800 2006 08 15     34.30 A
06623800 2006 08 16     33.60 A
06623800 2006 08 17     33.00 A
06623800 2006 08 18     31.60 A
06623800 2006 08 19     31.00 A
06623800 2006 08 20     30.60 A
06623800 2006 08 21     29.30 A
06623800 2006 08 22     28.50 A
06623800 2006 08 23     28.20 A
06623800 2006 08 24     27.20 A
06623800 2006 08 25     28.50 A
06623800 2006 08 26     36.20 A
06623800 2006 08 27     38.70 A
06623800 2006 08 28     38.50 A
06623800 2006 08 29     30.60 A
06623800 2006 08 30     27.50 A
06623800 2006 08 31     26.10 A
06623800 2006 09 01     25.30 A
06623800 2006 09 02     24.20 A
06623800 2006 09 03     23.60 A
06623800 2006 09 04     23.10 A
06623800 2006 09 05     22.70 A
06623800 2006 09 06     22.80 A
06623800 2006 09 07     23.10 A
06623800 2006 09 08     24.80 A
06623800 2006 09 09     39.40 A
06623800 2006 09 10     40.40 A
06623800 2006 09 11     35.30 A
06623800 2006 09 12     29.70 A
06623800 2006 09 13     25.90 A
06623800 2006 09 14     25.00 A
06623800 2006 09 15     30.30 A
06623800 2006 09 16     80.00 A
06623800 2006 09 17     49.40 A
06623800 2006 09 18     45.30 A
06623800 2006 09 19     53.40 A
06623800 2006 09 20     59.10 A
06623800 2006 09 21     64.00 A
06623800 2006 09 22     55.40 A
06623800 2006 09 23     49.00 A
06623800 2006 09 24     46.20 A
06623800 2006 09 25     47.30 A
06623800 2006 09 26     48.70 A
06623800 2006 09 27     53.10 A
06623800 2006 09 28     55.70 A
06623800 2006 09 29     60.30 A
06623800 2006 09 30     58.80 A
06623800 2006 10 01     53.70 A
06623800 2006 10 02     48.40 A
06623800 2006 10 03     89.90 A
06623800 2006 10 04     63.30 A
06623800 2006 10 05     52.90 A
06623800 2006 10 06     53.20 A
06623800 2006 10 07     102.00 A
06623800 2006 10 08     81.00 A
06623800 2006 10 09     64.60 A
06623800 2006 10 10     71.50 A
06623800 2006 10 11     61.90 A
06623800 2006 10 12     58.20 A
06623800 2006 10 13     56.50 A
06623800 2006 10 14     52.70 A
06623800 2006 10 15     49.90 A
06623800 2006 10 16     57.30 A
06623800 2006 10 17     55.20 A
06623800 2006 10 18     48.60 A
06623800 2006 10 19     51.10 A
06623800 2006 10 20     51.00 A
06623800 2006 10 21     49.90 A
06623800 2006 10 22     49.10 A
06623800 2006 10 23     51.50 A
06623800 2006 10 24     53.00 A
06623800 2006 10 25     51.50 A
06623800 2006 10 26     48.70 A
06623800 2006 10 27     49.90 A
06623800 2006 10 28     47.40 A
06623800 2006 10 29     47.60 A
06623800 2006 10 30     47.60 A
06623800 2006 10 31     44.70 A
06623800 2006 11 01     34.00 A
06623800 2006 11 02     33.00 A
06623800 2006 11 03     36.00 A
06623800 2006 11 04     40.00 A
06623800 2006 11 05     42.70 A
06623800 2006 11 06     40.80 A
06623800 2006 11 07     53.50 A
06623800 2006 11 08     66.30 A
06623800 2006 11 09     61.30 A
06623800 2006 11 10     45.20 A
06623800 2006 11 11     38.00 A
06623800 2006 11 12     36.00 A
06623800 2006 11 13     34.00 A
06623800 2006 11 14     32.00 A
06623800 2006 11 15     32.00 A
06623800 2006 11 16     32.00 A
06623800 2006 11 17     34.00 A
06623800 2006 11 18     36.00 A
06623800 2006 11 19     36.00 A
06623800 2006 11 20     36.00 A
06623800 2006 11 21     38.00 A
06623800 2006 11 22     40.00 A
06623800 2006 11 23     40.00 A
06623800 2006 11 24     38.00 A
06623800 2006 11 25     36.00 A
06623800 2006 11 26     36.00 A
06623800 2006 11 27     35.00 A
06623800 2006 11 28     35.00 A
06623800 2006 11 29     33.00 A
06623800 2006 11 30     29.00 A
06623800 2006 12 01     26.00 A
06623800 2006 12 02     24.00 A
06623800 2006 12 03     23.00 A
06623800 2006 12 04     24.00 A
06623800 2006 12 05     26.00 A
06623800 2006 12 06     28.00 A
06623800 2006 12 07     29.00 A
06623800 2006 12 08     30.90 A
06623800 2006 12 09     30.80 A
06623800 2006 12 10     31.30 A
06623800 2006 12 11     31.40 A
06623800 2006 12 12     31.60 A
06623800 2006 12 13     31.40 A
06623800 2006 12 14     31.20 A
06623800 2006 12 15     31.20 A
06623800 2006 12 16     30.10 A
06623800 2006 12 17     27.80 A
06623800 2006 12 18     27.00 A
06623800 2006 12 19     27.00 A
06623800 2006 12 20     28.00 A
06623800 2006 12 21     28.00 A
06623800 2006 12 22     27.80 A
06623800 2006 12 23     27.90 A
06623800 2006 12 24     26.60 A
06623800 2006 12 25     27.10 A
06623800 2006 12 26     27.70 A
06623800 2006 12 27     26.80 A
06623800 2006 12 28     26.30 A
06623800 2006 12 29     25.70 A
06623800 2006 12 30     24.00 A
06623800 2006 12 31     25.90 A
06623800 2007 01 01     25.50 A
06623800 2007 01 02     24.60 A
06623800 2007 01 03     25.00 A
06623800 2007 01 04     25.10 A
06623800 2007 01 05     25.60 A
06623800 2007 01 06     24.90 A
06623800 2007 01 07     25.60 A
06623800 2007 01 08     25.50 A
06623800 2007 01 09     25.40 A
06623800 2007 01 10     24.90 A
06623800 2007 01 11     24.60 A
06623800 2007 01 12     23.30 A
06623800 2007 01 13     24.20 A
06623800 2007 01 14     24.30 A
06623800 2007 01 15     24.00 A
06623800 2007 01 16     23.80 A
06623800 2007 01 17     23.90 A
06623800 2007 01 18     24.00 A
06623800 2007 01 19     23.80 A
06623800 2007 01 20     23.90 A
06623800 2007 01 21     23.90 A
06623800 2007 01 22     23.40 A
06623800 2007 01 23     23.00 A
06623800 2007 01 24     22.70 A
06623800 2007 01 25     22.60 A
06623800 2007 01 26     22.60 A
06623800 2007 01 27     22.30 A
06623800 2007 01 28     21.80 A
06623800 2007 01 29     21.90 A
06623800 2007 01 30     21.80 A
06623800 2007 01 31     22.00 A
06623800 2007 02 01     21.80 A
06623800 2007 02 02     21.60 A
06623800 2007 02 03     21.50 A
06623800 2007 02 04     21.50 A
06623800 2007 02 05     21.80 A
06623800 2007 02 06     22.00 A
06623800 2007 02 07     22.40 A
06623800 2007 02 08     22.10 A
06623800 2007 02 09     21.50 A
06623800 2007 02 10     21.30 A
06623800 2007 02 11     21.20 A
06623800 2007 02 12     21.60 A
06623800 2007 02 13     20.00 A
06623800 2007 02 14     20.00 A
06623800 2007 02 15     19.00 A
06623800 2007 02 16     18.50 A
06623800 2007 02 17     19.00 A
06623800 2007 02 18     21.50 A
06623800 2007 02 19     21.80 A
06623800 2007 02 20     21.30 A
06623800 2007 02 21     21.10 A
06623800 2007 02 22     20.80 A
06623800 2007 02 23     20.80 A
06623800 2007 02 24     20.30 A
06623800 2007 02 25     20.50 A
06623800 2007 02 26     20.70 A
06623800 2007 02 27     20.90 A
06623800 2007 02 28     20.90 A
06623800 2007 03 01     20.30 A
06623800 2007 03 02     21.50 A
06623800 2007 03 03     21.60 A
06623800 2007 03 04     21.40 A
06623800 2007 03 05     21.40 A
06623800 2007 03 06     21.20 A
06623800 2007 03 07     21.60 A
06623800 2007 03 08     21.80 A
06623800 2007 03 09     21.50 A
06623800 2007 03 10     21.30 A
06623800 2007 03 11     21.00 A
06623800 2007 03 12     21.00 A
06623800 2007 03 13     23.00 A
06623800 2007 03 14     25.00 A
06623800 2007 03 15     24.60 A
06623800 2007 03 16     26.00 A
06623800 2007 03 17     26.00 A
06623800 2007 03 18     32.00 A
06623800 2007 03 19     38.00 A
06623800 2007 03 20     43.00 A
06623800 2007 03 21     46.10 A
06623800 2007 03 22     46.40 A
06623800 2007 03 23     44.10 A
06623800 2007 03 24     44.50 A
06623800 2007 03 25     42.90 A
06623800 2007 03 26     50.20 A
06623800 2007 03 27     59.40 A
06623800 2007 03 28     64.60 A
06623800 2007 03 29     48.70 A
06623800 2007 03 30     46.30 A
06623800 2007 03 31     43.90 A
06623800 2007 04 01     43.70 A
06623800 2007 04 02     46.60 A
06623800 2007 04 03     50.50 A
06623800 2007 04 04     49.90 A
06623800 2007 04 05     54.00 A
06623800 2007 04 06     57.30 A
06623800 2007 04 07     62.90 A
06623800 2007 04 08     63.30 A
06623800 2007 04 09     59.60 A
06623800 2007 04 10     57.30 A
06623800 2007 04 11     48.40 A
06623800 2007 04 12     47.60 A
06623800 2007 04 13     47.40 A
06623800 2007 04 14     47.00 A
06623800 2007 04 15     53.40 A
06623800 2007 04 16     69.80 A
06623800 2007 04 17     78.90 A
06623800 2007 04 18     89.50 A
06623800 2007 04 19     93.80 A
06623800 2007 04 20     79.10 A
06623800 2007 04 21     84.40 A
06623800 2007 04 22     79.70 A
06623800 2007 04 23     88.00 A
06623800 2007 04 24     81.20 A
06623800 2007 04 25     74.40 A
06623800 2007 04 26     84.30 A
06623800 2007 04 27     104.00 A
06623800 2007 04 28     140.00 A
06623800 2007 04 29     194.00 A
06623800 2007 04 30     263.00 A
06623800 2007 05 01     305.00 A
06623800 2007 05 02     323.00 A
06623800 2007 05 03     370.00 A
06623800 2007 05 04     323.00 A
06623800 2007 05 05     265.00 A
06623800 2007 05 06     220.00 A
06623800 2007 05 07     199.00 A
06623800 2007 05 08     193.00 A
06623800 2007 05 09     214.00 A
06623800 2007 05 10     244.00 A
06623800 2007 05 11     310.00 A
06623800 2007 05 12     398.00 A
06623800 2007 05 13     501.00 A
06623800 2007 05 14     600.00 A
06623800 2007 05 15     598.00 A
06623800 2007 05 16     590.00 A
06623800 2007 05 17     596.00 A
06623800 2007 05 18     579.00 A
06623800 2007 05 19     597.00 A
06623800 2007 05 20     638.00 A
06623800 2007 05 21     663.00 A
06623800 2007 05 22     602.00 A
06623800 2007 05 23     460.00 A
06623800 2007 05 24     397.00 A
06623800 2007 05 25     380.00 A
06623800 2007 05 26     400.00 A
06623800 2007 05 27     424.00 A
06623800 2007 05 28     487.00 A
06623800 2007 05 29     505.00 A
06623800 2007 05 30     423.00 A
06623800 2007 05 31     409.00 A
06623800 2007 06 01     386.00 A
06623800 2007 06 02     378.00 A
06623800 2007 06 03     416.00 A
06623800 2007 06 04     449.00 A
06623800 2007 06 05     450.00 A
06623800 2007 06 06     498.00 A
06623800 2007 06 07     405.00 A
06623800 2007 06 08     423.00 A
06623800 2007 06 09     394.00 A
06623800 2007 06 10     384.00 A
06623800 2007 06 11     401.00 A
06623800 2007 06 12     438.00 A
06623800 2007 06 13     414.00 A
06623800 2007 06 14     402.00 A
06623800 2007 06 15     405.00 A
06623800 2007 06 16     403.00 A
06623800 2007 06 17     389.00 A
06623800 2007 06 18     340.00 A
06623800 2007 06 19     295.00 A
06623800 2007 06 20     278.00 A
06623800 2007 06 21     259.00 A
06623800 2007 06 22     237.00 A
06623800 2007 06 23     216.00 A
06623800 2007 06 24     197.00 A
06623800 2007 06 25     180.00 A
06623800 2007 06 26     165.00 A
06623800 2007 06 27     153.00 A
06623800 2007 06 28     145.00 A
06623800 2007 06 29     137.00 A
06623800 2007 06 30     130.00 A
06623800 2007 07 01     121.00 A
06623800 2007 07 02     111.00 A
06623800 2007 07 03     104.00 A
06623800 2007 07 04     98.30 A
06623800 2007 07 05     93.50 A
06623800 2007 07 06     90.10 A
06623800 2007 07 07     87.20 A
06623800 2007 07 08     83.60 A
06623800 2007 07 09     79.80 A
06623800 2007 07 10     73.90 A
06623800 2007 07 11     72.60 A
06623800 2007 07 12     72.10 A
06623800 2007 07 13     90.20 A
06623800 2007 07 14     74.30 A
06623800 2007 07 15     69.50 A
06623800 2007 07 16     64.50 A
06623800 2007 07 17     64.10 A
06623800 2007 07 18     63.90 A
06623800 2007 07 19     71.00 A
06623800 2007 07 20     72.80 A
06623800 2007 07 21     86.90 A
06623800 2007 07 22     61.40 A
06623800 2007 07 23     63.90 A
06623800 2007 07 24     56.50 A
06623800 2007 07 25     66.40 A
06623800 2007 07 26     72.00 A
06623800 2007 07 27     99.70 A
06623800 2007 07 28     107.00 A
06623800 2007 07 29     63.10 A
06623800 2007 07 30     54.40 A
06623800 2007 07 31     50.20 A
06623800 2007 08 01     48.10 A
06623800 2007 08 02     50.20 A
06623800 2007 08 03     62.40 A
06623800 2007 08 04     55.40 A
06623800 2007 08 05     52.50 A
06623800 2007 08 06     55.40 A
06623800 2007 08 07     52.30 A
06623800 2007 08 08     44.70 A
06623800 2007 08 09     39.90 A
06623800 2007 08 10     37.40 A
06623800 2007 08 11     35.70 A
06623800 2007 08 12     34.70 A
06623800 2007 08 13     34.50 A
06623800 2007 08 14     34.70 A
06623800 2007 08 15     38.20 A
06623800 2007 08 16     40.00 A
06623800 2007 08 17     38.70 A
06623800 2007 08 18     42.10 A
06623800 2007 08 19     45.90 A
06623800 2007 08 20     34.80 A
06623800 2007 08 21     30.80 A
06623800 2007 08 22     29.50 A
06623800 2007 08 23     34.80 A
06623800 2007 08 24     42.40 A
06623800 2007 08 25     31.60 A
06623800 2007 08 26     29.50 A
06623800 2007 08 27     30.60 A
06623800 2007 08 28     33.30 A
06623800 2007 08 29     29.60 A
06623800 2007 08 30     27.90 A
06623800 2007 08 31     27.80 A
06623800 2007 09 01     30.20 A
06623800 2007 09 02     27.90 A
06623800 2007 09 03     27.00 A
06623800 2007 09 04     26.00 A
06623800 2007 09 05     30.10 A
06623800 2007 09 06     78.20 A
06623800 2007 09 07     40.50 A
06623800 2007 09 08     31.30 A
06623800 2007 09 09     28.50 A
06623800 2007 09 10     27.80 A
06623800 2007 09 11     26.20 A
06623800 2007 09 12     25.70 A
06623800 2007 09 13     25.10 A
06623800 2007 09 14     25.00 A
06623800 2007 09 15     25.50 A
06623800 2007 09 16     33.10 A
06623800 2007 09 17     147.00 A
06623800 2007 09 18     61.00 A
06623800 2007 09 19     40.90 A
06623800 2007 09 20     34.90 A
06623800 2007 09 21     31.70 A
06623800 2007 09 22     30.20 A
06623800 2007 09 23     62.40 A
06623800 2007 09 24     70.50 A
06623800 2007 09 25     59.80 A
06623800 2007 09 26     54.10 A
06623800 2007 09 27     44.10 A
06623800 2007 09 28     39.80 A
06623800 2007 09 29     38.40 A
06623800 2007 09 30     56.10 A
06623800 2007 10 01     54.60 A
06623800 2007 10 02     86.90 A
06623800 2007 10 03     69.00 A
06623800 2007 10 04     70.50 A
06623800 2007 10 05     63.20 A
06623800 2007 10 06     56.60 A
06623800 2007 10 07     54.80 A
06623800 2007 10 08     53.10 A
06623800 2007 10 09     55.30 A
06623800 2007 10 10     51.40 A
06623800 2007 10 11     48.40 A
06623800 2007 10 12     44.10 A
06623800 2007 10 13     42.80 A
06623800 2007 10 14     52.50 A
06623800 2007 10 15     51.70 A
06623800 2007 10 16     54.00 A
06623800 2007 10 17     56.70 A
06623800 2007 10 18     48.70 A
06623800 2007 10 19     49.00 A
06623800 2007 10 20     56.10 A
06623800 2007 10 21     48.00 A
06623800 2007 10 22     53.40 A
06623800 2007 10 23     57.00 A
06623800 2007 10 24     55.40 A
06623800 2007 10 25     58.80 A
06623800 2007 10 26     59.90 A
06623800 2007 10 27     58.90 A
06623800 2007 10 28     55.80 A
06623800 2007 10 29     53.60 A
06623800 2007 10 30     58.10 A
06623800 2007 10 31     61.10 A
06623800 2007 11 01     53.50 A
06623800 2007 11 02     44.80 A
06623800 2007 11 03     43.30 A
06623800 2007 11 04     45.50 A
06623800 2007 11 05     43.30 A
06623800 2007 11 06     39.50 A
06623800 2007 11 07     40.70 A
06623800 2007 11 08     42.30 A
06623800 2007 11 09     42.00 A
06623800 2007 11 10     42.90 A
06623800 2007 11 11     41.80 A
06623800 2007 11 12     41.10 A
06623800 2007 11 13     41.00 A
06623800 2007 11 14     36.50 A
06623800 2007 11 15     31.00 A
06623800 2007 11 16     50.40 A
06623800 2007 11 17     44.30 A
06623800 2007 11 18     40.00 A
06623800 2007 11 19     37.80 A
06623800 2007 11 20     35.90 A
06623800 2007 11 21     27.80 A
06623800 2007 11 22     26.10 A
06623800 2007 11 23     24.70 A
06623800 2007 11 24     24.70 A
06623800 2007 11 25     25.70 A
06623800 2007 11 26     26.80 A
06623800 2007 11 27     26.80 A
06623800 2007 11 28     27.90 A
06623800 2007 11 29     27.10 A
06623800 2007 11 30     26.30 A
06623800 2007 12 01     27.30 A
06623800 2007 12 02     28.40 A
06623800 2007 12 03     28.40 A
06623800 2007 12 04     28.80 A
06623800 2007 12 05     30.40 A
06623800 2007 12 06     30.30 A
06623800 2007 12 07     30.30 A
06623800 2007 12 08     29.00 A
06623800 2007 12 09     29.00 A
06623800 2007 12 10     29.00 A
06623800 2007 12 11     28.00 A
06623800 2007 12 12     27.70 A
06623800 2007 12 13     27.50 A
06623800 2007 12 14     25.80 A
06623800 2007 12 15     26.00 A
06623800 2007 12 16     25.80 A
06623800 2007 12 17     26.20 A
06623800 2007 12 18     26.80 A
06623800 2007 12 19     27.00 A
06623800 2007 12 20     27.00 A
06623800 2007 12 21     26.80 A
06623800 2007 12 22     25.90 A
06623800 2007 12 23     25.30 A
06623800 2007 12 24     25.30 A
06623800 2007 12 25     26.20 A
06623800 2007 12 26     26.20 A
06623800 2007 12 27     25.00 A
06623800 2007 12 28     24.20 A
06623800 2007 12 29     24.40 A
06623800 2007 12 30     24.40 A
06623800 2007 12 31     24.40 A
06623800 2008 01 01     23.30 A
06623800 2008 01 02     23.30 A
06623800 2008 01 03     24.10 A
06623800 2008 01 04     24.40 A
06623800 2008 01 05     24.70 A
06623800 2008 01 06     25.30 A
06623800 2008 01 07     25.00 A
06623800 2008 01 08     23.50 A
06623800 2008 01 09     23.50 A
06623800 2008 01 10     23.50 A
06623800 2008 01 11     24.90 A
06623800 2008 01 12     24.90 A
06623800 2008 01 13     24.90 A
06623800 2008 01 14     24.90 A
06623800 2008 01 15     26.10 A
06623800 2008 01 16     25.80 A
06623800 2008 01 17     25.80 A
06623800 2008 01 18     24.80 A
06623800 2008 01 19     24.00 A
06623800 2008 01 20     24.00 A
06623800 2008 01 21     25.00 A
06623800 2008 01 22     24.00 A
06623800 2008 01 23     24.00 A
06623800 2008 01 24     25.00 A
06623800 2008 01 25     25.00 A
06623800 2008 01 26     25.00 A
06623800 2008 01 27     26.00 A
06623800 2008 01 28     26.00 A
06623800 2008 01 29     24.50 A
06623800 2008 01 30     23.00 A
06623800 2008 01 31     22.20 A
06623800 2008 02 01     22.20 A
06623800 2008 02 02     21.20 A
06623800 2008 02 03     21.20 A
06623800 2008 02 04     21.80 A
06623800 2008 02 05     21.80 A
06623800 2008 02 06     20.80 A
06623800 2008 02 07     20.00 A
06623800 2008 02 08     18.90 A
06623800 2008 02 09     19.80 A
06623800 2008 02 10     21.00 A
06623800 2008 02 11     22.20 A
06623800 2008 02 12     22.40 A
06623800 2008 02 13     21.10 A
06623800 2008 02 14     21.40 A
06623800 2008 02 15     22.40 A
06623800 2008 02 16     23.40 A
06623800 2008 02 17     23.40 A
06623800 2008 02 18     23.40 A
06623800 2008 02 19     22.10 A
06623800 2008 02 20     23.10 A
06623800 2008 02 21     24.50 A
06623800 2008 02 22     24.50 A
06623800 2008 02 23     24.50 A
06623800 2008 02 24     24.50 A
06623800 2008 02 25     25.60 A
06623800 2008 02 26     26.00 A
06623800 2008 02 27     25.00 A
06623800 2008 02 28     24.00 A
06623800 2008 02 29     24.00 A
06623800 2008 03 01     25.00 A
06623800 2008 03 02     25.00 A
06623800 2008 03 03     24.00 A
06623800 2008 03 04     23.00 A
06623800 2008 03 05     23.00 A
06623800 2008 03 06     23.00 A
06623800 2008 03 07     23.00 A
06623800 2008 03 08     24.00 A
06623800 2008 03 09     24.80 A
06623800 2008 03 10     24.90 A
06623800 2008 03 11     25.10 A
06623800 2008 03 12     27.80 A
06623800 2008 03 13     23.90 A
06623800 2008 03 14     25.50 A
06623800 2008 03 15     24.60 A
06623800 2008 03 16     25.00 A
06623800 2008 03 17     24.20 A
06623800 2008 03 18     23.40 A
06623800 2008 03 19     23.30 A
06623800 2008 03 20     22.80 A
06623800 2008 03 21     22.60 A
06623800 2008 03 22     22.60 A
06623800 2008 03 23     22.00 A
06623800 2008 03 24     23.00 A
06623800 2008 03 25     25.20 A
06623800 2008 03 26     24.10 A
06623800 2008 03 27     23.20 A
06623800 2008 03 28     23.00 A
06623800 2008 03 29     25.60 A
06623800 2008 03 30     24.20 A
06623800 2008 03 31     24.40 A
06623800 2008 04 01     23.00 A
06623800 2008 04 02     24.00 A
06623800 2008 04 03     24.80 A
06623800 2008 04 04     25.00 A
06623800 2008 04 05     23.00 A
06623800 2008 04 06     23.00 A
06623800 2008 04 07     24.80 A
06623800 2008 04 08     23.60 A
06623800 2008 04 09     21.50 A
06623800 2008 04 10     20.50 A
06623800 2008 04 11     19.80 A
06623800 2008 04 12     20.00 A
06623800 2008 04 13     20.30 A
06623800 2008 04 14     21.80 A
06623800 2008 04 15     25.00 A
06623800 2008 04 16     26.00 A
06623800 2008 04 17     26.00 A
06623800 2008 04 18     26.00 A
06623800 2008 04 19     29.00 A
06623800 2008 04 20     37.00 A
06623800 2008 04 21     40.30 A
06623800 2008 04 22     42.30 A
06623800 2008 04 23     48.80 A
06623800 2008 04 24     56.40 A
06623800 2008 04 25     52.80 A
06623800 2008 04 26     48.50 A
06623800 2008 04 27     40.00 A
06623800 2008 04 28     41.00 A
06623800 2008 04 29     51.00 A
06623800 2008 04 30     70.90 A
06623800 2008 05 01     76.70 A
06623800 2008 05 02     66.50 A
06623800 2008 05 03     53.00 A
06623800 2008 05 04     54.00 A
06623800 2008 05 05     60.00 A
06623800 2008 05 06     88.60 A
06623800 2008 05 07     125.00 A
06623800 2008 05 08     166.00 A
06623800 2008 05 09     137.00 A
06623800 2008 05 10     115.00 A
06623800 2008 05 11     110.00 A
06623800 2008 05 12     125.00 A
06623800 2008 05 13     112.00 A
06623800 2008 05 14     104.00 A
06623800 2008 05 15     98.90 A
06623800 2008 05 16     106.00 A
06623800 2008 05 17     147.00 A
06623800 2008 05 18     232.00 A
06623800 2008 05 19     355.00 A
06623800 2008 05 20     504.00 A
06623800 2008 05 21     670.00 A
06623800 2008 05 22     679.00 A
06623800 2008 05 23     497.00 A
06623800 2008 05 24     427.00 A
06623800 2008 05 25     373.00 A
06623800 2008 05 26     409.00 A
06623800 2008 05 27     477.00 A
06623800 2008 05 28     571.00 A
06623800 2008 05 29     713.00 A
06623800 2008 05 30     746.00 A
06623800 2008 05 31     775.00 A
06623800 2008 06 01     919.00 A
06623800 2008 06 02     1070.00 A
06623800 2008 06 03     1170.00 A
06623800 2008 06 04     1240.00 A
06623800 2008 06 05     996.00 A
06623800 2008 06 06     929.00 A
06623800 2008 06 07     871.00 A
06623800 2008 06 08     714.00 A
06623800 2008 06 09     612.00 A
06623800 2008 06 10     689.00 A
06623800 2008 06 11     787.00 A
06623800 2008 06 12     572.00 A
06623800 2008 06 13     556.00 A
06623800 2008 06 14     680.00 A
06623800 2008 06 15     850.00 A
06623800 2008 06 16     986.00 A
06623800 2008 06 17     1110.00 A
06623800 2008 06 18     1220.00 A
06623800 2008 06 19     1220.00 A
06623800 2008 06 20     1180.00 A
06623800 2008 06 21     1110.00 A
06623800 2008 06 22     1100.00 A
06623800 2008 06 23     1030.00 A
06623800 2008 06 24     1030.00 A
06623800 2008 06 25     1100.00 A
06623800 2008 06 26     1110.00 A
06623800 2008 06 27     1070.00 A
06623800 2008 06 28     993.00 A
06623800 2008 06 29     907.00 A
06623800 2008 06 30     848.00 A
06623800 2008 07 01     791.00 A
06623800 2008 07 02     743.00 A
06623800 2008 07 03     679.00 A
06623800 2008 07 04     605.00 A
06623800 2008 07 05     560.00 A
06623800 2008 07 06     505.00 A
06623800 2008 07 07     457.00 A
06623800 2008 07 08     419.00 A
06623800 2008 07 09     380.00 A
06623800 2008 07 10     353.00 A
06623800 2008 07 11     320.00 A
06623800 2008 07 12     286.00 A
06623800 2008 07 13     254.00 A
06623800 2008 07 14     232.00 A
06623800 2008 07 15     212.00 A
06623800 2008 07 16     197.00 A
06623800 2008 07 17     221.00 A
06623800 2008 07 18     199.00 A
06623800 2008 07 19     169.00 A
06623800 2008 07 20     155.00 A
06623800 2008 07 21     148.00 A
06623800 2008 07 22     143.00 A
06623800 2008 07 23     141.00 A
06623800 2008 07 24     135.00 A
06623800 2008 07 25     122.00 A
06623800 2008 07 26     116.00 A
06623800 2008 07 27     115.00 A
06623800 2008 07 28     115.00 A
06623800 2008 07 29     106.00 A
06623800 2008 07 30     95.90 A
06623800 2008 07 31     90.10 A
06623800 2008 08 01     85.40 A
06623800 2008 08 02     80.90 A
06623800 2008 08 03     79.90 A
06623800 2008 08 04     78.10 A
06623800 2008 08 05     74.90 A
06623800 2008 08 06     76.10 A
06623800 2008 08 07     83.10 A
06623800 2008 08 08     80.60 A
06623800 2008 08 09     96.70 A
06623800 2008 08 10     91.90 A
06623800 2008 08 11     78.30 A
06623800 2008 08 12     66.70 A
06623800 2008 08 13     61.20 A
06623800 2008 08 14     59.00 A
06623800 2008 08 15     59.60 A
06623800 2008 08 16     69.40 A
06623800 2008 08 17     79.10 A
06623800 2008 08 18     63.30 A
06623800 2008 08 19     55.70 A
06623800 2008 08 20     53.00 A
06623800 2008 08 21     51.60 A
06623800 2008 08 22     48.20 A
06623800 2008 08 23     46.80 A
06623800 2008 08 24     46.00 A
06623800 2008 08 25     46.40 A
06623800 2008 08 26     47.50 A
06623800 2008 08 27     43.90 A
06623800 2008 08 28     41.50 A
06623800 2008 08 29     39.30 A
06623800 2008 08 30     37.90 A
06623800 2008 08 31     38.70 A
06623800 2008 09 01     54.10 A
06623800 2008 09 02     67.70 A
06623800 2008 09 03     48.60 A
06623800 2008 09 04     42.30 A
06623800 2008 09 05     42.10 A
06623800 2008 09 06     38.80 A
06623800 2008 09 07     36.90 A
06623800 2008 09 08     35.70 A
06623800 2008 09 09     35.00 A
06623800 2008 09 10     39.70 A
06623800 2008 09 11     51.00 A
06623800 2008 09 12     69.40 A
06623800 2008 09 13     61.50 A
06623800 2008 09 14     44.90 A
06623800 2008 09 15     38.40 A
06623800 2008 09 16     35.90 A
06623800 2008 09 17     34.40 A
06623800 2008 09 18     34.30 A
06623800 2008 09 19     35.70 A
06623800 2008 09 20     34.60 A
06623800 2008 09 21     65.20 A
06623800 2008 09 22     47.90 A
06623800 2008 09 23     45.00 A
06623800 2008 09 24     37.40 A
06623800 2008 09 25     34.80 A
06623800 2008 09 26     33.90 A
06623800 2008 09 27     34.40 A
06623800 2008 09 28     33.80 A
06623800 2008 09 29     32.20 A
06623800 2008 09 30     31.30 A
06623800 2008 10 01     31.00 A
06623800 2008 10 02     30.90 A
06623800 2008 10 03     31.70 A
06623800 2008 10 04     31.30 A
06623800 2008 10 05     44.80 A
06623800 2008 10 06     44.70 A
06623800 2008 10 07     35.10 A
06623800 2008 10 08     32.80 A
06623800 2008 10 09     31.50 A
06623800 2008 10 10     34.90 A
06623800 2008 10 11     43.50 A
06623800 2008 10 12     69.50 A
06623800 2008 10 13     39.80 A
06623800 2008 10 14     35.90 A
06623800 2008 10 15     38.00 A
06623800 2008 10 16     36.60 A
06623800 2008 10 17     35.30 A
06623800 2008 10 18     35.10 A
06623800 2008 10 19     33.60 A
06623800 2008 10 20     32.60 A
06623800 2008 10 21     36.70 A
06623800 2008 10 22     31.90 A
06623800 2008 10 23     31.90 A
06623800 2008 10 24     38.70 A
06623800 2008 10 25     43.40 A
06623800 2008 10 26     37.20 A
06623800 2008 10 27     36.30 A
06623800 2008 10 28     37.80 A
06623800 2008 10 29     37.90 A
06623800 2008 10 30     37.60 A
06623800 2008 10 31     35.50 A
06623800 2008 11 01     37.50 A
06623800 2008 11 02     44.70 A
06623800 2008 11 03     55.00 A
06623800 2008 11 04     45.00 A
06623800 2008 11 05     34.00 A
06623800 2008 11 06     30.20 A
06623800 2008 11 07     30.00 A
06623800 2008 11 08     34.10 A
06623800 2008 11 09     35.80 A
06623800 2008 11 10     37.40 A
06623800 2008 11 11     34.00 A
06623800 2008 11 12     32.70 A
06623800 2008 11 13     35.10 A
06623800 2008 11 14     33.00 A
06623800 2008 11 15     32.00 A
06623800 2008 11 16     33.00 A
06623800 2008 11 17     34.00 A
06623800 2008 11 18     35.00 A
06623800 2008 11 19     36.00 A
06623800 2008 11 20     35.90 A
06623800 2008 11 21     35.00 A
06623800 2008 11 22     33.00 A
06623800 2008 11 23     32.00 A
06623800 2008 11 24     33.00 A
06623800 2008 11 25     34.00 A
06623800 2008 11 26     35.00 A
06623800 2008 11 27     36.00 A
06623800 2008 11 28     34.00 A
06623800 2008 11 29     32.00 A
06623800 2008 11 30     31.00 A
06623800 2008 12 01     31.00 A
06623800 2008 12 02     32.00 A
06623800 2008 12 03     31.00 A
06623800 2008 12 04     30.00 A
06623800 2008 12 05     28.00 A
06623800 2008 12 06     28.00 A
06623800 2008 12 07     29.00 A
06623800 2008 12 08     28.00 A
06623800 2008 12 09     27.00 A
06623800 2008 12 10     26.00 A
06623800 2008 12 11     26.00 A
06623800 2008 12 12     26.00 A
06623800 2008 12 13     26.00 A
06623800 2008 12 14     25.00 A
06623800 2008 12 15     24.00 A
06623800 2008 12 16     23.00 A
06623800 2008 12 17     23.00 A
06623800 2008 12 18     24.00 A
06623800 2008 12 19     24.00 A
06623800 2008 12 20     24.00 A
06623800 2008 12 21     23.00 A
06623800 2008 12 22     23.00 A
06623800 2008 12 23     23.00 A
06623800 2008 12 24     23.00 A
06623800 2008 12 25     24.00 A
06623800 2008 12 26     24.00 A
06623800 2008 12 27     23.00 A
06623800 2008 12 28     24.00 A
06623800 2008 12 29     24.00 A
06623800 2008 12 30     24.00 A
06623800 2008 12 31     24.00 A
06623800 2009 01 01     25.00 A
06623800 2009 01 02     25.00 A
06623800 2009 01 03     24.00 A
06623800 2009 01 04     23.00 A
06623800 2009 01 05     22.00 A
06623800 2009 01 06     23.00 A
06623800 2009 01 07     24.00 A
06623800 2009 01 08     24.00 A
06623800 2009 01 09     23.00 A
06623800 2009 01 10     23.00 A
06623800 2009 01 11     23.00 A
06623800 2009 01 12     23.00 A
06623800 2009 01 13     23.00 A
06623800 2009 01 14     24.00 A
06623800 2009 01 15     24.00 A
06623800 2009 01 16     24.00 A
06623800 2009 01 17     24.00 A
06623800 2009 01 18     24.00 A
06623800 2009 01 19     25.00 A
06623800 2009 01 20     25.00 A
06623800 2009 01 21     25.00 A
06623800 2009 01 22     25.00 A
06623800 2009 01 23     25.00 A
06623800 2009 01 24     25.00 A
06623800 2009 01 25     24.00 A
06623800 2009 01 26     23.00 A
06623800 2009 01 27     22.00 A
06623800 2009 01 28     22.00 A
06623800 2009 01 29     22.00 A
06623800 2009 01 30     23.00 A
06623800 2009 01 31     23.00 A
06623800 2009 02 01     22.00 A
06623800 2009 02 02     22.00 A
06623800 2009 02 03     23.00 A
06623800 2009 02 04     23.00 A
06623800 2009 02 05     24.00 A
06623800 2009 02 06     23.00 A
06623800 2009 02 07     23.00 A
06623800 2009 02 08     24.00 A
06623800 2009 02 09     23.00 A
06623800 2009 02 10     22.70 A
06623800 2009 02 11     22.00 A
06623800 2009 02 12     22.00 A
06623800 2009 02 13     21.00 A
06623800 2009 02 14     21.00 A
06623800 2009 02 15     20.00 A
06623800 2009 02 16     20.00 A
06623800 2009 02 17     20.00 A
06623800 2009 02 18     20.00 A
06623800 2009 02 19     19.00 A
06623800 2009 02 20     19.00 A
06623800 2009 02 21     19.00 A
06623800 2009 02 22     20.00 A
06623800 2009 02 23     20.00 A
06623800 2009 02 24     21.00 A
06623800 2009 02 25     22.00 A
06623800 2009 02 26     22.00 A
06623800 2009 02 27     21.00 A
06623800 2009 02 28     21.00 A
06623800 2009 03 01     22.00 A
06623800 2009 03 02     23.00 A
06623800 2009 03 03     24.00 A
06623800 2009 03 04     23.00 A
06623800 2009 03 05     22.00 A
06623800 2009 03 06     21.00 A
06623800 2009 03 07     21.00 A
06623800 2009 03 08     22.00 A
06623800 2009 03 09     21.00 A
06623800 2009 03 10     20.00 A
06623800 2009 03 11     20.00 A
06623800 2009 03 12     21.00 A
06623800 2009 03 13     22.00 A
06623800 2009 03 14     23.00 A
06623800 2009 03 15     23.00 A
06623800 2009 03 16     24.00 A
06623800 2009 03 17     25.00 A
06623800 2009 03 18     25.00 A
06623800 2009 03 19     26.00 A
06623800 2009 03 20     28.00 A
06623800 2009 03 21     33.00 A
06623800 2009 03 22     37.00 A
06623800 2009 03 23     36.00 A
06623800 2009 03 24     35.00 A
06623800 2009 03 25     34.00 A
06623800 2009 03 26     33.00 A
06623800 2009 03 27     33.00 A
06623800 2009 03 28     34.00 A
06623800 2009 03 29     36.00 A
06623800 2009 03 30     37.00 A
06623800 2009 03 31     36.00 A
06623800 2009 04 01     36.00 A
06623800 2009 04 02     37.00 A
06623800 2009 04 03     40.70 A
06623800 2009 04 04     35.50 A
06623800 2009 04 05     37.00 A
06623800 2009 04 06     40.00 A
06623800 2009 04 07     43.00 A
06623800 2009 04 08     45.00 A
06623800 2009 04 09     44.00 A
06623800 2009 04 10     45.00 A
06623800 2009 04 11     44.00 A
06623800 2009 04 12     43.60 A
06623800 2009 04 13     34.00 A
06623800 2009 04 14     30.20 A
06623800 2009 04 15     32.90 A
06623800 2009 04 16     36.90 A
06623800 2009 04 17     38.60 A
06623800 2009 04 18     35.40 A
06623800 2009 04 19     36.00 A
06623800 2009 04 20     36.00 A
06623800 2009 04 21     42.00 A
06623800 2009 04 22     55.10 A
06623800 2009 04 23     77.70 A
06623800 2009 04 24     113.00 A
06623800 2009 04 25     141.00 A
06623800 2009 04 26     141.00 A
06623800 2009 04 27     120.00 A
06623800 2009 04 28     110.00 A
06623800 2009 04 29     129.00 A
06623800 2009 04 30     153.00 A
06623800 2009 05 01     153.00 A
06623800 2009 05 02     156.00 A
06623800 2009 05 03     167.00 A
06623800 2009 05 04     154.00 A
06623800 2009 05 05     154.00 A
06623800 2009 05 06     195.00 A
06623800 2009 05 07     269.00 A
06623800 2009 05 08     290.00 A
06623800 2009 05 09     273.00 A
06623800 2009 05 10     292.00 A
06623800 2009 05 11     345.00 A
06623800 2009 05 12     464.00 A
06623800 2009 05 13     469.00 A
06623800 2009 05 14     442.00 A
06623800 2009 05 15     484.00 A
06623800 2009 05 16     523.00 A
06623800 2009 05 17     593.00 A
06623800 2009 05 18     734.00 A
06623800 2009 05 19     896.00 A
06623800 2009 05 20     1070.00 A
06623800 2009 05 21     1050.00 A
06623800 2009 05 22     949.00 A
06623800 2009 05 23     882.00 A
06623800 2009 05 24     921.00 A
06623800 2009 05 25     1010.00 A
06623800 2009 05 26     987.00 A
06623800 2009 05 27     891.00 A
06623800 2009 05 28     807.00 A
06623800 2009 05 29     728.00 A
06623800 2009 05 30     742.00 A
06623800 2009 05 31     806.00 A
06623800 2009 06 01     861.00 A
06623800 2009 06 02     1000.00 A
06623800 2009 06 03     1250.00 A
06623800 2009 06 04     1170.00 A
06623800 2009 06 05     1100.00 A
06623800 2009 06 06     1090.00 A
06623800 2009 06 07     933.00 A
06623800 2009 06 08     862.00 A
06623800 2009 06 09     844.00 A
06623800 2009 06 10     854.00 A
06623800 2009 06 11     841.00 A
06623800 2009 06 12     782.00 A
06623800 2009 06 13     747.00 A
06623800 2009 06 14     798.00 A
06623800 2009 06 15     863.00 A
06623800 2009 06 16     749.00 A
06623800 2009 06 17     767.00 A
06623800 2009 06 18     802.00 A
06623800 2009 06 19     732.00 A
06623800 2009 06 20     732.00 A
06623800 2009 06 21     828.00 A
06623800 2009 06 22     779.00 A
06623800 2009 06 23     759.00 A
06623800 2009 06 24     749.00 A
06623800 2009 06 25     726.00 A
06623800 2009 06 26     809.00 A
06623800 2009 06 27     720.00 A
06623800 2009 06 28     599.00 A
06623800 2009 06 29     548.00 A
06623800 2009 06 30     508.00 A
06623800 2009 07 01     471.00 A
06623800 2009 07 02     485.00 A
06623800 2009 07 03     514.00 A
06623800 2009 07 04     442.00 A
06623800 2009 07 05     395.00 A
06623800 2009 07 06     349.00 A
06623800 2009 07 07     313.00 A
06623800 2009 07 08     279.00 A
06623800 2009 07 09     250.00 A
06623800 2009 07 10     225.00 A
06623800 2009 07 11     206.00 A
06623800 2009 07 12     194.00 A
06623800 2009 07 13     199.00 A
06623800 2009 07 14     190.00 A
06623800 2009 07 15     160.00 A
06623800 2009 07 16     146.00 A
06623800 2009 07 17     136.00 A
06623800 2009 07 18     130.00 A
06623800 2009 07 19     125.00 A
06623800 2009 07 20     120.00 A
06623800 2009 07 21     112.00 A
06623800 2009 07 22     107.00 A
06623800 2009 07 23     102.00 A
06623800 2009 07 24     96.70 A
06623800 2009 07 25     95.50 A
06623800 2009 07 26     94.30 A
06623800 2009 07 27     90.30 A
06623800 2009 07 28     96.30 A
06623800 2009 07 29     93.60 A
06623800 2009 07 30     85.10 A
06623800 2009 07 31     79.60 A
06623800 2009 08 01     77.30 A
06623800 2009 08 02     72.00 A
06623800 2009 08 03     67.90 A
06623800 2009 08 04     65.30 A
06623800 2009 08 05     62.20 A
06623800 2009 08 06     65.30 A
06623800 2009 08 07     64.70 A
06623800 2009 08 08     57.80 A
06623800 2009 08 09     56.00 A
06623800 2009 08 10     54.30 A
06623800 2009 08 11     52.10 A
06623800 2009 08 12     49.90 A
06623800 2009 08 13     48.90 A
06623800 2009 08 14     49.90 A
06623800 2009 08 15     61.20 A
06623800 2009 08 16     64.50 A
06623800 2009 08 17     51.90 A
06623800 2009 08 18     47.90 A
06623800 2009 08 19     45.00 A
06623800 2009 08 20     43.20 A
06623800 2009 08 21     41.60 A
06623800 2009 08 22     40.30 A
06623800 2009 08 23     39.40 A
06623800 2009 08 24     41.90 A
06623800 2009 08 25     46.10 A
06623800 2009 08 26     46.10 A
06623800 2009 08 27     43.30 A
06623800 2009 08 28     38.80 A
06623800 2009 08 29     37.60 A
06623800 2009 08 30     37.80 A
06623800 2009 08 31     38.80 A
06623800 2009 09 01     35.50 A
06623800 2009 09 02     34.30 A
06623800 2009 09 03     33.90 A
06623800 2009 09 04     34.10 A
06623800 2009 09 05     34.60 A
06623800 2009 09 06     37.60 A
06623800 2009 09 07     38.20 A
06623800 2009 09 08     35.90 A
06623800 2009 09 09     33.30 A
06623800 2009 09 10     31.30 A
06623800 2009 09 11     30.30 A
06623800 2009 09 12     29.90 A
06623800 2009 09 13     30.00 A
06623800 2009 09 14     30.70 A
06623800 2009 09 15     42.90 A
06623800 2009 09 16     53.80 A
06623800 2009 09 17     35.50 A
06623800 2009 09 18     31.70 A
06623800 2009 09 19     30.20 A
06623800 2009 09 20     31.60 A
06623800 2009 09 21     37.40 A
06623800 2009 09 22     36.60 A
06623800 2009 09 23     39.10 A
06623800 2009 09 24     40.10 A
06623800 2009 09 25     34.90 A
06623800 2009 09 26     31.60 A
06623800 2009 09 27     29.90 A
06623800 2009 09 28     28.80 A
06623800 2009 09 29     28.20 A
06623800 2009 09 30     41.00 A
06623800 2009 10 01     47.00 A
06623800 2009 10 02     38.20 A
06623800 2009 10 03     38.80 A
06623800 2009 10 04     42.30 A
06623800 2009 10 05     69.20 A
06623800 2009 10 06     46.20 A
06623800 2009 10 07     42.80 A
06623800 2009 10 08     43.00 A
06623800 2009 10 09     37.00 A
06623800 2009 10 10     38.10 A
06623800 2009 10 11     37.40 A
06623800 2009 10 12     45.50 A
06623800 2009 10 13     50.70 A
06623800 2009 10 14     82.70 A
06623800 2009 10 15     78.80 A
06623800 2009 10 16     59.50 A
06623800 2009 10 17     51.90 A
06623800 2009 10 18     55.60 A
06623800 2009 10 19     69.40 A
06623800 2009 10 20     70.60 A
06623800 2009 10 21     60.00 A
06623800 2009 10 22     47.50 A
06623800 2009 10 23     47.10 A
06623800 2009 10 24     48.90 A
06623800 2009 10 25     41.70 A
06623800 2009 10 26     34.00 A
06623800 2009 10 27     42.00 A
06623800 2009 10 28     38.20 A
06623800 2009 10 29     34.00 A
06623800 2009 10 30     30.00 A
06623800 2009 10 31     34.00 A
06623800 2009 11 01     38.00 A
06623800 2009 11 02     39.00 A
06623800 2009 11 03     40.00 A
06623800 2009 11 04     41.00 A
06623800 2009 11 05     42.00 A
06623800 2009 11 06     43.80 A
06623800 2009 11 07     43.90 A
06623800 2009 11 08     43.60 A
06623800 2009 11 09     38.10 A
06623800 2009 11 10     39.40 A
06623800 2009 11 11     40.60 A
06623800 2009 11 12     41.30 A
06623800 2009 11 13     35.10 A
06623800 2009 11 14     33.00 A
06623800 2009 11 15     32.00 A
06623800 2009 11 16     30.00 A
06623800 2009 11 17     32.00 A
06623800 2009 11 18     35.00 A
06623800 2009 11 19     35.00 A
06623800 2009 11 20     36.00 A
06623800 2009 11 21     36.00 A
06623800 2009 11 22     35.00 A
06623800 2009 11 23     33.00 A
06623800 2009 11 24     32.00 A
06623800 2009 11 25     32.00 A
06623800 2009 11 26     32.00 A
06623800 2009 11 27     32.00 A
06623800 2009 11 28     33.00 A
06623800 2009 11 29     33.00 A
06623800 2009 11 30     33.00 A
06623800 2009 12 01     32.00 A
06623800 2009 12 02     31.00 A
06623800 2009 12 03     30.00 A
06623800 2009 12 04     30.00 A
06623800 2009 12 05     31.00 A
06623800 2009 12 06     30.70 A
06623800 2009 12 07     30.10 A
06623800 2009 12 08     30.90 A
06623800 2009 12 09     32.00 A
06623800 2009 12 10     31.70 A
06623800 2009 12 11     30.50 A
06623800 2009 12 12     30.20 A
06623800 2009 12 13     30.90 A
06623800 2009 12 14     31.50 A
06623800 2009 12 15     32.10 A
06623800 2009 12 16     31.90 A
06623800 2009 12 17     32.30 A
06623800 2009 12 18     32.10 A
06623800 2009 12 19     31.20 A
06623800 2009 12 20     32.00 A
06623800 2009 12 21     31.40 A
06623800 2009 12 22     31.30 A
06623800 2009 12 23     31.20 A
06623800 2009 12 24     30.30 A
06623800 2009 12 25     30.10 A
06623800 2009 12 26     30.20 A
06623800 2009 12 27     29.50 A
06623800 2009 12 28     29.00 A
06623800 2009 12 29     29.10 A
06623800 2009 12 30     29.50 A
06623800 2009 12 31     29.20 A
06623800 2010 01 01     29.00 A
06623800 2010 01 02     29.30 A
06623800 2010 01 03     29.20 A
06623800 2010 01 04     29.00 A
06623800 2010 01 05     28.70 A
06623800 2010 01 06     27.80 A
06623800 2010 01 07     26.00 A
06623800 2010 01 08     26.00 A
06623800 2010 01 09     27.00 A
06623800 2010 01 10     28.00 A
06623800 2010 01 11     27.50 A
06623800 2010 01 12     27.10 A
06623800 2010 01 13     27.50 A
06623800 2010 01 14     27.00 A
06623800 2010 01 15     27.00 A
06623800 2010 01 16     26.70 A
06623800 2010 01 17     26.70 A
06623800 2010 01 18     26.50 A
06623800 2010 01 19     26.70 A
06623800 2010 01 20     26.70 A
06623800 2010 01 21     26.50 A
06623800 2010 01 22     26.70 A
06623800 2010 01 23     26.70 A
06623800 2010 01 24     25.00 A
06623800 2010 01 25     26.00 A
06623800 2010 01 26     25.00 A
06623800 2010 01 27     25.00 A
06623800 2010 01 28     26.00 A
06623800 2010 01 29     25.00 A
06623800 2010 01 30     26.00 A
06623800 2010 01 31     26.60 A
06623800 2010 02 01     26.70 A
06623800 2010 02 02     25.00 A
06623800 2010 02 03     25.00 A
06623800 2010 02 04     26.30 A
06623800 2010 02 05     26.10 A
06623800 2010 02 06     25.90 A
06623800 2010 02 07     25.80 A
06623800 2010 02 08     24.60 A
06623800 2010 02 09     24.00 A
06623800 2010 02 10     26.00 A
06623800 2010 02 11     25.30 A
06623800 2010 02 12     25.30 A
06623800 2010 02 13     25.50 A
06623800 2010 02 14     25.60 A
06623800 2010 02 15     24.70 A
06623800 2010 02 16     25.50 A
06623800 2010 02 17     25.20 A
06623800 2010 02 18     25.00 A
06623800 2010 02 19     24.50 A
06623800 2010 02 20     25.20 A
06623800 2010 02 21     24.50 A
06623800 2010 02 22     24.20 A
06623800 2010 02 23     24.10 A
06623800 2010 02 24     24.30 A
06623800 2010 02 25     24.30 A
06623800 2010 02 26     24.30 A
06623800 2010 02 27     24.00 A
06623800 2010 02 28     24.10 A
06623800 2010 03 01     23.60 A
06623800 2010 03 02     23.00 A
06623800 2010 03 03     23.90 A
06623800 2010 03 04     23.60 A
06623800 2010 03 05     23.90 A
06623800 2010 03 06     24.10 A
06623800 2010 03 07     24.00 A
06623800 2010 03 08     25.40 A
06623800 2010 03 09     23.90 A
06623800 2010 03 10     22.50 A
06623800 2010 03 11     24.60 A
06623800 2010 03 12     23.90 A
06623800 2010 03 13     24.50 A
06623800 2010 03 14     24.00 A
06623800 2010 03 15     23.20 A
06623800 2010 03 16     24.00 A
06623800 2010 03 17     26.00 A
06623800 2010 03 18     26.00 A
06623800 2010 03 19     23.60 A
06623800 2010 03 20     22.00 A
06623800 2010 03 21     24.00 A
06623800 2010 03 22     27.00 A
06623800 2010 03 23     26.30 A
06623800 2010 03 24     26.50 A
06623800 2010 03 25     25.00 A
06623800 2010 03 26     26.30 A
06623800 2010 03 27     24.50 A
06623800 2010 03 28     23.00 A
06623800 2010 03 29     24.00 A
06623800 2010 03 30     23.40 A
06623800 2010 03 31     23.50 A
06623800 2010 04 01     22.10 A
06623800 2010 04 02     23.00 A
06623800 2010 04 03     23.00 A
06623800 2010 04 04     24.00 A
06623800 2010 04 05     25.00 A
06623800 2010 04 06     23.00 A
06623800 2010 04 07     24.00 A
06623800 2010 04 08     24.00 A
06623800 2010 04 09     25.00 A
06623800 2010 04 10     26.00 A
06623800 2010 04 11     28.00 A
06623800 2010 04 12     30.30 A
06623800 2010 04 13     32.30 A
06623800 2010 04 14     30.00 A
06623800 2010 04 15     40.00 A
06623800 2010 04 16     50.00 A
06623800 2010 04 17     57.30 A
06623800 2010 04 18     66.80 A
06623800 2010 04 19     86.90 A
06623800 2010 04 20     111.00 A
06623800 2010 04 21     148.00 A
06623800 2010 04 22     165.00 A
06623800 2010 04 23     118.00 A
06623800 2010 04 24     93.90 A
06623800 2010 04 25     94.10 A
06623800 2010 04 26     84.80 A
06623800 2010 04 27     86.10 A
06623800 2010 04 28     97.30 A
06623800 2010 04 29     88.30 A
06623800 2010 04 30     76.60 A
06623800 2010 05 01     72.60 A
06623800 2010 05 02     67.50 A
06623800 2010 05 03     63.00 A
06623800 2010 05 04     60.70 A
06623800 2010 05 05     63.00 A
06623800 2010 05 06     82.60 A
06623800 2010 05 07     70.60 A
06623800 2010 05 08     67.00 A
06623800 2010 05 09     75.20 A
06623800 2010 05 10     93.70 A
06623800 2010 05 11     82.40 A
06623800 2010 05 12     76.30 A
06623800 2010 05 13     72.20 A
06623800 2010 05 14     78.20 A
06623800 2010 05 15     92.60 A
06623800 2010 05 16     85.60 A
06623800 2010 05 17     110.00 A
06623800 2010 05 18     159.00 A
06623800 2010 05 19     188.00 A
06623800 2010 05 20     243.00 A
06623800 2010 05 21     380.00 A
06623800 2010 05 22     438.00 A
06623800 2010 05 23     444.00 A
06623800 2010 05 24     444.00 A
06623800 2010 05 25     390.00 A
06623800 2010 05 26     443.00 A
06623800 2010 05 27     627.00 A
06623800 2010 05 28     899.00 A
06623800 2010 05 29     1020.00 A
06623800 2010 05 30     920.00 A
06623800 2010 05 31     886.00 A
06623800 2010 06 01     885.00 A
06623800 2010 06 02     898.00 A
06623800 2010 06 03     894.00 A
06623800 2010 06 04     1060.00 A
06623800 2010 06 05     1250.00 A
06623800 2010 06 06     1240.00 A
06623800 2010 06 07     1620.00 A
06623800 2010 06 08     1820.00 A
06623800 2010 06 09     1540.00 A
06623800 2010 06 10     1470.00 A
06623800 2010 06 11     1340.00 A
06623800 2010 06 12     1400.00 A
06623800 2010 06 13     1250.00 A
06623800 2010 06 14     950.00 A
06623800 2010 06 15     880.00 A
06623800 2010 06 16     953.00 A
06623800 2010 06 17     952.00 A
06623800 2010 06 18     881.00 A
06623800 2010 06 19     901.00 A
06623800 2010 06 20     885.00 A
06623800 2010 06 21     872.00 A
06623800 2010 06 22     813.00 A
06623800 2010 06 23     742.00 A
06623800 2010 06 24     709.00 A
06623800 2010 06 25     670.00 A
06623800 2010 06 26     649.00 A
06623800 2010 06 27     542.00 A
06623800 2010 06 28     489.00 A
06623800 2010 06 29     470.00 A
06623800 2010 06 30     452.00 A
06623800 2010 07 01     404.00 A
06623800 2010 07 02     398.00 A
06623800 2010 07 03     350.00 A
06623800 2010 07 04     311.00 A
06623800 2010 07 05     293.00 A
06623800 2010 07 06     250.00 A
06623800 2010 07 07     232.00 A
06623800 2010 07 08     239.00 A
06623800 2010 07 09     218.00 A
06623800 2010 07 10     194.00 A
06623800 2010 07 11     184.00 A
06623800 2010 07 12     167.00 A
06623800 2010 07 13     154.00 A
06623800 2010 07 14     144.00 A
06623800 2010 07 15     134.00 A
06623800 2010 07 16     124.00 A
06623800 2010 07 17     119.00 A
06623800 2010 07 18     116.00 A
06623800 2010 07 19     110.00 A
06623800 2010 07 20     106.00 A
06623800 2010 07 21     102.00 A
06623800 2010 07 22     142.00 A
06623800 2010 07 23     114.00 A
06623800 2010 07 24     95.50 A
06623800 2010 07 25     89.50 A
06623800 2010 07 26     85.70 A
06623800 2010 07 27     82.00 A
06623800 2010 07 28     80.60 A
06623800 2010 07 29     84.20 A
06623800 2010 07 30     83.60 A
06623800 2010 07 31     75.90 A
06623800 2010 08 01     72.00 A
06623800 2010 08 02     77.60 A
06623800 2010 08 03     68.20 A
06623800 2010 08 04     80.50 A
06623800 2010 08 05     74.60 A
06623800 2010 08 06     79.50 A
06623800 2010 08 07     93.10 A
06623800 2010 08 08     71.10 A
06623800 2010 08 09     63.00 A
06623800 2010 08 10     59.20 A
06623800 2010 08 11     55.60 A
06623800 2010 08 12     55.80 A
06623800 2010 08 13     50.80 A
06623800 2010 08 14     48.10 A
06623800 2010 08 15     46.50 A
06623800 2010 08 16     50.80 A
06623800 2010 08 17     50.80 A
06623800 2010 08 18     46.70 A
06623800 2010 08 19     77.10 A
06623800 2010 08 20     76.00 A
06623800 2010 08 21     52.20 A
06623800 2010 08 22     46.80 A
06623800 2010 08 23     50.90 A
06623800 2010 08 24     45.00 A
06623800 2010 08 25     41.30 A
06623800 2010 08 26     39.50 A
06623800 2010 08 27     38.30 A
06623800 2010 08 28     37.70 A
06623800 2010 08 29     37.20 A
06623800 2010 08 30     42.20 A
06623800 2010 08 31     41.30 A
06623800 2010 09 01     36.40 A
06623800 2010 09 02     34.60 A
06623800 2010 09 03     33.60 A
06623800 2010 09 04     32.90 A
06623800 2010 09 05     32.00 A
06623800 2010 09 06     30.70 A
06623800 2010 09 07     30.10 A
06623800 2010 09 08     31.40 A
06623800 2010 09 09     32.50 A
06623800 2010 09 10     31.10 A
06623800 2010 09 11     30.50 A
06623800 2010 09 12     28.40 A
06623800 2010 09 13     27.60 A
06623800 2010 09 14     27.20 A
06623800 2010 09 15     27.00 A
06623800 2010 09 16     26.10 A
06623800 2010 09 17     25.70 A
06623800 2010 09 18     25.20 A
06623800 2010 09 19     24.70 A
06623800 2010 09 20     24.60 A
06623800 2010 09 21     24.40 A
06623800 2010 09 22     24.30 A
06623800 2010 09 23     33.40 A
06623800 2010 09 24     29.30 A
06623800 2010 09 25     25.90 A
06623800 2010 09 26     25.20 A
06623800 2010 09 27     24.60 A
06623800 2010 09 28     24.10 A
06623800 2010 09 29     23.70 A
06623800 2010 09 30     23.40 A
06623800 2010 10 01     23.00 A
06623800 2010 10 02     22.80 A
06623800 2010 10 03     22.80 A
06623800 2010 10 04     22.70 A
06623800 2010 10 05     22.80 A
06623800 2010 10 06     24.10 A
06623800 2010 10 07     29.20 A
06623800 2010 10 08     29.70 A
06623800 2010 10 09     32.90 A
06623800 2010 10 10     38.70 A
06623800 2010 10 11     37.40 A
06623800 2010 10 12     39.90 A
06623800 2010 10 13     32.20 A
06623800 2010 10 14     27.60 A
06623800 2010 10 15     26.10 A
06623800 2010 10 16     24.80 A
06623800 2010 10 17     24.50 A
06623800 2010 10 18     32.10 A
06623800 2010 10 19     33.20 A
06623800 2010 10 20     31.20 A
06623800 2010 10 21     29.30 A
06623800 2010 10 22     34.10 A
06623800 2010 10 23     41.40 A
06623800 2010 10 24     42.00 A
06623800 2010 10 25     58.70 A
06623800 2010 10 26     41.90 A
06623800 2010 10 27     40.00 A
06623800 2010 10 28     38.00 A
06623800 2010 10 29     42.00 A
06623800 2010 10 30     49.30 A
06623800 2010 10 31     48.90 A
06623800 2010 11 01     41.80 A
06623800 2010 11 02     38.10 A
06623800 2010 11 03     38.10 A
06623800 2010 11 04     35.20 A
06623800 2010 11 05     36.30 A
06623800 2010 11 06     38.50 A
06623800 2010 11 07     40.00 A
06623800 2010 11 08     36.80 A
06623800 2010 11 09     36.00 A
06623800 2010 11 10     32.60 A
06623800 2010 11 11     30.50 A
06623800 2010 11 12     33.40 A
06623800 2010 11 13     31.40 A
06623800 2010 11 14     30.00 A
06623800 2010 11 15     31.00 A
06623800 2010 11 16     32.10 A
06623800 2010 11 17     32.10 A
06623800 2010 11 18     33.80 A
06623800 2010 11 19     35.60 A
06623800 2010 11 20     38.60 A
06623800 2010 11 21     37.00 A
06623800 2010 11 22     32.60 A
06623800 2010 11 23     31.60 A
06623800 2010 11 24     30.00 A
06623800 2010 11 25     29.00 A
06623800 2010 11 26     30.00 A
06623800 2010 11 27     31.00 A
06623800 2010 11 28     30.90 A
06623800 2010 11 29     30.00 A
06623800 2010 11 30     30.00 A
06623800 2010 12 01     31.00 A
06623800 2010 12 02     30.70 A
06623800 2010 12 03     29.40 A
06623800 2010 12 04     29.40 A
06623800 2010 12 05     29.30 A
06623800 2010 12 06     27.80 A
06623800 2010 12 07     29.20 A
06623800 2010 12 08     27.60 A
06623800 2010 12 09     29.20 A
06623800 2010 12 10     28.10 A
06623800 2010 12 11     27.30 A
06623800 2010 12 12     29.60 A
06623800 2010 12 13     29.50 A
06623800 2010 12 14     29.10 A
06623800 2010 12 15     28.60 A
06623800 2010 12 16     24.70 A
06623800 2010 12 17     24.10 A
06623800 2010 12 18     27.80 A
06623800 2010 12 19     29.50 A
06623800 2010 12 20     29.90 A
06623800 2010 12 21     31.00 A
06623800 2010 12 22     32.00 A
06623800 2010 12 23     32.00 A
06623800 2010 12 24     30.00 A
06623800 2010 12 25     30.00 A
06623800 2010 12 26     31.00 A
06623800 2010 12 27     30.00 A
06623800 2010 12 28     29.00 A
06623800 2010 12 29     29.00 A
06623800 2010 12 30     29.00 A
06623800 2010 12 31     27.00 A
06623800 2011 01 01     26.00 A
06623800 2011 01 02     26.00 A
06623800 2011 01 03     28.00 A
06623800 2011 01 04     28.00 A
06623800 2011 01 05     28.00 A
06623800 2011 01 06     29.00 A
06623800 2011 01 07     29.00 A
06623800 2011 01 08     29.00 A
06623800 2011 01 09     27.00 A
06623800 2011 01 10     26.00 A
06623800 2011 01 11     25.00 A
06623800 2011 01 12     25.00 A
06623800 2011 01 13     26.00 A
06623800 2011 01 14     26.00 A
06623800 2011 01 15     27.00 A
06623800 2011 01 16     28.00 A
06623800 2011 01 17     28.00 A
06623800 2011 01 18     28.00 A
06623800 2011 01 19     26.00 A
06623800 2011 01 20     26.00 A
06623800 2011 01 21     27.00 A
06623800 2011 01 22     27.00 A
06623800 2011 01 23     26.00 A
06623800 2011 01 24     25.00 A
06623800 2011 01 25     25.00 A
06623800 2011 01 26     26.00 A
06623800 2011 01 27     27.00 A
06623800 2011 01 28     28.00 A
06623800 2011 01 29     28.00 A
06623800 2011 01 30     28.00 A
06623800 2011 01 31     27.00 A
06623800 2011 02 01     26.00 A
06623800 2011 02 02     24.00 A
06623800 2011 02 03     25.00 A
06623800 2011 02 04     26.00 A
06623800 2011 02 05     26.00 A
06623800 2011 02 06     27.00 A
06623800 2011 02 07     27.00 A
06623800 2011 02 08     27.00 A
06623800 2011 02 09     26.00 A
06623800 2011 02 10     27.00 A
06623800 2011 02 11     28.00 A
06623800 2011 02 12     28.30 A
06623800 2011 02 13     27.90 A
06623800 2011 02 14     27.30 A
06623800 2011 02 15     28.10 A
06623800 2011 02 16     28.10 A
06623800 2011 02 17     26.50 A
06623800 2011 02 18     26.80 A
06623800 2011 02 19     27.30 A
06623800 2011 02 20     27.10 A
06623800 2011 02 21     26.60 A
06623800 2011 02 22     25.70 A
06623800 2011 02 23     25.70 A
06623800 2011 02 24     26.10 A
06623800 2011 02 25     25.50 A
06623800 2011 02 26     25.40 A
06623800 2011 02 27     25.20 A
06623800 2011 02 28     24.50 A
06623800 2011 03 01     25.70 A
06623800 2011 03 02     25.40 A
06623800 2011 03 03     26.30 A
06623800 2011 03 04     25.50 A
06623800 2011 03 05     24.30 A
06623800 2011 03 06     25.70 A
06623800 2011 03 07     26.30 A
06623800 2011 03 08     26.60 A
06623800 2011 03 09     25.90 A
06623800 2011 03 10     26.70 A
06623800 2011 03 11     27.00 A
06623800 2011 03 12     26.30 A
06623800 2011 03 13     26.30 A
06623800 2011 03 14     25.70 A
06623800 2011 03 15     27.50 A
06623800 2011 03 16     27.70 A
06623800 2011 03 17     25.50 A
06623800 2011 03 18     24.90 A
06623800 2011 03 19     24.10 A
06623800 2011 03 20     24.60 A
06623800 2011 03 21     24.70 A
06623800 2011 03 22     23.50 A
06623800 2011 03 23     23.00 A
06623800 2011 03 24     23.00 A
06623800 2011 03 25     26.00 A
06623800 2011 03 26     25.40 A
06623800 2011 03 27     24.00 A
06623800 2011 03 28     23.40 A
06623800 2011 03 29     22.90 A
06623800 2011 03 30     22.40 A
06623800 2011 03 31     22.50 A
06623800 2011 04 01     22.80 A
06623800 2011 04 02     25.00 A
06623800 2011 04 03     26.10 A
06623800 2011 04 04     26.00 A
06623800 2011 04 05     26.60 A
06623800 2011 04 06     27.30 A
06623800 2011 04 07     30.00 A
06623800 2011 04 08     30.70 A
06623800 2011 04 09     32.50 A
06623800 2011 04 10     34.00 A
06623800 2011 04 11     35.10 A
06623800 2011 04 12     32.00 A
06623800 2011 04 13     31.00 A
06623800 2011 04 14     33.90 A
06623800 2011 04 15     35.00 A
06623800 2011 04 16     34.40 A
06623800 2011 04 17     34.00 A
06623800 2011 04 18     44.70 A
06623800 2011 04 19     47.90 A
06623800 2011 04 20     48.00 A
06623800 2011 04 21     52.90 A
06623800 2011 04 22     53.60 A
06623800 2011 04 23     49.00 A
06623800 2011 04 24     48.00 A
06623800 2011 04 25     45.60 A
06623800 2011 04 26     43.40 A
06623800 2011 04 27     41.40 A
06623800 2011 04 28     39.00 A
06623800 2011 04 29     42.50 A
06623800 2011 04 30     39.00 A
06623800 2011 05 01     37.00 A
06623800 2011 05 02     36.00 A
06623800 2011 05 03     37.00 A
06623800 2011 05 04     39.10 A
06623800 2011 05 05     38.00 A
06623800 2011 05 06     46.60 A
06623800 2011 05 07     61.90 A
06623800 2011 05 08     95.00 A
06623800 2011 05 09     138.00 A
06623800 2011 05 10     149.00 A
06623800 2011 05 11     136.00 A
06623800 2011 05 12     120.00 A
06623800 2011 05 13     116.00 A
06623800 2011 05 14     144.00 A
06623800 2011 05 15     195.00 A
06623800 2011 05 16     254.00 A
06623800 2011 05 17     276.00 A
06623800 2011 05 18     240.00 A
06623800 2011 05 19     210.00 A
06623800 2011 05 20     194.00 A
06623800 2011 05 21     192.00 A
06623800 2011 05 22     217.00 A
06623800 2011 05 23     299.00 A
06623800 2011 05 24     345.00 A
06623800 2011 05 25     350.00 A
06623800 2011 05 26     392.00 A
06623800 2011 05 27     440.00 A
06623800 2011 05 28     400.00 A
06623800 2011 05 29     433.00 A
06623800 2011 05 30     530.00 A
06623800 2011 05 31     500.00 A
06623800 2011 06 01     647.00 A
06623800 2011 06 02     934.00 A
06623800 2011 06 03     1060.00 A
06623800 2011 06 04     1020.00 A
06623800 2011 06 05     1170.00 A
06623800 2011 06 06     1320.00 A
06623800 2011 06 07     1480.00 A
06623800 2011 06 08     1460.00 A
06623800 2011 06 09     1380.00 A
06623800 2011 06 10     1240.00 A
06623800 2011 06 11     1170.00 A
06623800 2011 06 12     1300.00 A
06623800 2011 06 13     1330.00 A
06623800 2011 06 14     1400.00 A
06623800 2011 06 15     1420.00 A
06623800 2011 06 16     1680.00 A
06623800 2011 06 17     1620.00 A
06623800 2011 06 18     1480.00 A
06623800 2011 06 19     1420.00 A
06623800 2011 06 20     1260.00 A
06623800 2011 06 21     1170.00 A
06623800 2011 06 22     1240.00 A
06623800 2011 06 23     1380.00 A
06623800 2011 06 24     1520.00 A
06623800 2011 06 25     1720.00 A
06623800 2011 06 26     1650.00 A
06623800 2011 06 27     1500.00 A
06623800 2011 06 28     1500.00 A
06623800 2011 06 29     1600.00 A
06623800 2011 06 30     1840.00 A
06623800 2011 07 01     1460.00 A
06623800 2011 07 02     1340.00 A
06623800 2011 07 03     1250.00 A
06623800 2011 07 04     1160.00 A
06623800 2011 07 05     1050.00 A
06623800 2011 07 06     980.00 A
06623800 2011 07 07     994.00 A
06623800 2011 07 08     1350.00 A
06623800 2011 07 09     1360.00 A
06623800 2011 07 10     1030.00 A
06623800 2011 07 11     947.00 A
06623800 2011 07 12     923.00 A
06623800 2011 07 13     899.00 A
06623800 2011 07 14     779.00 A
06623800 2011 07 15     629.00 A
06623800 2011 07 16     551.00 A
06623800 2011 07 17     521.00 A
06623800 2011 07 18     527.00 A
06623800 2011 07 19     540.00 A
06623800 2011 07 20     475.00 A
06623800 2011 07 21     379.00 A
06623800 2011 07 22     325.00 A
06623800 2011 07 23     282.00 A
06623800 2011 07 24     250.00 A
06623800 2011 07 25     228.00 A
06623800 2011 07 26     227.00 A
06623800 2011 07 27     220.00 A
06623800 2011 07 28     192.00 A
06623800 2011 07 29     174.00 A
06623800 2011 07 30     162.00 A
06623800 2011 07 31     152.00 A
06623800 2011 08 01     160.00 A
06623800 2011 08 02     149.00 A
06623800 2011 08 03     138.00 A
06623800 2011 08 04     143.00 A
06623800 2011 08 05     139.00 A
06623800 2011 08 06     118.00 A
06623800 2011 08 07     109.00 A
06623800 2011 08 08     102.00 A
06623800 2011 08 09     97.10 A
06623800 2011 08 10     92.40 A
06623800 2011 08 11     88.10 A
06623800 2011 08 12     84.30 A
06623800 2011 08 13     80.50 A
06623800 2011 08 14     81.10 A
06623800 2011 08 15     83.10 A
06623800 2011 08 16     102.00 A
06623800 2011 08 17     84.90 A
06623800 2011 08 18     74.50 A
06623800 2011 08 19     76.10 A
06623800 2011 08 20     88.30 A
06623800 2011 08 21     72.50 A
06623800 2011 08 22     68.20 A
06623800 2011 08 23     65.60 A
06623800 2011 08 24     62.00 A
06623800 2011 08 25     65.50 A
06623800 2011 08 26     73.50 A
06623800 2011 08 27     69.60 A
06623800 2011 08 28     68.30 A
06623800 2011 08 29     71.80 A
06623800 2011 08 30     67.10 A
06623800 2011 08 31     60.80 A
06623800 2011 09 01     56.70 A
06623800 2011 09 02     53.10 A
06623800 2011 09 03     50.90 A
06623800 2011 09 04     48.80 A
06623800 2011 09 05     47.40 A
06623800 2011 09 06     66.10 A
06623800 2011 09 07     88.30 A
06623800 2011 09 08     69.60 A
06623800 2011 09 09     56.80 A
06623800 2011 09 10     50.70 A
06623800 2011 09 11     49.00 A
06623800 2011 09 12     47.40 A
06623800 2011 09 13     45.70 A
06623800 2011 09 14     45.90 A
06623800 2011 09 15     93.90 A
06623800 2011 09 16     72.40 A
06623800 2011 09 17     68.50 A
06623800 2011 09 18     69.00 A
06623800 2011 09 19     52.60 A
06623800 2011 09 20     47.30 A
06623800 2011 09 21     44.50 A
06623800 2011 09 22     43.00 A
06623800 2011 09 23     42.00 A
06623800 2011 09 24     40.50 A
06623800 2011 09 25     39.30 A
06623800 2011 09 26     38.40 A
06623800 2011 09 27     37.50 A
06623800 2011 09 28     36.80 A
06623800 2011 09 29     36.30 A
06623800 2011 09 30     35.70 A
06623800 2011 10 01     35.70 A
06623800 2011 10 02     35.90 A
06623800 2011 10 03     35.70 A
06623800 2011 10 04     37.90 A
06623800 2011 10 05     45.90 A
06623800 2011 10 06     57.60 A
06623800 2011 10 07     51.40 A
06623800 2011 10 08     43.90 A
06623800 2011 10 09     45.60 A
06623800 2011 10 10     47.00 A
06623800 2011 10 11     54.90 A
06623800 2011 10 12     58.90 A
06623800 2011 10 13     49.60 A
06623800 2011 10 14     52.30 A
06623800 2011 10 15     56.30 A
06623800 2011 10 16     60.20 A
06623800 2011 10 17     75.90 A
06623800 2011 10 18     58.00 A
06623800 2011 10 19     50.80 A
06623800 2011 10 20     50.90 A
06623800 2011 10 21     48.00 A
06623800 2011 10 22     46.20 A
06623800 2011 10 23     43.50 A
06623800 2011 10 24     42.00 A
06623800 2011 10 25     43.50 A
06623800 2011 10 26     43.30 A
06623800 2011 10 27     36.40 A
06623800 2011 10 28     50.60 A
06623800 2011 10 29     51.80 A
06623800 2011 10 30     44.80 A
06623800 2011 10 31     42.80 A
06623800 2011 11 01     42.00 A
06623800 2011 11 02     37.90 A
06623800 2011 11 03     40.00 A
06623800 2011 11 04     49.00 A
06623800 2011 11 05     48.00 A
06623800 2011 11 06     41.00 A
06623800 2011 11 07     38.00 A
06623800 2011 11 08     36.00 A
06623800 2011 11 09     34.00 A
06623800 2011 11 10     36.00 A
06623800 2011 11 11     38.00 A
06623800 2011 11 12     38.00 A
06623800 2011 11 13     36.00 A
06623800 2011 11 14     36.00 A
06623800 2011 11 15     34.00 A
06623800 2011 11 16     33.00 A
06623800 2011 11 17     34.00 A
06623800 2011 11 18     35.00 A
06623800 2011 11 19     35.00 A
06623800 2011 11 20     34.00 A
06623800 2011 11 21     34.00 A
06623800 2011 11 22     35.00 A
06623800 2011 11 23     34.00 A
06623800 2011 11 24     36.00 A
06623800 2011 11 25     34.00 A
06623800 2011 11 26     32.00 A
06623800 2011 11 27     32.00 A
06623800 2011 11 28     33.00 A
06623800 2011 11 29     34.00 A
06623800 2011 11 30     34.00 A
06623800 2011 12 01     33.00 A
06623800 2011 12 02     32.00 A
06623800 2011 12 03     31.00 A
06623800 2011 12 04     29.00 A
06623800 2011 12 05     26.00 A
06623800 2011 12 06     24.00 A
06623800 2011 12 07     25.00 A
06623800 2011 12 08     25.00 A
06623800 2011 12 09     25.00 A
06623800 2011 12 10     26.00 A
06623800 2011 12 11     26.00 A
06623800 2011 12 12     28.00 A
06623800 2011 12 13     29.00 A
06623800 2011 12 14     28.00 A
06623800 2011 12 15     27.00 A
06623800 2011 12 16     26.00 A
06623800 2011 12 17     27.00 A
06623800 2011 12 18     27.00 A
06623800 2011 12 19     26.00 A
06623800 2011 12 20     25.00 A
06623800 2011 12 21     24.00 A
06623800 2011 12 22     23.00 A
06623800 2011 12 23     22.00 A
06623800 2011 12 24     22.00 A
06623800 2011 12 25     22.00 A
06623800 2011 12 26     23.00 A
06623800 2011 12 27     23.00 A
06623800 2011 12 28     23.00 A
06623800 2011 12 29     24.00 A
06623800 2011 12 30     25.00 A
06623800 2011 12 31     24.00 A
06623800 2012 01 01     23.00 A
06623800 2012 01 02     23.00 A
06623800 2012 01 03     24.00 A
06623800 2012 01 04     24.00 A
06623800 2012 01 05     25.00 A
06623800 2012 01 06     24.00 A
06623800 2012 01 07     23.00 A
06623800 2012 01 08     22.00 A
06623800 2012 01 09     23.00 A
06623800 2012 01 10     23.00 A
06623800 2012 01 11     22.00 A
06623800 2012 01 12     21.00 A
06623800 2012 01 13     21.00 A
06623800 2012 01 14     22.00 A
06623800 2012 01 15     23.00 A
06623800 2012 01 16     22.00 A
06623800 2012 01 17     21.00 A
06623800 2012 01 18     20.00 A
06623800 2012 01 19     21.00 A
06623800 2012 01 20     22.00 A
06623800 2012 01 21     22.00 A
06623800 2012 01 22     20.00 A
06623800 2012 01 23     20.00 A
06623800 2012 01 24     20.00 A
06623800 2012 01 25     20.00 A
06623800 2012 01 26     21.00 A
06623800 2012 01 27     20.00 A
06623800 2012 01 28     19.00 A
06623800 2012 01 29     20.00 A
06623800 2012 01 30     21.00 A
06623800 2012 01 31     22.00 A
06623800 2012 02 01     22.00 A
06623800 2012 02 02     22.00 A
06623800 2012 02 03     21.00 A
06623800 2012 02 04     21.00 A
06623800 2012 02 05     22.00 A
06623800 2012 02 06     22.00 A
06623800 2012 02 07     21.00 A
06623800 2012 02 08     21.00 A
06623800 2012 02 09     22.00 A
06623800 2012 02 10     22.00 A
06623800 2012 02 11     23.00 A
06623800 2012 02 12     23.00 A
06623800 2012 02 13     22.00 A
06623800 2012 02 14     22.00 A
06623800 2012 02 15     23.00 A
06623800 2012 02 16     22.00 A
06623800 2012 02 17     21.00 A
06623800 2012 02 18     20.00 A
06623800 2012 02 19     21.00 A
06623800 2012 02 20     21.00 A
06623800 2012 02 21     21.00 A
06623800 2012 02 22     21.50 A
06623800 2012 02 23     22.30 A
06623800 2012 02 24     22.00 A
06623800 2012 02 25     22.00 A
06623800 2012 02 26     23.00 A
06623800 2012 02 27     23.00 A
06623800 2012 02 28     23.00 A
06623800 2012 02 29     22.00 A
06623800 2012 03 01     21.00 A
06623800 2012 03 02     20.00 A
06623800 2012 03 03     20.00 A
06623800 2012 03 04     21.00 A
06623800 2012 03 05     22.00 A
06623800 2012 03 06     23.00 A
06623800 2012 03 07     22.00 A
06623800 2012 03 08     21.00 A
06623800 2012 03 09     21.00 A
06623800 2012 03 10     22.00 A
06623800 2012 03 11     23.00 A
06623800 2012 03 12     24.00 A
06623800 2012 03 13     25.00 A
06623800 2012 03 14     26.00 A
06623800 2012 03 15     27.00 A
06623800 2012 03 16     28.00 A
06623800 2012 03 17     31.00 A
06623800 2012 03 18     31.00 A
06623800 2012 03 19     30.00 A
06623800 2012 03 20     29.00 A
06623800 2012 03 21     29.00 A
06623800 2012 03 22     30.00 A
06623800 2012 03 23     32.00 A
06623800 2012 03 24     36.00 A
06623800 2012 03 25     44.00 A
06623800 2012 03 26     54.00 A
06623800 2012 03 27     54.00 A
06623800 2012 03 28     60.00 A
06623800 2012 03 29     73.80 A
06623800 2012 03 30     80.40 A
06623800 2012 03 31     102.00 A
06623800 2012 04 01     138.00 A
06623800 2012 04 02     135.00 A
06623800 2012 04 03     95.60 A
06623800 2012 04 04     96.60 A
06623800 2012 04 05     114.00 A
06623800 2012 04 06     114.00 A
06623800 2012 04 07     99.90 A
06623800 2012 04 08     103.00 A
06623800 2012 04 09     119.00 A
06623800 2012 04 10     140.00 A
06623800 2012 04 11     168.00 A
06623800 2012 04 12     181.00 A
06623800 2012 04 13     144.00 A
06623800 2012 04 14     123.00 A
06623800 2012 04 15     112.00 A
06623800 2012 04 16     104.00 A
06623800 2012 04 17     100.00 A
06623800 2012 04 18     105.00 A
06623800 2012 04 19     114.00 A
06623800 2012 04 20     106.00 A
06623800 2012 04 21     128.00 A
06623800 2012 04 22     159.00 A
06623800 2012 04 23     194.00 A
06623800 2012 04 24     235.00 A
06623800 2012 04 25     270.00 A
06623800 2012 04 26     344.00 A
06623800 2012 04 27     400.00 A
06623800 2012 04 28     291.00 A
06623800 2012 04 29     252.00 A
06623800 2012 04 30     246.00 A
06623800 2012 05 01     271.00 A
06623800 2012 05 02     292.00 A
06623800 2012 05 03     334.00 A
06623800 2012 05 04     388.00 A
06623800 2012 05 05     444.00 A
06623800 2012 05 06     414.00 A
06623800 2012 05 07     359.00 A
06623800 2012 05 08     342.00 A
06623800 2012 05 09     377.00 A
06623800 2012 05 10     420.00 A
06623800 2012 05 11     422.00 A
06623800 2012 05 12     384.00 A
06623800 2012 05 13     360.00 A
06623800 2012 05 14     362.00 A
06623800 2012 05 15     414.00 A
06623800 2012 05 16     437.00 A
06623800 2012 05 17     446.00 A
06623800 2012 05 18     466.00 A
06623800 2012 05 19     476.00 A
06623800 2012 05 20     391.00 A
06623800 2012 05 21     379.00 A
06623800 2012 05 22     431.00 A
06623800 2012 05 23     470.00 A
06623800 2012 05 24     368.00 A
06623800 2012 05 25     339.00 A
06623800 2012 05 26     353.00 A
06623800 2012 05 27     347.00 A
06623800 2012 05 28     290.00 A
06623800 2012 05 29     277.00 A
06623800 2012 05 30     290.00 A
06623800 2012 05 31     322.00 A
06623800 2012 06 01     354.00 A
06623800 2012 06 02     363.00 A
06623800 2012 06 03     344.00 A
06623800 2012 06 04     344.00 A
06623800 2012 06 05     331.00 A
06623800 2012 06 06     301.00 A
06623800 2012 06 07     270.00 A
06623800 2012 06 08     248.00 A
06623800 2012 06 09     230.00 A
06623800 2012 06 10     212.00 A
06623800 2012 06 11     185.00 A
06623800 2012 06 12     170.00 A
06623800 2012 06 13     158.00 A
06623800 2012 06 14     151.00 A
06623800 2012 06 15     144.00 A
06623800 2012 06 16     134.00 A
06623800 2012 06 17     126.00 A
06623800 2012 06 18     116.00 A
06623800 2012 06 19     109.00 A
06623800 2012 06 20     102.00 A
06623800 2012 06 21     95.70 A
06623800 2012 06 22     89.90 A
06623800 2012 06 23     84.00 A
06623800 2012 06 24     80.10 A
06623800 2012 06 25     77.50 A
06623800 2012 06 26     73.50 A
06623800 2012 06 27     69.90 A
06623800 2012 06 28     67.20 A
06623800 2012 06 29     64.10 A
06623800 2012 06 30     62.30 A
06623800 2012 07 01     59.20 A
06623800 2012 07 02     57.00 A
06623800 2012 07 03     55.90 A
06623800 2012 07 04     53.50 A
06623800 2012 07 05     51.80 A
06623800 2012 07 06     61.90 A
06623800 2012 07 07     70.20 A
06623800 2012 07 08     74.40 A
06623800 2012 07 09     65.60 A
06623800 2012 07 10     50.70 A
06623800 2012 07 11     47.10 A
06623800 2012 07 12     45.90 A
06623800 2012 07 13     44.20 A
06623800 2012 07 14     42.60 A
06623800 2012 07 15     47.80 A
06623800 2012 07 16     50.80 A
06623800 2012 07 17     45.30 A
06623800 2012 07 18     40.40 A
06623800 2012 07 19     38.10 A
06623800 2012 07 20     37.00 A
06623800 2012 07 21     35.70 A
06623800 2012 07 22     40.30 A
06623800 2012 07 23     41.00 A
06623800 2012 07 24     36.20 A
06623800 2012 07 25     37.90 A
06623800 2012 07 26     34.40 A
06623800 2012 07 27     33.20 A
06623800 2012 07 28     36.80 A
06623800 2012 07 29     36.30 A
06623800 2012 07 30     45.20 A
06623800 2012 07 31     52.40 A
06623800 2012 08 01     38.10 A
06623800 2012 08 02     44.10 A
06623800 2012 08 03     34.80 A
06623800 2012 08 04     32.00 A
06623800 2012 08 05     30.20 A
06623800 2012 08 06     29.00 A
06623800 2012 08 07     28.30 A
06623800 2012 08 08     27.40 A
06623800 2012 08 09     26.80 A
06623800 2012 08 10     28.10 A
06623800 2012 08 11     31.00 A
06623800 2012 08 12     28.00 A
06623800 2012 08 13     27.40 A
06623800 2012 08 14     27.30 A
06623800 2012 08 15     25.70 A
06623800 2012 08 16     25.00 A
06623800 2012 08 17     24.80 A
06623800 2012 08 18     23.90 A
06623800 2012 08 19     23.50 A
06623800 2012 08 20     24.30 A
06623800 2012 08 21     25.30 A
06623800 2012 08 22     24.60 A
06623800 2012 08 23     25.20 A
06623800 2012 08 24     25.10 A
06623800 2012 08 25     24.20 A
06623800 2012 08 26     22.60 A
06623800 2012 08 27     21.80 A
06623800 2012 08 28     21.50 A
06623800 2012 08 29     22.30 A
06623800 2012 08 30     22.80 A
06623800 2012 08 31     28.80 A
06623800 2012 09 01     27.30 A
06623800 2012 09 02     33.50 A
06623800 2012 09 03     27.00 A
06623800 2012 09 04     23.50 A
06623800 2012 09 05     21.70 A
06623800 2012 09 06     21.20 A
06623800 2012 09 07     21.30 A
06623800 2012 09 08     21.30 A
06623800 2012 09 09     21.10 A
06623800 2012 09 10     20.90 A
06623800 2012 09 11     22.30 A
06623800 2012 09 12     27.10 A
06623800 2012 09 13     23.20 A
06623800 2012 09 14     22.10 A
06623800 2012 09 15     21.30 A
06623800 2012 09 16     20.80 A
06623800 2012 09 17     20.70 A
06623800 2012 09 18     20.80 A
06623800 2012 09 19     20.80 A
06623800 2012 09 20     20.50 A
06623800 2012 09 21     20.30 A
06623800 2012 09 22     20.10 A
06623800 2012 09 23     20.00 A
06623800 2012 09 24     20.80 A
06623800 2012 09 25     23.30 A
06623800 2012 09 26     25.30 A
06623800 2012 09 27     31.70 A
06623800 2012 09 28     29.40 A
06623800 2012 09 29     24.60 A
06623800 2012 09 30     23.10 A
06623800 2012 10 01     21.80 A
06623800 2012 10 02     20.10 A
06623800 2012 10 03     19.70 A
06623800 2012 10 04     19.30 A
06623800 2012 10 05     19.50 A
06623800 2012 10 06     18.50 A
06623800 2012 10 07     18.00 A
06623800 2012 10 08     20.00 A
06623800 2012 10 09     19.60 A
06623800 2012 10 10     19.40 A
06623800 2012 10 11     20.00 A
06623800 2012 10 12     22.10 A
06623800 2012 10 13     30.40 A
06623800 2012 10 14     30.10 A
06623800 2012 10 15     28.10 A
06623800 2012 10 16     26.10 A
06623800 2012 10 17     27.70 A
06623800 2012 10 18     22.00 A
06623800 2012 10 19     22.10 A
06623800 2012 10 20     22.70 A
06623800 2012 10 21     21.90 A
06623800 2012 10 22     21.30 A
06623800 2012 10 23     21.00 A
06623800 2012 10 24     22.40 A
06623800 2012 10 25     22.00 A
06623800 2012 10 26     21.00 A
06623800 2012 10 27     22.00 A
06623800 2012 10 28     24.00 A
06623800 2012 10 29     25.20 A
06623800 2012 10 30     27.20 A
06623800 2012 10 31     27.50 A
06623800 2012 11 01     27.10 A
06623800 2012 11 02     25.70 A
06623800 2012 11 03     22.30 A
06623800 2012 11 04     23.60 A
06623800 2012 11 05     23.10 A
06623800 2012 11 06     22.20 A
06623800 2012 11 07     21.80 A
06623800 2012 11 08     22.50 A
06623800 2012 11 09     23.30 A
06623800 2012 11 10     23.00 A
06623800 2012 11 11     21.00 A
06623800 2012 11 12     19.00 A
06623800 2012 11 13     20.00 A
06623800 2012 11 14     23.00 A
06623800 2012 11 15     24.00 A
06623800 2012 11 16     25.00 A
06623800 2012 11 17     25.00 A
06623800 2012 11 18     24.00 A
06623800 2012 11 19     23.50 A
06623800 2012 11 20     22.00 A
06623800 2012 11 21     21.00 A
06623800 2012 11 22     18.00 A
06623800 2012 11 23     16.00 A
06623800 2012 11 24     18.00 A
06623800 2012 11 25     18.00 A
06623800 2012 11 26     17.00 A
06623800 2012 11 27     15.50 A
06623800 2012 11 28     16.00 A
06623800 2012 11 29     17.00 A
06623800 2012 11 30     17.00 A
06623800 2012 12 01     17.50 A
06623800 2012 12 02     18.00 A
06623800 2012 12 03     17.00 A
06623800 2012 12 04     16.00 A
06623800 2012 12 05     17.00 A
06623800 2012 12 06     16.50 A
06623800 2012 12 07     16.00 A
06623800 2012 12 08     15.50 A
06623800 2012 12 09     15.00 A
06623800 2012 12 10     14.50 A
06623800 2012 12 11     15.00 A
06623800 2012 12 12     15.50 A
06623800 2012 12 13     16.50 A
06623800 2012 12 14     17.50 A
06623800 2012 12 15     18.00 A
06623800 2012 12 16     18.00 A
06623800 2012 12 17     17.50 A
06623800 2012 12 18     17.00 A
06623800 2012 12 19     16.50 A
06623800 2012 12 20     16.00 A
06623800 2012 12 21     17.10 A
06623800 2012 12 22     17.60 A
06623800 2012 12 23     17.80 A
06623800 2012 12 24     17.80 A
06623800 2012 12 25     17.40 A
06623800 2012 12 26     16.70 A
06623800 2012 12 27     16.60 A
06623800 2012 12 28     16.30 A
06623800 2012 12 29     16.30 A
06623800 2012 12 30     16.50 A
06623800 2012 12 31     17.00 A
06623800 2013 01 01     16.50 A
06623800 2013 01 02     16.50 A
06623800 2013 01 03     17.00 A
06623800 2013 01 04     17.20 A
06623800 2013 01 05     16.90 A
06623800 2013 01 06     16.70 A
06623800 2013 01 07     16.70 A
06623800 2013 01 08     16.90 A
06623800 2013 01 09     17.00 A
06623800 2013 01 10     17.10 A
06623800 2013 01 11     17.20 A
06623800 2013 01 12     17.30 A
06623800 2013 01 13     17.00 A
06623800 2013 01 14     16.80 A
06623800 2013 01 15     16.70 A
06623800 2013 01 16     16.70 A
06623800 2013 01 17     16.70 A
06623800 2013 01 18     16.80 A
06623800 2013 01 19     16.90 A
06623800 2013 01 20     16.90 A
06623800 2013 01 21     16.70 A
06623800 2013 01 22     16.80 A
06623800 2013 01 23     16.80 A
06623800 2013 01 24     17.00 A
06623800 2013 01 25     17.40 A
06623800 2013 01 26     17.80 A
06623800 2013 01 27     18.20 A
06623800 2013 01 28     17.70 A
06623800 2013 01 29     16.60 A
06623800 2013 01 30     17.10 A
06623800 2013 01 31     16.50 A
06623800 2013 02 01     17.20 A
06623800 2013 02 02     16.30 A
06623800 2013 02 03     17.10 A
06623800 2013 02 04     17.70 A
06623800 2013 02 05     18.50 A
06623800 2013 02 06     19.20 A
06623800 2013 02 07     18.80 A
06623800 2013 02 08     19.70 A
06623800 2013 02 09     20.00 A
06623800 2013 02 10     19.60 A
06623800 2013 02 11     19.20 A
06623800 2013 02 12     19.00 A
06623800 2013 02 13     18.80 A
06623800 2013 02 14     18.60 A
06623800 2013 02 15     18.50 A
06623800 2013 02 16     18.40 A
06623800 2013 02 17     18.40 A
06623800 2013 02 18     18.60 A
06623800 2013 02 19     18.10 A
06623800 2013 02 20     18.50 A
06623800 2013 02 21     18.00 A
06623800 2013 02 22     17.30 A
06623800 2013 02 23     17.10 A
06623800 2013 02 24     16.80 A
06623800 2013 02 25     17.50 A
06623800 2013 02 26     17.20 A
06623800 2013 02 27     16.80 A
06623800 2013 02 28     16.50 A
06623800 2013 03 01     16.60 A
06623800 2013 03 02     16.70 A
06623800 2013 03 03     16.60 A
06623800 2013 03 04     16.50 A
06623800 2013 03 05     16.60 A
06623800 2013 03 06     17.60 A
06623800 2013 03 07     18.20 A
06623800 2013 03 08     18.20 A
06623800 2013 03 09     17.50 A
06623800 2013 03 10     18.00 A
06623800 2013 03 11     17.50 A
06623800 2013 03 12     17.70 A
06623800 2013 03 13     18.20 A
06623800 2013 03 14     19.00 A
06623800 2013 03 15     20.00 A
06623800 2013 03 16     20.00 A
06623800 2013 03 17     19.00 A
06623800 2013 03 18     18.00 A
06623800 2013 03 19     18.00 A
06623800 2013 03 20     19.00 A
06623800 2013 03 21     19.00 A
06623800 2013 03 22     18.00 A
06623800 2013 03 23     18.00 A
06623800 2013 03 24     18.00 A
06623800 2013 03 25     17.00 A
06623800 2013 03 26     17.00 A
06623800 2013 03 27     18.00 A
06623800 2013 03 28     19.00 A
06623800 2013 03 29     20.00 A
06623800 2013 03 30     20.00 A
06623800 2013 03 31     21.00 A
06623800 2013 04 01     21.00 A
06623800 2013 04 02     20.00 A
06623800 2013 04 03     20.00 A
06623800 2013 04 04     21.00 A
06623800 2013 04 05     24.00 A
06623800 2013 04 06     26.00 A
06623800 2013 04 07     25.00 A
06623800 2013 04 08     24.00 A
06623800 2013 04 09     22.00 A
06623800 2013 04 10     21.00 A
06623800 2013 04 11     21.00 A
06623800 2013 04 12     22.00 A
06623800 2013 04 13     21.00 A
06623800 2013 04 14     21.00 A
06623800 2013 04 15     20.00 A
06623800 2013 04 16     20.00 A
06623800 2013 04 17     20.30 A
06623800 2013 04 18     20.30 A
06623800 2013 04 19     20.30 A
06623800 2013 04 20     21.40 A
06623800 2013 04 21     22.70 A
06623800 2013 04 22     22.80 A
06623800 2013 04 23     22.00 A
06623800 2013 04 24     24.00 A
06623800 2013 04 25     19.00 A
06623800 2013 04 26     19.00 A
06623800 2013 04 27     23.00 A
06623800 2013 04 28     30.40 A
06623800 2013 04 29     39.80 A
06623800 2013 04 30     57.40 A
06623800 2013 05 01     59.00 A
06623800 2013 05 02     56.00 A
06623800 2013 05 03     51.40 A
06623800 2013 05 04     54.70 A
06623800 2013 05 05     65.70 A
06623800 2013 05 06     80.80 A
06623800 2013 05 07     112.00 A
06623800 2013 05 08     137.00 A
06623800 2013 05 09     144.00 A
06623800 2013 05 10     178.00 A
06623800 2013 05 11     195.00 A
06623800 2013 05 12     222.00 A
06623800 2013 05 13     304.00 A
06623800 2013 05 14     384.00 A
06623800 2013 05 15     403.00 A
06623800 2013 05 16     468.00 A
06623800 2013 05 17     549.00 A
06623800 2013 05 18     523.00 A
06623800 2013 05 19     425.00 A
06623800 2013 05 20     364.00 A
06623800 2013 05 21     306.00 A
06623800 2013 05 22     323.00 A
06623800 2013 05 23     450.00 A
06623800 2013 05 24     582.00 A
06623800 2013 05 25     651.00 A
06623800 2013 05 26     717.00 A
06623800 2013 05 27     707.00 A
06623800 2013 05 28     653.00 A
06623800 2013 05 29     590.00 A
06623800 2013 05 30     480.00 A
06623800 2013 05 31     406.00 A
06623800 2013 06 01     381.00 A
06623800 2013 06 02     429.00 A
06623800 2013 06 03     549.00 A
06623800 2013 06 04     584.00 A
06623800 2013 06 05     594.00 A
06623800 2013 06 06     591.00 A
06623800 2013 06 07     612.00 A
06623800 2013 06 08     670.00 A
06623800 2013 06 09     658.00 A
06623800 2013 06 10     683.00 A
06623800 2013 06 11     643.00 A
06623800 2013 06 12     566.00 A
06623800 2013 06 13     531.00 A
06623800 2013 06 14     492.00 A
06623800 2013 06 15     426.00 A
06623800 2013 06 16     375.00 A
06623800 2013 06 17     346.00 A
06623800 2013 06 18     316.00 A
06623800 2013 06 19     280.00 A
06623800 2013 06 20     250.00 A
06623800 2013 06 21     224.00 A
06623800 2013 06 22     205.00 A
06623800 2013 06 23     190.00 A
06623800 2013 06 24     174.00 A
06623800 2013 06 25     161.00 A
06623800 2013 06 26     149.00 A
06623800 2013 06 27     138.00 A
06623800 2013 06 28     128.00 A
06623800 2013 06 29     120.00 A
06623800 2013 06 30     114.00 A
06623800 2013 07 01     107.00 A
06623800 2013 07 02     101.00 A
06623800 2013 07 03     94.80 A
06623800 2013 07 04     92.20 A
06623800 2013 07 05     101.00 A
06623800 2013 07 06     99.10 A
06623800 2013 07 07     91.20 A
06623800 2013 07 08     83.20 A
06623800 2013 07 09     75.50 A
06623800 2013 07 10     69.10 A
06623800 2013 07 11     64.20 A
06623800 2013 07 12     63.80 A
06623800 2013 07 13     89.90 A
06623800 2013 07 14     66.90 A
06623800 2013 07 15     62.90 A
06623800 2013 07 16     58.80 A
06623800 2013 07 17     53.40 A
06623800 2013 07 18     52.20 A
06623800 2013 07 19     51.50 A
06623800 2013 07 20     50.50 A
06623800 2013 07 21     48.20 A
06623800 2013 07 22     44.10 A
06623800 2013 07 23     41.80 A
06623800 2013 07 24     41.00 A
06623800 2013 07 25     53.40 A
06623800 2013 07 26     52.20 A
06623800 2013 07 27     45.70 A
06623800 2013 07 28     48.40 A
06623800 2013 07 29     48.80 A
06623800 2013 07 30     51.30 A
06623800 2013 07 31     42.40 A
06623800 2013 08 01     44.80 A
06623800 2013 08 02     46.30 A
06623800 2013 08 03     39.30 A
06623800 2013 08 04     39.70 A
06623800 2013 08 05     41.30 A
06623800 2013 08 06     51.10 A
06623800 2013 08 07     40.00 A
06623800 2013 08 08     42.40 A
06623800 2013 08 09     44.70 A
06623800 2013 08 10     42.50 A
06623800 2013 08 11     37.80 A
06623800 2013 08 12     37.10 A
06623800 2013 08 13     38.70 A
06623800 2013 08 14     38.10 A
06623800 2013 08 15     33.60 A
06623800 2013 08 16     31.70 A
06623800 2013 08 17     30.40 A
06623800 2013 08 18     29.70 A
06623800 2013 08 19     29.90 A
06623800 2013 08 20     29.30 A
06623800 2013 08 21     29.60 A
06623800 2013 08 22     29.20 A
06623800 2013 08 23     36.40 A
06623800 2013 08 24     33.40 A
06623800 2013 08 25     30.40 A
06623800 2013 08 26     30.00 A
06623800 2013 08 27     28.70 A
06623800 2013 08 28     27.50 A
06623800 2013 08 29     26.30 A
06623800 2013 08 30     26.90 A
06623800 2013 08 31     29.60 A
06623800 2013 09 01     27.20 A
06623800 2013 09 02     26.30 A
06623800 2013 09 03     25.20 A
06623800 2013 09 04     24.90 A
06623800 2013 09 05     32.00 A
06623800 2013 09 06     33.60 A
06623800 2013 09 07     32.40 A
06623800 2013 09 08     31.00 A
06623800 2013 09 09     36.10 A
06623800 2013 09 10     61.80 A
06623800 2013 09 11     70.90 A
06623800 2013 09 12     78.10 A
06623800 2013 09 13     53.40 A
06623800 2013 09 14     46.00 A
06623800 2013 09 15     56.40 A
06623800 2013 09 16     54.50 A
06623800 2013 09 17     39.50 A
06623800 2013 09 18     36.70 A
06623800 2013 09 19     34.00 A
06623800 2013 09 20     30.90 A
06623800 2013 09 21     29.50 A
06623800 2013 09 22     29.90 A
06623800 2013 09 23     35.30 A
06623800 2013 09 24     32.00 A
06623800 2013 09 25     29.10 A
06623800 2013 09 26     27.50 A
06623800 2013 09 27     34.70 A
06623800 2013 09 28     36.90 A
06623800 2013 09 29     37.70 A
06623800 2013 09 30     39.80 A
06623800 2013 10 01     36.40 A
06623800 2013 10 02     32.00 A
06623800 2013 10 03     30.80 A
06623800 2013 10 04     35.90 A
06623800 2013 10 05     35.10 A
06623800 2013 10 06     38.10 A
06623800 2013 10 07     47.30 A
06623800 2013 10 08     53.50 A
06623800 2013 10 09     49.00 A
06623800 2013 10 10     45.10 A
06623800 2013 10 11     46.90 A
06623800 2013 10 12     43.20 A
06623800 2013 10 13     45.60 A
06623800 2013 10 14     56.40 A
06623800 2013 10 15     47.20 A
06623800 2013 10 16     41.20 A
06623800 2013 10 17     40.90 A
06623800 2013 10 18     39.30 A
06623800 2013 10 19     37.50 A
06623800 2013 10 20     39.20 A
06623800 2013 10 21     39.30 A
06623800 2013 10 22     38.80 A
06623800 2013 10 23     40.10 A
06623800 2013 10 24     41.30 A
06623800 2013 10 25     42.20 A
06623800 2013 10 26     41.40 A
06623800 2013 10 27     41.50 A
06623800 2013 10 28     41.20 A
06623800 2013 10 29     39.70 A
06623800 2013 10 30     38.40 A
06623800 2013 10 31     35.70 A
06623800 2013 11 01     38.20 A
06623800 2013 11 02     39.00 A
06623800 2013 11 03     41.20 A
06623800 2013 11 04     36.60 A
06623800 2013 11 05     37.00 A
06623800 2013 11 06     44.00 A
06623800 2013 11 07     54.00 A
06623800 2013 11 08     55.00 A
06623800 2013 11 09     50.00 A
06623800 2013 11 10     45.00 A
06623800 2013 11 11     47.00 A
06623800 2013 11 12     45.00 A
06623800 2013 11 13     45.00 A
06623800 2013 11 14     46.00 A
06623800 2013 11 15     44.00 A
06623800 2013 11 16     40.00 A
06623800 2013 11 17     38.60 A
06623800 2013 11 18     41.20 A
06623800 2013 11 19     43.60 A
06623800 2013 11 20     45.10 A
06623800 2013 11 21     38.90 A
06623800 2013 11 22     34.70 A
06623800 2013 11 23     33.60 A
06623800 2013 11 24     35.00 A
06623800 2013 11 25     35.90 A
06623800 2013 11 26     36.40 A
06623800 2013 11 27     36.40 A
06623800 2013 11 28     37.40 A
06623800 2013 11 29     38.30 A
06623800 2013 11 30     38.90 A
06623800 2013 12 01     39.20 A
06623800 2013 12 02     40.20 A
06623800 2013 12 03     38.60 A
06623800 2013 12 04     33.20 A
06623800 2013 12 05     28.20 A
06623800 2013 12 06     26.20 A
06623800 2013 12 07     25.10 A
06623800 2013 12 08     26.40 A
06623800 2013 12 09     27.00 A
06623800 2013 12 10     27.60 A
06623800 2013 12 11     27.80 A
06623800 2013 12 12     28.60 A
06623800 2013 12 13     28.20 A
06623800 2013 12 14     27.40 A
06623800 2013 12 15     27.40 A
06623800 2013 12 16     27.60 A
06623800 2013 12 17     28.90 A
06623800 2013 12 18     28.60 A
06623800 2013 12 19     28.90 A
06623800 2013 12 20     28.70 A
06623800 2013 12 21     27.90 A
06623800 2013 12 22     28.40 A
06623800 2013 12 23     27.60 A
06623800 2013 12 24     27.60 A
06623800 2013 12 25     24.40 A
06623800 2013 12 26     22.80 A
06623800 2013 12 27     23.40 A
06623800 2013 12 28     24.50 A
06623800 2013 12 29     24.00 A
06623800 2013 12 30     23.40 A
06623800 2013 12 31     24.00 A
06623800 2014 01 01     23.00 A
06623800 2014 01 02     22.00 A
06623800 2014 01 03     23.00 A
06623800 2014 01 04     22.30 A
06623800 2014 01 05     20.70 A
06623800 2014 01 06     18.80 A
06623800 2014 01 07     18.80 A
06623800 2014 01 08     19.90 A
06623800 2014 01 09     19.90 A
06623800 2014 01 10     18.60 A
06623800 2014 01 11     20.10 A
06623800 2014 01 12     18.60 A
06623800 2014 01 13     18.00 A
06623800 2014 01 14     17.70 A
06623800 2014 01 15     17.30 A
06623800 2014 01 16     16.70 A
06623800 2014 01 17     16.70 A
06623800 2014 01 18     17.70 A
06623800 2014 01 19     19.00 A
06623800 2014 01 20     19.00 A
06623800 2014 01 21     19.00 A
06623800 2014 01 22     17.80 A
06623800 2014 01 23     17.30 A
06623800 2014 01 24     17.30 A
06623800 2014 01 25     18.50 A
06623800 2014 01 26     18.80 A
06623800 2014 01 27     18.40 A
06623800 2014 01 28     17.40 A
06623800 2014 01 29     17.60 A
06623800 2014 01 30     18.00 A
06623800 2014 01 31     18.00 A
06623800 2014 02 01     17.40 A
06623800 2014 02 02     16.80 A
06623800 2014 02 03     16.60 A
06623800 2014 02 04     15.70 A
06623800 2014 02 05     15.60 A
06623800 2014 02 06     16.80 A
06623800 2014 02 07     16.80 A
06623800 2014 02 08     17.50 A
06623800 2014 02 09     18.40 A
06623800 2014 02 10     18.70 A
06623800 2014 02 11     18.50 A
06623800 2014 02 12     18.60 A
06623800 2014 02 13     19.00 A
06623800 2014 02 14     19.00 A
06623800 2014 02 15     20.00 A
06623800 2014 02 16     20.00 A
06623800 2014 02 17     20.00 A
06623800 2014 02 18     20.00 A
06623800 2014 02 19     20.00 A
06623800 2014 02 20     19.10 A
06623800 2014 02 21     18.30 A
06623800 2014 02 22     18.30 A
06623800 2014 02 23     19.10 A
06623800 2014 02 24     20.20 A
06623800 2014 02 25     20.20 A
06623800 2014 02 26     20.20 A
06623800 2014 02 27     21.10 A
06623800 2014 02 28     21.90 A
06623800 2014 03 01     22.80 A
06623800 2014 03 02     22.80 A
06623800 2014 03 03     23.70 A
06623800 2014 03 04     23.80 A
06623800 2014 03 05     23.00 A
06623800 2014 03 06     24.00 A
06623800 2014 03 07     22.80 A
06623800 2014 03 08     22.00 A
06623800 2014 03 09     23.00 A
06623800 2014 03 10     24.00 A
06623800 2014 03 11     22.00 A
06623800 2014 03 12     22.00 A
06623800 2014 03 13     23.00 A
06623800 2014 03 14     24.00 A
06623800 2014 03 15     23.00 A
06623800 2014 03 16     24.00 A
06623800 2014 03 17     25.00 A
06623800 2014 03 18     24.00 A
06623800 2014 03 19     24.00 A
06623800 2014 03 20     25.00 A
06623800 2014 03 21     26.00 A
06623800 2014 03 22     26.00 A
06623800 2014 03 23     25.00 A
06623800 2014 03 24     25.00 A
06623800 2014 03 25     26.00 A
06623800 2014 03 26     26.00 A
06623800 2014 03 27     26.30 A
06623800 2014 03 28     25.70 A
06623800 2014 03 29     26.40 A
06623800 2014 03 30     26.80 A
06623800 2014 03 31     27.70 A
06623800 2014 04 01     27.40 A
06623800 2014 04 02     26.60 A
06623800 2014 04 03     24.50 A
06623800 2014 04 04     24.00 A
06623800 2014 04 05     24.00 A
06623800 2014 04 06     24.90 A
06623800 2014 04 07     24.90 A
06623800 2014 04 08     26.00 A
06623800 2014 04 09     28.00 A
06623800 2014 04 10     30.90 A
06623800 2014 04 11     34.00 A
06623800 2014 04 12     36.00 A
06623800 2014 04 13     41.20 A
06623800 2014 04 14     35.40 A
06623800 2014 04 15     35.40 A
06623800 2014 04 16     40.70 A
06623800 2014 04 17     49.00 A
06623800 2014 04 18     51.40 A
06623800 2014 04 19     68.80 A
06623800 2014 04 20     83.50 A
06623800 2014 04 21     104.00 A
06623800 2014 04 22     129.00 A
06623800 2014 04 23     156.00 A
06623800 2014 04 24     133.00 A
06623800 2014 04 25     132.00 A
06623800 2014 04 26     158.00 A
06623800 2014 04 27     160.00 A
06623800 2014 04 28     134.00 A
06623800 2014 04 29     117.00 A
06623800 2014 04 30     107.00 A
06623800 2014 05 01     103.00 A
06623800 2014 05 02     115.00 A
06623800 2014 05 03     156.00 A
06623800 2014 05 04     230.00 A
06623800 2014 05 05     293.00 A
06623800 2014 05 06     329.00 A
06623800 2014 05 07     350.00 A
06623800 2014 05 08     312.00 A
06623800 2014 05 09     262.00 A
06623800 2014 05 10     232.00 A
06623800 2014 05 11     208.00 A
06623800 2014 05 12     192.00 A
06623800 2014 05 13     176.00 A
06623800 2014 05 14     168.00 A
06623800 2014 05 15     164.00 A
06623800 2014 05 16     173.00 A
06623800 2014 05 17     227.00 A
06623800 2014 05 18     334.00 A
06623800 2014 05 19     446.00 A
06623800 2014 05 20     564.00 A
06623800 2014 05 21     626.00 A
06623800 2014 05 22     640.00 A
06623800 2014 05 23     697.00 A
06623800 2014 05 24     896.00 A
06623800 2014 05 25     1010.00 A
06623800 2014 05 26     1080.00 A
06623800 2014 05 27     1230.00 A
06623800 2014 05 28     1350.00 A
06623800 2014 05 29     1410.00 A
06623800 2014 05 30     1460.00 A
06623800 2014 05 31     1320.00 A
06623800 2014 06 01     1330.00 A
06623800 2014 06 02     1350.00 A
06623800 2014 06 03     1310.00 A
06623800 2014 06 04     1300.00 A
06623800 2014 06 05     1280.00 A
06623800 2014 06 06     1230.00 A
06623800 2014 06 07     1230.00 A
06623800 2014 06 08     1190.00 A
06623800 2014 06 09     965.00 A
06623800 2014 06 10     974.00 A
06623800 2014 06 11     981.00 A
06623800 2014 06 12     991.00 A
06623800 2014 06 13     1090.00 A
06623800 2014 06 14     983.00 A
06623800 2014 06 15     761.00 A
06623800 2014 06 16     749.00 A
06623800 2014 06 17     740.00 A
06623800 2014 06 18     712.00 A
06623800 2014 06 19     617.00 A
06623800 2014 06 20     645.00 A
06623800 2014 06 21     648.00 A
06623800 2014 06 22     621.00 A
06623800 2014 06 23     603.00 A
06623800 2014 06 24     582.00 A
06623800 2014 06 25     566.00 A
06623800 2014 06 26     549.00 A
06623800 2014 06 27     535.00 A
06623800 2014 06 28     478.00 A
06623800 2014 06 29     427.00 A
06623800 2014 06 30     407.00 A
06623800 2014 07 01     368.00 A
06623800 2014 07 02     336.00 A
06623800 2014 07 03     310.00 A
06623800 2014 07 04     289.00 A
06623800 2014 07 05     270.00 A
06623800 2014 07 06     245.00 A
06623800 2014 07 07     222.00 A
06623800 2014 07 08     205.00 A
06623800 2014 07 09     189.00 A
06623800 2014 07 10     179.00 A
06623800 2014 07 11     176.00 A
06623800 2014 07 12     219.00 A
06623800 2014 07 13     170.00 A
06623800 2014 07 14     154.00 A
06623800 2014 07 15     136.00 A
06623800 2014 07 16     141.00 A
06623800 2014 07 17     125.00 A
06623800 2014 07 18     113.00 A
06623800 2014 07 19     104.00 A
06623800 2014 07 20     97.70 A
06623800 2014 07 21     93.40 A
06623800 2014 07 22     87.50 A
06623800 2014 07 23     83.80 A
06623800 2014 07 24     81.50 A
06623800 2014 07 25     82.70 A
06623800 2014 07 26     82.80 A
06623800 2014 07 27     74.20 A
06623800 2014 07 28     69.80 A
06623800 2014 07 29     101.00 A
06623800 2014 07 30     131.00 A
06623800 2014 07 31     90.30 A
06623800 2014 08 01     72.20 A
06623800 2014 08 02     65.70 A
06623800 2014 08 03     62.50 A
06623800 2014 08 04     62.30 A
06623800 2014 08 05     62.40 A
06623800 2014 08 06     60.00 A
06623800 2014 08 07     58.40 A
06623800 2014 08 08     63.80 A
06623800 2014 08 09     55.70 A
06623800 2014 08 10     52.20 A
06623800 2014 08 11     49.90 A
06623800 2014 08 12     48.00 A
06623800 2014 08 13     47.10 A
06623800 2014 08 14     53.30 A
06623800 2014 08 15     59.70 A
06623800 2014 08 16     49.40 A
06623800 2014 08 17     43.80 A
06623800 2014 08 18     41.50 A
06623800 2014 08 19     41.10 A
06623800 2014 08 20     51.00 A
06623800 2014 08 21     67.40 A
06623800 2014 08 22     49.10 A
06623800 2014 08 23     53.00 A
06623800 2014 08 24     52.70 A
06623800 2014 08 25     69.50 A
06623800 2014 08 26     57.00 A
06623800 2014 08 27     72.40 A
06623800 2014 08 28     92.00 A
06623800 2014 08 29     70.50 A
06623800 2014 08 30     54.60 A
06623800 2014 08 31     82.70 A
06623800 2014 09 01     68.90 A
06623800 2014 09 02     52.20 A
06623800 2014 09 03     45.90 A
06623800 2014 09 04     42.50 A
06623800 2014 09 05     43.40 A
06623800 2014 09 06     49.20 A
06623800 2014 09 07     42.70 A
06623800 2014 09 08     42.20 A
06623800 2014 09 09     75.80 A
06623800 2014 09 10     76.30 A
06623800 2014 09 11     51.30 A
06623800 2014 09 12     44.20 A
06623800 2014 09 13     41.70 A
06623800 2014 09 14     39.90 A
06623800 2014 09 15     38.60 A
06623800 2014 09 16     37.50 A
06623800 2014 09 17     36.60 A
06623800 2014 09 18     36.20 A
06623800 2014 09 19     34.80 A
06623800 2014 09 20     34.30 A
06623800 2014 09 21     33.70 A
06623800 2014 09 22     39.60 A
06623800 2014 09 23     56.90 A
06623800 2014 09 24     43.50 A
06623800 2014 09 25     37.00 A
06623800 2014 09 26     35.40 A
06623800 2014 09 27     34.50 A
06623800 2014 09 28     37.80 A
06623800 2014 09 29     52.50 A
06623800 2014 09 30     50.10 A
06623800 2014 10 01     59.90 A
06623800 2014 10 02     49.80 A
06623800 2014 10 03     45.40 A
06623800 2014 10 04     44.30 A
06623800 2014 10 05     42.90 A
06623800 2014 10 06     40.80 A
06623800 2014 10 07     38.30 A
06623800 2014 10 08     36.00 A
06623800 2014 10 09     35.20 A
06623800 2014 10 10     43.00 A
06623800 2014 10 11     39.00 A
06623800 2014 10 12     38.90 A
06623800 2014 10 13     43.00 A
06623800 2014 10 14     45.00 A
06623800 2014 10 15     49.00 A
06623800 2014 10 16     48.50 A
06623800 2014 10 17     41.80 A
06623800 2014 10 18     38.30 A
06623800 2014 10 19     36.60 A
06623800 2014 10 20     35.60 A
06623800 2014 10 21     39.00 A
06623800 2014 10 22     62.30 A
06623800 2014 10 23     48.50 A
06623800 2014 10 24     40.40 A
06623800 2014 10 25     36.10 A
06623800 2014 10 26     35.80 A
06623800 2014 10 27     41.00 A
06623800 2014 10 28     35.00 A
06623800 2014 10 29     37.00 A
06623800 2014 10 30     39.00 A
06623800 2014 10 31     39.40 A
06623800 2014 11 01     43.80 A
06623800 2014 11 02     47.00 A
06623800 2014 11 03     42.10 A
06623800 2014 11 04     30.00 A
06623800 2014 11 05     34.00 A
06623800 2014 11 06     37.40 A
06623800 2014 11 07     39.50 A
06623800 2014 11 08     37.00 A
06623800 2014 11 09     37.30 A
06623800 2014 11 10     33.80 A
06623800 2014 11 11     31.00 A
06623800 2014 11 12     29.00 A
06623800 2014 11 13     28.00 A
06623800 2014 11 14     28.00 A
06623800 2014 11 15     27.00 A
06623800 2014 11 16     26.00 A
06623800 2014 11 17     26.00 A
06623800 2014 11 18     28.00 A
06623800 2014 11 19     32.00 A
06623800 2014 11 20     38.60 A
06623800 2014 11 21     40.10 A
06623800 2014 11 22     41.10 A
06623800 2014 11 23     39.20 A
06623800 2014 11 24     38.00 A
06623800 2014 11 25     38.30 A
06623800 2014 11 26     38.90 A
06623800 2014 11 27     38.90 A
06623800 2014 11 28     38.90 A
06623800 2014 11 29     37.00 A
06623800 2014 11 30     36.00 A
06623800 2014 12 01     35.00 A
06623800 2014 12 02     33.70 A
06623800 2014 12 03     32.70 A
06623800 2014 12 04     32.70 A
06623800 2014 12 05     32.60 A
06623800 2014 12 06     32.00 A
06623800 2014 12 07     32.00 A
06623800 2014 12 08     29.80 A
06623800 2014 12 09     29.50 A
06623800 2014 12 10     30.00 A
06623800 2014 12 11     29.30 A
06623800 2014 12 12     30.90 A
06623800 2014 12 13     30.00 A
06623800 2014 12 14     29.90 A
06623800 2014 12 15     28.40 A
06623800 2014 12 16     25.40 A
06623800 2014 12 17     25.50 A
06623800 2014 12 18     25.50 A
06623800 2014 12 19     26.20 A
06623800 2014 12 20     26.60 A
06623800 2014 12 21     26.60 A
06623800 2014 12 22     26.40 A
06623800 2014 12 23     27.90 A
06623800 2014 12 24     30.00 A
06623800 2014 12 25     30.50 A
06623800 2014 12 26     30.20 A
06623800 2014 12 27     29.50 A
06623800 2014 12 28     29.20 A
06623800 2014 12 29     29.60 A
06623800 2014 12 30     29.30 A
06623800 2014 12 31     29.10 A
06623800 2015 01 01     29.60 A
06623800 2015 01 02     30.10 A
06623800 2015 01 03     29.70 A
06623800 2015 01 04     29.50 A
06623800 2015 01 05     28.60 A
06623800 2015 01 06     29.70 A
06623800 2015 01 07     30.40 A
06623800 2015 01 08     29.90 A
06623800 2015 01 09     29.30 A
06623800 2015 01 10     28.50 A
06623800 2015 01 11     28.00 A
06623800 2015 01 12     27.00 A
06623800 2015 01 13     26.00 A
06623800 2015 01 14     25.00 A
06623800 2015 01 15     25.40 A
06623800 2015 01 16     26.00 A
06623800 2015 01 17     26.00 A
06623800 2015 01 18     26.40 A
06623800 2015 01 19     26.00 A
06623800 2015 01 20     25.30 A
06623800 2015 01 21     23.40 A
06623800 2015 01 22     23.00 A
06623800 2015 01 23     25.00 A
06623800 2015 01 24     24.60 A
06623800 2015 01 25     25.00 A
06623800 2015 01 26     24.50 A
06623800 2015 01 27     24.90 A
06623800 2015 01 28     25.40 A
06623800 2015 01 29     25.10 A
06623800 2015 01 30     24.60 A
06623800 2015 01 31     24.30 A
06623800 2015 02 01     23.70 A
06623800 2015 02 02     23.70 A
06623800 2015 02 03     25.00 A
06623800 2015 02 04     25.00 A
06623800 2015 02 05     25.00 A
06623800 2015 02 06     25.30 A
06623800 2015 02 07     26.10 A
06623800 2015 02 08     26.10 A
06623800 2015 02 09     26.00 A
06623800 2015 02 10     26.00 A
06623800 2015 02 11     25.00 A
06623800 2015 02 12     25.00 A
06623800 2015 02 13     26.00 A
06623800 2015 02 14     26.00 A
06623800 2015 02 15     26.00 A
06623800 2015 02 16     25.30 A
06623800 2015 02 17     24.00 A
06623800 2015 02 18     26.00 A
06623800 2015 02 19     26.00 A
06623800 2015 02 20     26.00 A
06623800 2015 02 21     25.10 A
06623800 2015 02 22     23.60 A
06623800 2015 02 23     23.80 A
06623800 2015 02 24     24.60 A
06623800 2015 02 25     24.60 A
06623800 2015 02 26     25.50 A
06623800 2015 02 27     24.90 A
06623800 2015 02 28     25.10 A
06623800 2015 03 01     25.50 A
06623800 2015 03 02     25.20 A
06623800 2015 03 03     24.10 A
06623800 2015 03 04     24.90 A
06623800 2015 03 05     25.00 A
06623800 2015 03 06     25.20 A
06623800 2015 03 07     24.50 A
06623800 2015 03 08     24.00 A
06623800 2015 03 09     24.00 A
06623800 2015 03 10     24.00 A
06623800 2015 03 11     24.00 A
06623800 2015 03 12     25.40 A
06623800 2015 03 13     25.10 A
06623800 2015 03 14     26.80 A
06623800 2015 03 15     31.30 A
06623800 2015 03 16     31.10 A
06623800 2015 03 17     33.40 A
06623800 2015 03 18     36.70 A
06623800 2015 03 19     41.00 A
06623800 2015 03 20     41.70 A
06623800 2015 03 21     43.00 A
06623800 2015 03 22     43.00 A
06623800 2015 03 23     45.00 A
06623800 2015 03 24     41.50 A
06623800 2015 03 25     37.10 A
06623800 2015 03 26     33.00 A
06623800 2015 03 27     35.40 A
06623800 2015 03 28     39.50 A
06623800 2015 03 29     45.00 A
06623800 2015 03 30     46.00 A
06623800 2015 03 31     49.00 A
06623800 2015 04 01     51.10 A
06623800 2015 04 02     49.00 A
06623800 2015 04 03     44.90 A
06623800 2015 04 04     43.40 A
06623800 2015 04 05     46.00 A
06623800 2015 04 06     57.80 A
06623800 2015 04 07     65.70 A
06623800 2015 04 08     65.20 A
06623800 2015 04 09     58.10 A
06623800 2015 04 10     54.80 A
06623800 2015 04 11     57.40 A
06623800 2015 04 12     63.70 A
06623800 2015 04 13     69.10 A
06623800 2015 04 14     89.80 A
06623800 2015 04 15     99.70 A
06623800 2015 04 16     77.50 A
06623800 2015 04 17     72.30 A
06623800 2015 04 18     64.40 A
06623800 2015 04 19     70.60 A
06623800 2015 04 20     63.10 A
06623800 2015 04 21     64.40 A
06623800 2015 04 22     74.10 A
06623800 2015 04 23     77.60 A
06623800 2015 04 24     79.80 A
06623800 2015 04 25     78.90 A
06623800 2015 04 26     82.90 A
06623800 2015 04 27     94.70 A
06623800 2015 04 28     116.00 A
06623800 2015 04 29     159.00 A
06623800 2015 04 30     189.00 A
06623800 2015 05 01     223.00 A
06623800 2015 05 02     258.00 A
06623800 2015 05 03     257.00 A
06623800 2015 05 04     255.00 A
06623800 2015 05 05     276.00 A
06623800 2015 05 06     333.00 A
06623800 2015 05 07     360.00 A
06623800 2015 05 08     332.00 A
06623800 2015 05 09     307.00 A
06623800 2015 05 10     258.00 A
06623800 2015 05 11     239.00 A
06623800 2015 05 12     249.00 A
06623800 2015 05 13     279.00 A
06623800 2015 05 14     284.00 A
06623800 2015 05 15     288.00 A
06623800 2015 05 16     266.00 A
06623800 2015 05 17     268.00 A
06623800 2015 05 18     271.00 A
06623800 2015 05 19     326.00 A
06623800 2015 05 20     304.00 A
06623800 2015 05 21     296.00 A
06623800 2015 05 22     336.00 A
06623800 2015 05 23     326.00 A
06623800 2015 05 24     311.00 A
06623800 2015 05 25     307.00 A
06623800 2015 05 26     330.00 A
06623800 2015 05 27     420.00 A
06623800 2015 05 28     500.00 A
06623800 2015 05 29     490.00 A
06623800 2015 05 30     480.00 A
06623800 2015 05 31     620.00 A
06623800 2015 06 01     680.00 A
06623800 2015 06 02     725.00 A
06623800 2015 06 03     769.00 A
06623800 2015 06 04     747.00 A
06623800 2015 06 05     709.00 A
06623800 2015 06 06     672.00 A
06623800 2015 06 07     664.00 A
06623800 2015 06 08     670.00 A
06623800 2015 06 09     710.00 A
06623800 2015 06 10     675.00 A
06623800 2015 06 11     753.00 A
06623800 2015 06 12     696.00 A
06623800 2015 06 13     638.00 A
06623800 2015 06 14     603.00 A
06623800 2015 06 15     564.00 A
06623800 2015 06 16     560.00 A
06623800 2015 06 17     530.00 A
06623800 2015 06 18     502.00 A
06623800 2015 06 19     482.00 A
06623800 2015 06 20     455.00 A
06623800 2015 06 21     416.00 A
06623800 2015 06 22     380.00 A
06623800 2015 06 23     344.00 A
06623800 2015 06 24     311.00 A
06623800 2015 06 25     281.00 A
06623800 2015 06 26     256.00 A
06623800 2015 06 27     229.00 A
06623800 2015 06 28     211.00 A
06623800 2015 06 29     195.00 A
06623800 2015 06 30     183.00 A
06623800 2015 07 01     193.00 A
06623800 2015 07 02     167.00 A
06623800 2015 07 03     149.00 A
06623800 2015 07 04     136.00 A
06623800 2015 07 05     152.00 A
06623800 2015 07 06     185.00 A
06623800 2015 07 07     206.00 A
06623800 2015 07 08     225.00 A
06623800 2015 07 09     200.00 A
06623800 2015 07 10     150.00 A
06623800 2015 07 11     123.00 A
06623800 2015 07 12     115.00 A
06623800 2015 07 13     105.00 A
06623800 2015 07 14     105.00 A
06623800 2015 07 15     107.00 A
06623800 2015 07 16     103.00 A
06623800 2015 07 17     89.70 A
06623800 2015 07 18     84.40 A
06623800 2015 07 19     97.70 A
06623800 2015 07 20     82.70 A
06623800 2015 07 21     80.20 A
06623800 2015 07 22     75.90 A
06623800 2015 07 23     70.10 A
06623800 2015 07 24     64.60 A
06623800 2015 07 25     61.60 A
06623800 2015 07 26     58.50 A
06623800 2015 07 27     56.00 A
06623800 2015 07 28     53.50 A
06623800 2015 07 29     52.00 A
06623800 2015 07 30     50.20 A
06623800 2015 07 31     48.50 A
06623800 2015 08 01     46.80 A
06623800 2015 08 02     45.70 A
06623800 2015 08 03     46.10 A
06623800 2015 08 04     47.20 A
06623800 2015 08 05     44.30 A
06623800 2015 08 06     41.90 A
06623800 2015 08 07     40.90 A
06623800 2015 08 08     41.90 A
06623800 2015 08 09     40.00 A
06623800 2015 08 10     39.70 A
06623800 2015 08 11     38.10 A
06623800 2015 08 12     38.20 A
06623800 2015 08 13     37.00 A
06623800 2015 08 14     37.40 A
06623800 2015 08 15     37.40 A
06623800 2015 08 16     46.50 A
06623800 2015 08 17     40.20 A
06623800 2015 08 18     34.90 A
06623800 2015 08 19     34.10 A
06623800 2015 08 20     32.80 A
06623800 2015 08 21     31.20 A
06623800 2015 08 22     29.80 A
06623800 2015 08 23     28.70 A
06623800 2015 08 24     28.30 A
06623800 2015 08 25     28.10 A
06623800 2015 08 26     28.00 A
06623800 2015 08 27     35.70 A
06623800 2015 08 28     41.20 A
06623800 2015 08 29     32.50 A
06623800 2015 08 30     29.80 A
06623800 2015 08 31     39.50 A
06623800 2015 09 01     38.90 A
06623800 2015 09 02     32.80 A
06623800 2015 09 03     30.00 A
06623800 2015 09 04     29.40 A
06623800 2015 09 05     27.90 A
06623800 2015 09 06     27.30 A
06623800 2015 09 07     28.00 A
06623800 2015 09 08     27.10 A
06623800 2015 09 09     25.70 A
06623800 2015 09 10     24.80 A
06623800 2015 09 11     24.40 A
06623800 2015 09 12     24.10 A
06623800 2015 09 13     23.60 A
06623800 2015 09 14     24.50 A
06623800 2015 09 15     30.60 A
06623800 2015 09 16     46.40 A
06623800 2015 09 17     48.30 A
06623800 2015 09 18     57.20 A
06623800 2015 09 19     39.70 A
06623800 2015 09 20     31.30 A
06623800 2015 09 21     28.40 A
06623800 2015 09 22     26.80 A
06623800 2015 09 23     26.00 A
06623800 2015 09 24     25.00 A
06623800 2015 09 25     24.40 A
06623800 2015 09 26     23.90 A
06623800 2015 09 27     23.50 A
06623800 2015 09 28     23.60 A
06623800 2015 09 29     25.00 A
06623800 2015 09 30     24.10 A
06623800 2015 10 01     24.00 A
06623800 2015 10 02     23.50 A
06623800 2015 10 03     23.30 A
06623800 2015 10 04     23.30 A
06623800 2015 10 05     23.10 A
06623800 2015 10 06     23.70 A
06623800 2015 10 07     24.10 A
06623800 2015 10 08     23.30 A
06623800 2015 10 09     23.10 A
06623800 2015 10 10     22.70 A
06623800 2015 10 11     22.20 A
06623800 2015 10 12     21.40 A
06623800 2015 10 13     21.30 A
06623800 2015 10 14     21.10 A
06623800 2015 10 15     21.00 A
06623800 2015 10 16     21.00 A
06623800 2015 10 17     21.10 A
06623800 2015 10 18     21.80 A
06623800 2015 10 19     23.10 A
06623800 2015 10 20     25.30 A
06623800 2015 10 21     25.20 A
06623800 2015 10 22     27.90 A
06623800 2015 10 23     37.70 A
06623800 2015 10 24     32.70 A
06623800 2015 10 25     31.40 A
06623800 2015 10 26     37.80 A
06623800 2015 10 27     37.70 A
06623800 2015 10 28     29.80 A
06623800 2015 10 29     27.20 A
06623800 2015 10 30     28.60 A
06623800 2015 10 31     26.50 A
06623800 2015 11 01     25.80 A
06623800 2015 11 02     27.00 A
06623800 2015 11 03     27.30 A
06623800 2015 11 04     27.20 A
06623800 2015 11 05     25.10 A
06623800 2015 11 06     21.10 A
06623800 2015 11 07     19.80 A
06623800 2015 11 08     20.90 A
06623800 2015 11 09     23.40 A
06623800 2015 11 10     25.60 A
06623800 2015 11 11     24.40 A
06623800 2015 11 12     21.10 A
06623800 2015 11 13     21.50 A
06623800 2015 11 14     24.40 A
06623800 2015 11 15     25.80 A
06623800 2015 11 16     24.70 A
06623800 2015 11 17     22.80 A
06623800 2015 11 18     22.10 A
06623800 2015 11 19     22.10 A
06623800 2015 11 20     21.20 A
06623800 2015 11 21     20.40 A
06623800 2015 11 22     21.20 A
06623800 2015 11 23     22.90 A
06623800 2015 11 24     24.70 A
06623800 2015 11 25     25.80 A
06623800 2015 11 26     24.40 A
06623800 2015 11 27     22.20 A
06623800 2015 11 28     21.40 A
06623800 2015 11 29     20.20 A
06623800 2015 11 30     19.00 A
06623800 2015 12 01     18.00 A
06623800 2015 12 02     18.00 A
06623800 2015 12 03     19.80 A
06623800 2015 12 04     21.30 A
06623800 2015 12 05     20.90 A
06623800 2015 12 06     20.40 A
06623800 2015 12 07     21.60 A
06623800 2015 12 08     22.40 A
06623800 2015 12 09     22.80 A
06623800 2015 12 10     22.30 A
06623800 2015 12 11     21.80 A
06623800 2015 12 12     22.20 A
06623800 2015 12 13     20.70 A
06623800 2015 12 14     22.40 A
06623800 2015 12 15     21.70 A
06623800 2015 12 16     22.30 A
06623800 2015 12 17     22.50 A
06623800 2015 12 18     21.90 A
06623800 2015 12 19     22.50 A
06623800 2015 12 20     22.70 A
06623800 2015 12 21     22.00 A
06623800 2015 12 22     22.30 A
06623800 2015 12 23     21.80 A
06623800 2015 12 24     21.90 A
06623800 2015 12 25     21.50 A
06623800 2015 12 26     21.10 A
06623800 2015 12 27     21.10 A
06623800 2015 12 28     21.70 A
06623800 2015 12 29     21.70 A
06623800 2015 12 30     21.10 A
06623800 2015 12 31     21.10 A
06623800 2016 01 01     21.30 A
06623800 2016 01 02     21.10 A
06623800 2016 01 03     21.10 A
06623800 2016 01 04     21.00 A
06623800 2016 01 05     21.10 A
06623800 2016 01 06     21.20 A
06623800 2016 01 07     21.20 A
06623800 2016 01 08     21.10 A
06623800 2016 01 09     20.90 A
06623800 2016 01 10     20.60 A
06623800 2016 01 11     19.90 A
06623800 2016 01 12     20.70 A
06623800 2016 01 13     20.50 A
06623800 2016 01 14     20.30 A
06623800 2016 01 15     20.70 A
06623800 2016 01 16     20.80 A
06623800 2016 01 17     20.00 A
06623800 2016 01 18     20.90 A
06623800 2016 01 19     21.40 A
06623800 2016 01 20     21.30 A
06623800 2016 01 21     21.70 A
06623800 2016 01 22     21.40 A
06623800 2016 01 23     22.20 A
06623800 2016 01 24     22.10 A
06623800 2016 01 25     21.50 A
06623800 2016 01 26     21.30 A
06623800 2016 01 27     21.10 A
06623800 2016 01 28     21.40 A
06623800 2016 01 29     21.10 A
06623800 2016 01 30     21.90 A
06623800 2016 01 31     21.50 A
06623800 2016 02 01     22.00 A
06623800 2016 02 02     22.00 A
06623800 2016 02 03     22.00 A
06623800 2016 02 04     22.40 A
06623800 2016 02 05     22.50 A
06623800 2016 02 06     22.70 A
06623800 2016 02 07     22.60 A
06623800 2016 02 08     22.30 A
06623800 2016 02 09     21.70 A
06623800 2016 02 10     22.00 A
06623800 2016 02 11     22.60 A
06623800 2016 02 12     22.40 A
06623800 2016 02 13     22.10 A
06623800 2016 02 14     21.50 A
06623800 2016 02 15     21.20 A
06623800 2016 02 16     21.20 A
06623800 2016 02 17     21.20 A
06623800 2016 02 18     20.30 A
06623800 2016 02 19     19.60 A
06623800 2016 02 20     20.00 A
06623800 2016 02 21     19.90 A
06623800 2016 02 22     19.80 A
06623800 2016 02 23     19.30 A
06623800 2016 02 24     19.30 A
06623800 2016 02 25     19.70 A
06623800 2016 02 26     20.60 A
06623800 2016 02 27     21.20 A
06623800 2016 02 28     21.60 A
06623800 2016 02 29     20.70 A
06623800 2016 03 01     20.00 A
06623800 2016 03 02     20.30 A
06623800 2016 03 03     20.60 A
06623800 2016 03 04     21.40 A
06623800 2016 03 05     22.10 A
06623800 2016 03 06     22.40 A
06623800 2016 03 07     22.50 A
06623800 2016 03 08     21.80 A
06623800 2016 03 09     20.40 A
06623800 2016 03 10     20.70 A
06623800 2016 03 11     21.60 A
06623800 2016 03 12     22.60 A
06623800 2016 03 13     22.50 A
06623800 2016 03 14     21.40 A
06623800 2016 03 15     20.90 A
06623800 2016 03 16     20.70 A
06623800 2016 03 17     20.50 A
06623800 2016 03 18     20.50 A
06623800 2016 03 19     20.50 A
06623800 2016 03 20     21.60 A
06623800 2016 03 21     22.80 A
06623800 2016 03 22     24.10 A
06623800 2016 03 23     23.90 A
06623800 2016 03 24     23.60 A
06623800 2016 03 25     23.00 A
06623800 2016 03 26     22.40 A
06623800 2016 03 27     21.40 A
06623800 2016 03 28     22.80 A
06623800 2016 03 29     24.40 A
06623800 2016 03 30     24.10 A
06623800 2016 03 31     22.90 A
06623800 2016 04 01     22.00 A
06623800 2016 04 02     22.00 A
06623800 2016 04 03     22.50 A
06623800 2016 04 04     23.40 A
06623800 2016 04 05     24.20 A
06623800 2016 04 06     23.80 A
06623800 2016 04 07     27.00 A
06623800 2016 04 08     31.00 A
06623800 2016 04 09     37.10 A
06623800 2016 04 10     48.70 A
06623800 2016 04 11     53.70 A
06623800 2016 04 12     61.50 A
06623800 2016 04 13     71.40 A
06623800 2016 04 14     88.70 A
06623800 2016 04 15     88.60 A
06623800 2016 04 16     70.40 A
06623800 2016 04 17     51.80 A
06623800 2016 04 18     51.70 A
06623800 2016 04 19     46.50 A
06623800 2016 04 20     45.20 A
06623800 2016 04 21     50.20 A
06623800 2016 04 22     69.50 A
06623800 2016 04 23     98.40 A
06623800 2016 04 24     103.00 A
06623800 2016 04 25     84.30 A
06623800 2016 04 26     81.00 A
06623800 2016 04 27     71.60 A
06623800 2016 04 28     64.00 A
06623800 2016 04 29     61.20 A
06623800 2016 04 30     56.80 A
06623800 2016 05 01     53.90 A
06623800 2016 05 02     54.60 A
06623800 2016 05 03     64.80 A
06623800 2016 05 04     88.80 A
06623800 2016 05 05     127.00 A
06623800 2016 05 06     174.00 A
06623800 2016 05 07     240.00 A
06623800 2016 05 08     204.00 A
06623800 2016 05 09     189.00 A
06623800 2016 05 10     208.00 A
06623800 2016 05 11     185.00 A
06623800 2016 05 12     182.00 A
06623800 2016 05 13     232.00 A
06623800 2016 05 14     309.00 A
06623800 2016 05 15     406.00 A
06623800 2016 05 16     434.00 A
06623800 2016 05 17     404.00 A
06623800 2016 05 18     409.00 A
06623800 2016 05 19     445.00 A
06623800 2016 05 20     534.00 A
06623800 2016 05 21     617.00 A
06623800 2016 05 22     623.00 A
06623800 2016 05 23     551.00 A
06623800 2016 05 24     549.00 A
06623800 2016 05 25     559.00 A
06623800 2016 05 26     531.00 A
06623800 2016 05 27     512.00 A
06623800 2016 05 28     518.00 A
06623800 2016 05 29     570.00 A
06623800 2016 05 30     650.00 A
06623800 2016 05 31     709.00 A
06623800 2016 06 01     758.00 A
06623800 2016 06 02     833.00 A
06623800 2016 06 03     973.00 A
06623800 2016 06 04     1130.00 A
06623800 2016 06 05     1160.00 A
06623800 2016 06 06     1240.00 A
06623800 2016 06 07     1170.00 A
06623800 2016 06 08     1190.00 A
06623800 2016 06 09     1220.00 A
06623800 2016 06 10     1270.00 A
06623800 2016 06 11     1290.00 A
06623800 2016 06 12     1210.00 A
06623800 2016 06 13     1100.00 A
06623800 2016 06 14     957.00 A
06623800 2016 06 15     876.00 A
06623800 2016 06 16     838.00 A
06623800 2016 06 17     751.00 A
06623800 2016 06 18     706.00 A
06623800 2016 06 19     661.00 A
06623800 2016 06 20     608.00 A
06623800 2016 06 21     578.00 A
06623800 2016 06 22     533.00 A
06623800 2016 06 23     472.00 A
06623800 2016 06 24     447.00 A
06623800 2016 06 25     400.00 A
06623800 2016 06 26     342.00 A
06623800 2016 06 27     299.00 A
06623800 2016 06 28     271.00 A
06623800 2016 06 29     257.00 A
06623800 2016 06 30     293.00 A
06623800 2016 07 01     254.00 A
06623800 2016 07 02     239.00 A
06623800 2016 07 03     200.00 A
06623800 2016 07 04     183.00 A
06623800 2016 07 05     198.00 A
06623800 2016 07 06     164.00 A
06623800 2016 07 07     143.00 A
06623800 2016 07 08     131.00 A
06623800 2016 07 09     119.00 A
06623800 2016 07 10     110.00 A
06623800 2016 07 11     103.00 A
06623800 2016 07 12     97.00 A
06623800 2016 07 13     90.50 A
06623800 2016 07 14     85.00 A
06623800 2016 07 15     80.60 A
06623800 2016 07 16     78.30 A
06623800 2016 07 17     74.10 A
06623800 2016 07 18     70.60 A
06623800 2016 07 19     70.30 A
06623800 2016 07 20     67.30 A
06623800 2016 07 21     66.30 A
06623800 2016 07 22     65.30 A
06623800 2016 07 23     60.00 A
06623800 2016 07 24     57.40 A
06623800 2016 07 25     53.90 A
06623800 2016 07 26     51.30 A
06623800 2016 07 27     48.50 A
06623800 2016 07 28     46.40 A
06623800 2016 07 29     45.10 A
06623800 2016 07 30     44.00 A
06623800 2016 07 31     43.90 A
06623800 2016 08 01     44.30 A
06623800 2016 08 02     42.20 A
06623800 2016 08 03     40.80 A
06623800 2016 08 04     42.60 A
06623800 2016 08 05     41.70 A
06623800 2016 08 06     46.10 A
06623800 2016 08 07     52.90 A
06623800 2016 08 08     44.20 A
06623800 2016 08 09     39.10 A
06623800 2016 08 10     36.10 A
06623800 2016 08 11     35.70 A
06623800 2016 08 12     35.00 A
06623800 2016 08 13     33.10 A
06623800 2016 08 14     31.80 A
06623800 2016 08 15     31.20 A
06623800 2016 08 16     31.70 A
06623800 2016 08 17     31.50 A
06623800 2016 08 18     32.20 A
06623800 2016 08 19     31.00 A
06623800 2016 08 20     29.50 A
06623800 2016 08 21     27.60 A
06623800 2016 08 22     27.20 A
06623800 2016 08 23     27.00 A
06623800 2016 08 24     27.30 A
06623800 2016 08 25     27.10 A
06623800 2016 08 26     26.10 A
06623800 2016 08 27     26.10 A
06623800 2016 08 28     25.00 A
06623800 2016 08 29     24.20 A
06623800 2016 08 30     23.60 A
06623800 2016 08 31     23.10 A
06623800 2016 09 01     22.80 A
06623800 2016 09 02     22.80 A
06623800 2016 09 03     23.50 A
06623800 2016 09 04     32.00 A
06623800 2016 09 05     28.30 A
06623800 2016 09 06     23.50 A
06623800 2016 09 07     22.20 A
06623800 2016 09 08     21.40 A
06623800 2016 09 09     20.80 A
06623800 2016 09 10     20.60 A
06623800 2016 09 11     20.40 A
06623800 2016 09 12     20.10 A
06623800 2016 09 13     20.00 A
06623800 2016 09 14     21.70 A
06623800 2016 09 15     28.40 A
06623800 2016 09 16     25.20 A
06623800 2016 09 17     22.60 A
06623800 2016 09 18     21.30 A
06623800 2016 09 19     20.40 A
06623800 2016 09 20     19.90 A
06623800 2016 09 21     19.80 A
06623800 2016 09 22     20.40 A
06623800 2016 09 23     22.00 A
06623800 2016 09 24     26.30 A
06623800 2016 09 25     29.30 A
06623800 2016 09 26     27.50 A
06623800 2016 09 27     23.90 A
06623800 2016 09 28     22.20 A
06623800 2016 09 29     21.40 A
06623800 2016 09 30     22.90 A
06623800 2016 10 01     23.20 A
06623800 2016 10 02     22.60 A
06623800 2016 10 03     26.50 A
06623800 2016 10 04     27.20 A
06623800 2016 10 05     26.10 A
06623800 2016 10 06     26.90 A
06623800 2016 10 07     25.00 A
06623800 2016 10 08     26.50 A
06623800 2016 10 09     28.80 A
06623800 2016 10 10     29.60 A
06623800 2016 10 11     38.30 A
06623800 2016 10 12     42.40 A
06623800 2016 10 13     30.80 A
06623800 2016 10 14     26.40 A
06623800 2016 10 15     24.30 A
06623800 2016 10 16     23.60 A
06623800 2016 10 17     26.20 A
06623800 2016 10 18     27.40 A
06623800 2016 10 19     28.90 A
06623800 2016 10 20     25.40 A
06623800 2016 10 21     28.00 A
06623800 2016 10 22     30.40 A
06623800 2016 10 23     32.90 A
06623800 2016 10 24     32.90 A
06623800 2016 10 25     38.00 A
06623800 2016 10 26     39.10 A
06623800 2016 10 27     30.70 A
06623800 2016 10 28     28.40 A
06623800 2016 10 29     34.20 A
06623800 2016 10 30     32.40 A
06623800 2016 10 31     30.80 A
06623800 2016 11 01     37.50 A
06623800 2016 11 02     43.70 A
06623800 2016 11 03     33.40 A
06623800 2016 11 04     30.80 A
06623800 2016 11 05     30.70 A
06623800 2016 11 06     30.20 A
06623800 2016 11 07     28.20 A
06623800 2016 11 08     25.60 A
06623800 2016 11 09     25.40 A
06623800 2016 11 10     25.70 A
06623800 2016 11 11     25.10 A
06623800 2016 11 12     24.60 A
06623800 2016 11 13     23.90 A
06623800 2016 11 14     22.90 A
06623800 2016 11 15     23.30 A
06623800 2016 11 16     23.50 A
06623800 2016 11 17     21.30 A
06623800 2016 11 18     15.60 A
06623800 2016 11 19     17.80 A
06623800 2016 11 20     28.70 A
06623800 2016 11 21     34.10 A
06623800 2016 11 22     28.60 A
06623800 2016 11 23     20.20 A
06623800 2016 11 24     18.90 A
06623800 2016 11 25     18.20 A
06623800 2016 11 26     20.50 A
06623800 2016 11 27     20.60 A
06623800 2016 11 28     19.60 A
06623800 2016 11 29     19.60 A
06623800 2016 11 30     19.40 A
06623800 2016 12 01     19.00 A
06623800 2016 12 02     18.70 A
06623800 2016 12 03     19.50 A
06623800 2016 12 04     21.30 A
06623800 2016 12 05     21.00 A
06623800 2016 12 06     19.70 A
06623800 2016 12 07     19.10 A
06623800 2016 12 08     19.40 A
06623800 2016 12 09     21.70 A
06623800 2016 12 10     23.80 A
06623800 2016 12 11     23.40 A
06623800 2016 12 12     23.30 A
06623800 2016 12 13     23.10 A
06623800 2016 12 14     23.10 A
06623800 2016 12 15     23.20 A
06623800 2016 12 16     22.80 A
06623800 2016 12 17     20.40 A
06623800 2016 12 18     21.40 A
06623800 2016 12 19     22.80 A
06623800 2016 12 20     24.20 A
06623800 2016 12 21     24.50 A
06623800 2016 12 22     24.20 A
06623800 2016 12 23     24.00 A
06623800 2016 12 24     23.80 A
06623800 2016 12 25     23.00 A
06623800 2016 12 26     22.80 A
06623800 2016 12 27     23.50 A
06623800 2016 12 28     23.50 A
06623800 2016 12 29     23.70 A
06623800 2016 12 30     24.00 A
06623800 2016 12 31     24.10 A
06623800 2017 01 01     23.70 A
06623800 2017 01 02     23.60 A
06623800 2017 01 03     23.20 A
06623800 2017 01 04     22.60 A
06623800 2017 01 05     21.80 A
06623800 2017 01 06     21.40 A
06623800 2017 01 07     22.00 A
06623800 2017 01 08     23.80 A
06623800 2017 01 09     26.30 A
06623800 2017 01 10     28.10 A
06623800 2017 01 11     28.70 A
06623800 2017 01 12     28.40 A
06623800 2017 01 13     28.10 A
06623800 2017 01 14     28.20 A
06623800 2017 01 15     27.40 A
06623800 2017 01 16     26.80 A
06623800 2017 01 17     26.10 A
06623800 2017 01 18     26.40 A
06623800 2017 01 19     28.60 A
06623800 2017 01 20     29.70 A
06623800 2017 01 21     29.90 A
06623800 2017 01 22     30.20 A
06623800 2017 01 23     29.80 A
06623800 2017 01 24     27.70 A
06623800 2017 01 25     27.00 A
06623800 2017 01 26     26.70 A
06623800 2017 01 27     26.20 A
06623800 2017 01 28     27.00 A
06623800 2017 01 29     27.60 A
06623800 2017 01 30     28.40 A
06623800 2017 01 31     29.30 A
06623800 2017 02 01     29.60 A
06623800 2017 02 02     29.30 A
06623800 2017 02 03     28.80 A
06623800 2017 02 04     28.40 A
06623800 2017 02 05     28.30 A
06623800 2017 02 06     29.00 A
06623800 2017 02 07     28.20 A
06623800 2017 02 08     25.60 A
06623800 2017 02 09     26.60 A
06623800 2017 02 10     28.80 A
06623800 2017 02 11     31.60 A
06623800 2017 02 12     26.70 A
06623800 2017 02 13     26.50 A
06623800 2017 02 14     25.90 A
06623800 2017 02 15     26.90 A
06623800 2017 02 16     28.40 A
06623800 2017 02 17     30.20 A
06623800 2017 02 18     29.60 A
06623800 2017 02 19     27.50 A
06623800 2017 02 20     26.80 A
06623800 2017 02 21     26.10 A
06623800 2017 02 22     25.40 A
06623800 2017 02 23     23.10 A
06623800 2017 02 24     22.00 A
06623800 2017 02 25     20.90 A
06623800 2017 02 26     21.60 A
06623800 2017 02 27     23.90 A
06623800 2017 02 28     24.60 A
06623800 2017 03 01     24.90 A
06623800 2017 03 02     24.40 A
06623800 2017 03 03     23.20 A
06623800 2017 03 04     22.70 A
06623800 2017 03 05     22.60 A
06623800 2017 03 06     20.70 A
06623800 2017 03 07     21.40 A
06623800 2017 03 08     23.30 A
06623800 2017 03 09     23.20 A
06623800 2017 03 10     24.00 A
06623800 2017 03 11     27.60 A
06623800 2017 03 12     27.10 A
06623800 2017 03 13     22.70 A
06623800 2017 03 14     25.40 A
06623800 2017 03 15     29.40 A
06623800 2017 03 16     32.50 A
06623800 2017 03 17     33.20 A
06623800 2017 03 18     35.10 A
06623800 2017 03 19     44.10 A
06623800 2017 03 20     58.70 A
06623800 2017 03 21     68.60 A
06623800 2017 03 22     76.50 A
06623800 2017 03 23     86.10 A
06623800 2017 03 24     85.70 A
06623800 2017 03 25     74.80 A
06623800 2017 03 26     67.50 A
06623800 2017 03 27     61.70 A
06623800 2017 03 28     56.80 A
06623800 2017 03 29     53.60 A
06623800 2017 03 30     55.50 A
06623800 2017 03 31     57.50 A
06623800 2017 04 01     57.60 A
06623800 2017 04 02     59.30 A
06623800 2017 04 03     54.60 A
06623800 2017 04 04     49.70 A
06623800 2017 04 05     50.40 A
06623800 2017 04 06     48.20 A
06623800 2017 04 07     58.60 A
06623800 2017 04 08     77.40 A
06623800 2017 04 09     78.00 A
06623800 2017 04 10     66.30 A
06623800 2017 04 11     60.10 A
06623800 2017 04 12     65.90 A
06623800 2017 04 13     96.40 A
06623800 2017 04 14     139.00 A
06623800 2017 04 15     156.00 A
06623800 2017 04 16     154.00 A
06623800 2017 04 17     173.00 A
06623800 2017 04 18     204.00 A
06623800 2017 04 19     217.00 A
06623800 2017 04 20     182.00 A
06623800 2017 04 21     160.00 A
06623800 2017 04 22     143.00 A
06623800 2017 04 23     151.00 A
06623800 2017 04 24     170.00 A
06623800 2017 04 25     155.00 A
06623800 2017 04 26     135.00 A
06623800 2017 04 27     128.00 A
06623800 2017 04 28     117.00 A
06623800 2017 04 29     108.00 A
06623800 2017 04 30     105.00 A
06623800 2017 05 01     106.00 A
06623800 2017 05 02     102.00 A
06623800 2017 05 03     101.00 A
06623800 2017 05 04     122.00 A
06623800 2017 05 05     173.00 A
06623800 2017 05 06     230.00 A
06623800 2017 05 07     290.00 A
06623800 2017 05 08     324.00 A
06623800 2017 05 09     376.00 A
06623800 2017 05 10     423.00 A
06623800 2017 05 11     424.00 A
06623800 2017 05 12     476.00 A
06623800 2017 05 13     582.00 A
06623800 2017 05 14     615.00 A
06623800 2017 05 15     591.00 A
06623800 2017 05 16     545.00 A
06623800 2017 05 17     469.00 A
06623800 2017 05 18     430.00 A
06623800 2017 05 19     383.00 A
06623800 2017 05 20     351.00 A
06623800 2017 05 21     328.00 A
06623800 2017 05 22     312.00 A
06623800 2017 05 23     301.00 A
06623800 2017 05 24     327.00 A
06623800 2017 05 25     419.00 A
06623800 2017 05 26     429.00 A
06623800 2017 05 27     429.00 A
06623800 2017 05 28     381.00 A
06623800 2017 05 29     396.00 A
06623800 2017 05 30     426.00 A
06623800 2017 05 31     481.00 A
06623800 2017 06 01     546.00 A
06623800 2017 06 02     612.00 A
06623800 2017 06 03     676.00 A
06623800 2017 06 04     792.00 A
06623800 2017 06 05     889.00 A
06623800 2017 06 06     912.00 A
06623800 2017 06 07     912.00 A
06623800 2017 06 08     977.00 A
06623800 2017 06 09     996.00 A
06623800 2017 06 10     1030.00 A
06623800 2017 06 11     1000.00 A
06623800 2017 06 12     906.00 A
06623800 2017 06 13     688.00 A
06623800 2017 06 14     530.00 A
06623800 2017 06 15     530.00 A
06623800 2017 06 16     546.00 A
06623800 2017 06 17     547.00 A
06623800 2017 06 18     502.00 A
06623800 2017 06 19     505.00 A
06623800 2017 06 20     497.00 A
06623800 2017 06 21     488.00 A
06623800 2017 06 22     468.00 A
06623800 2017 06 23     424.00 A
06623800 2017 06 24     372.00 A
06623800 2017 06 25     332.00 A
06623800 2017 06 26     304.00 A
06623800 2017 06 27     284.00 A
06623800 2017 06 28     261.00 A
06623800 2017 06 29     234.00 A
06623800 2017 06 30     213.00 A
06623800 2017 07 01     193.00 A
06623800 2017 07 02     179.00 A
06623800 2017 07 03     168.00 A
06623800 2017 07 04     158.00 A
06623800 2017 07 05     146.00 A
06623800 2017 07 06     137.00 A
06623800 2017 07 07     137.00 A
06623800 2017 07 08     127.00 A
06623800 2017 07 09     118.00 A
06623800 2017 07 10     112.00 A
06623800 2017 07 11     108.00 A
06623800 2017 07 12     116.00 A
06623800 2017 07 13     109.00 A
06623800 2017 07 14     92.80 A
06623800 2017 07 15     85.40 A
06623800 2017 07 16     81.10 A
06623800 2017 07 17     77.30 A
06623800 2017 07 18     73.90 A
06623800 2017 07 19     70.00 A
06623800 2017 07 20     67.80 A
06623800 2017 07 21     68.50 A
06623800 2017 07 22     87.10 A
06623800 2017 07 23     65.50 A
06623800 2017 07 24     60.40 A
06623800 2017 07 25     61.40 A
06623800 2017 07 26     71.00 A
06623800 2017 07 27     67.40 A
06623800 2017 07 28     62.90 A
06623800 2017 07 29     55.60 A
06623800 2017 07 30     53.20 A
06623800 2017 07 31     50.90 A
06623800 2017 08 01     48.60 A
06623800 2017 08 02     47.20 A
06623800 2017 08 03     47.90 A
06623800 2017 08 04     45.30 A
06623800 2017 08 05     43.40 A
06623800 2017 08 06     42.20 A
06623800 2017 08 07     44.90 A
06623800 2017 08 08     46.90 A
06623800 2017 08 09     43.50 A
06623800 2017 08 10     43.30 A
06623800 2017 08 11     40.60 A
06623800 2017 08 12     38.50 A
06623800 2017 08 13     37.80 A
06623800 2017 08 14     39.90 A
06623800 2017 08 15     49.50 A
06623800 2017 08 16     47.20 A
06623800 2017 08 17     39.40 A
06623800 2017 08 18     36.00 A
06623800 2017 08 19     33.90 A
06623800 2017 08 20     33.00 A
06623800 2017 08 21     33.50 A
06623800 2017 08 22     32.50 A
06623800 2017 08 23     32.70 A
06623800 2017 08 24     34.90 A
06623800 2017 08 25     32.20 A
06623800 2017 08 26     30.40 A
06623800 2017 08 27     29.60 A
06623800 2017 08 28     28.90 A
06623800 2017 08 29     28.50 A
06623800 2017 08 30     28.00 A
06623800 2017 08 31     27.90 A
06623800 2017 09 01     28.50 A
06623800 2017 09 02     26.90 A
06623800 2017 09 03     25.70 A
06623800 2017 09 04     25.10 A
06623800 2017 09 05     25.20 A
06623800 2017 09 06     25.00 A
06623800 2017 09 07     24.50 A
06623800 2017 09 08     24.50 A
06623800 2017 09 09     25.30 A
06623800 2017 09 10     25.70 A
06623800 2017 09 11     28.60 A
06623800 2017 09 12     26.70 A
06623800 2017 09 13     25.80 A
06623800 2017 09 14     26.20 A
06623800 2017 09 15     39.20 A
06623800 2017 09 16     50.50 A
06623800 2017 09 17     36.60 A
06623800 2017 09 18     31.00 A
06623800 2017 09 19     29.10 A
06623800 2017 09 20     36.00 A
06623800 2017 09 21     40.60 A
06623800 2017 09 22     31.00 A
06623800 2017 09 23     38.10 A
06623800 2017 09 24     42.20 A
06623800 2017 09 25     39.30 A
06623800 2017 09 26     34.70 A
06623800 2017 09 27     32.60 A
06623800 2017 09 28     32.50 A
06623800 2017 09 29     38.10 A
06623800 2017 09 30     44.50 A
06623800 2017 10 01     63.20 A
06623800 2017 10 02     48.40 A
06623800 2017 10 03     43.50 A
06623800 2017 10 04     58.30 A
06623800 2017 10 05     77.90 A
06623800 2017 10 06     67.20 A
06623800 2017 10 07     47.70 A
06623800 2017 10 08     48.80 A
06623800 2017 10 09     47.90 A
06623800 2017 10 10     42.70 A
06623800 2017 10 11     45.90 A
06623800 2017 10 12     46.00 A
06623800 2017 10 13     42.10 A
06623800 2017 10 14     37.10 A
06623800 2017 10 15     35.60 A
06623800 2017 10 16     37.50 A
06623800 2017 10 17     35.50 A
06623800 2017 10 18     35.30 A
06623800 2017 10 19     34.90 A
06623800 2017 10 20     37.70 A
06623800 2017 10 21     39.50 A
06623800 2017 10 22     36.50 A
06623800 2017 10 23     38.00 A
06623800 2017 10 24     34.70 A
06623800 2017 10 25     33.50 A
06623800 2017 10 26     32.90 A
06623800 2017 10 27     27.30 A
06623800 2017 10 28     34.30 A
06623800 2017 10 29     32.30 A
06623800 2017 10 30     33.70 A
06623800 2017 10 31     31.20 A
06623800 2017 11 01     30.20 A
06623800 2017 11 02     31.40 A
06623800 2017 11 03     31.50 A
06623800 2017 11 04     32.00 A
06623800 2017 11 05     33.10 A
06623800 2017 11 06     35.20 A
06623800 2017 11 07     31.00 A
06623800 2017 11 08     24.90 A
06623800 2017 11 09     34.40 A
06623800 2017 11 10     33.20 A
06623800 2017 11 11     30.10 A
06623800 2017 11 12     25.60 A
06623800 2017 11 13     29.10 A
06623800 2017 11 14     27.50 A
06623800 2017 11 15     23.20 A
06623800 2017 11 16     28.80 A
06623800 2017 11 17     30.20 A
06623800 2017 11 18     22.10 A
06623800 2017 11 19     21.40 A
06623800 2017 11 20     23.40 A
06623800 2017 11 21     27.10 A
06623800 2017 11 22     29.80 A
06623800 2017 11 23     30.80 A
06623800 2017 11 24     31.40 A
06623800 2017 11 25     33.30 A
06623800 2017 11 26     32.30 A
06623800 2017 11 27     32.80 A
06623800 2017 11 28     31.30 A
06623800 2017 11 29     23.50 A
06623800 2017 11 30     25.20 A
06623800 2017 12 01     29.30 A
06623800 2017 12 02     28.10 A
06623800 2017 12 03     28.10 A
06623800 2017 12 04     19.30 A
06623800 2017 12 05     15.80 A
06623800 2017 12 06     15.40 A
06623800 2017 12 07     14.80 A
06623800 2017 12 08     15.00 A
06623800 2017 12 09     15.50 A
06623800 2017 12 10     16.30 A
06623800 2017 12 11     17.30 A
06623800 2017 12 12     19.00 A
06623800 2017 12 13     21.00 A
06623800 2017 12 14     22.10 A
06623800 2017 12 15     21.80 A
06623800 2017 12 16     22.00 A
06623800 2017 12 17     21.20 A
06623800 2017 12 18     19.70 A
06623800 2017 12 19     20.00 A
06623800 2017 12 20     21.00 A
06623800 2017 12 21     21.40 A
06623800 2017 12 22     20.60 A
06623800 2017 12 23     20.20 A
06623800 2017 12 24     19.80 A
06623800 2017 12 25     19.40 A
06623800 2017 12 26     19.80 A
06623800 2017 12 27     20.40 A
06623800 2017 12 28     20.90 A
06623800 2017 12 29     21.30 A
06623800 2017 12 30     21.90 A
06623800 2017 12 31     21.50 A
06623800 2018 01 01     21.30 A
06623800 2018 01 02     20.00 A
06623800 2018 01 03     20.50 A
06623800 2018 01 04     22.10 A
06623800 2018 01 05     22.60 A
06623800 2018 01 06     22.90 A
06623800 2018 01 07     23.50 A
06623800 2018 01 08     23.10 A
06623800 2018 01 09     23.30 A
06623800 2018 01 10     24.00 A
06623800 2018 01 11     23.60 A
06623800 2018 01 12     21.80 A
06623800 2018 01 13     22.10 A
06623800 2018 01 14     22.10 A
06623800 2018 01 15     20.00 A
06623800 2018 01 16     18.40 A
06623800 2018 01 17     19.70 A
06623800 2018 01 18     21.60 A
06623800 2018 01 19     22.10 A
06623800 2018 01 20     22.20 A
06623800 2018 01 21     22.10 A
06623800 2018 01 22     21.50 A
06623800 2018 01 23     21.50 A
06623800 2018 01 24     21.00 A
06623800 2018 01 25     21.20 A
06623800 2018 01 26     21.20 A
06623800 2018 01 27     21.10 A
06623800 2018 01 28     20.70 A
06623800 2018 01 29     21.10 A
06623800 2018 01 30     21.20 A
06623800 2018 01 31     20.80 A
06623800 2018 02 01     20.40 A
06623800 2018 02 02     20.80 A
06623800 2018 02 03     20.70 A
06623800 2018 02 04     20.60 A
06623800 2018 02 05     20.60 A
06623800 2018 02 06     20.80 A
06623800 2018 02 07     21.00 A
06623800 2018 02 08     20.90 A
06623800 2018 02 09     20.80 A
06623800 2018 02 10     20.00 A
06623800 2018 02 11     19.50 A
06623800 2018 02 12     20.70 A
06623800 2018 02 13     21.00 A
06623800 2018 02 14     21.00 A
06623800 2018 02 15     20.00 A
06623800 2018 02 16     20.10 A
06623800 2018 02 17     20.50 A
06623800 2018 02 18     20.60 A
06623800 2018 02 19     20.40 A
06623800 2018 02 20     20.30 A
06623800 2018 02 21     20.70 A
06623800 2018 02 22     20.80 A
06623800 2018 02 23     20.80 A
06623800 2018 02 24     20.60 A
06623800 2018 02 25     20.40 A
06623800 2018 02 26     20.60 A
06623800 2018 02 27     20.40 A
06623800 2018 02 28     20.20 A
06623800 2018 03 01     20.00 A
06623800 2018 03 02     20.20 A
06623800 2018 03 03     20.30 A
06623800 2018 03 04     20.20 A
06623800 2018 03 05     18.90 A
06623800 2018 03 06     20.30 A
06623800 2018 03 07     20.30 A
06623800 2018 03 08     20.10 A
06623800 2018 03 09     20.00 A
06623800 2018 03 10     19.70 A
06623800 2018 03 11     19.30 A
06623800 2018 03 12     19.90 A
06623800 2018 03 13     19.90 A
06623800 2018 03 14     20.70 A
06623800 2018 03 15     21.20 A
06623800 2018 03 16     20.60 A
06623800 2018 03 17     19.40 A
06623800 2018 03 18     20.10 A
06623800 2018 03 19     20.20 A
06623800 2018 03 20     19.90 A
06623800 2018 03 21     20.30 A
06623800 2018 03 22     21.30 A
06623800 2018 03 23     25.30 A
06623800 2018 03 24     22.70 A
06623800 2018 03 25     24.40 A
06623800 2018 03 26     22.40 A
06623800 2018 03 27     18.00 A
06623800 2018 03 28     23.80 A
06623800 2018 03 29     24.70 A
06623800 2018 03 30     25.80 A
06623800 2018 03 31     25.50 A
06623800 2018 04 01     26.20 A
06623800 2018 04 02     27.20 A
06623800 2018 04 03     25.40 A
06623800 2018 04 04     20.60 A
06623800 2018 04 05     21.90 A
06623800 2018 04 06     23.20 A
06623800 2018 04 07     24.30 A
06623800 2018 04 08     28.70 A
06623800 2018 04 09     28.20 A
06623800 2018 04 10     28.20 A
06623800 2018 04 11     34.10 A
06623800 2018 04 12     38.90 A
06623800 2018 04 13     38.50 A
06623800 2018 04 14     39.40 A
06623800 2018 04 15     42.90 A
06623800 2018 04 16     44.50 A
06623800 2018 04 17     47.90 A
06623800 2018 04 18     44.50 A
06623800 2018 04 19     46.50 A
06623800 2018 04 20     48.80 A
06623800 2018 04 21     48.60 A
06623800 2018 04 22     53.00 A
06623800 2018 04 23     82.90 A
06623800 2018 04 24     111.00 A
06623800 2018 04 25     108.00 A
06623800 2018 04 26     128.00 A
06623800 2018 04 27     152.00 A
06623800 2018 04 28     188.00 A
06623800 2018 04 29     245.00 A
06623800 2018 04 30     254.00 A
06623800 2018 05 01     209.00 A
06623800 2018 05 02     179.00 A
06623800 2018 05 03     172.00 A
06623800 2018 05 04     190.00 A
06623800 2018 05 05     242.00 A
06623800 2018 05 06     288.00 A
06623800 2018 05 07     334.00 A
06623800 2018 05 08     390.00 A
06623800 2018 05 09     427.00 A
06623800 2018 05 10     454.00 A
06623800 2018 05 11     482.00 A
06623800 2018 05 12     473.00 A
06623800 2018 05 13     494.00 A
06623800 2018 05 14     470.00 A
06623800 2018 05 15     436.00 A
06623800 2018 05 16     469.00 A
06623800 2018 05 17     494.00 A
06623800 2018 05 18     478.00 A
06623800 2018 05 19     457.00 A
06623800 2018 05 20     447.00 A
06623800 2018 05 21     463.00 A
06623800 2018 05 22     494.00 A
06623800 2018 05 23     518.00 A
06623800 2018 05 24     497.00 A
06623800 2018 05 25     550.00 A
06623800 2018 05 26     601.00 A
06623800 2018 05 27     573.00 A
06623800 2018 05 28     565.00 A
06623800 2018 05 29     490.00 A
06623800 2018 05 30     471.00 A
06623800 2018 05 31     488.00 A
06623800 2018 06 01     475.00 A
06623800 2018 06 02     439.00 A
06623800 2018 06 03     427.00 A
06623800 2018 06 04     425.00 A
06623800 2018 06 05     431.00 A
06623800 2018 06 06     419.00 A
06623800 2018 06 07     399.00 A
06623800 2018 06 08     376.00 A
06623800 2018 06 09     347.00 A
06623800 2018 06 10     322.00 A
06623800 2018 06 11     289.00 A
06623800 2018 06 12     258.00 A
06623800 2018 06 13     241.00 A
06623800 2018 06 14     226.00 A
06623800 2018 06 15     214.00 A
06623800 2018 06 16     201.00 A
06623800 2018 06 17     277.00 A
06623800 2018 06 18     218.00 A
06623800 2018 06 19     178.00 A
06623800 2018 06 20     161.00 A
06623800 2018 06 21     148.00 A
06623800 2018 06 22     136.00 A
06623800 2018 06 23     128.00 A
06623800 2018 06 24     141.00 A
06623800 2018 06 25     128.00 A
06623800 2018 06 26     110.00 A
06623800 2018 06 27     101.00 A
06623800 2018 06 28     93.80 A
06623800 2018 06 29     87.70 A
06623800 2018 06 30     86.70 A
06623800 2018 07 01     84.20 A
06623800 2018 07 02     76.90 A
06623800 2018 07 03     72.40 A
06623800 2018 07 04     68.60 A
06623800 2018 07 05     65.50 A
06623800 2018 07 06     64.70 A
06623800 2018 07 07     64.10 A
06623800 2018 07 08     64.10 A
06623800 2018 07 09     58.20 A
06623800 2018 07 10     59.90 A
06623800 2018 07 11     71.10 A
06623800 2018 07 12     65.40 A
06623800 2018 07 13     55.40 A
06623800 2018 07 14     52.00 A
06623800 2018 07 15     52.10 A
06623800 2018 07 16     50.70 A
06623800 2018 07 17     48.60 A
06623800 2018 07 18     45.00 A
06623800 2018 07 19     42.30 A
06623800 2018 07 20     40.70 A
06623800 2018 07 21     40.50 A
06623800 2018 07 22     47.00 A
06623800 2018 07 23     66.20 A
06623800 2018 07 24     44.50 A
06623800 2018 07 25     40.00 A
06623800 2018 07 26     39.30 A
06623800 2018 07 27     37.80 A
06623800 2018 07 28     37.50 A
06623800 2018 07 29     36.30 A
06623800 2018 07 30     33.70 A
06623800 2018 07 31     32.10 A
06623800 2018 08 01     32.00 A
06623800 2018 08 02     32.00 A
06623800 2018 08 03     33.50 A
06623800 2018 08 04     35.20 A
06623800 2018 08 05     38.00 A
06623800 2018 08 06     31.90 A
06623800 2018 08 07     29.10 A
06623800 2018 08 08     28.10 A
06623800 2018 08 09     27.40 A
06623800 2018 08 10     26.20 A
06623800 2018 08 11     25.60 A
06623800 2018 08 12     24.60 A
06623800 2018 08 13     24.10 A
06623800 2018 08 14     24.50 A
06623800 2018 08 15     23.80 A
06623800 2018 08 16     23.20 A
06623800 2018 08 17     23.90 A
06623800 2018 08 18     25.50 A
06623800 2018 08 19     26.60 A
06623800 2018 08 20     25.70 A
06623800 2018 08 21     34.10 A
06623800 2018 08 22     33.30 A
06623800 2018 08 23     42.10 A
06623800 2018 08 24     30.40 A
06623800 2018 08 25     27.20 A
06623800 2018 08 26     24.90 A
06623800 2018 08 27     24.10 A
06623800 2018 08 28     23.60 A
06623800 2018 08 29     22.70 A
06623800 2018 08 30     21.90 A
06623800 2018 08 31     21.40 A
06623800 2018 09 01     21.20 A
06623800 2018 09 02     21.50 A
06623800 2018 09 03     22.10 A
06623800 2018 09 04     22.10 A
06623800 2018 09 05     21.50 A
06623800 2018 09 06     21.30 A
06623800 2018 09 07     20.50 A
06623800 2018 09 08     20.00 A
06623800 2018 09 09     20.00 A
06623800 2018 09 10     19.30 A
06623800 2018 09 11     18.70 A
06623800 2018 09 12     18.20 A
06623800 2018 09 13     17.40 A
06623800 2018 09 14     17.10 A
06623800 2018 09 15     17.10 A
06623800 2018 09 16     17.20 A
06623800 2018 09 17     17.40 A
06623800 2018 09 18     18.00 A
06623800 2018 09 19     17.60 A
06623800 2018 09 20     17.50 A
06623800 2018 09 21     16.90 A
06623800 2018 09 22     17.00 A
06623800 2018 09 23     16.90 A
06623800 2018 09 24     25.70 A
06623800 2018 09 25     21.80 A
06623800 2018 09 26     19.10 A
06623800 2018 09 27     18.30 A
06623800 2018 09 28     17.80 A
06623800 2018 09 29     17.30 A
06623800 2018 09 30     16.70 A
06623800 2018 10 01     16.50 A
06623800 2018 10 02     17.00 A
06623800 2018 10 03     28.90 A
06623800 2018 10 04     41.70 A
06623800 2018 10 05     48.60 A
06623800 2018 10 06     35.10 A
06623800 2018 10 07     36.40 A
06623800 2018 10 08     36.80 A
06623800 2018 10 09     31.00 A
06623800 2018 10 10     30.10 A
06623800 2018 10 11     27.30 A
06623800 2018 10 12     27.30 A
06623800 2018 10 13     27.10 A
06623800 2018 10 14     24.60 A
06623800 2018 10 15     24.00 A
06623800 2018 10 16     34.20 A
06623800 2018 10 17     24.90 A
06623800 2018 10 18     25.60 A
06623800 2018 10 19     23.20 A
06623800 2018 10 20     23.20 A
06623800 2018 10 21     24.30 A
06623800 2018 10 22     26.10 A
06623800 2018 10 23     27.40 A
06623800 2018 10 24     28.20 A
06623800 2018 10 25     25.30 A
06623800 2018 10 26     23.50 A
06623800 2018 10 27     22.40 A
06623800 2018 10 28     22.90 A
06623800 2018 10 29     22.90 A
06623800 2018 10 30     22.40 A
06623800 2018 10 31     21.60 A
06623800 2018 11 01     21.10 A
06623800 2018 11 02     22.30 A
06623800 2018 11 03     21.50 A
06623800 2018 11 04     22.30 A
06623800 2018 11 05     14.90 A
06623800 2018 11 06     16.20 A
06623800 2018 11 07     16.80 A
06623800 2018 11 08     17.60 A
06623800 2018 11 09     18.80 A
06623800 2018 11 10     22.50 A
06623800 2018 11 11     29.90 A
06623800 2018 11 12     44.60 A
06623800 2018 11 13     41.20 A
06623800 2018 11 14     37.00 A
06623800 2018 11 15     27.70 A
06623800 2018 11 16     37.90 A
06623800 2018 11 17     38.50 A
06623800 2018 11 18     34.00 A
06623800 2018 11 19     35.90 A
06623800 2018 11 20     38.10 A
06623800 2018 11 21     37.50 A
06623800 2018 11 22     34.50 A
06623800 2018 11 23     35.30 A
06623800 2018 11 24     22.40 A
06623800 2018 11 25     20.70 A
06623800 2018 11 26     21.00 A
06623800 2018 11 27     20.50 A
06623800 2018 11 28     20.50 A
06623800 2018 11 29     20.20 A
06623800 2018 11 30     21.00 A
06623800 2018 12 01     22.40 A
06623800 2018 12 02     20.50 A
06623800 2018 12 03     21.50 A
06623800 2018 12 04     21.90 A
06623800 2018 12 05     21.20 A
06623800 2018 12 06     21.60 A
06623800 2018 12 07     21.30 A
06623800 2018 12 08     21.30 A
06623800 2018 12 09     20.60 A
06623800 2018 12 10     19.10 A
06623800 2018 12 11     21.20 A
06623800 2018 12 12     20.50 A
06623800 2018 12 13     20.40 A
06623800 2018 12 14     20.10 A
06623800 2018 12 15     20.20 A
06623800 2018 12 16     19.90 A
06623800 2018 12 17     19.60 A
06623800 2018 12 18     19.70 A
06623800 2018 12 19     19.40 A
06623800 2018 12 20     19.70 A
06623800 2018 12 21     19.80 A
06623800 2018 12 22     19.80 A
06623800 2018 12 23     20.00 A
06623800 2018 12 24     20.40 A
06623800 2018 12 25     20.10 A
06623800 2018 12 26     19.70 A
06623800 2018 12 27     19.10 A
06623800 2018 12 28     18.20 A
06623800 2018 12 29     17.80 A
06623800 2018 12 30     17.90 A
06623800 2018 12 31     18.00 A
06623800 2019 01 01     17.20 A
06623800 2019 01 02     17.00 A
06623800 2019 01 03     17.00 A
06623800 2019 01 04     17.10 A
06623800 2019 01 05     17.10 A
06623800 2019 01 06     17.00 A
06623800 2019 01 07     16.70 A
06623800 2019 01 08     16.60 A
06623800 2019 01 09     16.60 A
06623800 2019 01 10     16.60 A
06623800 2019 01 11     16.60 A
06623800 2019 01 12     16.50 A
06623800 2019 01 13     16.60 A
06623800 2019 01 14     16.70 A
06623800 2019 01 15     16.80 A
06623800 2019 01 16     16.70 A
06623800 2019 01 17     16.50 A
06623800 2019 01 18     16.50 A
06623800 2019 01 19     16.70 A
06623800 2019 01 20     16.50 A
06623800 2019 01 21     16.60 A
06623800 2019 01 22     16.60 A
06623800 2019 01 23     16.60 A
06623800 2019 01 24     16.60 A
06623800 2019 01 25     16.70 A
06623800 2019 01 26     16.60 A
06623800 2019 01 27     16.70 A
06623800 2019 01 28     16.70 A
06623800 2019 01 29     16.80 A
06623800 2019 01 30     17.10 A
06623800 2019 01 31     17.10 A
06623800 2019 02 01     17.20 A
06623800 2019 02 02     17.40 A
06623800 2019 02 03     17.40 A
06623800 2019 02 04     16.90 A
06623800 2019 02 05     16.80 A
06623800 2019 02 06     16.60 A
06623800 2019 02 07     16.60 A
06623800 2019 02 08     16.40 A
06623800 2019 02 09     16.30 A
06623800 2019 02 10     15.90 A
06623800 2019 02 11     16.10 A
06623800 2019 02 12     16.30 A
06623800 2019 02 13     15.90 A
06623800 2019 02 14     16.00 A
06623800 2019 02 15     15.60 A
06623800 2019 02 16     15.50 A
06623800 2019 02 17     15.80 A
06623800 2019 02 18     16.20 A
06623800 2019 02 19     16.70 A
06623800 2019 02 20     16.50 A
06623800 2019 02 21     16.40 A
06623800 2019 02 22     16.60 A
06623800 2019 02 23     16.70 A
06623800 2019 02 24     16.80 A
06623800 2019 02 25     16.50 A
06623800 2019 02 26     16.10 A
06623800 2019 02 27     15.90 A
06623800 2019 02 28     15.80 A
06623800 2019 03 01     15.30 A
06623800 2019 03 02     15.30 A
06623800 2019 03 03     15.40 A
06623800 2019 03 04     14.40 A
06623800 2019 03 05     16.30 A
06623800 2019 03 06     16.70 A
06623800 2019 03 07     16.70 A
06623800 2019 03 08     16.10 A
06623800 2019 03 09     15.20 A
06623800 2019 03 10     16.00 A
06623800 2019 03 11     15.30 A
06623800 2019 03 12     15.80 A
06623800 2019 03 13     14.20 A
06623800 2019 03 14     13.30 A
06623800 2019 03 15     17.30 A
06623800 2019 03 16     18.20 A
06623800 2019 03 17     17.80 A
06623800 2019 03 18     17.20 A
06623800 2019 03 19     16.00 A
06623800 2019 03 20     15.50 A
06623800 2019 03 21     16.20 A
06623800 2019 03 22     16.30 A
06623800 2019 03 23     16.10 A
06623800 2019 03 24     15.60 A
06623800 2019 03 25     15.50 A
06623800 2019 03 26     15.70 A
06623800 2019 03 27     18.10 A
06623800 2019 03 28     19.20 A
06623800 2019 03 29     19.70 A
06623800 2019 03 30     19.70 A
06623800 2019 03 31     20.20 A
06623800 2019 04 01     19.90 A
06623800 2019 04 02     18.50 A
06623800 2019 04 03     18.40 A
06623800 2019 04 04     18.20 A
06623800 2019 04 05     18.40 A
06623800 2019 04 06     18.90 A
06623800 2019 04 07     20.20 A
06623800 2019 04 08     22.80 A
06623800 2019 04 09     26.30 A
06623800 2019 04 10     27.90 A
06623800 2019 04 11     28.10 A
06623800 2019 04 12     29.30 A
06623800 2019 04 13     28.30 A
06623800 2019 04 14     27.70 A
06623800 2019 04 15     28.10 A
06623800 2019 04 16     29.10 A
06623800 2019 04 17     32.50 A
06623800 2019 04 18     37.20 A
06623800 2019 04 19     45.40 A
06623800 2019 04 20     60.60 A
06623800 2019 04 21     86.30 A
06623800 2019 04 22     101.00 A
06623800 2019 04 23     104.00 A
06623800 2019 04 24     115.00 A
06623800 2019 04 25     142.00 A
06623800 2019 04 26     180.00 A
06623800 2019 04 27     220.00 A
06623800 2019 04 28     210.00 A
06623800 2019 04 29     187.00 A
06623800 2019 04 30     153.00 A
06623800 2019 05 01     126.00 A
06623800 2019 05 02     109.00 A
06623800 2019 05 03     104.00 A
06623800 2019 05 04     109.00 A
06623800 2019 05 05     124.00 A
06623800 2019 05 06     145.00 A
06623800 2019 05 07     186.00 A
06623800 2019 05 08     193.00 A
06623800 2019 05 09     158.00 A
06623800 2019 05 10     147.00 A
06623800 2019 05 11     147.00 A
06623800 2019 05 12     180.00 A
06623800 2019 05 13     262.00 A
06623800 2019 05 14     337.00 A
06623800 2019 05 15     395.00 A
06623800 2019 05 16     460.00 A
06623800 2019 05 17     465.00 A
06623800 2019 05 18     420.00 A
06623800 2019 05 19     387.00 A
06623800 2019 05 20     358.00 A
06623800 2019 05 21     318.00 A
06623800 2019 05 22     275.00 A
06623800 2019 05 23     280.00 A
06623800 2019 05 24     277.00 A
06623800 2019 05 25     289.00 A
06623800 2019 05 26     344.00 A
06623800 2019 05 27     376.00 A
06623800 2019 05 28     368.00 A
06623800 2019 05 29     345.00 A
06623800 2019 05 30     319.00 A
06623800 2019 05 31     327.00 A
06623800 2019 06 01     368.00 A
06623800 2019 06 02     444.00 A
06623800 2019 06 03     534.00 A
06623800 2019 06 04     644.00 A
06623800 2019 06 05     702.00 A
06623800 2019 06 06     861.00 A
06623800 2019 06 07     1040.00 A
06623800 2019 06 08     1130.00 A
06623800 2019 06 09     1000.00 A
06623800 2019 06 10     842.00 A
06623800 2019 06 11     837.00 A
06623800 2019 06 12     847.00 A
06623800 2019 06 13     840.00 A
06623800 2019 06 14     890.00 A
06623800 2019 06 15     911.00 A
06623800 2019 06 16     834.00 A
06623800 2019 06 17     879.00 A
06623800 2019 06 18     855.00 A
06623800 2019 06 19     852.00 A
06623800 2019 06 20     944.00 A
06623800 2019 06 21     1320.00 A
06623800 2019 06 22     1100.00 A
06623800 2019 06 23     990.00 A
06623800 2019 06 24     878.00 A
06623800 2019 06 25     769.00 A
06623800 2019 06 26     679.00 A
06623800 2019 06 27     677.00 A
06623800 2019 06 28     795.00 A
06623800 2019 06 29     839.00 A
06623800 2019 06 30     794.00 A
06623800 2019 07 01     911.00 A
06623800 2019 07 02     750.00 A
06623800 2019 07 03     669.00 A
06623800 2019 07 04     607.00 A
06623800 2019 07 05     555.00 A
06623800 2019 07 06     514.00 A
06623800 2019 07 07     481.00 A
06623800 2019 07 08     451.00 A
06623800 2019 07 09     420.00 A
06623800 2019 07 10     367.00 A
06623800 2019 07 11     336.00 A
06623800 2019 07 12     312.00 A
06623800 2019 07 13     288.00 A
06623800 2019 07 14     265.00 A
06623800 2019 07 15     246.00 A
06623800 2019 07 16     222.00 A
06623800 2019 07 17     205.00 A
06623800 2019 07 18     183.00 A
06623800 2019 07 19     165.00 A
06623800 2019 07 20     153.00 A
06623800 2019 07 21     147.00 A
06623800 2019 07 22     134.00 A
06623800 2019 07 23     125.00 A
06623800 2019 07 24     116.00 A
06623800 2019 07 25     115.00 A
06623800 2019 07 26     108.00 A
06623800 2019 07 27     107.00 A
06623800 2019 07 28     99.80 A
06623800 2019 07 29     88.60 A
06623800 2019 07 30     82.40 A
06623800 2019 07 31     78.90 A
06623800 2019 08 01     81.40 A
06623800 2019 08 02     90.80 A
06623800 2019 08 03     80.90 A
06623800 2019 08 04     72.30 A
06623800 2019 08 05     71.70 A
06623800 2019 08 06     64.30 A
06623800 2019 08 07     61.50 A
06623800 2019 08 08     65.30 A
06623800 2019 08 09     84.20 A
06623800 2019 08 10     61.10 A
06623800 2019 08 11     56.90 A
06623800 2019 08 12     53.90 A
06623800 2019 08 13     50.10 A
06623800 2019 08 14     48.00 A
06623800 2019 08 15     46.10 A
06623800 2019 08 16     44.70 A
06623800 2019 08 17     44.20 A
06623800 2019 08 18     43.80 A
06623800 2019 08 19     41.20 A
06623800 2019 08 20     39.80 A
06623800 2019 08 21     38.80 A
06623800 2019 08 22     38.00 A
06623800 2019 08 23     37.40 A
06623800 2019 08 24     36.40 A
06623800 2019 08 25     35.20 A
06623800 2019 08 26     34.30 A
06623800 2019 08 27     33.70 A
06623800 2019 08 28     33.10 A
06623800 2019 08 29     32.20 A
06623800 2019 08 30     31.80 A
06623800 2019 08 31     31.70 A
06623800 2019 09 01     30.70 A
06623800 2019 09 02     29.60 A
06623800 2019 09 03     29.10 A
06623800 2019 09 04     29.00 A
06623800 2019 09 05     28.80 A
06623800 2019 09 06     34.10 A
06623800 2019 09 07     39.80 A
06623800 2019 09 08     34.20 A
06623800 2019 09 09     45.00 A
06623800 2019 09 10     33.80 A
06623800 2019 09 11     39.80 A
06623800 2019 09 12     45.20 A
06623800 2019 09 13     35.90 A
06623800 2019 09 14     32.10 A
06623800 2019 09 15     30.00 A
06623800 2019 09 16     29.00 A
06623800 2019 09 17     30.00 A
06623800 2019 09 18     29.80 A
06623800 2019 09 19     28.00 A
06623800 2019 09 20     27.00 A
06623800 2019 09 21     26.40 A
06623800 2019 09 22     26.50 A
06623800 2019 09 23     26.30 A
06623800 2019 09 24     25.80 A
06623800 2019 09 25     25.60 A
06623800 2019 09 26     25.30 A
06623800 2019 09 27     25.20 A
06623800 2019 09 28     26.80 A
06623800 2019 09 29     24.90 A
06623800 2019 09 30     26.10 A
06623800 2019 10 01     27.10 A
06623800 2019 10 02     25.10 A
06623800 2019 10 03     24.80 A
06623800 2019 10 04     24.60 A
06623800 2019 10 05     24.00 A
06623800 2019 10 06     24.10 A
06623800 2019 10 07     22.50 A
06623800 2019 10 08     23.50 A
06623800 2019 10 09     24.50 A
06623800 2019 10 10     25.00 A
06623800 2019 10 11     24.60 A
06623800 2019 10 12     27.20 A
06623800 2019 10 13     27.80 A
06623800 2019 10 14     28.30 A
06623800 2019 10 15     26.70 A
06623800 2019 10 16     27.00 A
06623800 2019 10 17     27.00 A
06623800 2019 10 18     27.90 A
06623800 2019 10 19     26.60 A
06623800 2019 10 20     17.70 A
06623800 2019 10 21     28.30 A
06623800 2019 10 22     47.20 A
06623800 2019 10 23     48.60 A
06623800 2019 10 24     45.70 A
06623800 2019 10 25     52.60 A
06623800 2019 10 26     41.50 A
06623800 2019 10 27     33.10 A
06623800 2019 10 28     59.80 A
06623800 2019 10 29     83.30 A
06623800 2019 10 30     133.00 A
06623800 2019 10 31     180.00 A
06623800 2019 11 01     136.00 A
06623800 2019 11 02     99.10 A
06623800 2019 11 03     62.90 A
06623800 2019 11 04     39.80 A
06623800 2019 11 05     28.80 A
06623800 2019 11 06     23.60 A
06623800 2019 11 07     18.70 A
06623800 2019 11 08     18.40 A
06623800 2019 11 09     15.30 A
06623800 2019 11 10     14.80 A
06623800 2019 11 11     15.50 A
06623800 2019 11 12     13.70 A
06623800 2019 11 13     22.40 A
06623800 2019 11 14     17.70 A
06623800 2019 11 15     19.30 A
06623800 2019 11 16     19.70 A
06623800 2019 11 17     20.60 A
06623800 2019 11 18     21.50 A
06623800 2019 11 19     19.00 A
06623800 2019 11 20     20.40 A
06623800 2019 11 21     19.40 A
06623800 2019 11 22     11.70 A
06623800 2019 11 23     4.84 A
06623800 2019 11 24     7.40 A
06623800 2019 11 25     19.40 A
06623800 2019 11 26     17.50 A
06623800 2019 11 27     19.40 A
06623800 2019 11 28     22.70 A
06623800 2019 11 29     21.70 A
06623800 2019 11 30     20.70 A
06623800 2019 12 01     25.70 A
06623800 2019 12 02     26.10 A
06623800 2019 12 03     25.20 A
06623800 2019 12 04     24.40 A
06623800 2019 12 05     24.10 A
06623800 2019 12 06     23.70 A
06623800 2019 12 07     21.50 A
06623800 2019 12 08     21.70 A
06623800 2019 12 09     20.50 A
06623800 2019 12 10     19.70 A
06623800 2019 12 11     19.00 A
06623800 2019 12 12     23.20 A
06623800 2019 12 13     21.60 A
06623800 2019 12 14     22.30 A
06623800 2019 12 15     21.80 A
06623800 2019 12 16     22.20 A
06623800 2019 12 17     22.60 A
06623800 2019 12 18     22.30 A
06623800 2019 12 19     22.20 A
06623800 2019 12 20     21.90 A
06623800 2019 12 21     21.30 A
06623800 2019 12 22     21.10 A
06623800 2019 12 23     21.00 A
06623800 2019 12 24     21.00 A
06623800 2019 12 25     21.10 A
06623800 2019 12 26     20.90 A
06623800 2019 12 27     19.90 A
06623800 2019 12 28     21.10 A
06623800 2019 12 29     20.60 A
06623800 2019 12 30     20.00 A
06623800 2019 12 31     19.90 A
06623800 2020 01 01     20.10 A
06623800 2020 01 02     20.70 A
06623800 2020 01 03     21.10 A
06623800 2020 01 04     21.70 A
06623800 2020 01 05     21.60 A
06623800 2020 01 06     23.20 A
06623800 2020 01 07     26.30 A
06623800 2020 01 08     25.00 A
06623800 2020 01 09     23.00 A
06623800 2020 01 10     21.50 A
06623800 2020 01 11     22.30 A
06623800 2020 01 12     22.60 A
06623800 2020 01 13     22.20 A
06623800 2020 01 14     22.10 A
06623800 2020 01 15     22.10 A
06623800 2020 01 16     21.90 A
06623800 2020 01 17     21.60 A
06623800 2020 01 18     21.30 A
06623800 2020 01 19     20.90 A
06623800 2020 01 20     20.90 A
06623800 2020 01 21     21.30 A
06623800 2020 01 22     21.70 A
06623800 2020 01 23     20.80 A
06623800 2020 01 24     19.30 A
06623800 2020 01 25     18.70 A
06623800 2020 01 26     17.90 A
06623800 2020 01 27     17.00 A
06623800 2020 01 28     16.40 A
06623800 2020 01 29     15.50 A
06623800 2020 01 30     14.30 A
06623800 2020 01 31     13.70 A
06623800 2020 02 01     15.20 A
06623800 2020 02 02     14.20 A
06623800 2020 02 03     15.30 A
06623800 2020 02 04     14.50 A
06623800 2020 02 05     18.60 A
06623800 2020 02 06     22.50 A
06623800 2020 02 07     22.60 A
06623800 2020 02 08     22.80 A
06623800 2020 02 09     22.40 A
06623800 2020 02 10     21.80 A
06623800 2020 02 11     22.90 A
06623800 2020 02 12     23.50 A
06623800 2020 02 13     23.60 A
06623800 2020 02 14     23.60 A
06623800 2020 02 15     23.50 A
06623800 2020 02 16     23.60 A
06623800 2020 02 17     22.90 A
06623800 2020 02 18     22.90 A
06623800 2020 02 19     23.00 A
06623800 2020 02 20     23.20 A
06623800 2020 02 21     24.60 A
06623800 2020 02 22     25.30 A
06623800 2020 02 23     24.60 A
06623800 2020 02 24     24.30 A
06623800 2020 02 25     24.00 A
06623800 2020 02 26     24.30 A
06623800 2020 02 27     24.00 A
06623800 2020 02 28     23.70 A
06623800 2020 02 29     23.60 A
06623800 2020 03 01     23.80 A
06623800 2020 03 02     23.30 A
06623800 2020 03 03     22.70 A
06623800 2020 03 04     22.60 A
06623800 2020 03 05     22.90 A
06623800 2020 03 06     22.70 A
06623800 2020 03 07     24.10 A
06623800 2020 03 08     24.50 A
06623800 2020 03 09     23.70 A
06623800 2020 03 10     23.10 A
06623800 2020 03 11     23.20 A
06623800 2020 03 12     22.90 A
06623800 2020 03 13     20.00 A
06623800 2020 03 14     19.20 A
06623800 2020 03 15     17.00 A
06623800 2020 03 16     13.80 A
06623800 2020 03 17     14.30 A
06623800 2020 03 18     13.90 A
06623800 2020 03 19     16.00 A
06623800 2020 03 20     18.90 A
06623800 2020 03 21     18.60 A
06623800 2020 03 22     18.60 A
06623800 2020 03 23     18.50 A
06623800 2020 03 24     18.60 A
06623800 2020 03 25     17.90 A
06623800 2020 03 26     12.40 A
06623800 2020 03 27     10.90 A
06623800 2020 03 28     10.50 A
06623800 2020 03 29     10.10 A
06623800 2020 03 30     13.60 A
06623800 2020 03 31     18.70 A
06623800 2020 04 01     19.90 A
06623800 2020 04 02     20.70 A
06623800 2020 04 03     17.60 A
06623800 2020 04 04     17.60 A
06623800 2020 04 05     19.80 A
06623800 2020 04 06     23.20 A
06623800 2020 04 07     25.50 A
06623800 2020 04 08     25.10 A
06623800 2020 04 09     27.40 A
06623800 2020 04 10     34.60 A
06623800 2020 04 11     46.20 A
06623800 2020 04 12     49.30 A
06623800 2020 04 13     36.50 A
06623800 2020 04 14     36.50 A
06623800 2020 04 15     35.90 A
06623800 2020 04 16     30.70 A
06623800 2020 04 17     30.50 A
06623800 2020 04 18     29.70 A
06623800 2020 04 19     23.80 A
06623800 2020 04 20     22.50 A
06623800 2020 04 21     24.20 A
06623800 2020 04 22     32.00 A
06623800 2020 04 23     40.70 A
06623800 2020 04 24     41.30 A
06623800 2020 04 25     39.20 A
06623800 2020 04 26     46.70 A
06623800 2020 04 27     70.30 A
06623800 2020 04 28     115.00 A
06623800 2020 04 29     141.00 A
06623800 2020 04 30     183.00 A
06623800 2020 05 01     264.00 A
06623800 2020 05 02     322.00 A
06623800 2020 05 03     333.00 A
06623800 2020 05 04     313.00 A
06623800 2020 05 05     243.00 A
06623800 2020 05 06     250.00 A
06623800 2020 05 07     273.00 A
06623800 2020 05 08     284.00 A
06623800 2020 05 09     323.00 A
06623800 2020 05 10     358.00 A
06623800 2020 05 11     379.00 A
06623800 2020 05 12     446.00 A
06623800 2020 05 13     497.00 A
06623800 2020 05 14     494.00 A
06623800 2020 05 15     504.00 A
06623800 2020 05 16     492.00 A
06623800 2020 05 17     514.00 A
06623800 2020 05 18     622.00 A
06623800 2020 05 19     693.00 A
06623800 2020 05 20     749.00 A
06623800 2020 05 21     615.00 A
06623800 2020 05 22     564.00 A
06623800 2020 05 23     547.00 A
06623800 2020 05 24     518.00 A
06623800 2020 05 25     466.00 A
06623800 2020 05 26     462.00 A
06623800 2020 05 27     509.00 A
06623800 2020 05 28     583.00 A
06623800 2020 05 29     695.00 A
06623800 2020 05 30     905.00 A
06623800 2020 05 31     1010.00 A
06623800 2020 06 01     1020.00 A
06623800 2020 06 02     964.00 A
06623800 2020 06 03     879.00 A
06623800 2020 06 04     812.00 A
06623800 2020 06 05     761.00 A
06623800 2020 06 06     902.00 A
06623800 2020 06 07     669.00 A
06623800 2020 06 08     542.00 A
06623800 2020 06 09     512.00 A
06623800 2020 06 10     454.00 A
06623800 2020 06 11     428.00 A
06623800 2020 06 12     424.00 A
06623800 2020 06 13     441.00 A
06623800 2020 06 14     436.00 A
06623800 2020 06 15     395.00 A
06623800 2020 06 16     369.00 A
06623800 2020 06 17     350.00 A
06623800 2020 06 18     317.00 A
06623800 2020 06 19     282.00 A
06623800 2020 06 20     255.00 A
06623800 2020 06 21     243.00 A
06623800 2020 06 22     231.00 A
06623800 2020 06 23     223.00 A
06623800 2020 06 24     210.00 A
06623800 2020 06 25     203.00 A
06623800 2020 06 26     183.00 A
06623800 2020 06 27     170.00 A
06623800 2020 06 28     157.00 A
06623800 2020 06 29     143.00 A
06623800 2020 06 30     139.00 A
06623800 2020 07 01     130.00 A
06623800 2020 07 02     115.00 A
06623800 2020 07 03     106.00 A
06623800 2020 07 04     102.00 A
06623800 2020 07 05     99.30 A
06623800 2020 07 06     92.10 A
06623800 2020 07 07     85.20 A
06623800 2020 07 08     79.30 A
06623800 2020 07 09     74.90 A
06623800 2020 07 10     70.40 A
06623800 2020 07 11     66.70 A
06623800 2020 07 12     64.10 A
06623800 2020 07 13     66.10 A
06623800 2020 07 14     61.70 A
06623800 2020 07 15     57.40 A
06623800 2020 07 16     54.40 A
06623800 2020 07 17     53.00 A
06623800 2020 07 18     52.00 A
06623800 2020 07 19     49.20 A
06623800 2020 07 20     47.20 A
06623800 2020 07 21     44.90 A
06623800 2020 07 22     43.80 A
06623800 2020 07 23     48.40 A
06623800 2020 07 24     51.50 A
06623800 2020 07 25     46.90 A
06623800 2020 07 26     44.50 A
06623800 2020 07 27     41.30 A
06623800 2020 07 28     45.00 A
06623800 2020 07 29     46.70 A
06623800 2020 07 30     39.90 A
06623800 2020 07 31     37.70 A
06623800 2020 08 01     36.10 A
06623800 2020 08 02     35.50 A
06623800 2020 08 03     35.00 A
06623800 2020 08 04     33.90 A
06623800 2020 08 05     32.40 A
06623800 2020 08 06     31.70 A
06623800 2020 08 07     30.50 A
06623800 2020 08 08     29.30 A
06623800 2020 08 09     28.70 A
06623800 2020 08 10     28.00 A
06623800 2020 08 11     27.50 A
06623800 2020 08 12     27.10 A
06623800 2020 08 13     26.50 A
06623800 2020 08 14     25.60 A
06623800 2020 08 15     25.10 A
06623800 2020 08 16     24.70 A
06623800 2020 08 17     24.10 A
06623800 2020 08 18     23.80 A
06623800 2020 08 19     23.80 A
06623800 2020 08 20     24.30 A
06623800 2020 08 21     23.70 A
06623800 2020 08 22     22.80 A
06623800 2020 08 23     22.80 A
06623800 2020 08 24     22.70 A
06623800 2020 08 25     22.90 A
06623800 2020 08 26     23.20 A
06623800 2020 08 27     24.30 A
06623800 2020 08 28     24.90 A
06623800 2020 08 29     26.00 A
06623800 2020 08 30     27.30 A
06623800 2020 08 31     23.40 A
06623800 2020 09 01     22.40 A
06623800 2020 09 02     21.90 A
06623800 2020 09 03     21.10 A
06623800 2020 09 04     20.50 A
06623800 2020 09 05     19.90 A
06623800 2020 09 06     19.20 A
06623800 2020 09 07     18.80 A
06623800 2020 09 08     23.00 A
06623800 2020 09 09     28.60 A
06623800 2020 09 10     32.00 A
06623800 2020 09 11     34.80 A
06623800 2020 09 12     33.90 A
06623800 2020 09 13     32.70 A
06623800 2020 09 14     28.10 A
06623800 2020 09 15     25.10 A
06623800 2020 09 16     23.50 A
06623800 2020 09 17     22.40 A
06623800 2020 09 18     21.80 A
06623800 2020 09 19     21.30 A
06623800 2020 09 20     22.20 A
06623800 2020 09 21     21.40 A
06623800 2020 09 22     21.10 A
06623800 2020 09 23     21.30 A
06623800 2020 09 24     20.40 A
06623800 2020 09 25     19.60 A
06623800 2020 09 26     19.20 A
06623800 2020 09 27     19.20 A
06623800 2020 09 28     19.60 A
06623800 2020 09 29     19.90 A
06623800 2020 09 30     19.70 A
06623800 2020 10 01     19.50 A
06623800 2020 10 02     19.50 A
06623800 2020 10 03     19.40 A
06623800 2020 10 04     19.40 A
06623800 2020 10 05     19.10 A
06623800 2020 10 06     18.70 A
06623800 2020 10 07     18.50 A
06623800 2020 10 08     18.40 A
06623800 2020 10 09     18.50 A
06623800 2020 10 10     18.40 A
06623800 2020 10 11     20.20 A
06623800 2020 10 12     21.00 A
06623800 2020 10 13     22.10 A
06623800 2020 10 14     21.20 A
06623800 2020 10 15     19.70 A
06623800 2020 10 16     19.00 A
06623800 2020 10 17     19.80 A
06623800 2020 10 18     20.10 A
06623800 2020 10 19     20.30 A
06623800 2020 10 20     19.30 A
06623800 2020 10 21     18.90 A
06623800 2020 10 22     18.40 A
06623800 2020 10 23     12.10 A
06623800 2020 10 24     11.30 A
06623800 2020 10 25     10.50 A
06623800 2020 10 26     19.60 A
06623800 2020 10 27     21.70 A
06623800 2020 10 28     19.40 A
06623800 2020 10 29     17.20 A
06623800 2020 10 30     16.30 A
06623800 2020 10 31     16.50 A
06623800 2020 11 01     15.50 A
06623800 2020 11 02     15.90 A
06623800 2020 11 03     15.90 A
06623800 2020 11 04     16.90 A
06623800 2020 11 05     16.90 A
06623800 2020 11 06     18.30 A
06623800 2020 11 07     19.80 A
06623800 2020 11 08     19.90 A
06623800 2020 11 09     19.50 A
06623800 2020 11 10     20.30 A
06623800 2020 11 11     19.80 A
06623800 2020 11 12     21.00 A
06623800 2020 11 13     29.60 A
06623800 2020 11 14     21.90 A
06623800 2020 11 15     24.80 A
06623800 2020 11 16     23.20 A
06623800 2020 11 17     20.80 A
06623800 2020 11 18     19.80 A
06623800 2020 11 19     20.00 A
06623800 2020 11 20     19.90 A
06623800 2020 11 21     18.00 A
06623800 2020 11 22     17.30 A
06623800 2020 11 23     24.20 A
06623800 2020 11 24     21.40 A
06623800 2020 11 25     19.00 A
06623800 2020 11 26     19.40 A
06623800 2020 11 27     17.80 A
06623800 2020 11 28     18.80 A
06623800 2020 11 29     18.60 A
06623800 2020 11 30     17.50 A
06623800 2020 12 01     20.70 A
06623800 2020 12 02     25.30 A
06623800 2020 12 03     23.30 A
06623800 2020 12 04     22.60 A
06623800 2020 12 05     22.10 A
06623800 2020 12 06     21.60 A
06623800 2020 12 07     21.40 A
06623800 2020 12 08     21.20 A
06623800 2020 12 09     21.50 A
06623800 2020 12 10     22.10 A
06623800 2020 12 11     23.00 A
06623800 2020 12 12     23.60 A
06623800 2020 12 13     23.10 A
06623800 2020 12 14     22.90 A
06623800 2020 12 15     22.80 A
06623800 2020 12 16     22.70 A
06623800 2020 12 17     22.60 A
06623800 2020 12 18     22.40 A
06623800 2020 12 19     22.30 A
06623800 2020 12 20     22.20 A
06623800 2020 12 21     21.70 A
06623800 2020 12 22     19.60 A
06623800 2020 12 23     19.50 A
06623800 2020 12 24     20.50 A
06623800 2020 12 25     20.00 A
06623800 2020 12 26     19.70 A
06623800 2020 12 27     19.60 A
06623800 2020 12 28     19.40 A
06623800 2020 12 29     18.40 A
06623800 2020 12 30     19.50 A
06623800 2020 12 31     20.20 A
06623800 2021 01 01     20.00 A
06623800 2021 01 02     19.80 A
06623800 2021 01 03     20.00 A
06623800 2021 01 04     19.80 A
06623800 2021 01 05     19.20 A
06623800 2021 01 06     19.20 A
06623800 2021 01 07     19.40 A
06623800 2021 01 08     19.40 A
06623800 2021 01 09     19.00 A
06623800 2021 01 10     19.20 A
06623800 2021 01 11     19.20 A
06623800 2021 01 12     19.20 A
06623800 2021 01 13     19.20 A
06623800 2021 01 14     20.40 A
06623800 2021 01 15     19.80 A
06623800 2021 01 16     19.80 A
06623800 2021 01 17     19.60 A
06623800 2021 01 18     19.40 A
06623800 2021 01 19     19.20 A
06623800 2021 01 20     19.00 A
06623800 2021 01 21     18.70 A
06623800 2021 01 22     18.60 A
06623800 2021 01 23     18.00 A
06623800 2021 01 24     17.20 A
06623800 2021 01 25     16.90 A
06623800 2021 01 26     17.60 A
06623800 2021 01 27     18.20 A
06623800 2021 01 28     18.00 A
06623800 2021 01 29     18.60 A
06623800 2021 01 30     18.30 A
06623800 2021 01 31     15.20 A
06623800 2021 02 01     15.40 A
06623800 2021 02 02     18.00 A
06623800 2021 02 03     17.50 A
06623800 2021 02 04     16.60 A
06623800 2021 02 05     16.30 A
06623800 2021 02 06     16.20 A
06623800 2021 02 07     16.20 A
06623800 2021 02 08     17.70 A
06623800 2021 02 09     19.00 A
06623800 2021 02 10     20.20 A
06623800 2021 02 11     20.80 A
06623800 2021 02 12     20.80 A
06623800 2021 02 13     20.30 A
06623800 2021 02 14     20.20 A
06623800 2021 02 15     21.90 A
06623800 2021 02 16     22.40 A
06623800 2021 02 17     22.60 A
06623800 2021 02 18     22.60 A
06623800 2021 02 19     22.70 A
06623800 2021 02 20     22.80 A
06623800 2021 02 21     22.70 A
06623800 2021 02 22     22.20 A
06623800 2021 02 23     20.90 A
06623800 2021 02 24     20.40 A
06623800 2021 02 25     20.40 A
06623800 2021 02 26     21.10 A
06623800 2021 02 27     20.80 A
06623800 2021 02 28     20.10 A
06623800 2021 03 01     19.80 A
06623800 2021 03 02     19.10 A
06623800 2021 03 03     18.50 A
06623800 2021 03 04     18.90 A
06623800 2021 03 05     18.00 A
06623800 2021 03 06     18.60 A
06623800 2021 03 07     18.10 A
06623800 2021 03 08     18.50 A
06623800 2021 03 09     16.60 A
06623800 2021 03 10     18.00 A
06623800 2021 03 11     16.90 A
06623800 2021 03 12     18.90 A
06623800 2021 03 13     15.80 A
06623800 2021 03 14     16.00 A
06623800 2021 03 15     18.40 A
06623800 2021 03 16     19.00 A
06623800 2021 03 17     16.90 A
06623800 2021 03 18     15.10 A
06623800 2021 03 19     15.70 A
06623800 2021 03 20     21.30 A
06623800 2021 03 21     20.20 A
06623800 2021 03 22     16.80 A
06623800 2021 03 23     22.30 A
06623800 2021 03 24     20.60 A
06623800 2021 03 25     18.30 A
06623800 2021 03 26     21.30 A
06623800 2021 03 27     19.70 A
06623800 2021 03 28     17.90 A
06623800 2021 03 29     15.90 A
06623800 2021 03 30     16.70 A
06623800 2021 03 31     17.50 A
06623800 2021 04 01     16.60 A
06623800 2021 04 02     17.80 A
06623800 2021 04 03     21.10 A
06623800 2021 04 04     24.00 A
06623800 2021 04 05     26.20 A
06623800 2021 04 06     27.50 A
06623800 2021 04 07     29.40 A
06623800 2021 04 08     36.10 A
06623800 2021 04 09     39.30 A
06623800 2021 04 10     34.90 A
06623800 2021 04 11     34.30 A
06623800 2021 04 12     34.90 A
06623800 2021 04 13     37.20 A
06623800 2021 04 14     38.70 A
06623800 2021 04 15     36.90 A
06623800 2021 04 16     32.00 A
06623800 2021 04 17     30.10 A
06623800 2021 04 18     29.60 A
06623800 2021 04 19     27.80 A
06623800 2021 04 20     26.10 A
06623800 2021 04 21     27.00 A
06623800 2021 04 22     26.50 A
06623800 2021 04 23     25.60 A
06623800 2021 04 24     25.80 A
06623800 2021 04 25     31.90 A
06623800 2021 04 26     47.70 A
06623800 2021 04 27     53.30 A
06623800 2021 04 28     49.90 A
06623800 2021 04 29     70.70 A
06623800 2021 04 30     116.00 A
06623800 2021 05 01     161.00 A
06623800 2021 05 02     163.00 A
06623800 2021 05 03     127.00 A
06623800 2021 05 04     104.00 A
06623800 2021 05 05     91.00 A
06623800 2021 05 06     102.00 A
06623800 2021 05 07     157.00 A
06623800 2021 05 08     197.00 A
06623800 2021 05 09     186.00 A
06623800 2021 05 10     163.00 A
06623800 2021 05 11     136.00 A
06623800 2021 05 12     132.00 A
06623800 2021 05 13     162.00 A
06623800 2021 05 14     217.00 A
06623800 2021 05 15     261.00 A
06623800 2021 05 16     293.00 A
06623800 2021 05 17     322.00 A
06623800 2021 05 18     350.00 A
06623800 2021 05 19     400.00 A
06623800 2021 05 20     433.00 A
06623800 2021 05 21     438.00 A
06623800 2021 05 22     488.00 A
06623800 2021 05 23     514.00 A
06623800 2021 05 24     461.00 A
06623800 2021 05 25     448.00 A
06623800 2021 05 26     467.00 A
06623800 2021 05 27     470.00 A
06623800 2021 05 28     457.00 A
06623800 2021 05 29     453.00 A
06623800 2021 05 30     459.00 A
06623800 2021 05 31     442.00 A
06623800 2021 06 01     450.00 A
06623800 2021 06 02     454.00 A
06623800 2021 06 03     478.00 A
06623800 2021 06 04     503.00 A
06623800 2021 06 05     503.00 A
06623800 2021 06 06     492.00 A
06623800 2021 06 07     474.00 A
06623800 2021 06 08     441.00 A
06623800 2021 06 09     411.00 A
06623800 2021 06 10     383.00 A
06623800 2021 06 11     344.00 A
06623800 2021 06 12     300.00 A
06623800 2021 06 13     274.00 A
06623800 2021 06 14     250.00 A
06623800 2021 06 15     228.00 A
06623800 2021 06 16     210.00 A
06623800 2021 06 17     192.00 A
06623800 2021 06 18     175.00 A
06623800 2021 06 19     162.00 A
06623800 2021 06 20     149.00 A
06623800 2021 06 21     137.00 A
06623800 2021 06 22     125.00 A
06623800 2021 06 23     116.00 A
06623800 2021 06 24     123.00 A
06623800 2021 06 25     135.00 A
06623800 2021 06 26     148.00 A
06623800 2021 06 27     139.00 A
06623800 2021 06 28     134.00 A
06623800 2021 06 29     105.00 A
06623800 2021 06 30     107.00 A
06623800 2021 07 01     124.00 A
06623800 2021 07 02     106.00 A
06623800 2021 07 03     89.10 A
06623800 2021 07 04     81.60 A
06623800 2021 07 05     76.10 A
06623800 2021 07 06     72.90 A
06623800 2021 07 07     67.10 A
06623800 2021 07 08     62.60 A
06623800 2021 07 09     58.60 A
06623800 2021 07 10     55.20 A
06623800 2021 07 11     53.30 A
06623800 2021 07 12     51.40 A
06623800 2021 07 13     50.80 A
06623800 2021 07 14     50.40 A
06623800 2021 07 15     49.30 A
06623800 2021 07 16     49.70 A
06623800 2021 07 17     50.00 A
06623800 2021 07 18     47.20 A
06623800 2021 07 19     42.80 A
06623800 2021 07 20     41.20 A
06623800 2021 07 21     41.20 A
06623800 2021 07 22     41.80 A
06623800 2021 07 23     50.70 A
06623800 2021 07 24     41.60 A
06623800 2021 07 25     38.70 A
06623800 2021 07 26     37.20 A
06623800 2021 07 27     35.80 A
06623800 2021 07 28     34.90 A
06623800 2021 07 29     34.50 A
06623800 2021 07 30     41.50 A
06623800 2021 07 31     45.60 A
06623800 2021 08 01     38.70 A
06623800 2021 08 02     44.40 A
06623800 2021 08 03     88.30 A
06623800 2021 08 04     53.60 A
06623800 2021 08 05     38.70 A
06623800 2021 08 06     34.20 A
06623800 2021 08 07     33.60 A
06623800 2021 08 08     30.60 A
06623800 2021 08 09     28.00 A
06623800 2021 08 10     26.70 A
06623800 2021 08 11     25.30 A
06623800 2021 08 12     24.70 A
06623800 2021 08 13     24.20 A
06623800 2021 08 14     25.30 A
06623800 2021 08 15     29.60 A
06623800 2021 08 16     27.40 A
06623800 2021 08 17     25.30 A
06623800 2021 08 18     25.00 A
06623800 2021 08 19     31.70 A
06623800 2021 08 20     34.30 A
06623800 2021 08 21     29.60 A
06623800 2021 08 22     26.00 A
06623800 2021 08 23     23.80 A
06623800 2021 08 24     22.30 A
06623800 2021 08 25     21.10 A
06623800 2021 08 26     21.20 A
06623800 2021 08 27     22.50 A
06623800 2021 08 28     20.60 A
06623800 2021 08 29     19.60 A
06623800 2021 08 30     19.00 A
06623800 2021 08 31     18.90 A
06623800 2021 09 01     21.80 A
06623800 2021 09 02     30.70 A
06623800 2021 09 03     25.30 A
06623800 2021 09 04     26.10 A
06623800 2021 09 05     21.90 A
06623800 2021 09 06     20.00 A
06623800 2021 09 07     19.00 A
06623800 2021 09 08     18.50 A
06623800 2021 09 09     17.90 A
06623800 2021 09 10     17.40 A
06623800 2021 09 11     17.50 A
06623800 2021 09 12     18.20 A
06623800 2021 09 13     23.10 A
06623800 2021 09 14     21.90 A
06623800 2021 09 15     18.90 A
06623800 2021 09 16     17.80 A
06623800 2021 09 17     17.20 A
06623800 2021 09 18     17.00 A
06623800 2021 09 19     19.00 A
06623800 2021 09 20     35.40 A
06623800 2021 09 21     31.60 A
06623800 2021 09 22     28.70 A
06623800 2021 09 23     24.50 A
06623800 2021 09 24     21.80 A
06623800 2021 09 25     20.10 A
06623800 2021 09 26     19.00 A
06623800 2021 09 27     18.30 A
06623800 2021 09 28     19.30 A
06623800 2021 09 29     40.50 A
06623800 2021 09 30     35.40 A
06623800 2021 10 01     26.20 A
06623800 2021 10 02     23.00 A
06623800 2021 10 03     21.10 A
06623800 2021 10 04     20.00 A
06623800 2021 10 05     19.40 A
06623800 2021 10 06     19.10 A
06623800 2021 10 07     19.00 A
06623800 2021 10 08     19.60 A
06623800 2021 10 09     49.60 A
06623800 2021 10 10     44.50 A
06623800 2021 10 11     34.00 A
06623800 2021 10 12     34.50 A
06623800 2021 10 13     32.30 A
06623800 2021 10 14     30.60 A
06623800 2021 10 15     27.80 A
06623800 2021 10 16     31.50 A
06623800 2021 10 17     34.20 A
06623800 2021 10 18     36.10 A
06623800 2021 10 19     36.40 A
06623800 2021 10 20     31.00 A
06623800 2021 10 21     29.30 A
06623800 2021 10 22     29.90 A
06623800 2021 10 23     31.20 A
06623800 2021 10 24     32.10 A
06623800 2021 10 25     34.70 A
06623800 2021 10 26     42.00 A
06623800 2021 10 27     34.00 A
06623800 2021 10 28     32.00 A
06623800 2021 10 29     31.40 A
06623800 2021 10 30     32.70 A
06623800 2021 10 31     32.10 A
06623800 2021 11 01     34.50 A
06623800 2021 11 02     37.80 A
06623800 2021 11 03     36.00 A
06623800 2021 11 04     32.00 A
06623800 2021 11 05     31.90 A
06623800 2021 11 06     30.50 A
06623800 2021 11 07     29.80 A
06623800 2021 11 08     29.70 A
06623800 2021 11 09     28.20 A
06623800 2021 11 10     29.10 A
06623800 2021 11 11     23.30 A
06623800 2021 11 12     30.30 A
06623800 2021 11 13     30.60 A
06623800 2021 11 14     29.90 A
06623800 2021 11 15     31.60 A
06623800 2021 11 16     31.70 A
06623800 2021 11 17     16.10 A
06623800 2021 11 18     15.80 A
06623800 2021 11 19     28.40 A
06623800 2021 11 20     23.30 A
06623800 2021 11 21     25.00 A
06623800 2021 11 22     28.70 A
06623800 2021 11 23     27.50 A
06623800 2021 11 24     26.00 A
06623800 2021 11 25     29.10 A
06623800 2021 11 26     34.40 A
06623800 2021 11 27     33.70 A
06623800 2021 11 28     30.90 A
06623800 2021 11 29     28.90 A
06623800 2021 11 30     26.10 A
06623800 2021 12 01     19.10 A
06623800 2021 12 02     18.50 A
06623800 2021 12 03     16.70 A
06623800 2021 12 04     16.80 A
06623800 2021 12 05     17.30 A
06623800 2021 12 06     14.90 A
06623800 2021 12 07     15.60 A
06623800 2021 12 08     15.70 A
06623800 2021 12 09     15.60 A
06623800 2021 12 10     19.90 A
06623800 2021 12 11     19.80 A
06623800 2021 12 12     29.00 A
06623800 2021 12 13     34.00 A
06623800 2021 12 14     35.20 A
06623800 2021 12 15     35.00 A
06623800 2021 12 16     34.40 A
06623800 2021 12 17     33.50 A
06623800 2021 12 18     32.30 A
06623800 2021 12 19     31.50 A
06623800 2021 12 20     30.80 A
06623800 2021 12 21     29.50 A
06623800 2021 12 22     27.60 A
06623800 2021 12 23     27.10 A
06623800 2021 12 24     26.10 A
06623800 2021 12 25     25.00 A
06623800 2021 12 26     22.30 A
06623800 2021 12 27     22.60 A
06623800 2021 12 28     22.90 A
06623800 2021 12 29     24.10 A
06623800 2021 12 30     23.60 A
06623800 2021 12 31     22.70 A
06623800 2022 01 01     22.60 A
06623800 2022 01 02     22.60 A
06623800 2022 01 03     22.70 A
06623800 2022 01 04     22.30 A
06623800 2022 01 05     20.90 A
06623800 2022 01 06     21.40 A
06623800 2022 01 07     22.10 A
06623800 2022 01 08     22.00 A
06623800 2022 01 09     22.10 A
06623800 2022 01 10     22.20 A
06623800 2022 01 11     22.20 A
06623800 2022 01 12     22.20 A
06623800 2022 01 13     22.10 A
06623800 2022 01 14     21.90 A
06623800 2022 01 15     21.40 A
06623800 2022 01 16     21.60 A
06623800 2022 01 17     21.30 A
06623800 2022 01 18     21.50 A
06623800 2022 01 19     21.50 A
06623800 2022 01 20     22.10 A
06623800 2022 01 21     21.10 A
06623800 2022 01 22     19.70 A
06623800 2022 01 23     19.70 A
06623800 2022 01 24     19.80 A
06623800 2022 01 25     20.10 A
06623800 2022 01 26     19.50 A
06623800 2022 01 27     20.00 A
06623800 2022 01 28     20.20 A
06623800 2022 01 29     20.00 A
06623800 2022 01 30     20.00 A
06623800 2022 01 31     19.90 A
06623800 2022 02 01     20.00 A
06623800 2022 02 02     19.20 A
06623800 2022 02 03     19.00 A
06623800 2022 02 04     19.30 A
06623800 2022 02 05     19.50 A
06623800 2022 02 06     19.90 A
06623800 2022 02 07     19.60 A
06623800 2022 02 08     19.60 A
06623800 2022 02 09     19.40 A
06623800 2022 02 10     19.30 A
06623800 2022 02 11     19.20 A
06623800 2022 02 12     18.20 A
06623800 2022 02 13     18.20 A
06623800 2022 02 14     18.10 A
06623800 2022 02 15     18.30 A
06623800 2022 02 16     18.60 A
06623800 2022 02 17     17.10 A
06623800 2022 02 18     18.50 A
06623800 2022 02 19     17.90 A
06623800 2022 02 20     16.20 A
06623800 2022 02 21     17.80 A
06623800 2022 02 22     16.40 A
06623800 2022 02 23     17.80 A
06623800 2022 02 24     18.30 A
06623800 2022 02 25     17.80 A
06623800 2022 02 26     17.40 A
06623800 2022 02 27     17.40 A
06623800 2022 02 28     17.70 A
06623800 2022 03 01     18.20 A
06623800 2022 03 02     18.90 A
06623800 2022 03 03     17.20 A
06623800 2022 03 04     18.00 A
06623800 2022 03 05     19.80 A
06623800 2022 03 06     16.80 A
06623800 2022 03 07     14.30 A
06623800 2022 03 08     16.80 A
06623800 2022 03 09     16.90 A
06623800 2022 03 10     17.30 A
06623800 2022 03 11     18.20 A
06623800 2022 03 12     18.60 A
06623800 2022 03 13     18.40 A
06623800 2022 03 14     18.50 A
06623800 2022 03 15     17.40 A
06623800 2022 03 16     18.40 A
06623800 2022 03 17     17.30 A
06623800 2022 03 18     13.60 A
06623800 2022 03 19     15.00 A
06623800 2022 03 20     17.10 A
06623800 2022 03 21     16.80 A
06623800 2022 03 22     14.60 A
06623800 2022 03 23     15.60 A
06623800 2022 03 24     15.80 A
06623800 2022 03 25     18.00 A
06623800 2022 03 26     19.40 A
06623800 2022 03 27     17.20 A
06623800 2022 03 28     21.70 A
06623800 2022 03 29     25.40 A
06623800 2022 03 30     22.10 A
06623800 2022 03 31     22.30 A
06623800 2022 04 01     30.30 A
06623800 2022 04 02     29.40 A
06623800 2022 04 03     29.00 A
06623800 2022 04 04     25.60 A
06623800 2022 04 05     29.00 A
06623800 2022 04 06     21.20 A
06623800 2022 04 07     21.00 A
06623800 2022 04 08     25.00 A
06623800 2022 04 09     31.10 A
06623800 2022 04 10     30.50 A
06623800 2022 04 11     27.80 A
06623800 2022 04 12     27.60 A
06623800 2022 04 13     27.10 A
06623800 2022 04 14     35.20 A
06623800 2022 04 15     29.40 A
06623800 2022 04 16     26.40 A
06623800 2022 04 17     25.80 A
06623800 2022 04 18     26.20 A
06623800 2022 04 19     37.40 A
06623800 2022 04 20     54.70 A
06623800 2022 04 21     72.90 A
06623800 2022 04 22     107.00 A
06623800 2022 04 23     103.00 A
06623800 2022 04 24     82.00 A
06623800 2022 04 25     70.10 A
06623800 2022 04 26     70.20 A
06623800 2022 04 27     82.60 A
06623800 2022 04 28     109.00 A
06623800 2022 04 29     118.00 A
06623800 2022 04 30     102.00 A
06623800 2022 05 01     108.00 A
06623800 2022 05 02     111.00 A
06623800 2022 05 03     113.00 A
06623800 2022 05 04     123.00 A
06623800 2022 05 05     120.00 A
06623800 2022 05 06     182.00 A
06623800 2022 05 07     252.00 A
06623800 2022 05 08     264.00 A
06623800 2022 05 09     243.00 A
06623800 2022 05 10     240.00 A
06623800 2022 05 11     358.00 A
06623800 2022 05 12     395.00 A
06623800 2022 05 13     354.00 A
06623800 2022 05 14     437.00 A
06623800 2022 05 15     579.00 A
06623800 2022 05 16     573.00 A
06623800 2022 05 17     685.00 A
06623800 2022 05 18     767.00 A
06623800 2022 05 19     799.00 A
06623800 2022 05 20     615.00 A
06623800 2022 05 21     447.00 A
06623800 2022 05 22     398.00 A
06623800 2022 05 23     367.00 A
06623800 2022 05 24     328.00 A
06623800 2022 05 25     323.00 A
06623800 2022 05 26     360.00 A
06623800 2022 05 27     455.00 A
06623800 2022 05 28     519.00 A
06623800 2022 05 29     558.00 A
06623800 2022 05 30     447.00 A
06623800 2022 05 31     401.00 A
06623800 2022 06 01     382.00 A
06623800 2022 06 02     406.00 A
06623800 2022 06 03     433.00 A
06623800 2022 06 04     454.00 A
06623800 2022 06 05     540.00 A
06623800 2022 06 06     662.00 A
06623800 2022 06 07     658.00 A
06623800 2022 06 08     649.00 A
06623800 2022 06 09     689.00 A
06623800 2022 06 10     750.00 A
06623800 2022 06 11     774.00 A
06623800 2022 06 12     762.00 A
06623800 2022 06 13     668.00 A
06623800 2022 06 14     516.00 A
06623800 2022 06 15     436.00 A
06623800 2022 06 16     414.00 A
06623800 2022 06 17     419.00 A
06623800 2022 06 18     417.00 A
06623800 2022 06 19     410.00 A
06623800 2022 06 20     367.00 A
06623800 2022 06 21     318.00 A
06623800 2022 06 22     285.00 A
06623800 2022 06 23     263.00 A
06623800 2022 06 24     254.00 A
06623800 2022 06 25     231.00 A
06623800 2022 06 26     209.00 A
06623800 2022 06 27     195.00 A
06623800 2022 06 28     177.00 A
06623800 2022 06 29     175.00 A
06623800 2022 06 30     273.00 A
06623800 2022 07 01     248.00 A
06623800 2022 07 02     180.00 A
06623800 2022 07 03     155.00 A
06623800 2022 07 04     148.00 A
06623800 2022 07 05     136.00 A
06623800 2022 07 06     126.00 A
06623800 2022 07 07     119.00 A
06623800 2022 07 08     106.00 A
06623800 2022 07 09     96.80 A
06623800 2022 07 10     89.50 A
06623800 2022 07 11     85.20 A
06623800 2022 07 12     78.70 A
06623800 2022 07 13     76.90 A
06623800 2022 07 14     82.30 A
06623800 2022 07 15     82.40 A
06623800 2022 07 16     121.00 A
06623800 2022 07 17     77.10 A
06623800 2022 07 18     67.70 A
06623800 2022 07 19     63.10 A
06623800 2022 07 20     59.20 A
06623800 2022 07 21     55.70 A
06623800 2022 07 22     53.20 A
06623800 2022 07 23     75.00 A
06623800 2022 07 24     112.00 A
06623800 2022 07 25     87.20 A
06623800 2022 07 26     60.80 A
06623800 2022 07 27     53.40 A
06623800 2022 07 28     55.60 A
06623800 2022 07 29     54.50 A
06623800 2022 07 30     51.70 A
06623800 2022 07 31     56.60 A
06623800 2022 08 01     48.00 A
06623800 2022 08 02     49.60 A
06623800 2022 08 03     50.50 A
06623800 2022 08 04     43.40 A
06623800 2022 08 05     41.70 A
06623800 2022 08 06     41.00 A
06623800 2022 08 07     38.70 A
06623800 2022 08 08     37.40 A
06623800 2022 08 09     36.00 A
06623800 2022 08 10     35.20 A
06623800 2022 08 11     35.20 A
06623800 2022 08 12     36.00 A
06623800 2022 08 13     42.60 A
06623800 2022 08 14     49.70 A
06623800 2022 08 15     43.70 A
06623800 2022 08 16     37.10 A
06623800 2022 08 17     33.70 A
06623800 2022 08 18     31.80 A
06623800 2022 08 19     30.70 A
06623800 2022 08 20     31.20 A
06623800 2022 08 21     36.10 A
06623800 2022 08 22     36.70 A
06623800 2022 08 23     32.50 A
06623800 2022 08 24     31.10 A
06623800 2022 08 25     29.50 A
06623800 2022 08 26     28.90 A
06623800 2022 08 27     28.20 A
06623800 2022 08 28     27.30 A
06623800 2022 08 29     26.10 A
06623800 2022 08 30     25.30 A
06623800 2022 08 31     24.50 A
06623800 2022 09 01     24.40 A
06623800 2022 09 02     23.90 A
06623800 2022 09 03     23.30 A
06623800 2022 09 04     22.80 A
06623800 2022 09 05     22.10 A
06623800 2022 09 06     21.60 A
06623800 2022 09 07     21.20 A
06623800 2022 09 08     20.90 A
06623800 2022 09 09     21.00 A
06623800 2022 09 10     21.00 A
06623800 2022 09 11     20.80 A
06623800 2022 09 12     20.60 A
06623800 2022 09 13     20.40 A
06623800 2022 09 14     20.80 A
06623800 2022 09 15     24.80 A
06623800 2022 09 16     28.60 A
06623800 2022 09 17     27.30 A
06623800 2022 09 18     27.40 A
06623800 2022 09 19     23.00 A
06623800 2022 09 20     21.60 A
06623800 2022 09 21     27.80 A
06623800 2022 09 22     50.10 A
06623800 2022 09 23     33.70 A
06623800 2022 09 24     25.90 A
06623800 2022 09 25     23.50 A
06623800 2022 09 26     22.50 A
06623800 2022 09 27     22.10 A
06623800 2022 09 28     21.60 A
06623800 2022 09 29     21.90 A
06623800 2022 09 30     38.10 A
06623800 2022 10 01     39.00 A
06623800 2022 10 02     32.10 A
06623800 2022 10 03     39.00 A
06623800 2022 10 04     32.90 A
06623800 2022 10 05     28.00 A
06623800 2022 10 06     25.00 A
06623800 2022 10 07     24.10 A
06623800 2022 10 08     23.80 A
06623800 2022 10 09     22.90 A
06623800 2022 10 10     22.40 A
06623800 2022 10 11     21.80 A
06623800 2022 10 12     21.20 A
06623800 2022 10 13     20.90 A
06623800 2022 10 14     20.70 A
06623800 2022 10 15     20.40 A
06623800 2022 10 16     20.40 A
06623800 2022 10 17     20.20 A
06623800 2022 10 18     20.10 A
06623800 2022 10 19     20.40 A
06623800 2022 10 20     19.80 A
06623800 2022 10 21     19.90 A
06623800 2022 10 22     19.10 A
06623800 2022 10 23     22.00 A
06623800 2022 10 24     19.50 A
06623800 2022 10 25     19.00 A
06623800 2022 10 26     13.30 A
06623800 2022 10 27     14.30 A
06623800 2022 10 28     11.30 A
06623800 2022 10 29     21.00 A
06623800 2022 10 30     16.10 A
06623800 2022 10 31     13.80 A
06623800 2022 11 01     14.10 A
06623800 2022 11 02     15.70 A
06623800 2022 11 03     15.20 A
06623800 2022 11 04     14.80 A
06623800 2022 11 05     14.20 A
06623800 2022 11 06     14.80 A
06623800 2022 11 07     16.00 A
06623800 2022 11 08     15.40 A
06623800 2022 11 09     12.00 A
06623800 2022 11 10     13.90 A
06623800 2022 11 11     19.80 A
06623800 2022 11 12     21.90 A
06623800 2022 11 13     25.40 A
06623800 2022 11 14     19.80 A
06623800 2022 11 15     22.80 A
06623800 2022 11 16     35.80 A
06623800 2022 11 17     19.90 A
06623800 2022 11 18     18.10 A
06623800 2022 11 19     17.90 A
06623800 2022 11 20     18.30 A
06623800 2022 11 21     18.30 A
06623800 2022 11 22     18.20 A
06623800 2022 11 23     18.00 A
06623800 2022 11 24     16.50 A
06623800 2022 11 25     15.60 A
06623800 2022 11 26     18.40 A
06623800 2022 11 27     19.30 A
06623800 2022 11 28     18.70 A
06623800 2022 11 29     18.60 A
06623800 2022 11 30     18.30 A
06623800 2022 12 01     18.20 A
06623800 2022 12 02     17.80 A
06623800 2022 12 03     18.50 A
06623800 2022 12 04     19.30 A
06623800 2022 12 05     19.10 A
06623800 2022 12 06     18.70 A
06623800 2022 12 07     18.70 A
06623800 2022 12 08     19.90 A
06623800 2022 12 09     19.40 A
06623800 2022 12 10     19.40 A
06623800 2022 12 11     19.30 A
06623800 2022 12 12     19.20 A
06623800 2022 12 13     18.60 A
06623800 2022 12 14     18.30 A
06623800 2022 12 15     17.10 A
06623800 2022 12 16     17.10 A
06623800 2022 12 17     17.90 A
06623800 2022 12 18     17.90 A
06623800 2022 12 19     18.10 A
06623800 2022 12 20     17.90 A
06623800 2022 12 21     16.40 A
06623800 2022 12 22     18.40 A
06623800 2022 12 23     19.00 A
06623800 2022 12 24     18.30 A
06623800 2022 12 25     18.80 A
06623800 2022 12 26     20.00 A
06623800 2022 12 27     19.60 A
06623800 2022 12 28     18.70 A
06623800 2022 12 29     18.80 A
06623800 2022 12 30     19.60 A
06623800 2022 12 31     19.60 A
06623800 2023 01 01     19.30 A
06623800 2023 01 02     18.80 A
06623800 2023 01 03     17.10 A
06623800 2023 01 04     16.40 A
06623800 2023 01 05     19.40 A
06623800 2023 01 06     19.60 A
06623800 2023 01 07     15.50 A
06623800 2023 01 08     16.20 A
06623800 2023 01 09     16.50 A
06623800 2023 01 10     18.80 A
06623800 2023 01 11     17.40 A
06623800 2023 01 12     18.00 A
06623800 2023 01 13     18.80 A
06623800 2023 01 14     20.20 A
06623800 2023 01 15     21.40 A
06623800 2023 01 16     21.30 A
06623800 2023 01 17     21.60 A
06623800 2023 01 18     20.90 A
06623800 2023 01 19     19.60 A
06623800 2023 01 20     20.60 A
06623800 2023 01 21     21.40 A
06623800 2023 01 22     21.80 A
06623800 2023 01 23     21.30 A
06623800 2023 01 24     20.40 A
06623800 2023 01 25     20.00 A
06623800 2023 01 26     20.20 A
06623800 2023 01 27     20.50 A
06623800 2023 01 28     20.50 A
06623800 2023 01 29     21.10 A
06623800 2023 01 30     21.40 A
06623800 2023 01 31     20.80 A
06623800 2023 02 01     21.90 A
06623800 2023 02 02     21.20 A
06623800 2023 02 03     20.40 A
06623800 2023 02 04     20.00 A
06623800 2023 02 05     19.50 A
06623800 2023 02 06     19.00 A
06623800 2023 02 07     18.60 A
06623800 2023 02 08     16.60 A
06623800 2023 02 09     16.20 A
06623800 2023 02 10     15.50 A
06623800 2023 02 11     16.10 A
06623800 2023 02 12     16.10 A
06623800 2023 02 13     15.50 A
06623800 2023 02 14     16.10 A
06623800 2023 02 15     15.00 A
06623800 2023 02 16     15.30 A
06623800 2023 02 17     16.00 A
06623800 2023 02 18     15.90 A
06623800 2023 02 19     15.90 A
06623800 2023 02 20     15.70 A
06623800 2023 02 21     15.50 A
06623800 2023 02 22     15.50 A
06623800 2023 02 23     14.30 A
06623800 2023 02 24     14.50 A
06623800 2023 02 25     14.40 A
06623800 2023 02 26     13.40 A
06623800 2023 02 27     14.30 A
06623800 2023 02 28     13.30 A
06623800 2023 03 01     13.50 A
06623800 2023 03 02     14.90 A
06623800 2023 03 03     14.50 A
06623800 2023 03 04     14.60 A
06623800 2023 03 05     16.30 A
06623800 2023 03 06     16.30 A
06623800 2023 03 07     15.80 A
06623800 2023 03 08     14.60 A
06623800 2023 03 09     15.00 A
06623800 2023 03 10     14.80 A
06623800 2023 03 11     15.40 A
06623800 2023 03 12     14.20 A
06623800 2023 03 13     17.10 A
06623800 2023 03 14     17.10 A
06623800 2023 03 15     17.10 A
06623800 2023 03 16     16.70 A
06623800 2023 03 17     13.20 A
06623800 2023 03 18     13.20 A
06623800 2023 03 19     14.20 A
06623800 2023 03 20     18.00 A
06623800 2023 03 21     17.30 A
06623800 2023 03 22     16.70 A
06623800 2023 03 23     15.30 A
06623800 2023 03 24     14.70 A
06623800 2023 03 25     12.60 A
06623800 2023 03 26     12.80 A
06623800 2023 03 27     12.20 A
06623800 2023 03 28     11.50 A
06623800 2023 03 29     14.00 A
06623800 2023 03 30     14.10 A
06623800 2023 03 31     13.80 A
06623800 2023 04 01     15.30 A
06623800 2023 04 02     15.40 A
06623800 2023 04 03     15.70 A
06623800 2023 04 04     15.10 A
06623800 2023 04 05     15.00 A
06623800 2023 04 06     15.20 A
06623800 2023 04 07     15.20 A
06623800 2023 04 08     14.00 A
06623800 2023 04 09     14.70 A
06623800 2023 04 10     17.60 A
06623800 2023 04 11     23.90 A
06623800 2023 04 12     31.20 A
06623800 2023 04 13     30.40 A
06623800 2023 04 14     34.10 A
06623800 2023 04 15     43.70 A
06623800 2023 04 16     49.00 A
06623800 2023 04 17     55.90 A
06623800 2023 04 18     54.10 A
06623800 2023 04 19     53.90 A
06623800 2023 04 20     52.90 A
06623800 2023 04 21     48.40 A
06623800 2023 04 22     46.40 A
06623800 2023 04 23     40.90 A
06623800 2023 04 24     37.60 A
06623800 2023 04 25     38.00 A
06623800 2023 04 26     40.80 A
06623800 2023 04 27     47.10 A
06623800 2023 04 28     50.40 A
06623800 2023 04 29     55.90 A
06623800 2023 04 30     79.70 A
06623800 2023 05 01     126.00 A
06623800 2023 05 02     184.00 A
06623800 2023 05 03     243.00 A
06623800 2023 05 04     279.00 A
06623800 2023 05 05     296.00 A
06623800 2023 05 06     278.00 A
06623800 2023 05 07     258.00 A
06623800 2023 05 08     283.00 A
06623800 2023 05 09     363.00 A
06623800 2023 05 10     438.00 A
06623800 2023 05 11     448.00 A
06623800 2023 05 12     477.00 A
06623800 2023 05 13     463.00 A
06623800 2023 05 14     581.00 A
06623800 2023 05 15     669.00 A
06623800 2023 05 16     741.00 A
06623800 2023 05 17     807.00 A
06623800 2023 05 18     866.00 A
06623800 2023 05 19     885.00 A
06623800 2023 05 20     911.00 A
06623800 2023 05 21     952.00 A
06623800 2023 05 22     981.00 A
06623800 2023 05 23     1000.00 A
06623800 2023 05 24     1050.00 A
06623800 2023 05 25     1100.00 A
06623800 2023 05 26     1100.00 A
06623800 2023 05 27     1080.00 A
06623800 2023 05 28     1010.00 A
06623800 2023 05 29     952.00 A
06623800 2023 05 30     970.00 A
06623800 2023 05 31     917.00 A
06623800 2023 06 01     850.00 A
06623800 2023 06 02     780.00 A
06623800 2023 06 03     669.00 A
06623800 2023 06 04     758.00 A
06623800 2023 06 05     742.00 A
06623800 2023 06 06     762.00 A
06623800 2023 06 07     836.00 A
06623800 2023 06 08     769.00 A
06623800 2023 06 09     748.00 A
06623800 2023 06 10     678.00 A
06623800 2023 06 11     561.00 A
06623800 2023 06 12     576.00 A
06623800 2023 06 13     516.00 A
06623800 2023 06 14     511.00 A
06623800 2023 06 15     563.00 A
06623800 2023 06 16     527.00 A
06623800 2023 06 17     491.00 A
06623800 2023 06 18     471.00 A
06623800 2023 06 19     488.00 A
06623800 2023 06 20     479.00 A
06623800 2023 06 21     460.00 A
06623800 2023 06 22     447.00 A
06623800 2023 06 23     427.00 A
06623800 2023 06 24     393.00 A
06623800 2023 06 25     358.00 A
06623800 2023 06 26     334.00 A
06623800 2023 06 27     312.00 A
06623800 2023 06 28     291.00 A
06623800 2023 06 29     269.00 A
06623800 2023 06 30     273.00 A
06623800 2023 07 01     259.00 A
06623800 2023 07 02     229.00 A
06623800 2023 07 03     212.00 A
06623800 2023 07 04     208.00 A
06623800 2023 07 05     213.00 A
06623800 2023 07 06     184.00 A
06623800 2023 07 07     171.00 A
06623800 2023 07 08     157.00 A
06623800 2023 07 09     150.00 A
06623800 2023 07 10     135.00 A
06623800 2023 07 11     123.00 A
06623800 2023 07 12     114.00 A
06623800 2023 07 13     108.00 A
06623800 2023 07 14     101.00 A
06623800 2023 07 15     95.00 A
06623800 2023 07 16     89.00 A
06623800 2023 07 17     83.80 A
06623800 2023 07 18     79.70 A
06623800 2023 07 19     80.20 A
06623800 2023 07 20     84.40 A
06623800 2023 07 21     83.40 A
06623800 2023 07 22     73.90 A
06623800 2023 07 23     66.80 A
06623800 2023 07 24     64.30 A
06623800 2023 07 25     60.00 A
06623800 2023 07 26     58.20 A
06623800 2023 07 27     60.40 A
06623800 2023 07 28     58.70 A
06623800 2023 07 29     53.00 A
06623800 2023 07 30     50.80 A
06623800 2023 07 31     79.20 A
06623800 2023 08 01     82.50 A
06623800 2023 08 02     62.90 A
06623800 2023 08 03     66.30 A
06623800 2023 08 04     59.90 A
06623800 2023 08 05     52.80 A
06623800 2023 08 06     50.80 A
06623800 2023 08 07     50.60 A
06623800 2023 08 08     47.60 A
06623800 2023 08 09     46.20 A
06623800 2023 08 10     43.70 A
06623800 2023 08 11     41.90 A
06623800 2023 08 12     40.50 A
06623800 2023 08 13     39.40 A
06623800 2023 08 14     38.00 A
06623800 2023 08 15     36.70 A
06623800 2023 08 16     35.70 A
06623800 2023 08 17     34.80 A
06623800 2023 08 18     35.00 A
06623800 2023 08 19     34.30 A
06623800 2023 08 20     32.80 A
06623800 2023 08 21     31.50 A
06623800 2023 08 22     31.10 A
06623800 2023 08 23     32.40 A
06623800 2023 08 24     35.00 A
06623800 2023 08 25     42.80 A
06623800 2023 08 26     51.70 A
06623800 2023 08 27     39.00 A
06623800 2023 08 28     36.70 A
06623800 2023 08 29     34.90 A
06623800 2023 08 30     31.60 A
06623800 2023 08 31     29.60 A
06623800 2023 09 01     29.20 A
06623800 2023 09 02     30.70 A
06623800 2023 09 03     30.50 A
06623800 2023 09 04     33.00 A
06623800 2023 09 05     33.50 A
06623800 2023 09 06     29.90 A
06623800 2023 09 07     27.80 A
06623800 2023 09 08     26.80 A
06623800 2023 09 09     26.20 A
06623800 2023 09 10     26.80 A
06623800 2023 09 11     27.00 A
06623800 2023 09 12     26.10 A
06623800 2023 09 13     26.00 A
06623800 2023 09 14     40.90 A
06623800 2023 09 15     38.20 A
06623800 2023 09 16     30.20 A
06623800 2023 09 17     28.00 A
06623800 2023 09 18     26.70 A
06623800 2023 09 19     26.90 A
06623800 2023 09 20     30.40 A
06623800 2023 09 21     27.50 A
06623800 2023 09 22     26.10 A
06623800 2023 09 23     25.20 A
06623800 2023 09 24     25.00 A
06623800 2023 09 25     24.80 A
06623800 2023 09 26     24.60 A
06623800 2023 09 27     24.30 A
06623800 2023 09 28     23.90 A
06623800 2023 09 29     23.40 A
06623800 2023 09 30     23.10 A
06623800 2023 10 01     23.10 A
06623800 2023 10 02     24.30 A
06623800 2023 10 03     26.50 A
06623800 2023 10 04     28.30 A
06623800 2023 10 05     27.20 A
06623800 2023 10 06     25.40 A
06623800 2023 10 07     24.80 A
06623800 2023 10 08     24.30 A
06623800 2023 10 09     23.90 A
06623800 2023 10 10     23.60 A
06623800 2023 10 11     27.60 A
06623800 2023 10 12     35.50 A
06623800 2023 10 13     30.60 A
06623800 2023 10 14     30.00 A
06623800 2023 10 15     30.10 A
06623800 2023 10 16     33.40 A
06623800 2023 10 17     35.40 A
06623800 2023 10 18     34.00 A
06623800 2023 10 19     30.20 A
06623800 2023 10 20     28.20 A
06623800 2023 10 21     26.80 A
06623800 2023 10 22     26.10 A
06623800 2023 10 23     25.90 A
06623800 2023 10 24     25.20 A
06623800 2023 10 25     24.60 A
06623800 2023 10 26     24.30 A
06623800 2023 10 27     20.30 A
06623800 2023 10 28     21.90 A
06623800 2023 10 29     19.40 A
06623800 2023 10 30     19.70 A
06623800 2023 10 31     20.30 A
06623800 2023 11 01     19.30 A
06623800 2023 11 02     19.40 A
06623800 2023 11 03     19.70 A
06623800 2023 11 04     23.50 A
06623800 2023 11 05     27.90 A
06623800 2023 11 06     27.50 A
06623800 2023 11 07     27.30 A
06623800 2023 11 08     25.70 A
06623800 2023 11 09     18.40 A
06623800 2023 11 10     20.90 A
06623800 2023 11 11     24.80 A
06623800 2023 11 12     22.50 A
06623800 2023 11 13     20.50 A
06623800 2023 11 14     20.40 A
06623800 2023 11 15     21.10 A
06623800 2023 11 16     22.80 A
06623800 2023 11 17     20.00 A
06623800 2023 11 18     18.20 A
06623800 2023 11 19     17.70 A
06623800 2023 11 20     17.00 A
06623800 2023 11 21     14.50 A
06623800 2023 11 22     15.60 A
06623800 2023 11 23     22.60 A
06623800 2023 11 24     23.90 A
06623800 2023 11 25     27.90 A
06623800 2023 11 26     36.60 A
06623800 2023 11 27     39.60 A
06623800 2023 11 28     37.50 A
06623800 2023 11 29     42.40 A
06623800 2023 11 30     41.50 A
06623800 2023 12 01     38.90 A
06623800 2023 12 02     36.90 A
06623800 2023 12 03     35.50 A
06623800 2023 12 04     34.70 A
06623800 2023 12 05     34.50 A
06623800 2023 12 06     32.30 A
06623800 2023 12 07     29.50 A
06623800 2023 12 08     26.30 A
06623800 2023 12 09     23.20 A
06623800 2023 12 10     20.50 A
06623800 2023 12 11     19.40 A
06623800 2023 12 12     20.20 A
06623800 2023 12 13     19.40 A
06623800 2023 12 14     17.60 A
06623800 2023 12 15     17.00 A
06623800 2023 12 16     17.00 A
06623800 2023 12 17     17.50 A
06623800 2023 12 18     17.10 A
06623800 2023 12 19     17.30 A
06623800 2023 12 20     17.40 A
06623800 2023 12 21     17.30 A
06623800 2023 12 22     16.70 A
06623800 2023 12 23     17.10 A
06623800 2023 12 24     17.10 A
06623800 2023 12 25     16.20 A
06623800 2023 12 26     16.80 A
06623800 2023 12 27     16.70 A
06623800 2023 12 28     16.30 A
06623800 2023 12 29     16.00 A
06623800 2023 12 30     16.10 A
06623800 2023 12 31     16.10 A
06623800 2024 01 01     15.90 A
06623800 2024 01 02     15.60 A
06623800 2024 01 03     15.40 A
06623800 2024 01 04     15.70 A
06623800 2024 01 05     15.90 A
06623800 2024 01 06     15.80 A
06623800 2024 01 07     15.90 A
06623800 2024 01 08     15.80 A
06623800 2024 01 09     15.30 A
06623800 2024 01 10     14.60 A
06623800 2024 01 11     15.30 A
06623800 2024 01 12     15.90 A
06623800 2024 01 13     15.50 A
06623800 2024 01 14     16.80 A
06623800 2024 01 15     17.00 A
06623800 2024 01 16     17.70 A
06623800 2024 01 17     18.40 A
06623800 2024 01 18     18.90 A
06623800 2024 01 19     19.50 A
06623800 2024 01 20     19.40 A
06623800 2024 01 21     19.10 A
06623800 2024 01 22     19.00 A
06623800 2024 01 23     18.10 A
06623800 2024 01 24     18.40 A
06623800 2024 01 25     17.90 A
06623800 2024 01 26     17.40 A
06623800 2024 01 27     17.10 A
06623800 2024 01 28     17.10 A
06623800 2024 01 29     16.80 A
06623800 2024 01 30     12.40 A
06623800 2024 01 31     12.90 A
06623800 2024 02 01     13.90 A
06623800 2024 02 02     16.40 A
06623800 2024 02 03     17.30 A
06623800 2024 02 04     16.50 A
06623800 2024 02 05     13.70 A
06623800 2024 02 06     15.90 A
06623800 2024 02 07     16.20 A
06623800 2024 02 08     15.40 A
06623800 2024 02 09     15.40 A
06623800 2024 02 10     15.30 A
06623800 2024 02 11     15.20 A
06623800 2024 02 12     15.40 A
06623800 2024 02 13     15.40 A
06623800 2024 02 14     15.40 A
06623800 2024 02 15     15.40 A
06623800 2024 02 16     14.70 A
06623800 2024 02 17     12.70 A
06623800 2024 02 18     13.50 A
06623800 2024 02 19     14.80 A
06623800 2024 02 20     15.40 A
06623800 2024 02 21     15.40 A
06623800 2024 02 22     15.00 A
06623800 2024 02 23     14.10 A
06623800 2024 02 24     15.30 A
06623800 2024 02 25     15.50 A
06623800 2024 02 26     15.70 A
06623800 2024 02 27     15.60 A
06623800 2024 02 28     15.70 A
06623800 2024 02 29     15.60 A
06623800 2024 03 01     16.00 A
06623800 2024 03 02     16.40 A
06623800 2024 03 03     16.70 A
06623800 2024 03 04     16.90 A
06623800 2024 03 05     16.80 A
06623800 2024 03 06     17.30 A
06623800 2024 03 07     16.40 A
06623800 2024 03 08     15.50 A
06623800 2024 03 09     12.80 A
06623800 2024 03 10     13.60 A
06623800 2024 03 11     14.50 A
06623800 2024 03 12     16.60 A
06623800 2024 03 13     16.20 A
06623800 2024 03 14     15.90 A
06623800 2024 03 15     13.40 A
06623800 2024 03 16     13.90 A
06623800 2024 03 17     17.60 A
06623800 2024 03 18     16.40 A
06623800 2024 03 19     17.20 A
06623800 2024 03 20     18.60 A
06623800 2024 03 21     18.70 A
06623800 2024 03 22     17.90 A
06623800 2024 03 23     18.40 A
06623800 2024 03 24     18.80 A
06623800 2024 03 25     17.80 A
06623800 2024 03 26     18.20 A
06623800 2024 03 27     16.90 A
06623800 2024 03 28     15.80 A
06623800 2024 03 29     16.10 A
06623800 2024 03 30     16.10 A
06623800 2024 03 31     16.00 A
06623800 2024 04 01     16.10 A
06623800 2024 04 02     16.50 A
06623800 2024 04 03     18.60 A
06623800 2024 04 04     21.30 A
06623800 2024 04 05     24.90 A
06623800 2024 04 06     29.20 A
06623800 2024 04 07     25.80 A
06623800 2024 04 08     22.20 A
06623800 2024 04 09     18.70 A
06623800 2024 04 10     18.10 A
06623800 2024 04 11     18.30 A
06623800 2024 04 12     19.80 A
06623800 2024 04 13     26.20 A
06623800 2024 04 14     39.70 A
06623800 2024 04 15     69.40 A
06623800 2024 04 16     76.10 A
06623800 2024 04 17     66.60 A
06623800 2024 04 18     61.50 A
06623800 2024 04 19     60.10 A
06623800 2024 04 20     56.60 A
06623800 2024 04 21     58.60 A
06623800 2024 04 22     79.80 A
06623800 2024 04 23     110.00 A
06623800 2024 04 24     133.00 A
06623800 2024 04 25     155.00 A
06623800 2024 04 26     147.00 A
06623800 2024 04 27     127.00 A
06623800 2024 04 28     111.00 A
06623800 2024 04 29     98.10 A
06623800 2024 04 30     100.00 A
06623800 2024 05 01     92.30 A
06623800 2024 05 02     79.80 A
06623800 2024 05 03     73.50 A
06623800 2024 05 04     75.00 A
06623800 2024 05 05     106.00 A
06623800 2024 05 06     137.00 A
06623800 2024 05 07     109.00 A
06623800 2024 05 08     92.10 A
06623800 2024 05 09     86.70 A
06623800 2024 05 10     91.20 A
06623800 2024 05 11     113.00 A
06623800 2024 05 12     145.00 A
06623800 2024 05 13     221.00 A
06623800 2024 05 14     327.00 A
06623800 2024 05 15     379.00 A
06623800 2024 05 16     422.00 A
06623800 2024 05 17     476.00 A
06623800 2024 05 18     511.00 A
06623800 2024 05 19     596.00 A
06623800 2024 05 20     747.00 A
06623800 2024 05 21     602.00 A
06623800 2024 05 22     483.00 A
06623800 2024 05 23     438.00 A
06623800 2024 05 24     414.00 A
06623800 2024 05 25     452.00 A
06623800 2024 05 26     458.00 A
06623800 2024 05 27     487.00 A
06623800 2024 05 28     569.00 A
06623800 2024 05 29     647.00 A
06623800 2024 05 30     729.00 A
06623800 2024 05 31     787.00 A
06623800 2024 06 01     813.00 A
06623800 2024 06 02     890.00 A
06623800 2024 06 03     912.00 A
06623800 2024 06 04     1130.00 A
06623800 2024 06 05     1120.00 A
06623800 2024 06 06     1160.00 A
06623800 2024 06 07     1150.00 A
06623800 2024 06 08     1120.00 A
06623800 2024 06 09     1060.00 A
06623800 2024 06 10     1010.00 A
06623800 2024 06 11     920.00 A
06623800 2024 06 12     858.00 A
06623800 2024 06 13     793.00 A
06623800 2024 06 14     680.00 A
06623800 2024 06 15     560.00 A
06623800 2024 06 16     524.00 A
06623800 2024 06 17     497.00 A
06623800 2024 06 18     459.00 A
06623800 2024 06 19     404.00 A
06623800 2024 06 20     390.00 A
06623800 2024 06 21     380.00 A
06623800 2024 06 22     392.00 A
06623800 2024 06 23     383.00 A
06623800 2024 06 24     335.00 A
06623800 2024 06 25     297.00 A
06623800 2024 06 26     272.00 A
06623800 2024 06 27     297.00 A
06623800 2024 06 28     310.00 A
06623800 2024 06 29     228.00 A
06623800 2024 06 30     228.00 A
06623800 2024 07 01     241.00 A
06623800 2024 07 02     212.00 A
06623800 2024 07 03     173.00 A
06623800 2024 07 04     154.00 A
06623800 2024 07 05     141.00 A
06623800 2024 07 06     131.00 A
06623800 2024 07 07     123.00 A
06623800 2024 07 08     117.00 A
06623800 2024 07 09     111.00 A
06623800 2024 07 10     107.00 A
06623800 2024 07 11     103.00 A
06623800 2024 07 12     94.30 A
06623800 2024 07 13     86.40 A
06623800 2024 07 14     82.00 A
06623800 2024 07 15     86.10 A
06623800 2024 07 16     110.00 A
06623800 2024 07 17     89.50 A
06623800 2024 07 18     80.10 A
06623800 2024 07 19     78.20 A
06623800 2024 07 20     74.10 A
06623800 2024 07 21     67.80 A
06623800 2024 07 22     68.00 A
06623800 2024 07 23     62.10 A
06623800 2024 07 24     58.80 A
06623800 2024 07 25     57.00 A
06623800 2024 07 26     55.20 A
06623800 2024 07 27     55.00 A
06623800 2024 07 28     62.50 A
06623800 2024 07 29     50.60 A
06623800 2024 07 30     46.60 A
06623800 2024 07 31     44.50 A
06623800 2024 08 01     43.00 A
06623800 2024 08 02     41.50 A
06623800 2024 08 03     40.30 A
06623800 2024 08 04     40.30 A
06623800 2024 08 05     40.40 A
06623800 2024 08 06     38.00 A
06623800 2024 08 07     38.20 A
06623800 2024 08 08     39.00 A
06623800 2024 08 09     38.80 A
06623800 2024 08 10     42.50 A
06623800 2024 08 11     42.00 A
06623800 2024 08 12     40.20 A
06623800 2024 08 13     39.20 A
06623800 2024 08 14     45.60 A
06623800 2024 08 15     39.50 A
06623800 2024 08 16     36.80 A
06623800 2024 08 17     33.70 A
06623800 2024 08 18     32.80 A
06623800 2024 08 19     33.20 A
06623800 2024 08 20     35.90 A
06623800 2024 08 21     33.10 A
06623800 2024 08 22     33.00 A
06623800 2024 08 23     35.30 A
06623800 2024 08 24     37.60 A
06623800 2024 08 25     36.20 A
06623800 2024 08 26     41.60 A
06623800 2024 08 27     33.80 A
06623800 2024 08 28     30.00 A
06623800 2024 08 29     28.10 A
06623800 2024 08 30     27.20 A
06623800 2024 08 31     26.40 A
06623800 2024 09 01     25.90 A
06623800 2024 09 02     25.80 A
06623800 2024 09 03     26.40 A
06623800 2024 09 04     30.00 A
06623800 2024 09 05     32.20 A
06623800 2024 09 06     27.90 A
06623800 2024 09 07     25.80 A
06623800 2024 09 08     24.70 A
06623800 2024 09 09     24.10 A
06623800 2024 09 10     23.80 A
06623800 2024 09 11     24.00 A
06623800 2024 09 12     23.30 A
06623800 2024 09 13     22.30 A
06623800 2024 09 14     22.00 A
06623800 2024 09 15     21.80 A
06623800 2024 09 16     22.10 A
06623800 2024 09 17     25.60 A
06623800 2024 09 18     27.60 A
06623800 2024 09 19     23.50 A
06623800 2024 09 20     22.30 A
06623800 2024 09 21     21.70 A
06623800 2024 09 22     21.60 A
06623800 2024 09 23     21.30 A
06623800 2024 09 24     20.90 A
06623800 2024 09 25     20.60 A
06623800 2024 09 26     20.10 A
06623800 2024 09 27     19.80 A
06623800 2024 09 28     19.70 A
06623800 2024 09 29     19.40 A
06623800 2024 09 30     19.00 A
06623800 2024 10 01     18.60 A
06623800 2024 10 02     18.60 A
06623800 2024 10 03     18.50 A
06623800 2024 10 04     18.40 A
06623800 2024 10 05     18.10 A
06623800 2024 10 06     17.90 A
06623800 2024 10 07     18.10 A
06623800 2024 10 08     18.20 A
06623800 2024 10 09     18.10 A
06623800 2024 10 10     18.20 A
06623800 2024 10 11     18.00 A
06623800 2024 10 12     17.80 A
06623800 2024 10 13     17.70 A
06623800 2024 10 14     17.70 A
06623800 2024 10 15     17.80 A
06623800 2024 10 16     17.90 A
06623800 2024 10 17     18.60 A
06623800 2024 10 18     24.30 A
06623800 2024 10 19     23.90 A
06623800 2024 10 20     21.60 A
06623800 2024 10 21     29.20 A
06623800 2024 10 22     27.20 A
06623800 2024 10 23     25.00 A
06623800 2024 10 24     23.50 A
06623800 2024 10 25     21.10 A
06623800 2024 10 26     20.60 A
06623800 2024 10 27     19.80 A
06623800 2024 10 28     20.00 A
06623800 2024 10 29     22.40 A
06623800 2024 10 30     21.90 A
06623800 2024 10 31     20.10 A
06623800 2024 11 01     20.60 A
06623800 2024 11 02     21.20 A
06623800 2024 11 03     22.50 A
06623800 2024 11 04     20.30 A
06623800 2024 11 05     13.80 A
06623800 2024 11 06     21.30 A
06623800 2024 11 07     29.20 A
06623800 2024 11 08     31.90 A
06623800 2024 11 09     23.20 A
06623800 2024 11 10     29.60 A
06623800 2024 11 11     29.00 A
06623800 2024 11 12     21.50 A
06623800 2024 11 13     17.70 A
06623800 2024 11 14     15.60 A
06623800 2024 11 15     14.70 A
06623800 2024 11 16     15.30 A
06623800 2024 11 17     15.60 A
06623800 2024 11 18     14.10 A
06623800 2024 11 19     13.50 A
06623800 2024 11 20     15.20 A
06623800 2024 11 21     13.30 A
06623800 2024 11 22     13.30 A
06623800 2024 11 23     16.20 A
06623800 2024 11 24     13.50 A
06623800 2024 11 25     18.40 A
06623800 2024 11 26     17.60 A
06623800 2024 11 27     17.50 A
06623800 2024 11 28     17.20 A
06623800 2024 11 29     17.60 A
06623800 2024 11 30     18.60 A
06623800 2024 12 01     18.80 A
06623800 2024 12 02     20.30 A
06623800 2024 12 03     19.80 A
06623800 2024 12 04     19.50 A
06623800 2024 12 05     19.10 A
06623800 2024 12 06     18.60 A
06623800 2024 12 07     18.20 A
06623800 2024 12 08     19.20 A
06623800 2024 12 09     19.50 A
06623800 2024 12 10     19.40 A
06623800 2024 12 11     19.40 A
06623800 2024 12 12     19.40 A
06623800 2024 12 13     19.10 A
06623800 2024 12 14     19.40 A
06623800 2024 12 15     19.40 A
06623800 2024 12 16     19.40 A
06623800 2024 12 17     19.40 A
06623800 2024 12 18     19.80 A
06623800 2024 12 19     19.50 A
06623800 2024 12 20     19.40 A
06623800 2024 12 21     20.20 A
06623800 2024 12 22     19.50 A
06623800 2024 12 23     19.30 A
06623800 2024 12 24     19.10 A
06623800 2024 12 25     18.90 A
06623800 2024 12 26     19.00 A
06623800 2024 12 27     17.90 A
06623800 2024 12 28     18.10 A
06623800 2024 12 29     18.50 A
06623800 2024 12 30     18.10 A
06623800 2024 12 31     17.80 A
