06620000 1980 01 01     79.00 A
06620000 1980 01 02     81.00 A
06620000 1980 01 03     83.00 A
06620000 1980 01 04     85.00 A
06620000 1980 01 05     86.00 A
06620000 1980 01 06     85.00 A
06620000 1980 01 07     83.00 A
06620000 1980 01 08     85.00 A
06620000 1980 01 09     88.00 A
06620000 1980 01 10     90.00 A
06620000 1980 01 11     89.00 A
06620000 1980 01 12     91.00 A
06620000 1980 01 13     95.00 A
06620000 1980 01 14     97.00 A
06620000 1980 01 15     97.00 A
06620000 1980 01 16     95.00 A
06620000 1980 01 17     94.00 A
06620000 1980 01 18     92.00 A
06620000 1980 01 19     89.00 A
06620000 1980 01 20     88.00 A
06620000 1980 01 21     88.00 A
06620000 1980 01 22     88.00 A
06620000 1980 01 23     87.00 A
06620000 1980 01 24     85.00 A
06620000 1980 01 25     81.00 A
06620000 1980 01 26     77.00 A
06620000 1980 01 27     71.00 A
06620000 1980 01 28     64.00 A
06620000 1980 01 29     57.00 A
06620000 1980 01 30     51.00 A
06620000 1980 01 31     48.00 A
06620000 1980 02 01     54.00 A
06620000 1980 02 02     62.00 A
06620000 1980 02 03     72.00 A
06620000 1980 02 04     69.00 A
06620000 1980 02 05     67.00 A
06620000 1980 02 06     68.00 A
06620000 1980 02 07     67.00 A
06620000 1980 02 08     63.00 A
06620000 1980 02 09     56.00 A
06620000 1980 02 10     57.00 A
06620000 1980 02 11     61.00 A
06620000 1980 02 12     67.00 A
06620000 1980 02 13     75.00 A
06620000 1980 02 14     84.00 A
06620000 1980 02 15     90.00 A
06620000 1980 02 16     94.00 A
06620000 1980 02 17     98.00 A
06620000 1980 02 18     102.00 A
06620000 1980 02 19     103.00 A
06620000 1980 02 20     104.00 A
06620000 1980 02 21     104.00 A
06620000 1980 02 22     103.00 A
06620000 1980 02 23     102.00 A
06620000 1980 02 24     99.00 A
06620000 1980 02 25     96.00 A
06620000 1980 02 26     100.00 A
06620000 1980 02 27     108.00 A
06620000 1980 02 28     115.00 A
06620000 1980 02 29     120.00 A
06620000 1980 03 01     117.00 A
06620000 1980 03 02     121.00 A
06620000 1980 03 03     126.00 A
06620000 1980 03 04     130.00 A
06620000 1980 03 05     133.00 A
06620000 1980 03 06     132.00 A
06620000 1980 03 07     130.00 A
06620000 1980 03 08     130.00 A
06620000 1980 03 09     134.00 A
06620000 1980 03 10     140.00 A
06620000 1980 03 11     143.00 A
06620000 1980 03 12     143.00 A
06620000 1980 03 13     141.00 A
06620000 1980 03 14     148.00 A
06620000 1980 03 15     153.00 A
06620000 1980 03 16     148.00 A
06620000 1980 03 17     143.00 A
06620000 1980 03 18     143.00 A
06620000 1980 03 19     151.00 A
06620000 1980 03 20     160.00 A
06620000 1980 03 21     169.00 A
06620000 1980 03 22     169.00 A
06620000 1980 03 23     167.00 A
06620000 1980 03 24     165.00 A
06620000 1980 03 25     163.00 A
06620000 1980 03 26     162.00 A
06620000 1980 03 27     160.00 A
06620000 1980 03 28     160.00 A
06620000 1980 03 29     159.00 A
06620000 1980 03 30     159.00 A
06620000 1980 03 31     158.00 A
06620000 1980 04 01     158.00 A
06620000 1980 04 02     161.00 A
06620000 1980 04 03     166.00 A
06620000 1980 04 04     180.00 A
06620000 1980 04 05     193.00 A
06620000 1980 04 06     204.00 A
06620000 1980 04 07     211.00 A
06620000 1980 04 08     218.00 A
06620000 1980 04 09     222.00 A
06620000 1980 04 10     227.00 A
06620000 1980 04 11     228.00 A
06620000 1980 04 12     230.00 A
06620000 1980 04 13     233.00 A
06620000 1980 04 14     242.00 A
06620000 1980 04 15     258.00 A
06620000 1980 04 16     277.00 A
06620000 1980 04 17     300.00 A
06620000 1980 04 18     350.00 A
06620000 1980 04 19     410.00 A
06620000 1980 04 20     630.00 A
06620000 1980 04 21     1270.00 A
06620000 1980 04 22     2150.00 A
06620000 1980 04 23     3350.00 A
06620000 1980 04 24     3850.00 A
06620000 1980 04 25     4200.00 A
06620000 1980 04 26     4400.00 A
06620000 1980 04 27     3000.00 A
06620000 1980 04 28     2490.00 A
06620000 1980 04 29     2470.00 A
06620000 1980 04 30     2620.00 A
06620000 1980 05 01     2770.00 A
06620000 1980 05 02     2480.00 A
06620000 1980 05 03     2210.00 A
06620000 1980 05 04     2120.00 A
06620000 1980 05 05     2060.00 A
06620000 1980 05 06     2200.00 A
06620000 1980 05 07     2320.00 A
06620000 1980 05 08     3020.00 A
06620000 1980 05 09     3290.00 A
06620000 1980 05 10     3080.00 A
06620000 1980 05 11     2980.00 A
06620000 1980 05 12     3020.00 A
06620000 1980 05 13     2860.00 A
06620000 1980 05 14     2420.00 A
06620000 1980 05 15     1900.00 A
06620000 1980 05 16     1640.00 A
06620000 1980 05 17     1650.00 A
06620000 1980 05 18     1890.00 A
06620000 1980 05 19     1920.00 A
06620000 1980 05 20     1820.00 A
06620000 1980 05 21     1590.00 A
06620000 1980 05 22     1560.00 A
06620000 1980 05 23     1740.00 A
06620000 1980 05 24     1980.00 A
06620000 1980 05 25     2150.00 A
06620000 1980 05 26     2200.00 A
06620000 1980 05 27     1880.00 A
06620000 1980 05 28     1560.00 A
06620000 1980 05 29     1420.00 A
06620000 1980 05 30     1380.00 A
06620000 1980 05 31     1230.00 A
06620000 1980 06 01     1150.00 A
06620000 1980 06 02     1110.00 A
06620000 1980 06 03     1110.00 A
06620000 1980 06 04     990.00 A
06620000 1980 06 05     1020.00 A
06620000 1980 06 06     1150.00 A
06620000 1980 06 07     1220.00 A
06620000 1980 06 08     1300.00 A
06620000 1980 06 09     1400.00 A
06620000 1980 06 10     1540.00 A
06620000 1980 06 11     1690.00 A
06620000 1980 06 12     1750.00 A
06620000 1980 06 13     1800.00 A
06620000 1980 06 14     1870.00 A
06620000 1980 06 15     1660.00 A
06620000 1980 06 16     1500.00 A
06620000 1980 06 17     1370.00 A
06620000 1980 06 18     1320.00 A
06620000 1980 06 19     1400.00 A
06620000 1980 06 20     1540.00 A
06620000 1980 06 21     1440.00 A
06620000 1980 06 22     1410.00 A
06620000 1980 06 23     1380.00 A
06620000 1980 06 24     1280.00 A
06620000 1980 06 25     1220.00 A
06620000 1980 06 26     1180.00 A
06620000 1980 06 27     1210.00 A
06620000 1980 06 28     1200.00 A
06620000 1980 06 29     1100.00 A
06620000 1980 06 30     1040.00 A
06620000 1980 07 01     1130.00 A
06620000 1980 07 02     1390.00 A
06620000 1980 07 03     1520.00 A
06620000 1980 07 04     1390.00 A
06620000 1980 07 05     1190.00 A
06620000 1980 07 06     984.00 A
06620000 1980 07 07     855.00 A
06620000 1980 07 08     917.00 A
06620000 1980 07 09     923.00 A
06620000 1980 07 10     806.00 A
06620000 1980 07 11     737.00 A
06620000 1980 07 12     689.00 A
06620000 1980 07 13     643.00 A
06620000 1980 07 14     661.00 A
06620000 1980 07 15     554.00 A
06620000 1980 07 16     474.00 A
06620000 1980 07 17     428.00 A
06620000 1980 07 18     465.00 A
06620000 1980 07 19     490.00 A
06620000 1980 07 20     448.00 A
06620000 1980 07 21     439.00 A
06620000 1980 07 22     406.00 A
06620000 1980 07 23     390.00 A
06620000 1980 07 24     355.00 A
06620000 1980 07 25     345.00 A
06620000 1980 07 26     350.00 A
06620000 1980 07 27     325.00 A
06620000 1980 07 28     325.00 A
06620000 1980 07 29     295.00 A
06620000 1980 07 30     286.00 A
06620000 1980 07 31     277.00 A
06620000 1980 08 01     277.00 A
06620000 1980 08 02     264.00 A
06620000 1980 08 03     246.00 A
06620000 1980 08 04     216.00 A
06620000 1980 08 05     197.00 A
06620000 1980 08 06     183.00 A
06620000 1980 08 07     169.00 A
06620000 1980 08 08     163.00 A
06620000 1980 08 09     154.00 A
06620000 1980 08 10     142.00 A
06620000 1980 08 11     139.00 A
06620000 1980 08 12     132.00 A
06620000 1980 08 13     126.00 A
06620000 1980 08 14     126.00 A
06620000 1980 08 15     148.00 A
06620000 1980 08 16     201.00 A
06620000 1980 08 17     208.00 A
06620000 1980 08 18     190.00 A
06620000 1980 08 19     160.00 A
06620000 1980 08 20     138.00 A
06620000 1980 08 21     133.00 A
06620000 1980 08 22     123.00 A
06620000 1980 08 23     118.00 A
06620000 1980 08 24     121.00 A
06620000 1980 08 25     138.00 A
06620000 1980 08 26     162.00 A
06620000 1980 08 27     184.00 A
06620000 1980 08 28     157.00 A
06620000 1980 08 29     134.00 A
06620000 1980 08 30     114.00 A
06620000 1980 08 31     108.00 A
06620000 1980 09 01     111.00 A
06620000 1980 09 02     110.00 A
06620000 1980 09 03     101.00 A
06620000 1980 09 04     91.00 A
06620000 1980 09 05     86.00 A
06620000 1980 09 06     84.00 A
06620000 1980 09 07     84.00 A
06620000 1980 09 08     88.00 A
06620000 1980 09 09     117.00 A
06620000 1980 09 10     152.00 A
06620000 1980 09 11     143.00 A
06620000 1980 09 12     139.00 A
06620000 1980 09 13     151.00 A
06620000 1980 09 14     162.00 A
06620000 1980 09 15     147.00 A
06620000 1980 09 16     125.00 A
06620000 1980 09 17     110.00 A
06620000 1980 09 18     94.00 A
06620000 1980 09 19     81.00 A
06620000 1980 09 20     83.00 A
06620000 1980 09 21     92.00 A
06620000 1980 09 22     96.00 A
06620000 1980 09 23     101.00 A
06620000 1980 09 24     105.00 A
06620000 1980 09 25     101.00 A
06620000 1980 09 26     101.00 A
06620000 1980 09 27     94.00 A
06620000 1980 09 28     89.00 A
06620000 1980 09 29     89.00 A
06620000 1980 09 30     89.00 A
06620000 1980 10 01     85.00 A
06620000 1980 10 02     80.00 A
06620000 1980 10 03     78.00 A
06620000 1980 10 04     80.00 A
06620000 1980 10 05     76.00 A
06620000 1980 10 06     72.00 A
06620000 1980 10 07     69.00 A
06620000 1980 10 08     69.00 A
06620000 1980 10 09     69.00 A
06620000 1980 10 10     69.00 A
06620000 1980 10 11     69.00 A
06620000 1980 10 12     68.00 A
06620000 1980 10 13     65.00 A
06620000 1980 10 14     72.00 A
06620000 1980 10 15     87.00 A
06620000 1980 10 16     107.00 A
06620000 1980 10 17     124.00 A
06620000 1980 10 18     137.00 A
06620000 1980 10 19     145.00 A
06620000 1980 10 20     148.00 A
06620000 1980 10 21     148.00 A
06620000 1980 10 22     145.00 A
06620000 1980 10 23     132.00 A
06620000 1980 10 24     120.00 A
06620000 1980 10 25     110.00 A
06620000 1980 10 26     106.00 A
06620000 1980 10 27     105.00 A
06620000 1980 10 28     109.00 A
06620000 1980 10 29     111.00 A
06620000 1980 10 30     112.00 A
06620000 1980 10 31     112.00 A
06620000 1980 11 01     113.00 A
06620000 1980 11 02     113.00 A
06620000 1980 11 03     114.00 A
06620000 1980 11 04     115.00 A
06620000 1980 11 05     117.00 A
06620000 1980 11 06     120.00 A
06620000 1980 11 07     123.00 A
06620000 1980 11 08     124.00 A
06620000 1980 11 09     122.00 A
06620000 1980 11 10     120.00 A
06620000 1980 11 11     116.00 A
06620000 1980 11 12     108.00 A
06620000 1980 11 13     101.00 A
06620000 1980 11 14     96.00 A
06620000 1980 11 15     91.00 A
06620000 1980 11 16     86.00 A
06620000 1980 11 17     79.00 A
06620000 1980 11 18     72.00 A
06620000 1980 11 19     73.00 A
06620000 1980 11 20     75.00 A
06620000 1980 11 21     76.00 A
06620000 1980 11 22     77.00 A
06620000 1980 11 23     78.00 A
06620000 1980 11 24     79.00 A
06620000 1980 11 25     79.00 A
06620000 1980 11 26     80.00 A
06620000 1980 11 27     80.00 A
06620000 1980 11 28     81.00 A
06620000 1980 11 29     81.00 A
06620000 1980 11 30     82.00 A
06620000 1980 12 01     82.00 A
06620000 1980 12 02     83.00 A
06620000 1980 12 03     83.00 A
06620000 1980 12 04     84.00 A
06620000 1980 12 05     86.00 A
06620000 1980 12 06     87.00 A
06620000 1980 12 07     86.00 A
06620000 1980 12 08     85.00 A
06620000 1980 12 09     84.00 A
06620000 1980 12 10     83.00 A
06620000 1980 12 11     83.00 A
06620000 1980 12 12     83.00 A
06620000 1980 12 13     84.00 A
06620000 1980 12 14     85.00 A
06620000 1980 12 15     87.00 A
06620000 1980 12 16     87.00 A
06620000 1980 12 17     88.00 A
06620000 1980 12 18     90.00 A
06620000 1980 12 19     92.00 A
06620000 1980 12 20     94.00 A
06620000 1980 12 21     95.00 A
06620000 1980 12 22     96.00 A
06620000 1980 12 23     96.00 A
06620000 1980 12 24     95.00 A
06620000 1980 12 25     95.00 A
06620000 1980 12 26     93.00 A
06620000 1980 12 27     90.00 A
06620000 1980 12 28     86.00 A
06620000 1980 12 29     84.00 A
06620000 1980 12 30     83.00 A
06620000 1980 12 31     81.00 A
06620000 1981 01 01     78.00 A
06620000 1981 01 02     77.00 A
06620000 1981 01 03     73.00 A
06620000 1981 01 04     70.00 A
06620000 1981 01 05     68.00 A
06620000 1981 01 06     66.00 A
06620000 1981 01 07     63.00 A
06620000 1981 01 08     61.00 A
06620000 1981 01 09     60.00 A
06620000 1981 01 10     58.00 A
06620000 1981 01 11     56.00 A
06620000 1981 01 12     54.00 A
06620000 1981 01 13     53.00 A
06620000 1981 01 14     52.00 A
06620000 1981 01 15     52.00 A
06620000 1981 01 16     52.00 A
06620000 1981 01 17     52.00 A
06620000 1981 01 18     52.00 A
06620000 1981 01 19     53.00 A
06620000 1981 01 20     53.00 A
06620000 1981 01 21     53.00 A
06620000 1981 01 22     53.00 A
06620000 1981 01 23     54.00 A
06620000 1981 01 24     54.00 A
06620000 1981 01 25     54.00 A
06620000 1981 01 26     54.00 A
06620000 1981 01 27     55.00 A
06620000 1981 01 28     55.00 A
06620000 1981 01 29     55.00 A
06620000 1981 01 30     55.00 A
06620000 1981 01 31     53.00 A
06620000 1981 02 01     50.00 A
06620000 1981 02 02     47.00 A
06620000 1981 02 03     45.00 A
06620000 1981 02 04     43.00 A
06620000 1981 02 05     41.00 A
06620000 1981 02 06     41.00 A
06620000 1981 02 07     42.00 A
06620000 1981 02 08     42.00 A
06620000 1981 02 09     43.00 A
06620000 1981 02 10     40.00 A
06620000 1981 02 11     39.00 A
06620000 1981 02 12     40.00 A
06620000 1981 02 13     41.00 A
06620000 1981 02 14     43.00 A
06620000 1981 02 15     45.00 A
06620000 1981 02 16     48.00 A
06620000 1981 02 17     51.00 A
06620000 1981 02 18     55.00 A
06620000 1981 02 19     58.00 A
06620000 1981 02 20     63.00 A
06620000 1981 02 21     70.00 A
06620000 1981 02 22     77.00 A
06620000 1981 02 23     86.00 A
06620000 1981 02 24     100.00 A
06620000 1981 02 25     110.00 A
06620000 1981 02 26     120.00 A
06620000 1981 02 27     127.00 A
06620000 1981 02 28     125.00 A
06620000 1981 03 01     122.00 A
06620000 1981 03 02     120.00 A
06620000 1981 03 03     119.00 A
06620000 1981 03 04     118.00 A
06620000 1981 03 05     114.00 A
06620000 1981 03 06     112.00 A
06620000 1981 03 07     110.00 A
06620000 1981 03 08     109.00 A
06620000 1981 03 09     107.00 A
06620000 1981 03 10     105.00 A
06620000 1981 03 11     108.00 A
06620000 1981 03 12     109.00 A
06620000 1981 03 13     111.00 A
06620000 1981 03 14     114.00 A
06620000 1981 03 15     118.00 A
06620000 1981 03 16     119.00 A
06620000 1981 03 17     121.00 A
06620000 1981 03 18     125.00 A
06620000 1981 03 19     129.00 A
06620000 1981 03 20     131.00 A
06620000 1981 03 21     135.00 A
06620000 1981 03 22     140.00 A
06620000 1981 03 23     145.00 A
06620000 1981 03 24     150.00 A
06620000 1981 03 25     153.00 A
06620000 1981 03 26     154.00 A
06620000 1981 03 27     153.00 A
06620000 1981 03 28     153.00 A
06620000 1981 03 29     152.00 A
06620000 1981 03 30     152.00 A
06620000 1981 03 31     153.00 A
06620000 1981 04 01     154.00 A
06620000 1981 04 02     155.00 A
06620000 1981 04 03     156.00 A
06620000 1981 04 04     155.00 A
06620000 1981 04 05     149.00 A
06620000 1981 04 06     157.00 A
06620000 1981 04 07     166.00 A
06620000 1981 04 08     157.00 A
06620000 1981 04 09     136.00 A
06620000 1981 04 10     138.00 A
06620000 1981 04 11     179.00 A
06620000 1981 04 12     222.00 A
06620000 1981 04 13     223.00 A
06620000 1981 04 14     202.00 A
06620000 1981 04 15     165.00 A
06620000 1981 04 16     160.00 A
06620000 1981 04 17     131.00 A
06620000 1981 04 18     116.00 A
06620000 1981 04 19     108.00 A
06620000 1981 04 20     113.00 A
06620000 1981 04 21     116.00 A
06620000 1981 04 22     111.00 A
06620000 1981 04 23     100.00 A
06620000 1981 04 24     93.00 A
06620000 1981 04 25     80.00 A
06620000 1981 04 26     70.00 A
06620000 1981 04 27     64.00 A
06620000 1981 04 28     59.00 A
06620000 1981 04 29     50.00 A
06620000 1981 04 30     50.00 A
06620000 1981 05 01     50.00 A
06620000 1981 05 02     48.00 A
06620000 1981 05 03     52.00 A
06620000 1981 05 04     123.00 A
06620000 1981 05 05     137.00 A
06620000 1981 05 06     112.00 A
06620000 1981 05 07     101.00 A
06620000 1981 05 08     100.00 A
06620000 1981 05 09     103.00 A
06620000 1981 05 10     99.00 A
06620000 1981 05 11     91.00 A
06620000 1981 05 12     91.00 A
06620000 1981 05 13     93.00 A
06620000 1981 05 14     82.00 A
06620000 1981 05 15     79.00 A
06620000 1981 05 16     88.00 A
06620000 1981 05 17     131.00 A
06620000 1981 05 18     227.00 A
06620000 1981 05 19     278.00 A
06620000 1981 05 20     221.00 A
06620000 1981 05 21     192.00 A
06620000 1981 05 22     202.00 A
06620000 1981 05 23     337.00 A
06620000 1981 05 24     338.00 A
06620000 1981 05 25     358.00 A
06620000 1981 05 26     339.00 A
06620000 1981 05 27     336.00 A
06620000 1981 05 28     400.00 A
06620000 1981 05 29     560.00 A
06620000 1981 05 30     620.00 A
06620000 1981 05 31     569.00 A
06620000 1981 06 01     535.00 A
06620000 1981 06 02     505.00 A
06620000 1981 06 03     485.00 A
06620000 1981 06 04     529.00 A
06620000 1981 06 05     605.00 A
06620000 1981 06 06     616.00 A
06620000 1981 06 07     700.00 A
06620000 1981 06 08     1080.00 A
06620000 1981 06 09     1200.00 A
06620000 1981 06 10     1210.00 A
06620000 1981 06 11     1260.00 A
06620000 1981 06 12     1100.00 A
06620000 1981 06 13     796.00 A
06620000 1981 06 14     621.00 A
06620000 1981 06 15     554.00 A
06620000 1981 06 16     476.00 A
06620000 1981 06 17     379.00 A
06620000 1981 06 18     294.00 A
06620000 1981 06 19     249.00 A
06620000 1981 06 20     223.00 A
06620000 1981 06 21     191.00 A
06620000 1981 06 22     180.00 A
06620000 1981 06 23     166.00 A
06620000 1981 06 24     175.00 A
06620000 1981 06 25     181.00 A
06620000 1981 06 26     166.00 A
06620000 1981 06 27     164.00 A
06620000 1981 06 28     251.00 A
06620000 1981 06 29     420.00 A
06620000 1981 06 30     382.00 A
06620000 1981 07 01     297.00 A
06620000 1981 07 02     312.00 A
06620000 1981 07 03     477.00 A
06620000 1981 07 04     573.00 A
06620000 1981 07 05     547.00 A
06620000 1981 07 06     433.00 A
06620000 1981 07 07     351.00 A
06620000 1981 07 08     295.00 A
06620000 1981 07 09     251.00 A
06620000 1981 07 10     246.00 A
06620000 1981 07 11     234.00 A
06620000 1981 07 12     218.00 A
06620000 1981 07 13     334.00 A
06620000 1981 07 14     329.00 A
06620000 1981 07 15     289.00 A
06620000 1981 07 16     253.00 A
06620000 1981 07 17     226.00 A
06620000 1981 07 18     284.00 A
06620000 1981 07 19     290.00 A
06620000 1981 07 20     246.00 A
06620000 1981 07 21     205.00 A
06620000 1981 07 22     177.00 A
06620000 1981 07 23     160.00 A
06620000 1981 07 24     166.00 A
06620000 1981 07 25     163.00 A
06620000 1981 07 26     181.00 A
06620000 1981 07 27     215.00 A
06620000 1981 07 28     237.00 A
06620000 1981 07 29     231.00 A
06620000 1981 07 30     205.00 A
06620000 1981 07 31     193.00 A
06620000 1981 08 01     181.00 A
06620000 1981 08 02     192.00 A
06620000 1981 08 03     188.00 A
06620000 1981 08 04     140.00 A
06620000 1981 08 05     113.00 A
06620000 1981 08 06     100.00 A
06620000 1981 08 07     93.00 A
06620000 1981 08 08     88.00 A
06620000 1981 08 09     89.00 A
06620000 1981 08 10     103.00 A
06620000 1981 08 11     115.00 A
06620000 1981 08 12     136.00 A
06620000 1981 08 13     175.00 A
06620000 1981 08 14     187.00 A
06620000 1981 08 15     176.00 A
06620000 1981 08 16     161.00 A
06620000 1981 08 17     148.00 A
06620000 1981 08 18     141.00 A
06620000 1981 08 19     123.00 A
06620000 1981 08 20     108.00 A
06620000 1981 08 21     97.00 A
06620000 1981 08 22     92.00 A
06620000 1981 08 23     89.00 A
06620000 1981 08 24     86.00 A
06620000 1981 08 25     84.00 A
06620000 1981 08 26     93.00 A
06620000 1981 08 27     102.00 A
06620000 1981 08 28     98.00 A
06620000 1981 08 29     98.00 A
06620000 1981 08 30     96.00 A
06620000 1981 08 31     95.00 A
06620000 1981 09 01     91.00 A
06620000 1981 09 02     88.00 A
06620000 1981 09 03     92.00 A
06620000 1981 09 04     100.00 A
06620000 1981 09 05     102.00 A
06620000 1981 09 06     116.00 A
06620000 1981 09 07     156.00 A
06620000 1981 09 08     120.00 A
06620000 1981 09 09     108.00 A
06620000 1981 09 10     103.00 A
06620000 1981 09 11     130.00 A
06620000 1981 09 12     171.00 A
06620000 1981 09 13     146.00 A
06620000 1981 09 14     122.00 A
06620000 1981 09 15     113.00 A
06620000 1981 09 16     113.00 A
06620000 1981 09 17     106.00 A
06620000 1981 09 18     98.00 A
06620000 1981 09 19     88.00 A
06620000 1981 09 20     83.00 A
06620000 1981 09 21     78.00 A
06620000 1981 09 22     73.00 A
06620000 1981 09 23     71.00 A
06620000 1981 09 24     72.00 A
06620000 1981 09 25     67.00 A
06620000 1981 09 26     68.00 A
06620000 1981 09 27     68.00 A
06620000 1981 09 28     68.00 A
06620000 1981 09 29     64.00 A
06620000 1981 09 30     61.00 A
06620000 1981 10 01     61.00 A
06620000 1981 10 02     62.00 A
06620000 1981 10 03     64.00 A
06620000 1981 10 04     66.00 A
06620000 1981 10 05     73.00 A
06620000 1981 10 06     86.00 A
06620000 1981 10 07     88.00 A
06620000 1981 10 08     88.00 A
06620000 1981 10 09     82.00 A
06620000 1981 10 10     85.00 A
06620000 1981 10 11     89.00 A
06620000 1981 10 12     91.00 A
06620000 1981 10 13     101.00 A
06620000 1981 10 14     134.00 A
06620000 1981 10 15     148.00 A
06620000 1981 10 16     162.00 A
06620000 1981 10 17     174.00 A
06620000 1981 10 18     165.00 A
06620000 1981 10 19     142.00 A
06620000 1981 10 20     126.00 A
06620000 1981 10 21     113.00 A
06620000 1981 10 22     113.00 A
06620000 1981 10 23     118.00 A
06620000 1981 10 24     113.00 A
06620000 1981 10 25     112.00 A
06620000 1981 10 26     112.00 A
06620000 1981 10 27     126.00 A
06620000 1981 10 28     127.00 A
06620000 1981 10 29     125.00 A
06620000 1981 10 30     124.00 A
06620000 1981 10 31     119.00 A
06620000 1981 11 01     110.00 A
06620000 1981 11 02     120.00 A
06620000 1981 11 03     123.00 A
06620000 1981 11 04     118.00 A
06620000 1981 11 05     111.00 A
06620000 1981 11 06     107.00 A
06620000 1981 11 07     105.00 A
06620000 1981 11 08     105.00 A
06620000 1981 11 09     107.00 A
06620000 1981 11 10     96.00 A
06620000 1981 11 11     95.00 A
06620000 1981 11 12     92.00 A
06620000 1981 11 13     92.00 A
06620000 1981 11 14     104.00 A
06620000 1981 11 15     122.00 A
06620000 1981 11 16     126.00 A
06620000 1981 11 17     131.00 A
06620000 1981 11 18     125.00 A
06620000 1981 11 19     113.00 A
06620000 1981 11 20     106.00 A
06620000 1981 11 21     119.00 A
06620000 1981 11 22     144.00 A
06620000 1981 11 23     135.00 A
06620000 1981 11 24     123.00 A
06620000 1981 11 25     125.00 A
06620000 1981 11 26     118.00 A
06620000 1981 11 27     159.00 A
06620000 1981 11 28     174.00 A
06620000 1981 11 29     163.00 A
06620000 1981 11 30     165.00 A
06620000 1981 12 01     155.00 A
06620000 1981 12 02     148.00 A
06620000 1981 12 03     156.00 A
06620000 1981 12 04     175.00 A
06620000 1981 12 05     175.00 A
06620000 1981 12 06     194.00 A
06620000 1981 12 07     190.00 A
06620000 1981 12 08     194.00 A
06620000 1981 12 09     206.00 A
06620000 1981 12 10     209.00 A
06620000 1981 12 11     211.00 A
06620000 1981 12 12     205.00 A
06620000 1981 12 13     200.00 A
06620000 1981 12 14     200.00 A
06620000 1981 12 15     204.00 A
06620000 1981 12 16     189.00 A
06620000 1981 12 17     177.00 A
06620000 1981 12 18     193.00 A
06620000 1981 12 19     200.00 A
06620000 1981 12 20     204.00 A
06620000 1981 12 21     197.00 A
06620000 1981 12 22     180.00 A
06620000 1981 12 23     169.00 A
06620000 1981 12 24     169.00 A
06620000 1981 12 25     171.00 A
06620000 1981 12 26     179.00 A
06620000 1981 12 27     180.00 A
06620000 1981 12 28     181.00 A
06620000 1981 12 29     182.00 A
06620000 1981 12 30     188.00 A
06620000 1981 12 31     190.00 A
06620000 1982 01 01     189.00 A
06620000 1982 01 02     167.00 A
06620000 1982 01 03     140.00 A
06620000 1982 01 04     110.00 A
06620000 1982 01 05     78.00 A
06620000 1982 01 06     72.00 A
06620000 1982 01 07     68.00 A
06620000 1982 01 08     69.00 A
06620000 1982 01 09     70.00 A
06620000 1982 01 10     71.00 A
06620000 1982 01 11     73.00 A
06620000 1982 01 12     75.00 A
06620000 1982 01 13     77.00 A
06620000 1982 01 14     79.00 A
06620000 1982 01 15     82.00 A
06620000 1982 01 16     86.00 A
06620000 1982 01 17     90.00 A
06620000 1982 01 18     95.00 A
06620000 1982 01 19     100.00 A
06620000 1982 01 20     104.00 A
06620000 1982 01 21     108.00 A
06620000 1982 01 22     106.00 A
06620000 1982 01 23     105.00 A
06620000 1982 01 24     103.00 A
06620000 1982 01 25     100.00 A
06620000 1982 01 26     99.00 A
06620000 1982 01 27     98.00 A
06620000 1982 01 28     96.00 A
06620000 1982 01 29     95.00 A
06620000 1982 01 30     94.00 A
06620000 1982 01 31     94.00 A
06620000 1982 02 01     92.00 A
06620000 1982 02 02     85.00 A
06620000 1982 02 03     75.00 A
06620000 1982 02 04     65.00 A
06620000 1982 02 05     55.00 A
06620000 1982 02 06     50.00 A
06620000 1982 02 07     45.00 A
06620000 1982 02 08     46.00 A
06620000 1982 02 09     47.00 A
06620000 1982 02 10     49.00 A
06620000 1982 02 11     51.00 A
06620000 1982 02 12     52.00 A
06620000 1982 02 13     53.00 A
06620000 1982 02 14     54.00 A
06620000 1982 02 15     55.00 A
06620000 1982 02 16     57.00 A
06620000 1982 02 17     58.00 A
06620000 1982 02 18     60.00 A
06620000 1982 02 19     64.00 A
06620000 1982 02 20     67.00 A
06620000 1982 02 21     71.00 A
06620000 1982 02 22     75.00 A
06620000 1982 02 23     80.00 A
06620000 1982 02 24     85.00 A
06620000 1982 02 25     92.00 A
06620000 1982 02 26     96.00 A
06620000 1982 02 27     105.00 A
06620000 1982 02 28     115.00 A
06620000 1982 03 01     125.00 A
06620000 1982 03 02     135.00 A
06620000 1982 03 03     147.00 A
06620000 1982 03 04     156.00 A
06620000 1982 03 05     168.00 A
06620000 1982 03 06     179.00 A
06620000 1982 03 07     190.00 A
06620000 1982 03 08     200.00 A
06620000 1982 03 09     210.00 A
06620000 1982 03 10     220.00 A
06620000 1982 03 11     228.00 A
06620000 1982 03 12     232.00 A
06620000 1982 03 13     238.00 A
06620000 1982 03 14     240.00 A
06620000 1982 03 15     244.00 A
06620000 1982 03 16     248.00 A
06620000 1982 03 17     250.00 A
06620000 1982 03 18     252.00 A
06620000 1982 03 19     252.00 A
06620000 1982 03 20     253.00 A
06620000 1982 03 21     256.00 A
06620000 1982 03 22     260.00 A
06620000 1982 03 23     263.00 A
06620000 1982 03 24     268.00 A
06620000 1982 03 25     269.00 A
06620000 1982 03 26     270.00 A
06620000 1982 03 27     271.00 A
06620000 1982 03 28     273.00 A
06620000 1982 03 29     273.00 A
06620000 1982 03 30     270.00 A
06620000 1982 03 31     270.00 A
06620000 1982 04 01     269.00 A
06620000 1982 04 02     267.00 A
06620000 1982 04 03     265.00 A
06620000 1982 04 04     262.00 A
06620000 1982 04 05     260.00 A
06620000 1982 04 06     259.00 A
06620000 1982 04 07     258.00 A
06620000 1982 04 08     253.00 A
06620000 1982 04 09     253.00 A
06620000 1982 04 10     252.00 A
06620000 1982 04 11     251.00 A
06620000 1982 04 12     281.00 A
06620000 1982 04 13     417.00 A
06620000 1982 04 14     553.00 A
06620000 1982 04 15     770.00 A
06620000 1982 04 16     970.00 A
06620000 1982 04 17     768.00 A
06620000 1982 04 18     622.00 A
06620000 1982 04 19     520.00 A
06620000 1982 04 20     388.00 A
06620000 1982 04 21     358.00 A
06620000 1982 04 22     401.00 A
06620000 1982 04 23     365.00 A
06620000 1982 04 24     438.00 A
06620000 1982 04 25     541.00 A
06620000 1982 04 26     655.00 A
06620000 1982 04 27     715.00 A
06620000 1982 04 28     651.00 A
06620000 1982 04 29     650.00 A
06620000 1982 04 30     665.00 A
06620000 1982 05 01     667.00 A
06620000 1982 05 02     813.00 A
06620000 1982 05 03     1030.00 A
06620000 1982 05 04     1210.00 A
06620000 1982 05 05     1450.00 A
06620000 1982 05 06     1480.00 A
06620000 1982 05 07     1240.00 A
06620000 1982 05 08     900.00 A
06620000 1982 05 09     775.00 A
06620000 1982 05 10     792.00 A
06620000 1982 05 11     879.00 A
06620000 1982 05 12     876.00 A
06620000 1982 05 13     1050.00 A
06620000 1982 05 14     1090.00 A
06620000 1982 05 15     927.00 A
06620000 1982 05 16     816.00 A
06620000 1982 05 17     868.00 A
06620000 1982 05 18     916.00 A
06620000 1982 05 19     851.00 A
06620000 1982 05 20     873.00 A
06620000 1982 05 21     916.00 A
06620000 1982 05 22     877.00 A
06620000 1982 05 23     910.00 A
06620000 1982 05 24     981.00 A
06620000 1982 05 25     1070.00 A
06620000 1982 05 26     1060.00 A
06620000 1982 05 27     923.00 A
06620000 1982 05 28     917.00 A
06620000 1982 05 29     994.00 A
06620000 1982 05 30     1110.00 A
06620000 1982 05 31     1270.00 A
06620000 1982 06 01     1310.00 A
06620000 1982 06 02     1150.00 A
06620000 1982 06 03     1100.00 A
06620000 1982 06 04     1060.00 A
06620000 1982 06 05     910.00 A
06620000 1982 06 06     797.00 A
06620000 1982 06 07     824.00 A
06620000 1982 06 08     792.00 A
06620000 1982 06 09     770.00 A
06620000 1982 06 10     788.00 A
06620000 1982 06 11     812.00 A
06620000 1982 06 12     842.00 A
06620000 1982 06 13     977.00 A
06620000 1982 06 14     1090.00 A
06620000 1982 06 15     1200.00 A
06620000 1982 06 16     1220.00 A
06620000 1982 06 17     1240.00 A
06620000 1982 06 18     1460.00 A
06620000 1982 06 19     1740.00 A
06620000 1982 06 20     1790.00 A
06620000 1982 06 21     1640.00 A
06620000 1982 06 22     1610.00 A
06620000 1982 06 23     1770.00 A
06620000 1982 06 24     2030.00 A
06620000 1982 06 25     2010.00 A
06620000 1982 06 26     2110.00 A
06620000 1982 06 27     2180.00 A
06620000 1982 06 28     1960.00 A
06620000 1982 06 29     1890.00 A
06620000 1982 06 30     1920.00 A
06620000 1982 07 01     2040.00 A
06620000 1982 07 02     2040.00 A
06620000 1982 07 03     2010.00 A
06620000 1982 07 04     1800.00 A
06620000 1982 07 05     1640.00 A
06620000 1982 07 06     1640.00 A
06620000 1982 07 07     1560.00 A
06620000 1982 07 08     1270.00 A
06620000 1982 07 09     1180.00 A
06620000 1982 07 10     1240.00 A
06620000 1982 07 11     1260.00 A
06620000 1982 07 12     1270.00 A
06620000 1982 07 13     1340.00 A
06620000 1982 07 14     1390.00 A
06620000 1982 07 15     1320.00 A
06620000 1982 07 16     1280.00 A
06620000 1982 07 17     1170.00 A
06620000 1982 07 18     1150.00 A
06620000 1982 07 19     1140.00 A
06620000 1982 07 20     1100.00 A
06620000 1982 07 21     1090.00 A
06620000 1982 07 22     1040.00 A
06620000 1982 07 23     1110.00 A
06620000 1982 07 24     1060.00 A
06620000 1982 07 25     1120.00 A
06620000 1982 07 26     1100.00 A
06620000 1982 07 27     1140.00 A
06620000 1982 07 28     1460.00 A
06620000 1982 07 29     1760.00 A
06620000 1982 07 30     1610.00 A
06620000 1982 07 31     1330.00 A
06620000 1982 08 01     1060.00 A
06620000 1982 08 02     896.00 A
06620000 1982 08 03     827.00 A
06620000 1982 08 04     797.00 A
06620000 1982 08 05     752.00 A
06620000 1982 08 06     688.00 A
06620000 1982 08 07     621.00 A
06620000 1982 08 08     570.00 A
06620000 1982 08 09     570.00 A
06620000 1982 08 10     583.00 A
06620000 1982 08 11     557.00 A
06620000 1982 08 12     507.00 A
06620000 1982 08 13     465.00 A
06620000 1982 08 14     454.00 A
06620000 1982 08 15     471.00 A
06620000 1982 08 16     495.00 A
06620000 1982 08 17     477.00 A
06620000 1982 08 18     465.00 A
06620000 1982 08 19     471.00 A
06620000 1982 08 20     420.00 A
06620000 1982 08 21     393.00 A
06620000 1982 08 22     382.00 A
06620000 1982 08 23     357.00 A
06620000 1982 08 24     337.00 A
06620000 1982 08 25     318.00 A
06620000 1982 08 26     323.00 A
06620000 1982 08 27     313.00 A
06620000 1982 08 28     295.00 A
06620000 1982 08 29     300.00 A
06620000 1982 08 30     318.00 A
06620000 1982 08 31     304.00 A
06620000 1982 09 01     272.00 A
06620000 1982 09 02     241.00 A
06620000 1982 09 03     220.00 A
06620000 1982 09 04     200.00 A
06620000 1982 09 05     190.00 A
06620000 1982 09 06     197.00 A
06620000 1982 09 07     200.00 A
06620000 1982 09 08     206.00 A
06620000 1982 09 09     216.00 A
06620000 1982 09 10     220.00 A
06620000 1982 09 11     224.00 A
06620000 1982 09 12     258.00 A
06620000 1982 09 13     347.00 A
06620000 1982 09 14     404.00 A
06620000 1982 09 15     456.00 A
06620000 1982 09 16     469.00 A
06620000 1982 09 17     419.00 A
06620000 1982 09 18     367.00 A
06620000 1982 09 19     331.00 A
06620000 1982 09 20     306.00 A
06620000 1982 09 21     304.00 A
06620000 1982 09 22     299.00 A
06620000 1982 09 23     268.00 A
06620000 1982 09 24     261.00 A
06620000 1982 09 25     248.00 A
06620000 1982 09 26     248.00 A
06620000 1982 09 27     289.00 A
06620000 1982 09 28     338.00 A
06620000 1982 09 29     328.00 A
06620000 1982 09 30     343.00 A
06620000 1982 10 01     349.00 A
06620000 1982 10 02     387.00 A
06620000 1982 10 03     341.00 A
06620000 1982 10 04     309.00 A
06620000 1982 10 05     281.00 A
06620000 1982 10 06     268.00 A
06620000 1982 10 07     264.00 A
06620000 1982 10 08     253.00 A
06620000 1982 10 09     252.00 A
06620000 1982 10 10     241.00 A
06620000 1982 10 11     254.00 A
06620000 1982 10 12     260.00 A
06620000 1982 10 13     282.00 A
06620000 1982 10 14     282.00 A
06620000 1982 10 15     268.00 A
06620000 1982 10 16     255.00 A
06620000 1982 10 17     241.00 A
06620000 1982 10 18     230.00 A
06620000 1982 10 19     236.00 A
06620000 1982 10 20     221.00 A
06620000 1982 10 21     198.00 A
06620000 1982 10 22     203.00 A
06620000 1982 10 23     204.00 A
06620000 1982 10 24     208.00 A
06620000 1982 10 25     208.00 A
06620000 1982 10 26     208.00 A
06620000 1982 10 27     226.00 A
06620000 1982 10 28     266.00 A
06620000 1982 10 29     219.00 A
06620000 1982 10 30     268.00 A
06620000 1982 10 31     277.00 A
06620000 1982 11 01     294.00 A
06620000 1982 11 02     299.00 A
06620000 1982 11 03     222.00 A
06620000 1982 11 04     188.00 A
06620000 1982 11 05     216.00 A
06620000 1982 11 06     216.00 A
06620000 1982 11 07     245.00 A
06620000 1982 11 08     257.00 A
06620000 1982 11 09     266.00 A
06620000 1982 11 10     242.00 A
06620000 1982 11 11     234.00 A
06620000 1982 11 12     202.00 A
06620000 1982 11 13     146.00 A
06620000 1982 11 14     112.00 A
06620000 1982 11 15     110.00 A
06620000 1982 11 16     120.00 A
06620000 1982 11 17     140.00 A
06620000 1982 11 18     175.00 A
06620000 1982 11 19     190.00 A
06620000 1982 11 20     190.00 A
06620000 1982 11 21     168.00 A
06620000 1982 11 22     149.00 A
06620000 1982 11 23     133.00 A
06620000 1982 11 24     120.00 A
06620000 1982 11 25     117.00 A
06620000 1982 11 26     118.00 A
06620000 1982 11 27     129.00 A
06620000 1982 11 28     140.00 A
06620000 1982 11 29     143.00 A
06620000 1982 11 30     144.00 A
06620000 1982 12 01     145.00 A
06620000 1982 12 02     141.00 A
06620000 1982 12 03     136.00 A
06620000 1982 12 04     132.00 A
06620000 1982 12 05     131.00 A
06620000 1982 12 06     132.00 A
06620000 1982 12 07     127.00 A
06620000 1982 12 08     123.00 A
06620000 1982 12 09     123.00 A
06620000 1982 12 10     126.00 A
06620000 1982 12 11     128.00 A
06620000 1982 12 12     129.00 A
06620000 1982 12 13     124.00 A
06620000 1982 12 14     119.00 A
06620000 1982 12 15     111.00 A
06620000 1982 12 16     111.00 A
06620000 1982 12 17     120.00 A
06620000 1982 12 18     121.00 A
06620000 1982 12 19     121.00 A
06620000 1982 12 20     121.00 A
06620000 1982 12 21     121.00 A
06620000 1982 12 22     120.00 A
06620000 1982 12 23     118.00 A
06620000 1982 12 24     116.00 A
06620000 1982 12 25     114.00 A
06620000 1982 12 26     110.00 A
06620000 1982 12 27     106.00 A
06620000 1982 12 28     102.00 A
06620000 1982 12 29     100.00 A
06620000 1982 12 30     99.00 A
06620000 1982 12 31     97.00 A
06620000 1983 01 01     96.00 A
06620000 1983 01 02     95.00 A
06620000 1983 01 03     94.00 A
06620000 1983 01 04     93.00 A
06620000 1983 01 05     92.00 A
06620000 1983 01 06     91.00 A
06620000 1983 01 07     91.00 A
06620000 1983 01 08     90.00 A
06620000 1983 01 09     90.00 A
06620000 1983 01 10     90.00 A
06620000 1983 01 11     89.00 A
06620000 1983 01 12     90.00 A
06620000 1983 01 13     89.00 A
06620000 1983 01 14     89.00 A
06620000 1983 01 15     90.00 A
06620000 1983 01 16     90.00 A
06620000 1983 01 17     90.00 A
06620000 1983 01 18     90.00 A
06620000 1983 01 19     89.00 A
06620000 1983 01 20     88.00 A
06620000 1983 01 21     86.00 A
06620000 1983 01 22     86.00 A
06620000 1983 01 23     87.00 A
06620000 1983 01 24     88.00 A
06620000 1983 01 25     90.00 A
06620000 1983 01 26     92.00 A
06620000 1983 01 27     93.00 A
06620000 1983 01 28     95.00 A
06620000 1983 01 29     97.00 A
06620000 1983 01 30     100.00 A
06620000 1983 01 31     98.00 A
06620000 1983 02 01     94.00 A
06620000 1983 02 02     90.00 A
06620000 1983 02 03     88.00 A
06620000 1983 02 04     87.00 A
06620000 1983 02 05     87.00 A
06620000 1983 02 06     88.00 A
06620000 1983 02 07     90.00 A
06620000 1983 02 08     95.00 A
06620000 1983 02 09     100.00 A
06620000 1983 02 10     103.00 A
06620000 1983 02 11     102.00 A
06620000 1983 02 12     101.00 A
06620000 1983 02 13     100.00 A
06620000 1983 02 14     99.00 A
06620000 1983 02 15     100.00 A
06620000 1983 02 16     100.00 A
06620000 1983 02 17     98.00 A
06620000 1983 02 18     96.00 A
06620000 1983 02 19     94.00 A
06620000 1983 02 20     96.00 A
06620000 1983 02 21     96.00 A
06620000 1983 02 22     99.00 A
06620000 1983 02 23     100.00 A
06620000 1983 02 24     99.00 A
06620000 1983 02 25     99.00 A
06620000 1983 02 26     97.00 A
06620000 1983 02 27     97.00 A
06620000 1983 02 28     100.00 A
06620000 1983 03 01     103.00 A
06620000 1983 03 02     107.00 A
06620000 1983 03 03     110.00 A
06620000 1983 03 04     114.00 A
06620000 1983 03 05     118.00 A
06620000 1983 03 06     123.00 A
06620000 1983 03 07     130.00 A
06620000 1983 03 08     138.00 A
06620000 1983 03 09     144.00 A
06620000 1983 03 10     152.00 A
06620000 1983 03 11     164.00 A
06620000 1983 03 12     178.00 A
06620000 1983 03 13     182.00 A
06620000 1983 03 14     182.00 A
06620000 1983 03 15     202.00 A
06620000 1983 03 16     200.00 A
06620000 1983 03 17     195.00 A
06620000 1983 03 18     190.00 A
06620000 1983 03 19     188.00 A
06620000 1983 03 20     186.00 A
06620000 1983 03 21     186.00 A
06620000 1983 03 22     188.00 A
06620000 1983 03 23     192.00 A
06620000 1983 03 24     196.00 A
06620000 1983 03 25     200.00 A
06620000 1983 03 26     203.00 A
06620000 1983 03 27     208.00 A
06620000 1983 03 28     210.00 A
06620000 1983 03 29     208.00 A
06620000 1983 03 30     206.00 A
06620000 1983 03 31     220.00 A
06620000 1983 04 01     230.00 A
06620000 1983 04 02     250.00 A
06620000 1983 04 03     280.00 A
06620000 1983 04 04     280.00 A
06620000 1983 04 05     265.00 A
06620000 1983 04 06     255.00 A
06620000 1983 04 07     250.00 A
06620000 1983 04 08     250.00 A
06620000 1983 04 09     260.00 A
06620000 1983 04 10     275.00 A
06620000 1983 04 11     290.00 A
06620000 1983 04 12     285.00 A
06620000 1983 04 13     282.00 A
06620000 1983 04 14     282.00 A
06620000 1983 04 15     285.00 A
06620000 1983 04 16     287.00 A
06620000 1983 04 17     300.00 A
06620000 1983 04 18     320.00 A
06620000 1983 04 19     365.00 A
06620000 1983 04 20     410.00 A
06620000 1983 04 21     485.00 A
06620000 1983 04 22     600.00 A
06620000 1983 04 23     770.00 A
06620000 1983 04 24     1030.00 A
06620000 1983 04 25     1320.00 A
06620000 1983 04 26     1520.00 A
06620000 1983 04 27     1370.00 A
06620000 1983 04 28     1250.00 A
06620000 1983 04 29     1160.00 A
06620000 1983 04 30     1080.00 A
06620000 1983 05 01     1010.00 A
06620000 1983 05 02     910.00 A
06620000 1983 05 03     821.00 A
06620000 1983 05 04     771.00 A
06620000 1983 05 05     817.00 A
06620000 1983 05 06     975.00 A
06620000 1983 05 07     1030.00 A
06620000 1983 05 08     952.00 A
06620000 1983 05 09     1010.00 A
06620000 1983 05 10     1260.00 A
06620000 1983 05 11     1580.00 A
06620000 1983 05 12     1740.00 A
06620000 1983 05 13     1720.00 A
06620000 1983 05 14     1440.00 A
06620000 1983 05 15     1140.00 A
06620000 1983 05 16     1000.00 A
06620000 1983 05 17     1000.00 A
06620000 1983 05 18     909.00 A
06620000 1983 05 19     1080.00 A
06620000 1983 05 20     1270.00 A
06620000 1983 05 21     1130.00 A
06620000 1983 05 22     1030.00 A
06620000 1983 05 23     1050.00 A
06620000 1983 05 24     1150.00 A
06620000 1983 05 25     1370.00 A
06620000 1983 05 26     1680.00 A
06620000 1983 05 27     1990.00 A
06620000 1983 05 28     2220.00 A
06620000 1983 05 29     2460.00 A
06620000 1983 05 30     2750.00 A
06620000 1983 05 31     2930.00 A
06620000 1983 06 01     3120.00 A
06620000 1983 06 02     3270.00 A
06620000 1983 06 03     3440.00 A
06620000 1983 06 04     3260.00 A
06620000 1983 06 05     2800.00 A
06620000 1983 06 06     2760.00 A
06620000 1983 06 07     2850.00 A
06620000 1983 06 08     2680.00 A
06620000 1983 06 09     2610.00 A
06620000 1983 06 10     2620.00 A
06620000 1983 06 11     2750.00 A
06620000 1983 06 12     2940.00 A
06620000 1983 06 13     3460.00 A
06620000 1983 06 14     3840.00 A
06620000 1983 06 15     3360.00 A
06620000 1983 06 16     2560.00 A
06620000 1983 06 17     2240.00 A
06620000 1983 06 18     2170.00 A
06620000 1983 06 19     2230.00 A
06620000 1983 06 20     2600.00 A
06620000 1983 06 21     3170.00 A
06620000 1983 06 22     3520.00 A
06620000 1983 06 23     3620.00 A
06620000 1983 06 24     3720.00 A
06620000 1983 06 25     3970.00 A
06620000 1983 06 26     4530.00 A
06620000 1983 06 27     4620.00 A
06620000 1983 06 28     4790.00 A
06620000 1983 06 29     4850.00 A
06620000 1983 06 30     4520.00 A
06620000 1983 07 01     3690.00 A
06620000 1983 07 02     3040.00 A
06620000 1983 07 03     2970.00 A
06620000 1983 07 04     3430.00 A
06620000 1983 07 05     3630.00 A
06620000 1983 07 06     2750.00 A
06620000 1983 07 07     2340.00 A
06620000 1983 07 08     2360.00 A
06620000 1983 07 09     2740.00 A
06620000 1983 07 10     3120.00 A
06620000 1983 07 11     3070.00 A
06620000 1983 07 12     2990.00 A
06620000 1983 07 13     2430.00 A
06620000 1983 07 14     2090.00 A
06620000 1983 07 15     1840.00 A
06620000 1983 07 16     1730.00 A
06620000 1983 07 17     1670.00 A
06620000 1983 07 18     1510.00 A
06620000 1983 07 19     1440.00 A
06620000 1983 07 20     1420.00 A
06620000 1983 07 21     1660.00 A
06620000 1983 07 22     2100.00 A
06620000 1983 07 23     2310.00 A
06620000 1983 07 24     2370.00 A
06620000 1983 07 25     2090.00 A
06620000 1983 07 26     1910.00 A
06620000 1983 07 27     1810.00 A
06620000 1983 07 28     1810.00 A
06620000 1983 07 29     1730.00 A
06620000 1983 07 30     1580.00 A
06620000 1983 07 31     1240.00 A
06620000 1983 08 01     1080.00 A
06620000 1983 08 02     1050.00 A
06620000 1983 08 03     1120.00 A
06620000 1983 08 04     1220.00 A
06620000 1983 08 05     1230.00 A
06620000 1983 08 06     1210.00 A
06620000 1983 08 07     1170.00 A
06620000 1983 08 08     1050.00 A
06620000 1983 08 09     897.00 A
06620000 1983 08 10     825.00 A
06620000 1983 08 11     807.00 A
06620000 1983 08 12     863.00 A
06620000 1983 08 13     931.00 A
06620000 1983 08 14     839.00 A
06620000 1983 08 15     749.00 A
06620000 1983 08 16     682.00 A
06620000 1983 08 17     652.00 A
06620000 1983 08 18     616.00 A
06620000 1983 08 19     658.00 A
06620000 1983 08 20     797.00 A
06620000 1983 08 21     771.00 A
06620000 1983 08 22     643.00 A
06620000 1983 08 23     540.00 A
06620000 1983 08 24     485.00 A
06620000 1983 08 25     440.00 A
06620000 1983 08 26     422.00 A
06620000 1983 08 27     410.00 A
06620000 1983 08 28     390.00 A
06620000 1983 08 29     379.00 A
06620000 1983 08 30     361.00 A
06620000 1983 08 31     351.00 A
06620000 1983 09 01     349.00 A
06620000 1983 09 02     317.00 A
06620000 1983 09 03     282.00 A
06620000 1983 09 04     288.00 A
06620000 1983 09 05     342.00 A
06620000 1983 09 06     348.00 A
06620000 1983 09 07     301.00 A
06620000 1983 09 08     268.00 A
06620000 1983 09 09     250.00 A
06620000 1983 09 10     247.00 A
06620000 1983 09 11     241.00 A
06620000 1983 09 12     219.00 A
06620000 1983 09 13     204.00 A
06620000 1983 09 14     191.00 A
06620000 1983 09 15     188.00 A
06620000 1983 09 16     184.00 A
06620000 1983 09 17     170.00 A
06620000 1983 09 18     159.00 A
06620000 1983 09 19     150.00 A
06620000 1983 09 20     167.00 A
06620000 1983 09 21     181.00 A
06620000 1983 09 22     172.00 A
06620000 1983 09 23     158.00 A
06620000 1983 09 24     156.00 A
06620000 1983 09 25     159.00 A
06620000 1983 09 26     160.00 A
06620000 1983 09 27     152.00 A
06620000 1983 09 28     144.00 A
06620000 1983 09 29     139.00 A
06620000 1983 09 30     141.00 A
06620000 1983 10 01     134.00 A
06620000 1983 10 02     134.00 A
06620000 1983 10 03     159.00 A
06620000 1983 10 04     208.00 A
06620000 1983 10 05     210.00 A
06620000 1983 10 06     203.00 A
06620000 1983 10 07     192.00 A
06620000 1983 10 08     182.00 A
06620000 1983 10 09     176.00 A
06620000 1983 10 10     184.00 A
06620000 1983 10 11     253.00 A
06620000 1983 10 12     279.00 A
06620000 1983 10 13     257.00 A
06620000 1983 10 14     240.00 A
06620000 1983 10 15     250.00 A
06620000 1983 10 16     264.00 A
06620000 1983 10 17     234.00 A
06620000 1983 10 18     227.00 A
06620000 1983 10 19     272.00 A
06620000 1983 10 20     299.00 A
06620000 1983 10 21     257.00 A
06620000 1983 10 22     239.00 A
06620000 1983 10 23     229.00 A
06620000 1983 10 24     218.00 A
06620000 1983 10 25     210.00 A
06620000 1983 10 26     205.00 A
06620000 1983 10 27     204.00 A
06620000 1983 10 28     203.00 A
06620000 1983 10 29     202.00 A
06620000 1983 10 30     200.00 A
06620000 1983 10 31     204.00 A
06620000 1983 11 01     211.00 A
06620000 1983 11 02     217.00 A
06620000 1983 11 03     220.00 A
06620000 1983 11 04     220.00 A
06620000 1983 11 05     200.00 A
06620000 1983 11 06     198.00 A
06620000 1983 11 07     200.00 A
06620000 1983 11 08     217.00 A
06620000 1983 11 09     254.00 A
06620000 1983 11 10     234.00 A
06620000 1983 11 11     271.00 A
06620000 1983 11 12     288.00 A
06620000 1983 11 13     291.00 A
06620000 1983 11 14     240.00 A
06620000 1983 11 15     161.00 A
06620000 1983 11 16     244.00 A
06620000 1983 11 17     280.00 A
06620000 1983 11 18     338.00 A
06620000 1983 11 19     245.00 A
06620000 1983 11 20     214.00 A
06620000 1983 11 21     254.00 A
06620000 1983 11 22     219.00 A
06620000 1983 11 23     190.00 A
06620000 1983 11 24     213.00 A
06620000 1983 11 25     253.00 A
06620000 1983 11 26     209.00 A
06620000 1983 11 27     200.00 A
06620000 1983 11 28     189.00 A
06620000 1983 11 29     180.00 A
06620000 1983 11 30     168.00 A
06620000 1983 12 01     181.00 A
06620000 1983 12 02     197.00 A
06620000 1983 12 03     209.00 A
06620000 1983 12 04     219.00 A
06620000 1983 12 05     220.00 A
06620000 1983 12 06     219.00 A
06620000 1983 12 07     198.00 A
06620000 1983 12 08     164.00 A
06620000 1983 12 09     160.00 A
06620000 1983 12 10     169.00 A
06620000 1983 12 11     187.00 A
06620000 1983 12 12     208.00 A
06620000 1983 12 13     226.00 A
06620000 1983 12 14     228.00 A
06620000 1983 12 15     221.00 A
06620000 1983 12 16     213.00 A
06620000 1983 12 17     207.00 A
06620000 1983 12 18     201.00 A
06620000 1983 12 19     200.00 A
06620000 1983 12 20     197.00 A
06620000 1983 12 21     191.00 A
06620000 1983 12 22     187.00 A
06620000 1983 12 23     182.00 A
06620000 1983 12 24     178.00 A
06620000 1983 12 25     174.00 A
06620000 1983 12 26     170.00 A
06620000 1983 12 27     169.00 A
06620000 1983 12 28     168.00 A
06620000 1983 12 29     168.00 A
06620000 1983 12 30     170.00 A
06620000 1983 12 31     172.00 A
06620000 1984 01 01     174.00 A
06620000 1984 01 02     178.00 A
06620000 1984 01 03     180.00 A
06620000 1984 01 04     183.00 A
06620000 1984 01 05     187.00 A
06620000 1984 01 06     190.00 A
06620000 1984 01 07     197.00 A
06620000 1984 01 08     201.00 A
06620000 1984 01 09     203.00 A
06620000 1984 01 10     209.00 A
06620000 1984 01 11     210.00 A
06620000 1984 01 12     210.00 A
06620000 1984 01 13     210.00 A
06620000 1984 01 14     201.00 A
06620000 1984 01 15     193.00 A
06620000 1984 01 16     181.00 A
06620000 1984 01 17     173.00 A
06620000 1984 01 18     169.00 A
06620000 1984 01 19     164.00 A
06620000 1984 01 20     160.00 A
06620000 1984 01 21     158.00 A
06620000 1984 01 22     157.00 A
06620000 1984 01 23     152.00 A
06620000 1984 01 24     151.00 A
06620000 1984 01 25     151.00 A
06620000 1984 01 26     152.00 A
06620000 1984 01 27     154.00 A
06620000 1984 01 28     157.00 A
06620000 1984 01 29     159.00 A
06620000 1984 01 30     159.00 A
06620000 1984 01 31     155.00 A
06620000 1984 02 01     153.00 A
06620000 1984 02 02     151.00 A
06620000 1984 02 03     149.00 A
06620000 1984 02 04     147.00 A
06620000 1984 02 05     145.00 A
06620000 1984 02 06     144.00 A
06620000 1984 02 07     143.00 A
06620000 1984 02 08     141.00 A
06620000 1984 02 09     140.00 A
06620000 1984 02 10     139.00 A
06620000 1984 02 11     138.00 A
06620000 1984 02 12     136.00 A
06620000 1984 02 13     135.00 A
06620000 1984 02 14     133.00 A
06620000 1984 02 15     132.00 A
06620000 1984 02 16     131.00 A
06620000 1984 02 17     130.00 A
06620000 1984 02 18     129.00 A
06620000 1984 02 19     129.00 A
06620000 1984 02 20     129.00 A
06620000 1984 02 21     128.00 A
06620000 1984 02 22     127.00 A
06620000 1984 02 23     125.00 A
06620000 1984 02 24     123.00 A
06620000 1984 02 25     122.00 A
06620000 1984 02 26     121.00 A
06620000 1984 02 27     121.00 A
06620000 1984 02 28     121.00 A
06620000 1984 02 29     121.00 A
06620000 1984 03 01     121.00 A
06620000 1984 03 02     120.00 A
06620000 1984 03 03     120.00 A
06620000 1984 03 04     120.00 A
06620000 1984 03 05     120.00 A
06620000 1984 03 06     120.00 A
06620000 1984 03 07     121.00 A
06620000 1984 03 08     123.00 A
06620000 1984 03 09     125.00 A
06620000 1984 03 10     127.00 A
06620000 1984 03 11     130.00 A
06620000 1984 03 12     133.00 A
06620000 1984 03 13     136.00 A
06620000 1984 03 14     141.00 A
06620000 1984 03 15     145.00 A
06620000 1984 03 16     148.00 A
06620000 1984 03 17     150.00 A
06620000 1984 03 18     152.00 A
06620000 1984 03 19     156.00 A
06620000 1984 03 20     161.00 A
06620000 1984 03 21     164.00 A
06620000 1984 03 22     167.00 A
06620000 1984 03 23     169.00 A
06620000 1984 03 24     170.00 A
06620000 1984 03 25     172.00 A
06620000 1984 03 26     176.00 A
06620000 1984 03 27     177.00 A
06620000 1984 03 28     180.00 A
06620000 1984 03 29     181.00 A
06620000 1984 03 30     186.00 A
06620000 1984 03 31     190.00 A
06620000 1984 04 01     194.00 A
06620000 1984 04 02     198.00 A
06620000 1984 04 03     202.00 A
06620000 1984 04 04     202.00 A
06620000 1984 04 05     206.00 A
06620000 1984 04 06     215.00 A
06620000 1984 04 07     226.00 A
06620000 1984 04 08     240.00 A
06620000 1984 04 09     259.00 A
06620000 1984 04 10     280.00 A
06620000 1984 04 11     291.00 A
06620000 1984 04 12     300.00 A
06620000 1984 04 13     301.00 A
06620000 1984 04 14     310.00 A
06620000 1984 04 15     311.00 A
06620000 1984 04 16     312.00 A
06620000 1984 04 17     320.00 A
06620000 1984 04 18     340.00 A
06620000 1984 04 19     425.00 A
06620000 1984 04 20     625.00 A
06620000 1984 04 21     740.00 A
06620000 1984 04 22     850.00 A
06620000 1984 04 23     960.00 A
06620000 1984 04 24     1160.00 A
06620000 1984 04 25     1520.00 A
06620000 1984 04 26     1630.00 A
06620000 1984 04 27     1500.00 A
06620000 1984 04 28     1340.00 A
06620000 1984 04 29     1230.00 A
06620000 1984 04 30     1110.00 A
06620000 1984 05 01     1200.00 A
06620000 1984 05 02     1320.00 A
06620000 1984 05 03     1110.00 A
06620000 1984 05 04     1180.00 A
06620000 1984 05 05     1380.00 A
06620000 1984 05 06     1420.00 A
06620000 1984 05 07     1290.00 A
06620000 1984 05 08     1250.00 A
06620000 1984 05 09     1500.00 A
06620000 1984 05 10     2100.00 A
06620000 1984 05 11     2870.00 A
06620000 1984 05 12     4140.00 A
06620000 1984 05 13     4700.00 A
06620000 1984 05 14     5100.00 A
06620000 1984 05 15     5640.00 A
06620000 1984 05 16     5950.00 A
06620000 1984 05 17     6080.00 A
06620000 1984 05 18     5650.00 A
06620000 1984 05 19     5180.00 A
06620000 1984 05 20     4520.00 A
06620000 1984 05 21     4090.00 A
06620000 1984 05 22     4480.00 A
06620000 1984 05 23     4810.00 A
06620000 1984 05 24     4750.00 A
06620000 1984 05 25     4920.00 A
06620000 1984 05 26     5750.00 A
06620000 1984 05 27     5680.00 A
06620000 1984 05 28     4480.00 A
06620000 1984 05 29     3910.00 A
06620000 1984 05 30     3450.00 A
06620000 1984 05 31     3230.00 A
06620000 1984 06 01     3350.00 A
06620000 1984 06 02     3550.00 A
06620000 1984 06 03     3690.00 A
06620000 1984 06 04     3660.00 A
06620000 1984 06 05     3380.00 A
06620000 1984 06 06     3220.00 A
06620000 1984 06 07     3170.00 A
06620000 1984 06 08     3190.00 A
06620000 1984 06 09     3220.00 A
06620000 1984 06 10     2720.00 A
06620000 1984 06 11     2110.00 A
06620000 1984 06 12     1550.00 A
06620000 1984 06 13     1300.00 A
06620000 1984 06 14     1200.00 A
06620000 1984 06 15     1390.00 A
06620000 1984 06 16     1780.00 A
06620000 1984 06 17     2140.00 A
06620000 1984 06 18     2320.00 A
06620000 1984 06 19     2280.00 A
06620000 1984 06 20     2080.00 A
06620000 1984 06 21     1960.00 A
06620000 1984 06 22     2020.00 A
06620000 1984 06 23     2030.00 A
06620000 1984 06 24     1930.00 A
06620000 1984 06 25     1860.00 A
06620000 1984 06 26     2030.00 A
06620000 1984 06 27     2090.00 A
06620000 1984 06 28     1990.00 A
06620000 1984 06 29     1890.00 A
06620000 1984 06 30     1850.00 A
06620000 1984 07 01     2150.00 A
06620000 1984 07 02     2420.00 A
06620000 1984 07 03     2230.00 A
06620000 1984 07 04     1870.00 A
06620000 1984 07 05     1600.00 A
06620000 1984 07 06     1480.00 A
06620000 1984 07 07     1330.00 A
06620000 1984 07 08     1200.00 A
06620000 1984 07 09     1290.00 A
06620000 1984 07 10     1910.00 A
06620000 1984 07 11     2450.00 A
06620000 1984 07 12     2340.00 A
06620000 1984 07 13     1560.00 A
06620000 1984 07 14     1460.00 A
06620000 1984 07 15     1340.00 A
06620000 1984 07 16     1230.00 A
06620000 1984 07 17     1160.00 A
06620000 1984 07 18     1100.00 A
06620000 1984 07 19     970.00 A
06620000 1984 07 20     883.00 A
06620000 1984 07 21     899.00 A
06620000 1984 07 22     863.00 A
06620000 1984 07 23     880.00 A
06620000 1984 07 24     1090.00 A
06620000 1984 07 25     1310.00 A
06620000 1984 07 26     1350.00 A
06620000 1984 07 27     1190.00 A
06620000 1984 07 28     1070.00 A
06620000 1984 07 29     1130.00 A
06620000 1984 07 30     1120.00 A
06620000 1984 07 31     1100.00 A
06620000 1984 08 01     1170.00 A
06620000 1984 08 02     1090.00 A
06620000 1984 08 03     937.00 A
06620000 1984 08 04     800.00 A
06620000 1984 08 05     733.00 A
06620000 1984 08 06     730.00 A
06620000 1984 08 07     852.00 A
06620000 1984 08 08     844.00 A
06620000 1984 08 09     710.00 A
06620000 1984 08 10     617.00 A
06620000 1984 08 11     554.00 A
06620000 1984 08 12     515.00 A
06620000 1984 08 13     518.00 A
06620000 1984 08 14     542.00 A
06620000 1984 08 15     531.00 A
06620000 1984 08 16     592.00 A
06620000 1984 08 17     580.00 A
06620000 1984 08 18     491.00 A
06620000 1984 08 19     482.00 A
06620000 1984 08 20     549.00 A
06620000 1984 08 21     706.00 A
06620000 1984 08 22     760.00 A
06620000 1984 08 23     651.00 A
06620000 1984 08 24     558.00 A
06620000 1984 08 25     569.00 A
06620000 1984 08 26     600.00 A
06620000 1984 08 27     534.00 A
06620000 1984 08 28     473.00 A
06620000 1984 08 29     430.00 A
06620000 1984 08 30     408.00 A
06620000 1984 08 31     374.00 A
06620000 1984 09 01     402.00 A
06620000 1984 09 02     508.00 A
06620000 1984 09 03     505.00 A
06620000 1984 09 04     411.00 A
06620000 1984 09 05     350.00 A
06620000 1984 09 06     305.00 A
06620000 1984 09 07     273.00 A
06620000 1984 09 08     316.00 A
06620000 1984 09 09     305.00 A
06620000 1984 09 10     278.00 A
06620000 1984 09 11     253.00 A
06620000 1984 09 12     284.00 A
06620000 1984 09 13     382.00 A
06620000 1984 09 14     411.00 A
06620000 1984 09 15     373.00 A
06620000 1984 09 16     351.00 A
06620000 1984 09 17     402.00 A
06620000 1984 09 18     422.00 A
06620000 1984 09 19     370.00 A
06620000 1984 09 20     332.00 A
06620000 1984 09 21     306.00 A
06620000 1984 09 22     338.00 A
06620000 1984 09 23     372.00 A
06620000 1984 09 24     330.00 A
06620000 1984 09 25     310.00 A
06620000 1984 09 26     326.00 A
06620000 1984 09 27     347.00 A
06620000 1984 09 28     354.00 A
06620000 1984 09 29     341.00 A
06620000 1984 09 30     323.00 A
06620000 1984 10 01     314.00 A
06620000 1984 10 02     304.00 A
06620000 1984 10 03     303.00 A
06620000 1984 10 04     321.00 A
06620000 1984 10 05     337.00 A
06620000 1984 10 06     337.00 A
06620000 1984 10 07     373.00 A
06620000 1984 10 08     369.00 A
06620000 1984 10 09     342.00 A
06620000 1984 10 10     329.00 A
06620000 1984 10 11     318.00 A
06620000 1984 10 12     304.00 A
06620000 1984 10 13     302.00 A
06620000 1984 10 14     301.00 A
06620000 1984 10 15     314.00 A
06620000 1984 10 16     305.00 A
06620000 1984 10 17     302.00 A
06620000 1984 10 18     326.00 A
06620000 1984 10 19     340.00 A
06620000 1984 10 20     355.00 A
06620000 1984 10 21     375.00 A
06620000 1984 10 22     360.00 A
06620000 1984 10 23     340.00 A
06620000 1984 10 24     320.00 A
06620000 1984 10 25     305.00 A
06620000 1984 10 26     301.00 A
06620000 1984 10 27     300.00 A
06620000 1984 10 28     295.00 A
06620000 1984 10 29     285.00 A
06620000 1984 10 30     362.00 A
06620000 1984 10 31     356.00 A
06620000 1984 11 01     347.00 A
06620000 1984 11 02     332.00 A
06620000 1984 11 03     324.00 A
06620000 1984 11 04     312.00 A
06620000 1984 11 05     286.00 A
06620000 1984 11 06     304.00 A
06620000 1984 11 07     341.00 A
06620000 1984 11 08     331.00 A
06620000 1984 11 09     325.00 A
06620000 1984 11 10     233.00 A
06620000 1984 11 11     302.00 A
06620000 1984 11 12     339.00 A
06620000 1984 11 13     356.00 A
06620000 1984 11 14     365.00 A
06620000 1984 11 15     255.00 A
06620000 1984 11 16     250.00 A
06620000 1984 11 17     310.00 A
06620000 1984 11 18     300.00 A
06620000 1984 11 19     285.00 A
06620000 1984 11 20     286.00 A
06620000 1984 11 21     300.00 A
06620000 1984 11 22     290.00 A
06620000 1984 11 23     263.00 A
06620000 1984 11 24     266.00 A
06620000 1984 11 25     281.00 A
06620000 1984 11 26     235.00 A
06620000 1984 11 27     195.00 A
06620000 1984 11 28     240.00 A
06620000 1984 11 29     225.00 A
06620000 1984 11 30     210.00 A
06620000 1984 12 01     190.00 A
06620000 1984 12 02     175.00 A
06620000 1984 12 03     155.00 A
06620000 1984 12 04     140.00 A
06620000 1984 12 05     140.00 A
06620000 1984 12 06     150.00 A
06620000 1984 12 07     160.00 A
06620000 1984 12 08     175.00 A
06620000 1984 12 09     195.00 A
06620000 1984 12 10     220.00 A
06620000 1984 12 11     230.00 A
06620000 1984 12 12     210.00 A
06620000 1984 12 13     190.00 A
06620000 1984 12 14     165.00 A
06620000 1984 12 15     160.00 A
06620000 1984 12 16     155.00 A
06620000 1984 12 17     150.00 A
06620000 1984 12 18     150.00 A
06620000 1984 12 19     155.00 A
06620000 1984 12 20     155.00 A
06620000 1984 12 21     155.00 A
06620000 1984 12 22     155.00 A
06620000 1984 12 23     155.00 A
06620000 1984 12 24     155.00 A
06620000 1984 12 25     160.00 A
06620000 1984 12 26     170.00 A
06620000 1984 12 27     175.00 A
06620000 1984 12 28     180.00 A
06620000 1984 12 29     180.00 A
06620000 1984 12 30     180.00 A
06620000 1984 12 31     175.00 A
06620000 1985 01 01     170.00 A
06620000 1985 01 02     160.00 A
06620000 1985 01 03     160.00 A
06620000 1985 01 04     170.00 A
06620000 1985 01 05     175.00 A
06620000 1985 01 06     180.00 A
06620000 1985 01 07     190.00 A
06620000 1985 01 08     185.00 A
06620000 1985 01 09     180.00 A
06620000 1985 01 10     175.00 A
06620000 1985 01 11     170.00 A
06620000 1985 01 12     165.00 A
06620000 1985 01 13     160.00 A
06620000 1985 01 14     160.00 A
06620000 1985 01 15     160.00 A
06620000 1985 01 16     165.00 A
06620000 1985 01 17     170.00 A
06620000 1985 01 18     170.00 A
06620000 1985 01 19     170.00 A
06620000 1985 01 20     165.00 A
06620000 1985 01 21     165.00 A
06620000 1985 01 22     160.00 A
06620000 1985 01 23     155.00 A
06620000 1985 01 24     150.00 A
06620000 1985 01 25     150.00 A
06620000 1985 01 26     145.00 A
06620000 1985 01 27     140.00 A
06620000 1985 01 28     140.00 A
06620000 1985 01 29     140.00 A
06620000 1985 01 30     140.00 A
06620000 1985 01 31     140.00 A
06620000 1985 02 01     130.00 A
06620000 1985 02 02     140.00 A
06620000 1985 02 03     140.00 A
06620000 1985 02 04     140.00 A
06620000 1985 02 05     140.00 A
06620000 1985 02 06     145.00 A
06620000 1985 02 07     145.00 A
06620000 1985 02 08     150.00 A
06620000 1985 02 09     155.00 A
06620000 1985 02 10     150.00 A
06620000 1985 02 11     145.00 A
06620000 1985 02 12     150.00 A
06620000 1985 02 13     150.00 A
06620000 1985 02 14     155.00 A
06620000 1985 02 15     155.00 A
06620000 1985 02 16     155.00 A
06620000 1985 02 17     160.00 A
06620000 1985 02 18     155.00 A
06620000 1985 02 19     160.00 A
06620000 1985 02 20     165.00 A
06620000 1985 02 21     160.00 A
06620000 1985 02 22     160.00 A
06620000 1985 02 23     155.00 A
06620000 1985 02 24     155.00 A
06620000 1985 02 25     155.00 A
06620000 1985 02 26     150.00 A
06620000 1985 02 27     155.00 A
06620000 1985 02 28     155.00 A
06620000 1985 03 01     160.00 A
06620000 1985 03 02     160.00 A
06620000 1985 03 03     160.00 A
06620000 1985 03 04     155.00 A
06620000 1985 03 05     155.00 A
06620000 1985 03 06     155.00 A
06620000 1985 03 07     160.00 A
06620000 1985 03 08     160.00 A
06620000 1985 03 09     160.00 A
06620000 1985 03 10     165.00 A
06620000 1985 03 11     160.00 A
06620000 1985 03 12     155.00 A
06620000 1985 03 13     160.00 A
06620000 1985 03 14     170.00 A
06620000 1985 03 15     190.00 A
06620000 1985 03 16     185.00 A
06620000 1985 03 17     200.00 A
06620000 1985 03 18     220.00 A
06620000 1985 03 19     240.00 A
06620000 1985 03 20     260.00 A
06620000 1985 03 21     280.00 A
06620000 1985 03 22     310.00 A
06620000 1985 03 23     340.00 A
06620000 1985 03 24     390.00 A
06620000 1985 03 25     430.00 A
06620000 1985 03 26     490.00 A
06620000 1985 03 27     530.00 A
06620000 1985 03 28     530.00 A
06620000 1985 03 29     510.00 A
06620000 1985 03 30     480.00 A
06620000 1985 03 31     450.00 A
06620000 1985 04 01     440.00 A
06620000 1985 04 02     480.00 A
06620000 1985 04 03     540.00 A
06620000 1985 04 04     660.00 A
06620000 1985 04 05     800.00 A
06620000 1985 04 06     930.00 A
06620000 1985 04 07     980.00 A
06620000 1985 04 08     1100.00 A
06620000 1985 04 09     1280.00 A
06620000 1985 04 10     1430.00 A
06620000 1985 04 11     1450.00 A
06620000 1985 04 12     1520.00 A
06620000 1985 04 13     1520.00 A
06620000 1985 04 14     1470.00 A
06620000 1985 04 15     1540.00 A
06620000 1985 04 16     1650.00 A
06620000 1985 04 17     1720.00 A
06620000 1985 04 18     1820.00 A
06620000 1985 04 19     1900.00 A
06620000 1985 04 20     1870.00 A
06620000 1985 04 21     1600.00 A
06620000 1985 04 22     1360.00 A
06620000 1985 04 23     1340.00 A
06620000 1985 04 24     1270.00 A
06620000 1985 04 25     1170.00 A
06620000 1985 04 26     1110.00 A
06620000 1985 04 27     1030.00 A
06620000 1985 04 28     1180.00 A
06620000 1985 04 29     1310.00 A
06620000 1985 04 30     1400.00 A
06620000 1985 05 01     1380.00 A
06620000 1985 05 02     1480.00 A
06620000 1985 05 03     1680.00 A
06620000 1985 05 04     1930.00 A
06620000 1985 05 05     2140.00 A
06620000 1985 05 06     2320.00 A
06620000 1985 05 07     2460.00 A
06620000 1985 05 08     2390.00 A
06620000 1985 05 09     2100.00 A
06620000 1985 05 10     2160.00 A
06620000 1985 05 11     2280.00 A
06620000 1985 05 12     2310.00 A
06620000 1985 05 13     2270.00 A
06620000 1985 05 14     1920.00 A
06620000 1985 05 15     1580.00 A
06620000 1985 05 16     1320.00 A
06620000 1985 05 17     1180.00 A
06620000 1985 05 18     1130.00 A
06620000 1985 05 19     1240.00 A
06620000 1985 05 20     1310.00 A
06620000 1985 05 21     1160.00 A
06620000 1985 05 22     1090.00 A
06620000 1985 05 23     1110.00 A
06620000 1985 05 24     1070.00 A
06620000 1985 05 25     1040.00 A
06620000 1985 05 26     1160.00 A
06620000 1985 05 27     1320.00 A
06620000 1985 05 28     1350.00 A
06620000 1985 05 29     1320.00 A
06620000 1985 05 30     1360.00 A
06620000 1985 05 31     1330.00 A
06620000 1985 06 01     1250.00 A
06620000 1985 06 02     1160.00 A
06620000 1985 06 03     1090.00 A
06620000 1985 06 04     1070.00 A
06620000 1985 06 05     1080.00 A
06620000 1985 06 06     1080.00 A
06620000 1985 06 07     1180.00 A
06620000 1985 06 08     1320.00 A
06620000 1985 06 09     1630.00 A
06620000 1985 06 10     2040.00 A
06620000 1985 06 11     2230.00 A
06620000 1985 06 12     1900.00 A
06620000 1985 06 13     1540.00 A
06620000 1985 06 14     1340.00 A
06620000 1985 06 15     1290.00 A
06620000 1985 06 16     1260.00 A
06620000 1985 06 17     1340.00 A
06620000 1985 06 18     1460.00 A
06620000 1985 06 19     1400.00 A
06620000 1985 06 20     1130.00 A
06620000 1985 06 21     990.00 A
06620000 1985 06 22     917.00 A
06620000 1985 06 23     875.00 A
06620000 1985 06 24     799.00 A
06620000 1985 06 25     824.00 A
06620000 1985 06 26     939.00 A
06620000 1985 06 27     961.00 A
06620000 1985 06 28     855.00 A
06620000 1985 06 29     704.00 A
06620000 1985 06 30     596.00 A
06620000 1985 07 01     549.00 A
06620000 1985 07 02     552.00 A
06620000 1985 07 03     508.00 A
06620000 1985 07 04     473.00 A
06620000 1985 07 05     466.00 A
06620000 1985 07 06     473.00 A
06620000 1985 07 07     473.00 A
06620000 1985 07 08     490.00 A
06620000 1985 07 09     509.00 A
06620000 1985 07 10     506.00 A
06620000 1985 07 11     496.00 A
06620000 1985 07 12     499.00 A
06620000 1985 07 13     542.00 A
06620000 1985 07 14     542.00 A
06620000 1985 07 15     494.00 A
06620000 1985 07 16     526.00 A
06620000 1985 07 17     515.00 A
06620000 1985 07 18     609.00 A
06620000 1985 07 19     897.00 A
06620000 1985 07 20     1060.00 A
06620000 1985 07 21     1080.00 A
06620000 1985 07 22     890.00 A
06620000 1985 07 23     762.00 A
06620000 1985 07 24     728.00 A
06620000 1985 07 25     749.00 A
06620000 1985 07 26     660.00 A
06620000 1985 07 27     654.00 A
06620000 1985 07 28     590.00 A
06620000 1985 07 29     549.00 A
06620000 1985 07 30     587.00 A
06620000 1985 07 31     574.00 A
06620000 1985 08 01     538.00 A
06620000 1985 08 02     487.00 A
06620000 1985 08 03     463.00 A
06620000 1985 08 04     434.00 A
06620000 1985 08 05     396.00 A
06620000 1985 08 06     363.00 A
06620000 1985 08 07     331.00 A
06620000 1985 08 08     298.00 A
06620000 1985 08 09     286.00 A
06620000 1985 08 10     315.00 A
06620000 1985 08 11     307.00 A
06620000 1985 08 12     296.00 A
06620000 1985 08 13     327.00 A
06620000 1985 08 14     310.00 A
06620000 1985 08 15     270.00 A
06620000 1985 08 16     242.00 A
06620000 1985 08 17     221.00 A
06620000 1985 08 18     207.00 A
06620000 1985 08 19     214.00 A
06620000 1985 08 20     220.00 A
06620000 1985 08 21     211.00 A
06620000 1985 08 22     198.00 A
06620000 1985 08 23     183.00 A
06620000 1985 08 24     170.00 A
06620000 1985 08 25     164.00 A
06620000 1985 08 26     155.00 A
06620000 1985 08 27     149.00 A
06620000 1985 08 28     148.00 A
06620000 1985 08 29     146.00 A
06620000 1985 08 30     140.00 A
06620000 1985 08 31     132.00 A
06620000 1985 09 01     122.00 A
06620000 1985 09 02     125.00 A
06620000 1985 09 03     149.00 A
06620000 1985 09 04     181.00 A
06620000 1985 09 05     179.00 A
06620000 1985 09 06     161.00 A
06620000 1985 09 07     152.00 A
06620000 1985 09 08     164.00 A
06620000 1985 09 09     171.00 A
06620000 1985 09 10     155.00 A
06620000 1985 09 11     144.00 A
06620000 1985 09 12     150.00 A
06620000 1985 09 13     156.00 A
06620000 1985 09 14     150.00 A
06620000 1985 09 15     143.00 A
06620000 1985 09 16     142.00 A
06620000 1985 09 17     126.00 A
06620000 1985 09 18     117.00 A
06620000 1985 09 19     112.00 A
06620000 1985 09 20     112.00 A
06620000 1985 09 21     114.00 A
06620000 1985 09 22     122.00 A
06620000 1985 09 23     140.00 A
06620000 1985 09 24     152.00 A
06620000 1985 09 25     158.00 A
06620000 1985 09 26     162.00 A
06620000 1985 09 27     154.00 A
06620000 1985 09 28     159.00 A
06620000 1985 09 29     212.00 A
06620000 1985 09 30     229.00 A
06620000 1985 10 01     194.00 A
06620000 1985 10 02     171.00 A
06620000 1985 10 03     161.00 A
06620000 1985 10 04     152.00 A
06620000 1985 10 05     145.00 A
06620000 1985 10 06     141.00 A
06620000 1985 10 07     145.00 A
06620000 1985 10 08     205.00 A
06620000 1985 10 09     276.00 A
06620000 1985 10 10     294.00 A
06620000 1985 10 11     350.00 A
06620000 1985 10 12     466.00 A
06620000 1985 10 13     472.00 A
06620000 1985 10 14     445.00 A
06620000 1985 10 15     388.00 A
06620000 1985 10 16     357.00 A
06620000 1985 10 17     358.00 A
06620000 1985 10 18     346.00 A
06620000 1985 10 19     333.00 A
06620000 1985 10 20     312.00 A
06620000 1985 10 21     296.00 A
06620000 1985 10 22     290.00 A
06620000 1985 10 23     291.00 A
06620000 1985 10 24     285.00 A
06620000 1985 10 25     284.00 A
06620000 1985 10 26     269.00 A
06620000 1985 10 27     263.00 A
06620000 1985 10 28     257.00 A
06620000 1985 10 29     255.00 A
06620000 1985 10 30     261.00 A
06620000 1985 10 31     262.00 A
06620000 1985 11 01     272.00 A
06620000 1985 11 02     270.00 A
06620000 1985 11 03     270.00 A
06620000 1985 11 04     272.00 A
06620000 1985 11 05     266.00 A
06620000 1985 11 06     252.00 A
06620000 1985 11 07     213.00 A
06620000 1985 11 08     247.00 A
06620000 1985 11 09     220.00 A
06620000 1985 11 10     160.00 A
06620000 1985 11 11     192.00 A
06620000 1985 11 12     260.00 A
06620000 1985 11 13     230.00 A
06620000 1985 11 14     110.00 A
06620000 1985 11 15     147.00 A
06620000 1985 11 16     212.00 A
06620000 1985 11 17     253.00 A
06620000 1985 11 18     225.00 A
06620000 1985 11 19     193.00 A
06620000 1985 11 20     167.00 A
06620000 1985 11 21     147.00 A
06620000 1985 11 22     138.00 A
06620000 1985 11 23     128.00 A
06620000 1985 11 24     138.00 A
06620000 1985 11 25     150.00 A
06620000 1985 11 26     167.00 A
06620000 1985 11 27     197.00 A
06620000 1985 11 28     183.00 A
06620000 1985 11 29     188.00 A
06620000 1985 11 30     168.00 A
06620000 1985 12 01     152.00 A
06620000 1985 12 02     166.00 A
06620000 1985 12 03     180.00 A
06620000 1985 12 04     190.00 A
06620000 1985 12 05     198.00 A
06620000 1985 12 06     212.00 A
06620000 1985 12 07     215.00 A
06620000 1985 12 08     225.00 A
06620000 1985 12 09     213.00 A
06620000 1985 12 10     193.00 A
06620000 1985 12 11     171.00 A
06620000 1985 12 12     154.00 A
06620000 1985 12 13     147.00 A
06620000 1985 12 14     158.00 A
06620000 1985 12 15     166.00 A
06620000 1985 12 16     172.00 A
06620000 1985 12 17     178.00 A
06620000 1985 12 18     184.00 A
06620000 1985 12 19     186.00 A
06620000 1985 12 20     190.00 A
06620000 1985 12 21     183.00 A
06620000 1985 12 22     178.00 A
06620000 1985 12 23     172.00 A
06620000 1985 12 24     170.00 A
06620000 1985 12 25     163.00 A
06620000 1985 12 26     159.00 A
06620000 1985 12 27     154.00 A
06620000 1985 12 28     151.00 A
06620000 1985 12 29     154.00 A
06620000 1985 12 30     162.00 A
06620000 1985 12 31     177.00 A
06620000 1986 01 01     190.00 A
06620000 1986 01 02     180.00 A
06620000 1986 01 03     177.00 A
06620000 1986 01 04     170.00 A
06620000 1986 01 05     160.00 A
06620000 1986 01 06     162.00 A
06620000 1986 01 07     157.00 A
06620000 1986 01 08     152.00 A
06620000 1986 01 09     153.00 A
06620000 1986 01 10     156.00 A
06620000 1986 01 11     152.00 A
06620000 1986 01 12     146.00 A
06620000 1986 01 13     147.00 A
06620000 1986 01 14     144.00 A
06620000 1986 01 15     144.00 A
06620000 1986 01 16     147.00 A
06620000 1986 01 17     149.00 A
06620000 1986 01 18     151.00 A
06620000 1986 01 19     154.00 A
06620000 1986 01 20     159.00 A
06620000 1986 01 21     155.00 A
06620000 1986 01 22     152.00 A
06620000 1986 01 23     153.00 A
06620000 1986 01 24     156.00 A
06620000 1986 01 25     151.00 A
06620000 1986 01 26     146.00 A
06620000 1986 01 27     147.00 A
06620000 1986 01 28     149.00 A
06620000 1986 01 29     153.00 A
06620000 1986 01 30     157.00 A
06620000 1986 01 31     162.00 A
06620000 1986 02 01     165.00 A
06620000 1986 02 02     170.00 A
06620000 1986 02 03     175.00 A
06620000 1986 02 04     180.00 A
06620000 1986 02 05     177.00 A
06620000 1986 02 06     175.00 A
06620000 1986 02 07     168.00 A
06620000 1986 02 08     162.00 A
06620000 1986 02 09     150.00 A
06620000 1986 02 10     146.00 A
06620000 1986 02 11     143.00 A
06620000 1986 02 12     140.00 A
06620000 1986 02 13     147.00 A
06620000 1986 02 14     152.00 A
06620000 1986 02 15     157.00 A
06620000 1986 02 16     170.00 A
06620000 1986 02 17     182.00 A
06620000 1986 02 18     192.00 A
06620000 1986 02 19     203.00 A
06620000 1986 02 20     217.00 A
06620000 1986 02 21     230.00 A
06620000 1986 02 22     244.00 A
06620000 1986 02 23     253.00 A
06620000 1986 02 24     270.00 A
06620000 1986 02 25     280.00 A
06620000 1986 02 26     290.00 A
06620000 1986 02 27     310.00 A
06620000 1986 02 28     323.00 A
06620000 1986 03 01     340.00 A
06620000 1986 03 02     352.00 A
06620000 1986 03 03     363.00 A
06620000 1986 03 04     372.00 A
06620000 1986 03 05     387.00 A
06620000 1986 03 06     390.00 A
06620000 1986 03 07     415.00 A
06620000 1986 03 08     460.00 A
06620000 1986 03 09     507.00 A
06620000 1986 03 10     565.00 A
06620000 1986 03 11     615.00 A
06620000 1986 03 12     595.00 A
06620000 1986 03 13     565.00 A
06620000 1986 03 14     540.00 A
06620000 1986 03 15     515.00 A
06620000 1986 03 16     510.00 A
06620000 1986 03 17     496.00 A
06620000 1986 03 18     474.00 A
06620000 1986 03 19     455.00 A
06620000 1986 03 20     445.00 A
06620000 1986 03 21     447.00 A
06620000 1986 03 22     495.00 A
06620000 1986 03 23     555.00 A
06620000 1986 03 24     680.00 A
06620000 1986 03 25     790.00 A
06620000 1986 03 26     970.00 A
06620000 1986 03 27     1170.00 A
06620000 1986 03 28     1460.00 A
06620000 1986 03 29     1960.00 A
06620000 1986 03 30     2190.00 A
06620000 1986 03 31     2310.00 A
06620000 1986 04 01     2330.00 A
06620000 1986 04 02     2210.00 A
06620000 1986 04 03     2030.00 A
06620000 1986 04 04     1460.00 A
06620000 1986 04 05     1400.00 A
06620000 1986 04 06     1570.00 A
06620000 1986 04 07     1680.00 A
06620000 1986 04 08     1720.00 A
06620000 1986 04 09     1690.00 A
06620000 1986 04 10     1590.00 A
06620000 1986 04 11     1470.00 A
06620000 1986 04 12     1400.00 A
06620000 1986 04 13     1470.00 A
06620000 1986 04 14     1370.00 A
06620000 1986 04 15     1170.00 A
06620000 1986 04 16     1140.00 A
06620000 1986 04 17     1220.00 A
06620000 1986 04 18     1200.00 A
06620000 1986 04 19     1010.00 A
06620000 1986 04 20     909.00 A
06620000 1986 04 21     930.00 A
06620000 1986 04 22     1170.00 A
06620000 1986 04 23     1490.00 A
06620000 1986 04 24     1790.00 A
06620000 1986 04 25     1910.00 A
06620000 1986 04 26     1990.00 A
06620000 1986 04 27     1940.00 A
06620000 1986 04 28     1560.00 A
06620000 1986 04 29     1340.00 A
06620000 1986 04 30     1360.00 A
06620000 1986 05 01     1540.00 A
06620000 1986 05 02     1780.00 A
06620000 1986 05 03     1970.00 A
06620000 1986 05 04     2140.00 A
06620000 1986 05 05     2350.00 A
06620000 1986 05 06     2550.00 A
06620000 1986 05 07     2550.00 A
06620000 1986 05 08     2240.00 A
06620000 1986 05 09     2210.00 A
06620000 1986 05 10     2100.00 A
06620000 1986 05 11     1730.00 A
06620000 1986 05 12     1560.00 A
06620000 1986 05 13     1410.00 A
06620000 1986 05 14     1400.00 A
06620000 1986 05 15     1420.00 A
06620000 1986 05 16     1520.00 A
06620000 1986 05 17     1740.00 A
06620000 1986 05 18     1620.00 A
06620000 1986 05 19     1470.00 A
06620000 1986 05 20     1490.00 A
06620000 1986 05 21     1660.00 A
06620000 1986 05 22     1850.00 A
06620000 1986 05 23     2080.00 A
06620000 1986 05 24     2040.00 A
06620000 1986 05 25     1880.00 A
06620000 1986 05 26     1870.00 A
06620000 1986 05 27     1980.00 A
06620000 1986 05 28     2150.00 A
06620000 1986 05 29     2130.00 A
06620000 1986 05 30     2190.00 A
06620000 1986 05 31     2340.00 A
06620000 1986 06 01     2380.00 A
06620000 1986 06 02     2440.00 A
06620000 1986 06 03     2440.00 A
06620000 1986 06 04     2660.00 A
06620000 1986 06 05     2900.00 A
06620000 1986 06 06     3040.00 A
06620000 1986 06 07     3150.00 A
06620000 1986 06 08     3260.00 A
06620000 1986 06 09     3380.00 A
06620000 1986 06 10     3940.00 A
06620000 1986 06 11     4620.00 A
06620000 1986 06 12     4240.00 A
06620000 1986 06 13     3370.00 A
06620000 1986 06 14     2880.00 A
06620000 1986 06 15     2540.00 A
06620000 1986 06 16     2430.00 A
06620000 1986 06 17     2360.00 A
06620000 1986 06 18     2420.00 A
06620000 1986 06 19     2610.00 A
06620000 1986 06 20     2690.00 A
06620000 1986 06 21     2610.00 A
06620000 1986 06 22     2420.00 A
06620000 1986 06 23     2190.00 A
06620000 1986 06 24     2040.00 A
06620000 1986 06 25     2020.00 A
06620000 1986 06 26     2180.00 A
06620000 1986 06 27     2550.00 A
06620000 1986 06 28     2640.00 A
06620000 1986 06 29     2190.00 A
06620000 1986 06 30     2190.00 A
06620000 1986 07 01     2170.00 A
06620000 1986 07 02     1950.00 A
06620000 1986 07 03     1590.00 A
06620000 1986 07 04     1440.00 A
06620000 1986 07 05     1540.00 A
06620000 1986 07 06     1960.00 A
06620000 1986 07 07     1980.00 A
06620000 1986 07 08     1740.00 A
06620000 1986 07 09     1530.00 A
06620000 1986 07 10     1430.00 A
06620000 1986 07 11     1400.00 A
06620000 1986 07 12     1320.00 A
06620000 1986 07 13     1190.00 A
06620000 1986 07 14     1090.00 A
06620000 1986 07 15     1180.00 A
06620000 1986 07 16     1220.00 A
06620000 1986 07 17     1340.00 A
06620000 1986 07 18     1290.00 A
06620000 1986 07 19     1190.00 A
06620000 1986 07 20     1080.00 A
06620000 1986 07 21     1050.00 A
06620000 1986 07 22     1020.00 A
06620000 1986 07 23     918.00 A
06620000 1986 07 24     871.00 A
06620000 1986 07 25     867.00 A
06620000 1986 07 26     871.00 A
06620000 1986 07 27     847.00 A
06620000 1986 07 28     796.00 A
06620000 1986 07 29     715.00 A
06620000 1986 07 30     640.00 A
06620000 1986 07 31     593.00 A
06620000 1986 08 01     566.00 A
06620000 1986 08 02     544.00 A
06620000 1986 08 03     524.00 A
06620000 1986 08 04     513.00 A
06620000 1986 08 05     529.00 A
06620000 1986 08 06     499.00 A
06620000 1986 08 07     442.00 A
06620000 1986 08 08     461.00 A
06620000 1986 08 09     471.00 A
06620000 1986 08 10     463.00 A
06620000 1986 08 11     434.00 A
06620000 1986 08 12     416.00 A
06620000 1986 08 13     420.00 A
06620000 1986 08 14     410.00 A
06620000 1986 08 15     386.00 A
06620000 1986 08 16     358.00 A
06620000 1986 08 17     330.00 A
06620000 1986 08 18     311.00 A
06620000 1986 08 19     298.00 A
06620000 1986 08 20     305.00 A
06620000 1986 08 21     392.00 A
06620000 1986 08 22     455.00 A
06620000 1986 08 23     428.00 A
06620000 1986 08 24     379.00 A
06620000 1986 08 25     352.00 A
06620000 1986 08 26     366.00 A
06620000 1986 08 27     343.00 A
06620000 1986 08 28     306.00 A
06620000 1986 08 29     277.00 A
06620000 1986 08 30     277.00 A
06620000 1986 08 31     347.00 A
06620000 1986 09 01     363.00 A
06620000 1986 09 02     363.00 A
06620000 1986 09 03     324.00 A
06620000 1986 09 04     319.00 A
06620000 1986 09 05     285.00 A
06620000 1986 09 06     257.00 A
06620000 1986 09 07     238.00 A
06620000 1986 09 08     234.00 A
06620000 1986 09 09     242.00 A
06620000 1986 09 10     242.00 A
06620000 1986 09 11     249.00 A
06620000 1986 09 12     257.00 A
06620000 1986 09 13     242.00 A
06620000 1986 09 14     221.00 A
06620000 1986 09 15     208.00 A
06620000 1986 09 16     193.00 A
06620000 1986 09 17     190.00 A
06620000 1986 09 18     186.00 A
06620000 1986 09 19     193.00 A
06620000 1986 09 20     197.00 A
06620000 1986 09 21     193.00 A
06620000 1986 09 22     200.00 A
06620000 1986 09 23     212.00 A
06620000 1986 09 24     215.00 A
06620000 1986 09 25     227.00 A
06620000 1986 09 26     257.00 A
06620000 1986 09 27     297.00 A
06620000 1986 09 28     306.00 A
06620000 1986 09 29     306.00 A
06620000 1986 09 30     310.00 A
06620000 1986 10 01     293.00 A
06620000 1986 10 02     284.00 A
06620000 1986 10 03     322.00 A
06620000 1986 10 04     384.00 A
06620000 1986 10 05     379.00 A
06620000 1986 10 06     343.00 A
06620000 1986 10 07     316.00 A
06620000 1986 10 08     285.00 A
06620000 1986 10 09     281.00 A
06620000 1986 10 10     275.00 A
06620000 1986 10 11     284.00 A
06620000 1986 10 12     277.00 A
06620000 1986 10 13     281.00 A
06620000 1986 10 14     282.00 A
06620000 1986 10 15     280.00 A
06620000 1986 10 16     265.00 A
06620000 1986 10 17     254.00 A
06620000 1986 10 18     234.00 A
06620000 1986 10 19     229.00 A
06620000 1986 10 20     234.00 A
06620000 1986 10 21     245.00 A
06620000 1986 10 22     271.00 A
06620000 1986 10 23     294.00 A
06620000 1986 10 24     325.00 A
06620000 1986 10 25     325.00 A
06620000 1986 10 26     315.00 A
06620000 1986 10 27     299.00 A
06620000 1986 10 28     297.00 A
06620000 1986 10 29     295.00 A
06620000 1986 10 30     287.00 A
06620000 1986 10 31     286.00 A
06620000 1986 11 01     301.00 A
06620000 1986 11 02     326.00 A
06620000 1986 11 03     342.00 A
06620000 1986 11 04     321.00 A
06620000 1986 11 05     306.00 A
06620000 1986 11 06     296.00 A
06620000 1986 11 07     280.00 A
06620000 1986 11 08     240.00 A
06620000 1986 11 09     121.00 A
06620000 1986 11 10     188.00 A
06620000 1986 11 11     200.00 A
06620000 1986 11 12     170.00 A
06620000 1986 11 13     194.00 A
06620000 1986 11 14     230.00 A
06620000 1986 11 15     256.00 A
06620000 1986 11 16     287.00 A
06620000 1986 11 17     316.00 A
06620000 1986 11 18     368.00 A
06620000 1986 11 19     421.00 A
06620000 1986 11 20     509.00 A
06620000 1986 11 21     506.00 A
06620000 1986 11 22     454.00 A
06620000 1986 11 23     408.00 A
06620000 1986 11 24     387.00 A
06620000 1986 11 25     365.00 A
06620000 1986 11 26     344.00 A
06620000 1986 11 27     312.00 A
06620000 1986 11 28     325.00 A
06620000 1986 11 29     318.00 A
06620000 1986 11 30     206.00 A
06620000 1986 12 01     210.00 A
06620000 1986 12 02     230.00 A
06620000 1986 12 03     248.00 A
06620000 1986 12 04     265.00 A
06620000 1986 12 05     285.00 A
06620000 1986 12 06     303.00 A
06620000 1986 12 07     250.00 A
06620000 1986 12 08     279.00 A
06620000 1986 12 09     177.00 A
06620000 1986 12 10     142.00 A
06620000 1986 12 11     110.00 A
06620000 1986 12 12     120.00 A
06620000 1986 12 13     130.00 A
06620000 1986 12 14     140.00 A
06620000 1986 12 15     153.00 A
06620000 1986 12 16     159.00 A
06620000 1986 12 17     164.00 A
06620000 1986 12 18     159.00 A
06620000 1986 12 19     151.00 A
06620000 1986 12 20     142.00 A
06620000 1986 12 21     134.00 A
06620000 1986 12 22     131.00 A
06620000 1986 12 23     127.00 A
06620000 1986 12 24     119.00 A
06620000 1986 12 25     114.00 A
06620000 1986 12 26     111.00 A
06620000 1986 12 27     112.00 A
06620000 1986 12 28     113.00 A
06620000 1986 12 29     112.00 A
06620000 1986 12 30     107.00 A
06620000 1986 12 31     104.00 A
06620000 1987 01 01     101.00 A
06620000 1987 01 02     97.00 A
06620000 1987 01 03     93.00 A
06620000 1987 01 04     97.00 A
06620000 1987 01 05     99.00 A
06620000 1987 01 06     95.00 A
06620000 1987 01 07     87.00 A
06620000 1987 01 08     82.00 A
06620000 1987 01 09     78.00 A
06620000 1987 01 10     77.00 A
06620000 1987 01 11     81.00 A
06620000 1987 01 12     84.00 A
06620000 1987 01 13     85.00 A
06620000 1987 01 14     82.00 A
06620000 1987 01 15     79.00 A
06620000 1987 01 16     75.00 A
06620000 1987 01 17     69.00 A
06620000 1987 01 18     66.00 A
06620000 1987 01 19     67.00 A
06620000 1987 01 20     65.00 A
06620000 1987 01 21     63.00 A
06620000 1987 01 22     64.00 A
06620000 1987 01 23     65.00 A
06620000 1987 01 24     66.00 A
06620000 1987 01 25     68.00 A
06620000 1987 01 26     70.00 A
06620000 1987 01 27     73.00 A
06620000 1987 01 28     77.00 A
06620000 1987 01 29     81.00 A
06620000 1987 01 30     84.00 A
06620000 1987 01 31     86.00 A
06620000 1987 02 01     85.00 A
06620000 1987 02 02     87.00 A
06620000 1987 02 03     91.00 A
06620000 1987 02 04     93.00 A
06620000 1987 02 05     91.00 A
06620000 1987 02 06     90.00 A
06620000 1987 02 07     95.00 A
06620000 1987 02 08     100.00 A
06620000 1987 02 09     104.00 A
06620000 1987 02 10     109.00 A
06620000 1987 02 11     113.00 A
06620000 1987 02 12     117.00 A
06620000 1987 02 13     120.00 A
06620000 1987 02 14     123.00 A
06620000 1987 02 15     119.00 A
06620000 1987 02 16     116.00 A
06620000 1987 02 17     114.00 A
06620000 1987 02 18     113.00 A
06620000 1987 02 19     113.00 A
06620000 1987 02 20     112.00 A
06620000 1987 02 21     109.00 A
06620000 1987 02 22     110.00 A
06620000 1987 02 23     109.00 A
06620000 1987 02 24     107.00 A
06620000 1987 02 25     106.00 A
06620000 1987 02 26     106.00 A
06620000 1987 02 27     104.00 A
06620000 1987 02 28     103.00 A
06620000 1987 03 01     107.00 A
06620000 1987 03 02     115.00 A
06620000 1987 03 03     121.00 A
06620000 1987 03 04     128.00 A
06620000 1987 03 05     136.00 A
06620000 1987 03 06     143.00 A
06620000 1987 03 07     150.00 A
06620000 1987 03 08     158.00 A
06620000 1987 03 09     162.00 A
06620000 1987 03 10     167.00 A
06620000 1987 03 11     173.00 A
06620000 1987 03 12     178.00 A
06620000 1987 03 13     183.00 A
06620000 1987 03 14     193.00 A
06620000 1987 03 15     203.00 A
06620000 1987 03 16     198.00 A
06620000 1987 03 17     193.00 A
06620000 1987 03 18     188.00 A
06620000 1987 03 19     182.00 A
06620000 1987 03 20     180.00 A
06620000 1987 03 21     176.00 A
06620000 1987 03 22     170.00 A
06620000 1987 03 23     167.00 A
06620000 1987 03 24     161.00 A
06620000 1987 03 25     157.00 A
06620000 1987 03 26     152.00 A
06620000 1987 03 27     157.00 A
06620000 1987 03 28     150.00 A
06620000 1987 03 29     143.00 A
06620000 1987 03 30     137.00 A
06620000 1987 03 31     140.00 A
06620000 1987 04 01     150.00 A
06620000 1987 04 02     158.00 A
06620000 1987 04 03     175.00 A
06620000 1987 04 04     195.00 A
06620000 1987 04 05     233.00 A
06620000 1987 04 06     290.00 A
06620000 1987 04 07     370.00 A
06620000 1987 04 08     485.00 A
06620000 1987 04 09     556.00 A
06620000 1987 04 10     550.00 A
06620000 1987 04 11     540.00 A
06620000 1987 04 12     521.00 A
06620000 1987 04 13     492.00 A
06620000 1987 04 14     463.00 A
06620000 1987 04 15     468.00 A
06620000 1987 04 16     620.00 A
06620000 1987 04 17     842.00 A
06620000 1987 04 18     938.00 A
06620000 1987 04 19     1010.00 A
06620000 1987 04 20     1040.00 A
06620000 1987 04 21     896.00 A
06620000 1987 04 22     710.00 A
06620000 1987 04 23     709.00 A
06620000 1987 04 24     857.00 A
06620000 1987 04 25     1000.00 A
06620000 1987 04 26     974.00 A
06620000 1987 04 27     951.00 A
06620000 1987 04 28     948.00 A
06620000 1987 04 29     939.00 A
06620000 1987 04 30     980.00 A
06620000 1987 05 01     947.00 A
06620000 1987 05 02     971.00 A
06620000 1987 05 03     871.00 A
06620000 1987 05 04     736.00 A
06620000 1987 05 05     598.00 A
06620000 1987 05 06     502.00 A
06620000 1987 05 07     426.00 A
06620000 1987 05 08     389.00 A
06620000 1987 05 09     357.00 A
06620000 1987 05 10     355.00 A
06620000 1987 05 11     389.00 A
06620000 1987 05 12     423.00 A
06620000 1987 05 13     448.00 A
06620000 1987 05 14     485.00 A
06620000 1987 05 15     485.00 A
06620000 1987 05 16     520.00 A
06620000 1987 05 17     600.00 A
06620000 1987 05 18     726.00 A
06620000 1987 05 19     932.00 A
06620000 1987 05 20     780.00 A
06620000 1987 05 21     891.00 A
06620000 1987 05 22     884.00 A
06620000 1987 05 23     884.00 A
06620000 1987 05 24     924.00 A
06620000 1987 05 25     908.00 A
06620000 1987 05 26     870.00 A
06620000 1987 05 27     788.00 A
06620000 1987 05 28     705.00 A
06620000 1987 05 29     622.00 A
06620000 1987 05 30     549.00 A
06620000 1987 05 31     477.00 A
06620000 1987 06 01     403.00 A
06620000 1987 06 02     355.00 A
06620000 1987 06 03     336.00 A
06620000 1987 06 04     342.00 A
06620000 1987 06 05     347.00 A
06620000 1987 06 06     397.00 A
06620000 1987 06 07     440.00 A
06620000 1987 06 08     554.00 A
06620000 1987 06 09     887.00 A
06620000 1987 06 10     1090.00 A
06620000 1987 06 11     1040.00 A
06620000 1987 06 12     909.00 A
06620000 1987 06 13     821.00 A
06620000 1987 06 14     743.00 A
06620000 1987 06 15     719.00 A
06620000 1987 06 16     682.00 A
06620000 1987 06 17     597.00 A
06620000 1987 06 18     550.00 A
06620000 1987 06 19     511.00 A
06620000 1987 06 20     462.00 A
06620000 1987 06 21     432.00 A
06620000 1987 06 22     392.00 A
06620000 1987 06 23     380.00 A
06620000 1987 06 24     353.00 A
06620000 1987 06 25     322.00 A
06620000 1987 06 26     312.00 A
06620000 1987 06 27     283.00 A
06620000 1987 06 28     273.00 A
06620000 1987 06 29     288.00 A
06620000 1987 06 30     364.00 A
06620000 1987 07 01     410.00 A
06620000 1987 07 02     366.00 A
06620000 1987 07 03     340.00 A
06620000 1987 07 04     284.00 A
06620000 1987 07 05     270.00 A
06620000 1987 07 06     247.00 A
06620000 1987 07 07     225.00 A
06620000 1987 07 08     193.00 A
06620000 1987 07 09     173.00 A
06620000 1987 07 10     145.00 A
06620000 1987 07 11     142.00 A
06620000 1987 07 12     185.00 A
06620000 1987 07 13     381.00 A
06620000 1987 07 14     416.00 A
06620000 1987 07 15     339.00 A
06620000 1987 07 16     278.00 A
06620000 1987 07 17     255.00 A
06620000 1987 07 18     247.00 A
06620000 1987 07 19     256.00 A
06620000 1987 07 20     223.00 A
06620000 1987 07 21     199.00 A
06620000 1987 07 22     203.00 A
06620000 1987 07 23     191.00 A
06620000 1987 07 24     191.00 A
06620000 1987 07 25     164.00 A
06620000 1987 07 26     164.00 A
06620000 1987 07 27     183.00 A
06620000 1987 07 28     214.00 A
06620000 1987 07 29     238.00 A
06620000 1987 07 30     246.00 A
06620000 1987 07 31     288.00 A
06620000 1987 08 01     300.00 A
06620000 1987 08 02     254.00 A
06620000 1987 08 03     217.00 A
06620000 1987 08 04     186.00 A
06620000 1987 08 05     162.00 A
06620000 1987 08 06     144.00 A
06620000 1987 08 07     132.00 A
06620000 1987 08 08     149.00 A
06620000 1987 08 09     169.00 A
06620000 1987 08 10     156.00 A
06620000 1987 08 11     138.00 A
06620000 1987 08 12     130.00 A
06620000 1987 08 13     120.00 A
06620000 1987 08 14     116.00 A
06620000 1987 08 15     116.00 A
06620000 1987 08 16     124.00 A
06620000 1987 08 17     121.00 A
06620000 1987 08 18     102.00 A
06620000 1987 08 19     87.00 A
06620000 1987 08 20     77.00 A
06620000 1987 08 21     78.00 A
06620000 1987 08 22     85.00 A
06620000 1987 08 23     100.00 A
06620000 1987 08 24     112.00 A
06620000 1987 08 25     153.00 A
06620000 1987 08 26     156.00 A
06620000 1987 08 27     156.00 A
06620000 1987 08 28     142.00 A
06620000 1987 08 29     131.00 A
06620000 1987 08 30     124.00 A
06620000 1987 08 31     111.00 A
06620000 1987 09 01     99.00 A
06620000 1987 09 02     84.00 A
06620000 1987 09 03     72.00 A
06620000 1987 09 04     70.00 A
06620000 1987 09 05     75.00 A
06620000 1987 09 06     80.00 A
06620000 1987 09 07     81.00 A
06620000 1987 09 08     75.00 A
06620000 1987 09 09     68.00 A
06620000 1987 09 10     61.00 A
06620000 1987 09 11     57.00 A
06620000 1987 09 12     59.00 A
06620000 1987 09 13     54.00 A
06620000 1987 09 14     52.00 A
06620000 1987 09 15     54.00 A
06620000 1987 09 16     68.00 A
06620000 1987 09 17     81.00 A
06620000 1987 09 18     89.00 A
06620000 1987 09 19     87.00 A
06620000 1987 09 20     79.00 A
06620000 1987 09 21     71.00 A
06620000 1987 09 22     64.00 A
06620000 1987 09 23     66.00 A
06620000 1987 09 24     61.00 A
06620000 1987 09 25     59.00 A
06620000 1987 09 26     57.00 A
06620000 1987 09 27     57.00 A
06620000 1987 09 28     57.00 A
06620000 1987 09 29     57.00 A
06620000 1987 09 30     54.00 A
06620000 1987 10 01     57.00 A
06620000 1987 10 02     61.00 A
06620000 1987 10 03     64.00 A
06620000 1987 10 04     65.00 A
06620000 1987 10 05     66.00 A
06620000 1987 10 06     66.00 A
06620000 1987 10 07     67.00 A
06620000 1987 10 08     67.00 A
06620000 1987 10 09     68.00 A
06620000 1987 10 10     69.00 A
06620000 1987 10 11     69.00 A
06620000 1987 10 12     70.00 A
06620000 1987 10 13     75.00 A
06620000 1987 10 14     84.00 A
06620000 1987 10 15     95.00 A
06620000 1987 10 16     100.00 A
06620000 1987 10 17     97.00 A
06620000 1987 10 18     91.00 A
06620000 1987 10 19     87.00 A
06620000 1987 10 20     82.00 A
06620000 1987 10 21     80.00 A
06620000 1987 10 22     81.00 A
06620000 1987 10 23     84.00 A
06620000 1987 10 24     87.00 A
06620000 1987 10 25     97.00 A
06620000 1987 10 26     98.00 A
06620000 1987 10 27     98.00 A
06620000 1987 10 28     98.00 A
06620000 1987 10 29     99.00 A
06620000 1987 10 30     104.00 A
06620000 1987 10 31     110.00 A
06620000 1987 11 01     113.00 A
06620000 1987 11 02     118.00 A
06620000 1987 11 03     119.00 A
06620000 1987 11 04     119.00 A
06620000 1987 11 05     107.00 A
06620000 1987 11 06     101.00 A
06620000 1987 11 07     103.00 A
06620000 1987 11 08     95.00 A
06620000 1987 11 09     85.00 A
06620000 1987 11 10     78.00 A
06620000 1987 11 11     79.00 A
06620000 1987 11 12     79.00 A
06620000 1987 11 13     78.00 A
06620000 1987 11 14     76.00 A
06620000 1987 11 15     72.00 A
06620000 1987 11 16     58.00 A
06620000 1987 11 17     62.00 A
06620000 1987 11 18     59.00 A
06620000 1987 11 19     63.00 A
06620000 1987 11 20     68.00 A
06620000 1987 11 21     75.00 A
06620000 1987 11 22     78.00 A
06620000 1987 11 23     75.00 A
06620000 1987 11 24     74.00 A
06620000 1987 11 25     72.00 A
06620000 1987 11 26     72.00 A
06620000 1987 11 27     70.00 A
06620000 1987 11 28     69.00 A
06620000 1987 11 29     67.00 A
06620000 1987 11 30     67.00 A
06620000 1987 12 01     74.00 A
06620000 1987 12 02     79.00 A
06620000 1987 12 03     87.00 A
06620000 1987 12 04     92.00 A
06620000 1987 12 05     96.00 A
06620000 1987 12 06     98.00 A
06620000 1987 12 07     96.00 A
06620000 1987 12 08     92.00 A
06620000 1987 12 09     87.00 A
06620000 1987 12 10     92.00 A
06620000 1987 12 11     89.00 A
06620000 1987 12 12     83.00 A
06620000 1987 12 13     79.00 A
06620000 1987 12 14     75.00 A
06620000 1987 12 15     73.00 A
06620000 1987 12 16     72.00 A
06620000 1987 12 17     76.00 A
06620000 1987 12 18     74.00 A
06620000 1987 12 19     72.00 A
06620000 1987 12 20     68.00 A
06620000 1987 12 21     68.00 A
06620000 1987 12 22     70.00 A
06620000 1987 12 23     68.00 A
06620000 1987 12 24     65.00 A
06620000 1987 12 25     63.00 A
06620000 1987 12 26     61.00 A
06620000 1987 12 27     63.00 A
06620000 1987 12 28     68.00 A
06620000 1987 12 29     70.00 A
06620000 1987 12 30     72.00 A
06620000 1987 12 31     72.00 A
06620000 1988 01 01     70.00 A
06620000 1988 01 02     69.00 A
06620000 1988 01 03     70.00 A
06620000 1988 01 04     68.00 A
06620000 1988 01 05     70.00 A
06620000 1988 01 06     68.00 A
06620000 1988 01 07     70.00 A
06620000 1988 01 08     70.00 A
06620000 1988 01 09     68.00 A
06620000 1988 01 10     72.00 A
06620000 1988 01 11     72.00 A
06620000 1988 01 12     70.00 A
06620000 1988 01 13     74.00 A
06620000 1988 01 14     76.00 A
06620000 1988 01 15     78.00 A
06620000 1988 01 16     76.00 A
06620000 1988 01 17     74.00 A
06620000 1988 01 18     74.00 A
06620000 1988 01 19     72.00 A
06620000 1988 01 20     70.00 A
06620000 1988 01 21     68.00 A
06620000 1988 01 22     70.00 A
06620000 1988 01 23     71.00 A
06620000 1988 01 24     72.00 A
06620000 1988 01 25     74.00 A
06620000 1988 01 26     78.00 A
06620000 1988 01 27     84.00 A
06620000 1988 01 28     87.00 A
06620000 1988 01 29     90.00 A
06620000 1988 01 30     94.00 A
06620000 1988 01 31     92.00 A
06620000 1988 02 01     89.00 A
06620000 1988 02 02     88.00 A
06620000 1988 02 03     88.00 A
06620000 1988 02 04     90.00 A
06620000 1988 02 05     92.00 A
06620000 1988 02 06     90.00 A
06620000 1988 02 07     92.00 A
06620000 1988 02 08     92.00 A
06620000 1988 02 09     91.00 A
06620000 1988 02 10     92.00 A
06620000 1988 02 11     93.00 A
06620000 1988 02 12     91.00 A
06620000 1988 02 13     89.00 A
06620000 1988 02 14     94.00 A
06620000 1988 02 15     88.00 A
06620000 1988 02 16     84.00 A
06620000 1988 02 17     84.00 A
06620000 1988 02 18     89.00 A
06620000 1988 02 19     94.00 A
06620000 1988 02 20     100.00 A
06620000 1988 02 21     96.00 A
06620000 1988 02 22     92.00 A
06620000 1988 02 23     96.00 A
06620000 1988 02 24     100.00 A
06620000 1988 02 25     104.00 A
06620000 1988 02 26     110.00 A
06620000 1988 02 27     107.00 A
06620000 1988 02 28     103.00 A
06620000 1988 02 29     103.00 A
06620000 1988 03 01     98.00 A
06620000 1988 03 02     100.00 A
06620000 1988 03 03     100.00 A
06620000 1988 03 04     100.00 A
06620000 1988 03 05     105.00 A
06620000 1988 03 06     106.00 A
06620000 1988 03 07     100.00 A
06620000 1988 03 08     100.00 A
06620000 1988 03 09     105.00 A
06620000 1988 03 10     100.00 A
06620000 1988 03 11     94.00 A
06620000 1988 03 12     90.00 A
06620000 1988 03 13     94.00 A
06620000 1988 03 14     96.00 A
06620000 1988 03 15     98.00 A
06620000 1988 03 16     98.00 A
06620000 1988 03 17     98.00 A
06620000 1988 03 18     100.00 A
06620000 1988 03 19     110.00 A
06620000 1988 03 20     120.00 A
06620000 1988 03 21     120.00 A
06620000 1988 03 22     120.00 A
06620000 1988 03 23     130.00 A
06620000 1988 03 24     145.00 A
06620000 1988 03 25     160.00 A
06620000 1988 03 26     175.00 A
06620000 1988 03 27     175.00 A
06620000 1988 03 28     160.00 A
06620000 1988 03 29     145.00 A
06620000 1988 03 30     135.00 A
06620000 1988 03 31     132.00 A
06620000 1988 04 01     135.00 A
06620000 1988 04 02     140.00 A
06620000 1988 04 03     148.00 A
06620000 1988 04 04     190.00 A
06620000 1988 04 05     255.00 A
06620000 1988 04 06     340.00 A
06620000 1988 04 07     460.00 A
06620000 1988 04 08     580.00 A
06620000 1988 04 09     485.00 A
06620000 1988 04 10     375.00 A
06620000 1988 04 11     360.00 A
06620000 1988 04 12     680.00 A
06620000 1988 04 13     1300.00 A
06620000 1988 04 14     2000.00 A
06620000 1988 04 15     2860.00 A
06620000 1988 04 16     3430.00 A
06620000 1988 04 17     3300.00 A
06620000 1988 04 18     3010.00 A
06620000 1988 04 19     2380.00 A
06620000 1988 04 20     2420.00 A
06620000 1988 04 21     2370.00 A
06620000 1988 04 22     2210.00 A
06620000 1988 04 23     1810.00 A
06620000 1988 04 24     1430.00 A
06620000 1988 04 25     1190.00 A
06620000 1988 04 26     1050.00 A
06620000 1988 04 27     948.00 A
06620000 1988 04 28     924.00 A
06620000 1988 04 29     965.00 A
06620000 1988 04 30     1130.00 A
06620000 1988 05 01     1380.00 A
06620000 1988 05 02     1520.00 A
06620000 1988 05 03     1450.00 A
06620000 1988 05 04     1220.00 A
06620000 1988 05 05     1130.00 A
06620000 1988 05 06     1130.00 A
06620000 1988 05 07     1170.00 A
06620000 1988 05 08     1120.00 A
06620000 1988 05 09     956.00 A
06620000 1988 05 10     884.00 A
06620000 1988 05 11     900.00 A
06620000 1988 05 12     869.00 A
06620000 1988 05 13     908.00 A
06620000 1988 05 14     1140.00 A
06620000 1988 05 15     1340.00 A
06620000 1988 05 16     1520.00 A
06620000 1988 05 17     1630.00 A
06620000 1988 05 18     1770.00 A
06620000 1988 05 19     2080.00 A
06620000 1988 05 20     2440.00 A
06620000 1988 05 21     2100.00 A
06620000 1988 05 22     1600.00 A
06620000 1988 05 23     1400.00 A
06620000 1988 05 24     1150.00 A
06620000 1988 05 25     1110.00 A
06620000 1988 05 26     1100.00 A
06620000 1988 05 27     1130.00 A
06620000 1988 05 28     1200.00 A
06620000 1988 05 29     1250.00 A
06620000 1988 05 30     1330.00 A
06620000 1988 05 31     1430.00 A
06620000 1988 06 01     1340.00 A
06620000 1988 06 02     1190.00 A
06620000 1988 06 03     998.00 A
06620000 1988 06 04     940.00 A
06620000 1988 06 05     1120.00 A
06620000 1988 06 06     1500.00 A
06620000 1988 06 07     1660.00 A
06620000 1988 06 08     1660.00 A
06620000 1988 06 09     1610.00 A
06620000 1988 06 10     1660.00 A
06620000 1988 06 11     1620.00 A
06620000 1988 06 12     1620.00 A
06620000 1988 06 13     1520.00 A
06620000 1988 06 14     1420.00 A
06620000 1988 06 15     1290.00 A
06620000 1988 06 16     1220.00 A
06620000 1988 06 17     1150.00 A
06620000 1988 06 18     1140.00 A
06620000 1988 06 19     1090.00 A
06620000 1988 06 20     1150.00 A
06620000 1988 06 21     1100.00 A
06620000 1988 06 22     1050.00 A
06620000 1988 06 23     1030.00 A
06620000 1988 06 24     1030.00 A
06620000 1988 06 25     973.00 A
06620000 1988 06 26     924.00 A
06620000 1988 06 27     820.00 A
06620000 1988 06 28     796.00 A
06620000 1988 06 29     916.00 A
06620000 1988 06 30     812.00 A
06620000 1988 07 01     682.00 A
06620000 1988 07 02     569.00 A
06620000 1988 07 03     510.00 A
06620000 1988 07 04     485.00 A
06620000 1988 07 05     478.00 A
06620000 1988 07 06     454.00 A
06620000 1988 07 07     436.00 A
06620000 1988 07 08     407.00 A
06620000 1988 07 09     384.00 A
06620000 1988 07 10     373.00 A
06620000 1988 07 11     390.00 A
06620000 1988 07 12     395.00 A
06620000 1988 07 13     357.00 A
06620000 1988 07 14     310.00 A
06620000 1988 07 15     295.00 A
06620000 1988 07 16     280.00 A
06620000 1988 07 17     305.00 A
06620000 1988 07 18     285.00 A
06620000 1988 07 19     266.00 A
06620000 1988 07 20     261.00 A
06620000 1988 07 21     266.00 A
06620000 1988 07 22     238.00 A
06620000 1988 07 23     212.00 A
06620000 1988 07 24     204.00 A
06620000 1988 07 25     204.00 A
06620000 1988 07 26     204.00 A
06620000 1988 07 27     204.00 A
06620000 1988 07 28     200.00 A
06620000 1988 07 29     212.00 A
06620000 1988 07 30     238.00 A
06620000 1988 07 31     230.00 A
06620000 1988 08 01     230.00 A
06620000 1988 08 02     230.00 A
06620000 1988 08 03     212.00 A
06620000 1988 08 04     204.00 A
06620000 1988 08 05     192.00 A
06620000 1988 08 06     176.00 A
06620000 1988 08 07     165.00 A
06620000 1988 08 08     168.00 A
06620000 1988 08 09     157.00 A
06620000 1988 08 10     139.00 A
06620000 1988 08 11     123.00 A
06620000 1988 08 12     113.00 A
06620000 1988 08 13     110.00 A
06620000 1988 08 14     107.00 A
06620000 1988 08 15     92.00 A
06620000 1988 08 16     87.00 A
06620000 1988 08 17     97.00 A
06620000 1988 08 18     101.00 A
06620000 1988 08 19     98.00 A
06620000 1988 08 20     95.00 A
06620000 1988 08 21     84.00 A
06620000 1988 08 22     81.00 A
06620000 1988 08 23     79.00 A
06620000 1988 08 24     76.00 A
06620000 1988 08 25     68.00 A
06620000 1988 08 26     61.00 A
06620000 1988 08 27     57.00 A
06620000 1988 08 28     54.00 A
06620000 1988 08 29     53.00 A
06620000 1988 08 30     53.00 A
06620000 1988 08 31     54.00 A
06620000 1988 09 01     54.00 A
06620000 1988 09 02     52.00 A
06620000 1988 09 03     52.00 A
06620000 1988 09 04     48.00 A
06620000 1988 09 05     46.00 A
06620000 1988 09 06     46.00 A
06620000 1988 09 07     40.00 A
06620000 1988 09 08     36.00 A
06620000 1988 09 09     34.00 A
06620000 1988 09 10     31.00 A
06620000 1988 09 11     33.00 A
06620000 1988 09 12     40.00 A
06620000 1988 09 13     68.00 A
06620000 1988 09 14     101.00 A
06620000 1988 09 15     113.00 A
06620000 1988 09 16     110.00 A
06620000 1988 09 17     92.00 A
06620000 1988 09 18     79.00 A
06620000 1988 09 19     68.00 A
06620000 1988 09 20     64.00 A
06620000 1988 09 21     61.00 A
06620000 1988 09 22     59.00 A
06620000 1988 09 23     59.00 A
06620000 1988 09 24     62.00 A
06620000 1988 09 25     64.00 A
06620000 1988 09 26     61.00 A
06620000 1988 09 27     61.00 A
06620000 1988 09 28     61.00 A
06620000 1988 09 29     64.00 A
06620000 1988 09 30     68.00 A
06620000 1988 10 01     68.00 A
06620000 1988 10 02     68.00 A
06620000 1988 10 03     68.00 A
06620000 1988 10 04     68.00 A
06620000 1988 10 05     67.00 A
06620000 1988 10 06     70.00 A
06620000 1988 10 07     70.00 A
06620000 1988 10 08     70.00 A
06620000 1988 10 09     66.00 A
06620000 1988 10 10     67.00 A
06620000 1988 10 11     70.00 A
06620000 1988 10 12     71.00 A
06620000 1988 10 13     70.00 A
06620000 1988 10 14     69.00 A
06620000 1988 10 15     69.00 A
06620000 1988 10 16     66.00 A
06620000 1988 10 17     60.00 A
06620000 1988 10 18     56.00 A
06620000 1988 10 19     55.00 A
06620000 1988 10 20     54.00 A
06620000 1988 10 21     60.00 A
06620000 1988 10 22     63.00 A
06620000 1988 10 23     61.00 A
06620000 1988 10 24     60.00 A
06620000 1988 10 25     60.00 A
06620000 1988 10 26     61.00 A
06620000 1988 10 27     61.00 A
06620000 1988 10 28     63.00 A
06620000 1988 10 29     65.00 A
06620000 1988 10 30     64.00 A
06620000 1988 10 31     66.00 A
06620000 1988 11 01     66.00 A
06620000 1988 11 02     70.00 A
06620000 1988 11 03     72.00 A
06620000 1988 11 04     77.00 A
06620000 1988 11 05     91.00 A
06620000 1988 11 06     95.00 A
06620000 1988 11 07     91.00 A
06620000 1988 11 08     96.00 A
06620000 1988 11 09     107.00 A
06620000 1988 11 10     109.00 A
06620000 1988 11 11     122.00 A
06620000 1988 11 12     114.00 A
06620000 1988 11 13     119.00 A
06620000 1988 11 14     122.00 A
06620000 1988 11 15     135.00 A
06620000 1988 11 16     100.00 A
06620000 1988 11 17     112.00 A
06620000 1988 11 18     116.00 A
06620000 1988 11 19     105.00 A
06620000 1988 11 20     85.00 A
06620000 1988 11 21     97.00 A
06620000 1988 11 22     103.00 A
06620000 1988 11 23     119.00 A
06620000 1988 11 24     142.00 A
06620000 1988 11 25     166.00 A
06620000 1988 11 26     153.00 A
06620000 1988 11 27     122.00 A
06620000 1988 11 28     99.00 A
06620000 1988 11 29     107.00 A
06620000 1988 11 30     114.00 A
06620000 1988 12 01     121.00 A
06620000 1988 12 02     127.00 A
06620000 1988 12 03     132.00 A
06620000 1988 12 04     135.00 A
06620000 1988 12 05     135.00 A
06620000 1988 12 06     129.00 A
06620000 1988 12 07     123.00 A
06620000 1988 12 08     118.00 A
06620000 1988 12 09     108.00 A
06620000 1988 12 10     105.00 A
06620000 1988 12 11     112.00 A
06620000 1988 12 12     113.00 A
06620000 1988 12 13     114.00 A
06620000 1988 12 14     109.00 A
06620000 1988 12 15     101.00 A
06620000 1988 12 16     91.00 A
06620000 1988 12 17     94.00 A
06620000 1988 12 18     97.00 A
06620000 1988 12 19     99.00 A
06620000 1988 12 20     95.00 A
06620000 1988 12 21     90.00 A
06620000 1988 12 22     86.00 A
06620000 1988 12 23     83.00 A
06620000 1988 12 24     79.00 A
06620000 1988 12 25     82.00 A
06620000 1988 12 26     77.00 A
06620000 1988 12 27     71.00 A
06620000 1988 12 28     66.00 A
06620000 1988 12 29     65.00 A
06620000 1988 12 30     68.00 A
06620000 1988 12 31     70.00 A
06620000 1989 01 01     71.00 A
06620000 1989 01 02     70.00 A
06620000 1989 01 03     72.00 A
06620000 1989 01 04     75.00 A
06620000 1989 01 05     75.00 A
06620000 1989 01 06     71.00 A
06620000 1989 01 07     63.00 A
06620000 1989 01 08     55.00 A
06620000 1989 01 09     57.00 A
06620000 1989 01 10     60.00 A
06620000 1989 01 11     57.00 A
06620000 1989 01 12     53.00 A
06620000 1989 01 13     52.00 A
06620000 1989 01 14     53.00 A
06620000 1989 01 15     54.00 A
06620000 1989 01 16     55.00 A
06620000 1989 01 17     56.00 A
06620000 1989 01 18     58.00 A
06620000 1989 01 19     59.00 A
06620000 1989 01 20     61.00 A
06620000 1989 01 21     62.00 A
06620000 1989 01 22     62.00 A
06620000 1989 01 23     62.00 A
06620000 1989 01 24     62.00 A
06620000 1989 01 25     61.00 A
06620000 1989 01 26     61.00 A
06620000 1989 01 27     63.00 A
06620000 1989 01 28     64.00 A
06620000 1989 01 29     67.00 A
06620000 1989 01 30     69.00 A
06620000 1989 01 31     72.00 A
06620000 1989 02 01     73.00 A
06620000 1989 02 02     64.00 A
06620000 1989 02 03     54.00 A
06620000 1989 02 04     47.00 A
06620000 1989 02 05     53.00 A
06620000 1989 02 06     55.00 A
06620000 1989 02 07     57.00 A
06620000 1989 02 08     58.00 A
06620000 1989 02 09     61.00 A
06620000 1989 02 10     63.00 A
06620000 1989 02 11     65.00 A
06620000 1989 02 12     67.00 A
06620000 1989 02 13     64.00 A
06620000 1989 02 14     62.00 A
06620000 1989 02 15     65.00 A
06620000 1989 02 16     68.00 A
06620000 1989 02 17     71.00 A
06620000 1989 02 18     74.00 A
06620000 1989 02 19     77.00 A
06620000 1989 02 20     77.00 A
06620000 1989 02 21     75.00 A
06620000 1989 02 22     73.00 A
06620000 1989 02 23     71.00 A
06620000 1989 02 24     79.00 A
06620000 1989 02 25     86.00 A
06620000 1989 02 26     89.00 A
06620000 1989 02 27     86.00 A
06620000 1989 02 28     83.00 A
06620000 1989 03 01     88.00 A
06620000 1989 03 02     93.00 A
06620000 1989 03 03     83.00 A
06620000 1989 03 04     75.00 A
06620000 1989 03 05     78.00 A
06620000 1989 03 06     87.00 A
06620000 1989 03 07     100.00 A
06620000 1989 03 08     128.00 A
06620000 1989 03 09     171.00 A
06620000 1989 03 10     227.00 A
06620000 1989 03 11     292.00 A
06620000 1989 03 12     375.00 A
06620000 1989 03 13     425.00 A
06620000 1989 03 14     375.00 A
06620000 1989 03 15     305.00 A
06620000 1989 03 16     258.00 A
06620000 1989 03 17     268.00 A
06620000 1989 03 18     287.00 A
06620000 1989 03 19     268.00 A
06620000 1989 03 20     251.00 A
06620000 1989 03 21     233.00 A
06620000 1989 03 22     246.00 A
06620000 1989 03 23     270.00 A
06620000 1989 03 24     307.00 A
06620000 1989 03 25     368.00 A
06620000 1989 03 26     460.00 A
06620000 1989 03 27     610.00 A
06620000 1989 03 28     740.00 A
06620000 1989 03 29     830.00 A
06620000 1989 03 30     620.00 A
06620000 1989 03 31     525.00 A
06620000 1989 04 01     448.00 A
06620000 1989 04 02     414.00 A
06620000 1989 04 03     383.00 A
06620000 1989 04 04     329.00 A
06620000 1989 04 05     308.00 A
06620000 1989 04 06     359.00 A
06620000 1989 04 07     484.00 A
06620000 1989 04 08     651.00 A
06620000 1989 04 09     633.00 A
06620000 1989 04 10     484.00 A
06620000 1989 04 11     462.00 A
06620000 1989 04 12     436.00 A
06620000 1989 04 13     419.00 A
06620000 1989 04 14     436.00 A
06620000 1989 04 15     473.00 A
06620000 1989 04 16     492.00 A
06620000 1989 04 17     556.00 A
06620000 1989 04 18     604.00 A
06620000 1989 04 19     641.00 A
06620000 1989 04 20     658.00 A
06620000 1989 04 21     664.00 A
06620000 1989 04 22     634.00 A
06620000 1989 04 23     626.00 A
06620000 1989 04 24     583.00 A
06620000 1989 04 25     565.00 A
06620000 1989 04 26     479.00 A
06620000 1989 04 27     442.00 A
06620000 1989 04 28     421.00 A
06620000 1989 04 29     343.00 A
06620000 1989 04 30     299.00 A
06620000 1989 05 01     269.00 A
06620000 1989 05 02     232.00 A
06620000 1989 05 03     204.00 A
06620000 1989 05 04     204.00 A
06620000 1989 05 05     207.00 A
06620000 1989 05 06     202.00 A
06620000 1989 05 07     177.00 A
06620000 1989 05 08     165.00 A
06620000 1989 05 09     197.00 A
06620000 1989 05 10     252.00 A
06620000 1989 05 11     355.00 A
06620000 1989 05 12     380.00 A
06620000 1989 05 13     382.00 A
06620000 1989 05 14     359.00 A
06620000 1989 05 15     377.00 A
06620000 1989 05 16     397.00 A
06620000 1989 05 17     339.00 A
06620000 1989 05 18     283.00 A
06620000 1989 05 19     234.00 A
06620000 1989 05 20     203.00 A
06620000 1989 05 21     212.00 A
06620000 1989 05 22     234.00 A
06620000 1989 05 23     249.00 A
06620000 1989 05 24     253.00 A
06620000 1989 05 25     266.00 A
06620000 1989 05 26     275.00 A
06620000 1989 05 27     272.00 A
06620000 1989 05 28     243.00 A
06620000 1989 05 29     229.00 A
06620000 1989 05 30     250.00 A
06620000 1989 05 31     326.00 A
06620000 1989 06 01     359.00 A
06620000 1989 06 02     365.00 A
06620000 1989 06 03     381.00 A
06620000 1989 06 04     430.00 A
06620000 1989 06 05     460.00 A
06620000 1989 06 06     459.00 A
06620000 1989 06 07     453.00 A
06620000 1989 06 08     477.00 A
06620000 1989 06 09     510.00 A
06620000 1989 06 10     576.00 A
06620000 1989 06 11     586.00 A
06620000 1989 06 12     661.00 A
06620000 1989 06 13     814.00 A
06620000 1989 06 14     747.00 A
06620000 1989 06 15     590.00 A
06620000 1989 06 16     526.00 A
06620000 1989 06 17     496.00 A
06620000 1989 06 18     594.00 A
06620000 1989 06 19     526.00 A
06620000 1989 06 20     463.00 A
06620000 1989 06 21     407.00 A
06620000 1989 06 22     451.00 A
06620000 1989 06 23     461.00 A
06620000 1989 06 24     440.00 A
06620000 1989 06 25     403.00 A
06620000 1989 06 26     343.00 A
06620000 1989 06 27     314.00 A
06620000 1989 06 28     305.00 A
06620000 1989 06 29     281.00 A
06620000 1989 06 30     280.00 A
06620000 1989 07 01     277.00 A
06620000 1989 07 02     248.00 A
06620000 1989 07 03     225.00 A
06620000 1989 07 04     209.00 A
06620000 1989 07 05     198.00 A
06620000 1989 07 06     173.00 A
06620000 1989 07 07     168.00 A
06620000 1989 07 08     163.00 A
06620000 1989 07 09     170.00 A
06620000 1989 07 10     186.00 A
06620000 1989 07 11     214.00 A
06620000 1989 07 12     210.00 A
06620000 1989 07 13     269.00 A
06620000 1989 07 14     282.00 A
06620000 1989 07 15     270.00 A
06620000 1989 07 16     221.00 A
06620000 1989 07 17     184.00 A
06620000 1989 07 18     174.00 A
06620000 1989 07 19     163.00 A
06620000 1989 07 20     153.00 A
06620000 1989 07 21     146.00 A
06620000 1989 07 22     136.00 A
06620000 1989 07 23     153.00 A
06620000 1989 07 24     275.00 A
06620000 1989 07 25     321.00 A
06620000 1989 07 26     451.00 A
06620000 1989 07 27     281.00 A
06620000 1989 07 28     246.00 A
06620000 1989 07 29     283.00 A
06620000 1989 07 30     374.00 A
06620000 1989 07 31     392.00 A
06620000 1989 08 01     314.00 A
06620000 1989 08 02     249.00 A
06620000 1989 08 03     223.00 A
06620000 1989 08 04     205.00 A
06620000 1989 08 05     189.00 A
06620000 1989 08 06     175.00 A
06620000 1989 08 07     168.00 A
06620000 1989 08 08     158.00 A
06620000 1989 08 09     152.00 A
06620000 1989 08 10     145.00 A
06620000 1989 08 11     134.00 A
06620000 1989 08 12     151.00 A
06620000 1989 08 13     215.00 A
06620000 1989 08 14     205.00 A
06620000 1989 08 15     174.00 A
06620000 1989 08 16     151.00 A
06620000 1989 08 17     130.00 A
06620000 1989 08 18     123.00 A
06620000 1989 08 19     117.00 A
06620000 1989 08 20     114.00 A
06620000 1989 08 21     130.00 A
06620000 1989 08 22     120.00 A
06620000 1989 08 23     113.00 A
06620000 1989 08 24     101.00 A
06620000 1989 08 25     86.00 A
06620000 1989 08 26     80.00 A
06620000 1989 08 27     78.00 A
06620000 1989 08 28     71.00 A
06620000 1989 08 29     68.00 A
06620000 1989 08 30     64.00 A
06620000 1989 08 31     61.00 A
06620000 1989 09 01     57.00 A
06620000 1989 09 02     57.00 A
06620000 1989 09 03     53.00 A
06620000 1989 09 04     48.00 A
06620000 1989 09 05     49.00 A
06620000 1989 09 06     50.00 A
06620000 1989 09 07     47.00 A
06620000 1989 09 08     46.00 A
06620000 1989 09 09     53.00 A
06620000 1989 09 10     69.00 A
06620000 1989 09 11     76.00 A
06620000 1989 09 12     91.00 A
06620000 1989 09 13     128.00 A
06620000 1989 09 14     132.00 A
06620000 1989 09 15     119.00 A
06620000 1989 09 16     106.00 A
06620000 1989 09 17     95.00 A
06620000 1989 09 18     88.00 A
06620000 1989 09 19     76.00 A
06620000 1989 09 20     77.00 A
06620000 1989 09 21     87.00 A
06620000 1989 09 22     98.00 A
06620000 1989 09 23     95.00 A
06620000 1989 09 24     91.00 A
06620000 1989 09 25     86.00 A
06620000 1989 09 26     81.00 A
06620000 1989 09 27     76.00 A
06620000 1989 09 28     71.00 A
06620000 1989 09 29     71.00 A
06620000 1989 09 30     70.00 A
06620000 1989 10 01     64.00 A
06620000 1989 10 02     64.00 A
06620000 1989 10 03     64.00 A
06620000 1989 10 04     60.00 A
06620000 1989 10 05     58.00 A
06620000 1989 10 06     62.00 A
06620000 1989 10 07     64.00 A
06620000 1989 10 08     65.00 A
06620000 1989 10 09     67.00 A
06620000 1989 10 10     68.00 A
06620000 1989 10 11     71.00 A
06620000 1989 10 12     68.00 A
06620000 1989 10 13     66.00 A
06620000 1989 10 14     66.00 A
06620000 1989 10 15     66.00 A
06620000 1989 10 16     67.00 A
06620000 1989 10 17     73.00 A
06620000 1989 10 18     77.00 A
06620000 1989 10 19     70.00 A
06620000 1989 10 20     74.00 A
06620000 1989 10 21     73.00 A
06620000 1989 10 22     73.00 A
06620000 1989 10 23     73.00 A
06620000 1989 10 24     73.00 A
06620000 1989 10 25     73.00 A
06620000 1989 10 26     73.00 A
06620000 1989 10 27     75.00 A
06620000 1989 10 28     79.00 A
06620000 1989 10 29     80.00 A
06620000 1989 10 30     77.00 A
06620000 1989 10 31     68.00 A
06620000 1989 11 01     66.00 A
06620000 1989 11 02     70.00 A
06620000 1989 11 03     81.00 A
06620000 1989 11 04     106.00 A
06620000 1989 11 05     102.00 A
06620000 1989 11 06     106.00 A
06620000 1989 11 07     99.00 A
06620000 1989 11 08     88.00 A
06620000 1989 11 09     122.00 A
06620000 1989 11 10     159.00 A
06620000 1989 11 11     148.00 A
06620000 1989 11 12     137.00 A
06620000 1989 11 13     133.00 A
06620000 1989 11 14     110.00 A
06620000 1989 11 15     92.00 A
06620000 1989 11 16     86.00 A
06620000 1989 11 17     84.00 A
06620000 1989 11 18     88.00 A
06620000 1989 11 19     100.00 A
06620000 1989 11 20     110.00 A
06620000 1989 11 21     112.00 A
06620000 1989 11 22     107.00 A
06620000 1989 11 23     100.00 A
06620000 1989 11 24     96.00 A
06620000 1989 11 25     97.00 A
06620000 1989 11 26     97.00 A
06620000 1989 11 27     87.00 A
06620000 1989 11 28     70.00 A
06620000 1989 11 29     56.00 A
06620000 1989 11 30     64.00 A
06620000 1989 12 01     74.00 A
06620000 1989 12 02     84.00 A
06620000 1989 12 03     100.00 A
06620000 1989 12 04     110.00 A
06620000 1989 12 05     100.00 A
06620000 1989 12 06     96.00 A
06620000 1989 12 07     85.00 A
06620000 1989 12 08     91.00 A
06620000 1989 12 09     98.00 A
06620000 1989 12 10     88.00 A
06620000 1989 12 11     79.00 A
06620000 1989 12 12     70.00 A
06620000 1989 12 13     63.00 A
06620000 1989 12 14     56.00 A
06620000 1989 12 15     60.00 A
06620000 1989 12 16     56.00 A
06620000 1989 12 17     50.00 A
06620000 1989 12 18     46.00 A
06620000 1989 12 19     47.00 A
06620000 1989 12 20     48.00 A
06620000 1989 12 21     50.00 A
06620000 1989 12 22     51.00 A
06620000 1989 12 23     50.00 A
06620000 1989 12 24     56.00 A
06620000 1989 12 25     64.00 A
06620000 1989 12 26     71.00 A
06620000 1989 12 27     78.00 A
06620000 1989 12 28     76.00 A
06620000 1989 12 29     70.00 A
06620000 1989 12 30     67.00 A
06620000 1989 12 31     64.00 A
06620000 1990 01 01     64.00 A
06620000 1990 01 02     62.00 A
06620000 1990 01 03     60.00 A
06620000 1990 01 04     60.00 A
06620000 1990 01 05     58.00 A
06620000 1990 01 06     62.00 A
06620000 1990 01 07     64.00 A
06620000 1990 01 08     70.00 A
06620000 1990 01 09     70.00 A
06620000 1990 01 10     77.00 A
06620000 1990 01 11     87.00 A
06620000 1990 01 12     88.00 A
06620000 1990 01 13     86.00 A
06620000 1990 01 14     82.00 A
06620000 1990 01 15     80.00 A
06620000 1990 01 16     78.00 A
06620000 1990 01 17     72.00 A
06620000 1990 01 18     68.00 A
06620000 1990 01 19     62.00 A
06620000 1990 01 20     59.00 A
06620000 1990 01 21     62.00 A
06620000 1990 01 22     64.00 A
06620000 1990 01 23     66.00 A
06620000 1990 01 24     64.00 A
06620000 1990 01 25     64.00 A
06620000 1990 01 26     62.00 A
06620000 1990 01 27     64.00 A
06620000 1990 01 28     66.00 A
06620000 1990 01 29     68.00 A
06620000 1990 01 30     70.00 A
06620000 1990 01 31     72.00 A
06620000 1990 02 01     74.00 A
06620000 1990 02 02     74.00 A
06620000 1990 02 03     72.00 A
06620000 1990 02 04     70.00 A
06620000 1990 02 05     72.00 A
06620000 1990 02 06     74.00 A
06620000 1990 02 07     76.00 A
06620000 1990 02 08     74.00 A
06620000 1990 02 09     70.00 A
06620000 1990 02 10     72.00 A
06620000 1990 02 11     76.00 A
06620000 1990 02 12     81.00 A
06620000 1990 02 13     82.00 A
06620000 1990 02 14     76.00 A
06620000 1990 02 15     68.00 A
06620000 1990 02 16     70.00 A
06620000 1990 02 17     72.00 A
06620000 1990 02 18     74.00 A
06620000 1990 02 19     74.00 A
06620000 1990 02 20     72.00 A
06620000 1990 02 21     70.00 A
06620000 1990 02 22     71.00 A
06620000 1990 02 23     74.00 A
06620000 1990 02 24     76.00 A
06620000 1990 02 25     77.00 A
06620000 1990 02 26     78.00 A
06620000 1990 02 27     80.00 A
06620000 1990 02 28     78.00 A
06620000 1990 03 01     76.00 A
06620000 1990 03 02     78.00 A
06620000 1990 03 03     78.00 A
06620000 1990 03 04     82.00 A
06620000 1990 03 05     84.00 A
06620000 1990 03 06     89.00 A
06620000 1990 03 07     92.00 A
06620000 1990 03 08     99.00 A
06620000 1990 03 09     110.00 A
06620000 1990 03 10     130.00 A
06620000 1990 03 11     122.00 A
06620000 1990 03 12     117.00 A
06620000 1990 03 13     110.00 A
06620000 1990 03 14     106.00 A
06620000 1990 03 15     110.00 A
06620000 1990 03 16     120.00 A
06620000 1990 03 17     125.00 A
06620000 1990 03 18     130.00 A
06620000 1990 03 19     131.00 A
06620000 1990 03 20     140.00 A
06620000 1990 03 21     136.00 A
06620000 1990 03 22     150.00 A
06620000 1990 03 23     162.00 A
06620000 1990 03 24     170.00 A
06620000 1990 03 25     174.00 A
06620000 1990 03 26     185.00 A
06620000 1990 03 27     210.00 A
06620000 1990 03 28     222.00 A
06620000 1990 03 29     250.00 A
06620000 1990 03 30     260.00 A
06620000 1990 03 31     264.00 A
06620000 1990 04 01     280.00 A
06620000 1990 04 02     310.00 A
06620000 1990 04 03     350.00 A
06620000 1990 04 04     450.00 A
06620000 1990 04 05     610.00 A
06620000 1990 04 06     560.00 A
06620000 1990 04 07     600.00 A
06620000 1990 04 08     627.00 A
06620000 1990 04 09     620.00 A
06620000 1990 04 10     572.00 A
06620000 1990 04 11     511.00 A
06620000 1990 04 12     486.00 A
06620000 1990 04 13     489.00 A
06620000 1990 04 14     463.00 A
06620000 1990 04 15     464.00 A
06620000 1990 04 16     528.00 A
06620000 1990 04 17     545.00 A
06620000 1990 04 18     506.00 A
06620000 1990 04 19     495.00 A
06620000 1990 04 20     491.00 A
06620000 1990 04 21     468.00 A
06620000 1990 04 22     470.00 A
06620000 1990 04 23     463.00 A
06620000 1990 04 24     455.00 A
06620000 1990 04 25     560.00 A
06620000 1990 04 26     556.00 A
06620000 1990 04 27     445.00 A
06620000 1990 04 28     365.00 A
06620000 1990 04 29     438.00 A
06620000 1990 04 30     402.00 A
06620000 1990 05 01     369.00 A
06620000 1990 05 02     302.00 A
06620000 1990 05 03     247.00 A
06620000 1990 05 04     211.00 A
06620000 1990 05 05     206.00 A
06620000 1990 05 06     206.00 A
06620000 1990 05 07     179.00 A
06620000 1990 05 08     160.00 A
06620000 1990 05 09     196.00 A
06620000 1990 05 10     231.00 A
06620000 1990 05 11     223.00 A
06620000 1990 05 12     221.00 A
06620000 1990 05 13     232.00 A
06620000 1990 05 14     225.00 A
06620000 1990 05 15     223.00 A
06620000 1990 05 16     190.00 A
06620000 1990 05 17     204.00 A
06620000 1990 05 18     206.00 A
06620000 1990 05 19     184.00 A
06620000 1990 05 20     159.00 A
06620000 1990 05 21     165.00 A
06620000 1990 05 22     167.00 A
06620000 1990 05 23     165.00 A
06620000 1990 05 24     192.00 A
06620000 1990 05 25     206.00 A
06620000 1990 05 26     219.00 A
06620000 1990 05 27     257.00 A
06620000 1990 05 28     272.00 A
06620000 1990 05 29     303.00 A
06620000 1990 05 30     439.00 A
06620000 1990 05 31     495.00 A
06620000 1990 06 01     450.00 A
06620000 1990 06 02     439.00 A
06620000 1990 06 03     435.00 A
06620000 1990 06 04     384.00 A
06620000 1990 06 05     334.00 A
06620000 1990 06 06     417.00 A
06620000 1990 06 07     627.00 A
06620000 1990 06 08     838.00 A
06620000 1990 06 09     896.00 A
06620000 1990 06 10     997.00 A
06620000 1990 06 11     1080.00 A
06620000 1990 06 12     1460.00 A
06620000 1990 06 13     2220.00 A
06620000 1990 06 14     2190.00 A
06620000 1990 06 15     1250.00 A
06620000 1990 06 16     954.00 A
06620000 1990 06 17     885.00 A
06620000 1990 06 18     781.00 A
06620000 1990 06 19     669.00 A
06620000 1990 06 20     728.00 A
06620000 1990 06 21     720.00 A
06620000 1990 06 22     716.00 A
06620000 1990 06 23     738.00 A
06620000 1990 06 24     704.00 A
06620000 1990 06 25     681.00 A
06620000 1990 06 26     642.00 A
06620000 1990 06 27     655.00 A
06620000 1990 06 28     595.00 A
06620000 1990 06 29     519.00 A
06620000 1990 06 30     485.00 A
06620000 1990 07 01     455.00 A
06620000 1990 07 02     443.00 A
06620000 1990 07 03     467.00 A
06620000 1990 07 04     541.00 A
06620000 1990 07 05     566.00 A
06620000 1990 07 06     526.00 A
06620000 1990 07 07     486.00 A
06620000 1990 07 08     525.00 A
06620000 1990 07 09     811.00 A
06620000 1990 07 10     799.00 A
06620000 1990 07 11     724.00 A
06620000 1990 07 12     617.00 A
06620000 1990 07 13     510.00 A
06620000 1990 07 14     510.00 A
06620000 1990 07 15     485.00 A
06620000 1990 07 16     472.00 A
06620000 1990 07 17     491.00 A
06620000 1990 07 18     485.00 A
06620000 1990 07 19     454.00 A
06620000 1990 07 20     395.00 A
06620000 1990 07 21     542.00 A
06620000 1990 07 22     621.00 A
06620000 1990 07 23     542.00 A
06620000 1990 07 24     475.00 A
06620000 1990 07 25     466.00 A
06620000 1990 07 26     478.00 A
06620000 1990 07 27     407.00 A
06620000 1990 07 28     351.00 A
06620000 1990 07 29     343.00 A
06620000 1990 07 30     295.00 A
06620000 1990 07 31     285.00 A
06620000 1990 08 01     273.00 A
06620000 1990 08 02     252.00 A
06620000 1990 08 03     225.00 A
06620000 1990 08 04     208.00 A
06620000 1990 08 05     194.00 A
06620000 1990 08 06     176.00 A
06620000 1990 08 07     165.00 A
06620000 1990 08 08     150.00 A
06620000 1990 08 09     150.00 A
06620000 1990 08 10     148.00 A
06620000 1990 08 11     150.00 A
06620000 1990 08 12     138.00 A
06620000 1990 08 13     139.00 A
06620000 1990 08 14     154.00 A
06620000 1990 08 15     150.00 A
06620000 1990 08 16     150.00 A
06620000 1990 08 17     172.00 A
06620000 1990 08 18     186.00 A
06620000 1990 08 19     190.00 A
06620000 1990 08 20     168.00 A
06620000 1990 08 21     157.00 A
06620000 1990 08 22     145.00 A
06620000 1990 08 23     133.00 A
06620000 1990 08 24     128.00 A
06620000 1990 08 25     120.00 A
06620000 1990 08 26     112.00 A
06620000 1990 08 27     97.00 A
06620000 1990 08 28     86.00 A
06620000 1990 08 29     80.00 A
06620000 1990 08 30     73.00 A
06620000 1990 08 31     71.00 A
06620000 1990 09 01     73.00 A
06620000 1990 09 02     84.00 A
06620000 1990 09 03     101.00 A
06620000 1990 09 04     107.00 A
06620000 1990 09 05     105.00 A
06620000 1990 09 06     101.00 A
06620000 1990 09 07     92.00 A
06620000 1990 09 08     89.00 A
06620000 1990 09 09     86.00 A
06620000 1990 09 10     81.00 A
06620000 1990 09 11     75.00 A
06620000 1990 09 12     70.00 A
06620000 1990 09 13     64.00 A
06620000 1990 09 14     56.00 A
06620000 1990 09 15     55.00 A
06620000 1990 09 16     52.00 A
06620000 1990 09 17     59.00 A
06620000 1990 09 18     93.00 A
06620000 1990 09 19     103.00 A
06620000 1990 09 20     94.00 A
06620000 1990 09 21     85.00 A
06620000 1990 09 22     75.00 A
06620000 1990 09 23     70.00 A
06620000 1990 09 24     65.00 A
06620000 1990 09 25     64.00 A
06620000 1990 09 26     69.00 A
06620000 1990 09 27     72.00 A
06620000 1990 09 28     66.00 A
06620000 1990 09 29     69.00 A
06620000 1990 09 30     70.00 A
06620000 1990 10 01     68.00 A
06620000 1990 10 02     68.00 A
06620000 1990 10 03     67.00 A
06620000 1990 10 04     65.00 A
06620000 1990 10 05     57.00 A
06620000 1990 10 06     57.00 A
06620000 1990 10 07     74.00 A
06620000 1990 10 08     106.00 A
06620000 1990 10 09     126.00 A
06620000 1990 10 10     120.00 A
06620000 1990 10 11     119.00 A
06620000 1990 10 12     128.00 A
06620000 1990 10 13     128.00 A
06620000 1990 10 14     124.00 A
06620000 1990 10 15     125.00 A
06620000 1990 10 16     123.00 A
06620000 1990 10 17     121.00 A
06620000 1990 10 18     130.00 A
06620000 1990 10 19     137.00 A
06620000 1990 10 20     159.00 A
06620000 1990 10 21     186.00 A
06620000 1990 10 22     167.00 A
06620000 1990 10 23     154.00 A
06620000 1990 10 24     154.00 A
06620000 1990 10 25     151.00 A
06620000 1990 10 26     146.00 A
06620000 1990 10 27     142.00 A
06620000 1990 10 28     136.00 A
06620000 1990 10 29     133.00 A
06620000 1990 10 30     132.00 A
06620000 1990 10 31     129.00 A
06620000 1990 11 01     131.00 A
06620000 1990 11 02     126.00 A
06620000 1990 11 03     122.00 A
06620000 1990 11 04     100.00 A
06620000 1990 11 05     90.00 A
06620000 1990 11 06     85.00 A
06620000 1990 11 07     80.00 A
06620000 1990 11 08     96.00 A
06620000 1990 11 09     109.00 A
06620000 1990 11 10     120.00 A
06620000 1990 11 11     127.00 A
06620000 1990 11 12     133.00 A
06620000 1990 11 13     136.00 A
06620000 1990 11 14     140.00 A
06620000 1990 11 15     144.00 A
06620000 1990 11 16     148.00 A
06620000 1990 11 17     153.00 A
06620000 1990 11 18     157.00 A
06620000 1990 11 19     160.00 A
06620000 1990 11 20     160.00 A
06620000 1990 11 21     137.00 A
06620000 1990 11 22     85.00 A
06620000 1990 11 23     105.00 A
06620000 1990 11 24     118.00 A
06620000 1990 11 25     127.00 A
06620000 1990 11 26     118.00 A
06620000 1990 11 27     95.00 A
06620000 1990 11 28     80.00 A
06620000 1990 11 29     82.00 A
06620000 1990 11 30     85.00 A
06620000 1990 12 01     86.00 A
06620000 1990 12 02     81.00 A
06620000 1990 12 03     75.00 A
06620000 1990 12 04     76.00 A
06620000 1990 12 05     78.00 A
06620000 1990 12 06     70.00 A
06620000 1990 12 07     72.00 A
06620000 1990 12 08     73.00 A
06620000 1990 12 09     76.00 A
06620000 1990 12 10     81.00 A
06620000 1990 12 11     84.00 A
06620000 1990 12 12     82.00 A
06620000 1990 12 13     79.00 A
06620000 1990 12 14     72.00 A
06620000 1990 12 15     64.00 A
06620000 1990 12 16     60.00 A
06620000 1990 12 17     63.00 A
06620000 1990 12 18     68.00 A
06620000 1990 12 19     66.00 A
06620000 1990 12 20     62.00 A
06620000 1990 12 21     54.00 A
06620000 1990 12 22     47.00 A
06620000 1990 12 23     55.00 A
06620000 1990 12 24     60.00 A
06620000 1990 12 25     62.00 A
06620000 1990 12 26     64.00 A
06620000 1990 12 27     69.00 A
06620000 1990 12 28     68.00 A
06620000 1990 12 29     68.00 A
06620000 1990 12 30     68.00 A
06620000 1990 12 31     68.00 A
06620000 1991 01 01     70.00 A
06620000 1991 01 02     73.00 A
06620000 1991 01 03     68.00 A
06620000 1991 01 04     68.00 A
06620000 1991 01 05     69.00 A
06620000 1991 01 06     68.00 A
06620000 1991 01 07     66.00 A
06620000 1991 01 08     66.00 A
06620000 1991 01 09     66.00 A
06620000 1991 01 10     63.00 A
06620000 1991 01 11     64.00 A
06620000 1991 01 12     65.00 A
06620000 1991 01 13     66.00 A
06620000 1991 01 14     70.00 A
06620000 1991 01 15     66.00 A
06620000 1991 01 16     64.00 A
06620000 1991 01 17     62.00 A
06620000 1991 01 18     60.00 A
06620000 1991 01 19     58.00 A
06620000 1991 01 20     55.00 A
06620000 1991 01 21     52.00 A
06620000 1991 01 22     52.00 A
06620000 1991 01 23     54.00 A
06620000 1991 01 24     54.00 A
06620000 1991 01 25     57.00 A
06620000 1991 01 26     56.00 A
06620000 1991 01 27     56.00 A
06620000 1991 01 28     58.00 A
06620000 1991 01 29     58.00 A
06620000 1991 01 30     58.00 A
06620000 1991 01 31     58.00 A
06620000 1991 02 01     58.00 A
06620000 1991 02 02     58.00 A
06620000 1991 02 03     59.00 A
06620000 1991 02 04     60.00 A
06620000 1991 02 05     62.00 A
06620000 1991 02 06     66.00 A
06620000 1991 02 07     64.00 A
06620000 1991 02 08     65.00 A
06620000 1991 02 09     69.00 A
06620000 1991 02 10     71.00 A
06620000 1991 02 11     72.00 A
06620000 1991 02 12     74.00 A
06620000 1991 02 13     76.00 A
06620000 1991 02 14     78.00 A
06620000 1991 02 15     80.00 A
06620000 1991 02 16     84.00 A
06620000 1991 02 17     82.00 A
06620000 1991 02 18     79.00 A
06620000 1991 02 19     74.00 A
06620000 1991 02 20     70.00 A
06620000 1991 02 21     74.00 A
06620000 1991 02 22     79.00 A
06620000 1991 02 23     83.00 A
06620000 1991 02 24     80.00 A
06620000 1991 02 25     78.00 A
06620000 1991 02 26     84.00 A
06620000 1991 02 27     88.00 A
06620000 1991 02 28     92.00 A
06620000 1991 03 01     95.00 A
06620000 1991 03 02     100.00 A
06620000 1991 03 03     105.00 A
06620000 1991 03 04     110.00 A
06620000 1991 03 05     115.00 A
06620000 1991 03 06     123.00 A
06620000 1991 03 07     110.00 A
06620000 1991 03 08     102.00 A
06620000 1991 03 09     100.00 A
06620000 1991 03 10     105.00 A
06620000 1991 03 11     110.00 A
06620000 1991 03 12     115.00 A
06620000 1991 03 13     110.00 A
06620000 1991 03 14     110.00 A
06620000 1991 03 15     110.00 A
06620000 1991 03 16     120.00 A
06620000 1991 03 17     120.00 A
06620000 1991 03 18     125.00 A
06620000 1991 03 19     140.00 A
06620000 1991 03 20     130.00 A
06620000 1991 03 21     130.00 A
06620000 1991 03 22     130.00 A
06620000 1991 03 23     130.00 A
06620000 1991 03 24     130.00 A
06620000 1991 03 25     135.00 A
06620000 1991 03 26     140.00 A
06620000 1991 03 27     140.00 A
06620000 1991 03 28     130.00 A
06620000 1991 03 29     130.00 A
06620000 1991 03 30     135.00 A
06620000 1991 03 31     130.00 A
06620000 1991 04 01     140.00 A
06620000 1991 04 02     155.00 A
06620000 1991 04 03     170.00 A
06620000 1991 04 04     190.00 A
06620000 1991 04 05     185.00 A
06620000 1991 04 06     220.00 A
06620000 1991 04 07     370.00 A
06620000 1991 04 08     340.00 A
06620000 1991 04 09     310.00 A
06620000 1991 04 10     290.00 A
06620000 1991 04 11     280.00 A
06620000 1991 04 12     270.00 A
06620000 1991 04 13     263.00 A
06620000 1991 04 14     257.00 A
06620000 1991 04 15     247.00 A
06620000 1991 04 16     280.00 A
06620000 1991 04 17     330.00 A
06620000 1991 04 18     388.00 A
06620000 1991 04 19     383.00 A
06620000 1991 04 20     326.00 A
06620000 1991 04 21     310.00 A
06620000 1991 04 22     314.00 A
06620000 1991 04 23     302.00 A
06620000 1991 04 24     334.00 A
06620000 1991 04 25     372.00 A
06620000 1991 04 26     403.00 A
06620000 1991 04 27     367.00 A
06620000 1991 04 28     295.00 A
06620000 1991 04 29     253.00 A
06620000 1991 04 30     232.00 A
06620000 1991 05 01     222.00 A
06620000 1991 05 02     203.00 A
06620000 1991 05 03     195.00 A
06620000 1991 05 04     211.00 A
06620000 1991 05 05     240.00 A
06620000 1991 05 06     225.00 A
06620000 1991 05 07     220.00 A
06620000 1991 05 08     232.00 A
06620000 1991 05 09     305.00 A
06620000 1991 05 10     417.00 A
06620000 1991 05 11     498.00 A
06620000 1991 05 12     552.00 A
06620000 1991 05 13     568.00 A
06620000 1991 05 14     432.00 A
06620000 1991 05 15     326.00 A
06620000 1991 05 16     451.00 A
06620000 1991 05 17     614.00 A
06620000 1991 05 18     568.00 A
06620000 1991 05 19     555.00 A
06620000 1991 05 20     728.00 A
06620000 1991 05 21     915.00 A
06620000 1991 05 22     1120.00 A
06620000 1991 05 23     1350.00 A
06620000 1991 05 24     1420.00 A
06620000 1991 05 25     1370.00 A
06620000 1991 05 26     1280.00 A
06620000 1991 05 27     1310.00 A
06620000 1991 05 28     1230.00 A
06620000 1991 05 29     1140.00 A
06620000 1991 05 30     1030.00 A
06620000 1991 05 31     964.00 A
06620000 1991 06 01     908.00 A
06620000 1991 06 02     1460.00 A
06620000 1991 06 03     2130.00 A
06620000 1991 06 04     2220.00 A
06620000 1991 06 05     2030.00 A
06620000 1991 06 06     1950.00 A
06620000 1991 06 07     1860.00 A
06620000 1991 06 08     1720.00 A
06620000 1991 06 09     1700.00 A
06620000 1991 06 10     1650.00 A
06620000 1991 06 11     1510.00 A
06620000 1991 06 12     1380.00 A
06620000 1991 06 13     1360.00 A
06620000 1991 06 14     1540.00 A
06620000 1991 06 15     1760.00 A
06620000 1991 06 16     1770.00 A
06620000 1991 06 17     1600.00 A
06620000 1991 06 18     1330.00 A
06620000 1991 06 19     1150.00 A
06620000 1991 06 20     1030.00 A
06620000 1991 06 21     923.00 A
06620000 1991 06 22     811.00 A
06620000 1991 06 23     704.00 A
06620000 1991 06 24     642.00 A
06620000 1991 06 25     564.00 A
06620000 1991 06 26     466.00 A
06620000 1991 06 27     403.00 A
06620000 1991 06 28     370.00 A
06620000 1991 06 29     340.00 A
06620000 1991 06 30     382.00 A
06620000 1991 07 01     437.00 A
06620000 1991 07 02     411.00 A
06620000 1991 07 03     361.00 A
06620000 1991 07 04     350.00 A
06620000 1991 07 05     340.00 A
06620000 1991 07 06     318.00 A
06620000 1991 07 07     299.00 A
06620000 1991 07 08     285.00 A
06620000 1991 07 09     342.00 A
06620000 1991 07 10     380.00 A
06620000 1991 07 11     412.00 A
06620000 1991 07 12     373.00 A
06620000 1991 07 13     313.00 A
06620000 1991 07 14     286.00 A
06620000 1991 07 15     255.00 A
06620000 1991 07 16     254.00 A
06620000 1991 07 17     279.00 A
06620000 1991 07 18     314.00 A
06620000 1991 07 19     309.00 A
06620000 1991 07 20     348.00 A
06620000 1991 07 21     338.00 A
06620000 1991 07 22     315.00 A
06620000 1991 07 23     378.00 A
06620000 1991 07 24     402.00 A
06620000 1991 07 25     559.00 A
06620000 1991 07 26     549.00 A
06620000 1991 07 27     464.00 A
06620000 1991 07 28     379.00 A
06620000 1991 07 29     306.00 A
06620000 1991 07 30     262.00 A
06620000 1991 07 31     230.00 A
06620000 1991 08 01     203.00 A
06620000 1991 08 02     198.00 A
06620000 1991 08 03     212.00 A
06620000 1991 08 04     244.00 A
06620000 1991 08 05     284.00 A
06620000 1991 08 06     247.00 A
06620000 1991 08 07     214.00 A
06620000 1991 08 08     208.00 A
06620000 1991 08 09     200.00 A
06620000 1991 08 10     186.00 A
06620000 1991 08 11     174.00 A
06620000 1991 08 12     159.00 A
06620000 1991 08 13     162.00 A
06620000 1991 08 14     167.00 A
06620000 1991 08 15     153.00 A
06620000 1991 08 16     150.00 A
06620000 1991 08 17     161.00 A
06620000 1991 08 18     158.00 A
06620000 1991 08 19     140.00 A
06620000 1991 08 20     138.00 A
06620000 1991 08 21     160.00 A
06620000 1991 08 22     167.00 A
06620000 1991 08 23     142.00 A
06620000 1991 08 24     126.00 A
06620000 1991 08 25     115.00 A
06620000 1991 08 26     105.00 A
06620000 1991 08 27     99.00 A
06620000 1991 08 28     97.00 A
06620000 1991 08 29     95.00 A
06620000 1991 08 30     90.00 A
06620000 1991 08 31     86.00 A
06620000 1991 09 01     82.00 A
06620000 1991 09 02     79.00 A
06620000 1991 09 03     83.00 A
06620000 1991 09 04     81.00 A
06620000 1991 09 05     75.00 A
06620000 1991 09 06     65.00 A
06620000 1991 09 07     66.00 A
06620000 1991 09 08     67.00 A
06620000 1991 09 09     86.00 A
06620000 1991 09 10     112.00 A
06620000 1991 09 11     103.00 A
06620000 1991 09 12     99.00 A
06620000 1991 09 13     93.00 A
06620000 1991 09 14     89.00 A
06620000 1991 09 15     96.00 A
06620000 1991 09 16     120.00 A
06620000 1991 09 17     120.00 A
06620000 1991 09 18     122.00 A
06620000 1991 09 19     101.00 A
06620000 1991 09 20     85.00 A
06620000 1991 09 21     81.00 A
06620000 1991 09 22     75.00 A
06620000 1991 09 23     71.00 A
06620000 1991 09 24     67.00 A
06620000 1991 09 25     65.00 A
06620000 1991 09 26     65.00 A
06620000 1991 09 27     65.00 A
06620000 1991 09 28     64.00 A
06620000 1991 09 29     61.00 A
06620000 1991 09 30     59.00 A
06620000 1991 10 01     57.00 A
06620000 1991 10 02     59.00 A
06620000 1991 10 03     57.00 A
06620000 1991 10 04     53.00 A
06620000 1991 10 05     50.00 A
06620000 1991 10 06     51.00 A
06620000 1991 10 07     53.00 A
06620000 1991 10 08     55.00 A
06620000 1991 10 09     56.00 A
06620000 1991 10 10     57.00 A
06620000 1991 10 11     57.00 A
06620000 1991 10 12     56.00 A
06620000 1991 10 13     56.00 A
06620000 1991 10 14     53.00 A
06620000 1991 10 15     58.00 A
06620000 1991 10 16     58.00 A
06620000 1991 10 17     52.00 A
06620000 1991 10 18     48.00 A
06620000 1991 10 19     48.00 A
06620000 1991 10 20     49.00 A
06620000 1991 10 21     51.00 A
06620000 1991 10 22     52.00 A
06620000 1991 10 23     52.00 A
06620000 1991 10 24     52.00 A
06620000 1991 10 25     56.00 A
06620000 1991 10 26     61.00 A
06620000 1991 10 27     69.00 A
06620000 1991 10 28     56.00 A
06620000 1991 10 29     53.00 A
06620000 1991 10 30     49.00 A
06620000 1991 10 31     45.00 A
06620000 1991 11 01     41.00 A
06620000 1991 11 02     38.00 A
06620000 1991 11 03     42.00 A
06620000 1991 11 04     48.00 A
06620000 1991 11 05     55.00 A
06620000 1991 11 06     62.00 A
06620000 1991 11 07     69.00 A
06620000 1991 11 08     78.00 A
06620000 1991 11 09     89.00 A
06620000 1991 11 10     96.00 A
06620000 1991 11 11     104.00 A
06620000 1991 11 12     111.00 A
06620000 1991 11 13     116.00 A
06620000 1991 11 14     118.00 A
06620000 1991 11 15     101.00 A
06620000 1991 11 16     102.00 A
06620000 1991 11 17     97.00 A
06620000 1991 11 18     90.00 A
06620000 1991 11 19     84.00 A
06620000 1991 11 20     79.00 A
06620000 1991 11 21     84.00 A
06620000 1991 11 22     78.00 A
06620000 1991 11 23     71.00 A
06620000 1991 11 24     65.00 A
06620000 1991 11 25     70.00 A
06620000 1991 11 26     77.00 A
06620000 1991 11 27     84.00 A
06620000 1991 11 28     79.00 A
06620000 1991 11 29     71.00 A
06620000 1991 11 30     63.00 A
06620000 1991 12 01     56.00 A
06620000 1991 12 02     62.00 A
06620000 1991 12 03     67.00 A
06620000 1991 12 04     71.00 A
06620000 1991 12 05     79.00 A
06620000 1991 12 06     84.00 A
06620000 1991 12 07     89.00 A
06620000 1991 12 08     95.00 A
06620000 1991 12 09     100.00 A
06620000 1991 12 10     106.00 A
06620000 1991 12 11     100.00 A
06620000 1991 12 12     95.00 A
06620000 1991 12 13     90.00 A
06620000 1991 12 14     84.00 A
06620000 1991 12 15     81.00 A
06620000 1991 12 16     84.00 A
06620000 1991 12 17     86.00 A
06620000 1991 12 18     89.00 A
06620000 1991 12 19     87.00 A
06620000 1991 12 20     83.00 A
06620000 1991 12 21     78.00 A
06620000 1991 12 22     74.00 A
06620000 1991 12 23     69.00 A
06620000 1991 12 24     65.00 A
06620000 1991 12 25     62.00 A
06620000 1991 12 26     59.00 A
06620000 1991 12 27     56.00 A
06620000 1991 12 28     57.00 A
06620000 1991 12 29     58.00 A
06620000 1991 12 30     59.00 A
06620000 1991 12 31     57.00 A
06620000 1992 01 01     54.00 A
06620000 1992 01 02     52.00 A
06620000 1992 01 03     50.00 A
06620000 1992 01 04     50.00 A
06620000 1992 01 05     52.00 A
06620000 1992 01 06     53.00 A
06620000 1992 01 07     54.00 A
06620000 1992 01 08     55.00 A
06620000 1992 01 09     52.00 A
06620000 1992 01 10     50.00 A
06620000 1992 01 11     47.00 A
06620000 1992 01 12     48.00 A
06620000 1992 01 13     47.00 A
06620000 1992 01 14     46.00 A
06620000 1992 01 15     44.00 A
06620000 1992 01 16     44.00 A
06620000 1992 01 17     45.00 A
06620000 1992 01 18     43.00 A
06620000 1992 01 19     41.00 A
06620000 1992 01 20     39.00 A
06620000 1992 01 21     37.00 A
06620000 1992 01 22     37.00 A
06620000 1992 01 23     38.00 A
06620000 1992 01 24     39.00 A
06620000 1992 01 25     40.00 A
06620000 1992 01 26     41.00 A
06620000 1992 01 27     42.00 A
06620000 1992 01 28     43.00 A
06620000 1992 01 29     45.00 A
06620000 1992 01 30     46.00 A
06620000 1992 01 31     48.00 A
06620000 1992 02 01     48.00 A
06620000 1992 02 02     48.00 A
06620000 1992 02 03     48.00 A
06620000 1992 02 04     46.00 A
06620000 1992 02 05     45.00 A
06620000 1992 02 06     46.00 A
06620000 1992 02 07     47.00 A
06620000 1992 02 08     50.00 A
06620000 1992 02 09     53.00 A
06620000 1992 02 10     55.00 A
06620000 1992 02 11     58.00 A
06620000 1992 02 12     61.00 A
06620000 1992 02 13     64.00 A
06620000 1992 02 14     68.00 A
06620000 1992 02 15     71.00 A
06620000 1992 02 16     74.00 A
06620000 1992 02 17     76.00 A
06620000 1992 02 18     77.00 A
06620000 1992 02 19     77.00 A
06620000 1992 02 20     79.00 A
06620000 1992 02 21     83.00 A
06620000 1992 02 22     87.00 A
06620000 1992 02 23     90.00 A
06620000 1992 02 24     87.00 A
06620000 1992 02 25     87.00 A
06620000 1992 02 26     87.00 A
06620000 1992 02 27     92.00 A
06620000 1992 02 28     97.00 A
06620000 1992 02 29     102.00 A
06620000 1992 03 01     112.00 A
06620000 1992 03 02     118.00 A
06620000 1992 03 03     125.00 A
06620000 1992 03 04     131.00 A
06620000 1992 03 05     138.00 A
06620000 1992 03 06     142.00 A
06620000 1992 03 07     149.00 A
06620000 1992 03 08     156.00 A
06620000 1992 03 09     157.00 A
06620000 1992 03 10     153.00 A
06620000 1992 03 11     145.00 A
06620000 1992 03 12     143.00 A
06620000 1992 03 13     152.00 A
06620000 1992 03 14     160.00 A
06620000 1992 03 15     172.00 A
06620000 1992 03 16     182.00 A
06620000 1992 03 17     190.00 A
06620000 1992 03 18     198.00 A
06620000 1992 03 19     196.00 A
06620000 1992 03 20     189.00 A
06620000 1992 03 21     184.00 A
06620000 1992 03 22     181.00 A
06620000 1992 03 23     179.00 A
06620000 1992 03 24     178.00 A
06620000 1992 03 25     179.00 A
06620000 1992 03 26     183.00 A
06620000 1992 03 27     190.00 A
06620000 1992 03 28     202.00 A
06620000 1992 03 29     218.00 A
06620000 1992 03 30     223.00 A
06620000 1992 03 31     237.00 A
06620000 1992 04 01     224.00 A
06620000 1992 04 02     221.00 A
06620000 1992 04 03     228.00 A
06620000 1992 04 04     242.00 A
06620000 1992 04 05     262.00 A
06620000 1992 04 06     290.00 A
06620000 1992 04 07     318.00 A
06620000 1992 04 08     345.00 A
06620000 1992 04 09     367.00 A
06620000 1992 04 10     376.00 A
06620000 1992 04 11     336.00 A
06620000 1992 04 12     300.00 A
06620000 1992 04 13     281.00 A
06620000 1992 04 14     274.00 A
06620000 1992 04 15     282.00 A
06620000 1992 04 16     308.00 A
06620000 1992 04 17     320.00 A
06620000 1992 04 18     340.00 A
06620000 1992 04 19     339.00 A
06620000 1992 04 20     325.00 A
06620000 1992 04 21     274.00 A
06620000 1992 04 22     244.00 A
06620000 1992 04 23     243.00 A
06620000 1992 04 24     234.00 A
06620000 1992 04 25     222.00 A
06620000 1992 04 26     195.00 A
06620000 1992 04 27     178.00 A
06620000 1992 04 28     160.00 A
06620000 1992 04 29     158.00 A
06620000 1992 04 30     183.00 A
06620000 1992 05 01     202.00 A
06620000 1992 05 02     163.00 A
06620000 1992 05 03     165.00 A
06620000 1992 05 04     174.00 A
06620000 1992 05 05     167.00 A
06620000 1992 05 06     158.00 A
06620000 1992 05 07     131.00 A
06620000 1992 05 08     123.00 A
06620000 1992 05 09     117.00 A
06620000 1992 05 10     162.00 A
06620000 1992 05 11     185.00 A
06620000 1992 05 12     176.00 A
06620000 1992 05 13     161.00 A
06620000 1992 05 14     162.00 A
06620000 1992 05 15     163.00 A
06620000 1992 05 16     163.00 A
06620000 1992 05 17     169.00 A
06620000 1992 05 18     164.00 A
06620000 1992 05 19     166.00 A
06620000 1992 05 20     169.00 A
06620000 1992 05 21     220.00 A
06620000 1992 05 22     381.00 A
06620000 1992 05 23     467.00 A
06620000 1992 05 24     518.00 A
06620000 1992 05 25     483.00 A
06620000 1992 05 26     464.00 A
06620000 1992 05 27     836.00 A
06620000 1992 05 28     1240.00 A
06620000 1992 05 29     1340.00 A
06620000 1992 05 30     1210.00 A
06620000 1992 05 31     1150.00 A
06620000 1992 06 01     1330.00 A
06620000 1992 06 02     1220.00 A
06620000 1992 06 03     953.00 A
06620000 1992 06 04     691.00 A
06620000 1992 06 05     625.00 A
06620000 1992 06 06     611.00 A
06620000 1992 06 07     612.00 A
06620000 1992 06 08     733.00 A
06620000 1992 06 09     859.00 A
06620000 1992 06 10     820.00 A
06620000 1992 06 11     720.00 A
06620000 1992 06 12     785.00 A
06620000 1992 06 13     653.00 A
06620000 1992 06 14     549.00 A
06620000 1992 06 15     481.00 A
06620000 1992 06 16     407.00 A
06620000 1992 06 17     434.00 A
06620000 1992 06 18     461.00 A
06620000 1992 06 19     397.00 A
06620000 1992 06 20     321.00 A
06620000 1992 06 21     274.00 A
06620000 1992 06 22     252.00 A
06620000 1992 06 23     247.00 A
06620000 1992 06 24     235.00 A
06620000 1992 06 25     270.00 A
06620000 1992 06 26     359.00 A
06620000 1992 06 27     415.00 A
06620000 1992 06 28     478.00 A
06620000 1992 06 29     446.00 A
06620000 1992 06 30     356.00 A
06620000 1992 07 01     292.00 A
06620000 1992 07 02     289.00 A
06620000 1992 07 03     300.00 A
06620000 1992 07 04     292.00 A
06620000 1992 07 05     277.00 A
06620000 1992 07 06     240.00 A
06620000 1992 07 07     200.00 A
06620000 1992 07 08     232.00 A
06620000 1992 07 09     272.00 A
06620000 1992 07 10     276.00 A
06620000 1992 07 11     291.00 A
06620000 1992 07 12     311.00 A
06620000 1992 07 13     413.00 A
06620000 1992 07 14     449.00 A
06620000 1992 07 15     358.00 A
06620000 1992 07 16     319.00 A
06620000 1992 07 17     399.00 A
06620000 1992 07 18     429.00 A
06620000 1992 07 19     373.00 A
06620000 1992 07 20     356.00 A
06620000 1992 07 21     399.00 A
06620000 1992 07 22     411.00 A
06620000 1992 07 23     356.00 A
06620000 1992 07 24     337.00 A
06620000 1992 07 25     333.00 A
06620000 1992 07 26     353.00 A
06620000 1992 07 27     359.00 A
06620000 1992 07 28     310.00 A
06620000 1992 07 29     270.00 A
06620000 1992 07 30     251.00 A
06620000 1992 07 31     238.00 A
06620000 1992 08 01     213.00 A
06620000 1992 08 02     198.00 A
06620000 1992 08 03     186.00 A
06620000 1992 08 04     194.00 A
06620000 1992 08 05     194.00 A
06620000 1992 08 06     181.00 A
06620000 1992 08 07     189.00 A
06620000 1992 08 08     195.00 A
06620000 1992 08 09     179.00 A
06620000 1992 08 10     157.00 A
06620000 1992 08 11     150.00 A
06620000 1992 08 12     144.00 A
06620000 1992 08 13     149.00 A
06620000 1992 08 14     128.00 A
06620000 1992 08 15     117.00 A
06620000 1992 08 16     113.00 A
06620000 1992 08 17     125.00 A
06620000 1992 08 18     133.00 A
06620000 1992 08 19     129.00 A
06620000 1992 08 20     113.00 A
06620000 1992 08 21     101.00 A
06620000 1992 08 22     98.00 A
06620000 1992 08 23     92.00 A
06620000 1992 08 24     102.00 A
06620000 1992 08 25     119.00 A
06620000 1992 08 26     120.00 A
06620000 1992 08 27     120.00 A
06620000 1992 08 28     117.00 A
06620000 1992 08 29     105.00 A
06620000 1992 08 30     88.00 A
06620000 1992 08 31     87.00 A
06620000 1992 09 01     87.00 A
06620000 1992 09 02     93.00 A
06620000 1992 09 03     97.00 A
06620000 1992 09 04     97.00 A
06620000 1992 09 05     87.00 A
06620000 1992 09 06     85.00 A
06620000 1992 09 07     82.00 A
06620000 1992 09 08     73.00 A
06620000 1992 09 09     75.00 A
06620000 1992 09 10     64.00 A
06620000 1992 09 11     58.00 A
06620000 1992 09 12     51.00 A
06620000 1992 09 13     49.00 A
06620000 1992 09 14     48.00 A
06620000 1992 09 15     46.00 A
06620000 1992 09 16     48.00 A
06620000 1992 09 17     51.00 A
06620000 1992 09 18     52.00 A
06620000 1992 09 19     61.00 A
06620000 1992 09 20     67.00 A
06620000 1992 09 21     71.00 A
06620000 1992 09 22     79.00 A
06620000 1992 09 23     74.00 A
06620000 1992 09 24     65.00 A
06620000 1992 09 25     62.00 A
06620000 1992 09 26     68.00 A
06620000 1992 09 27     79.00 A
06620000 1992 09 28     81.00 A
06620000 1992 09 29     78.00 A
06620000 1992 09 30     77.00 A
06620000 1992 10 01     71.00 A
06620000 1992 10 02     62.00 A
06620000 1992 10 03     62.00 A
06620000 1992 10 04     67.00 A
06620000 1992 10 05     59.00 A
06620000 1992 10 06     57.00 A
06620000 1992 10 07     56.00 A
06620000 1992 10 08     56.00 A
06620000 1992 10 09     60.00 A
06620000 1992 10 10     62.00 A
06620000 1992 10 11     62.00 A
06620000 1992 10 12     60.00 A
06620000 1992 10 13     63.00 A
06620000 1992 10 14     62.00 A
06620000 1992 10 15     59.00 A
06620000 1992 10 16     55.00 A
06620000 1992 10 17     57.00 A
06620000 1992 10 18     57.00 A
06620000 1992 10 19     61.00 A
06620000 1992 10 20     63.00 A
06620000 1992 10 21     62.00 A
06620000 1992 10 22     59.00 A
06620000 1992 10 23     59.00 A
06620000 1992 10 24     65.00 A
06620000 1992 10 25     72.00 A
06620000 1992 10 26     69.00 A
06620000 1992 10 27     77.00 A
06620000 1992 10 28     80.00 A
06620000 1992 10 29     80.00 A
06620000 1992 10 30     81.00 A
06620000 1992 10 31     88.00 A
06620000 1992 11 01     94.00 A
06620000 1992 11 02     99.00 A
06620000 1992 11 03     99.00 A
06620000 1992 11 04     87.00 A
06620000 1992 11 05     93.00 A
06620000 1992 11 06     97.00 A
06620000 1992 11 07     105.00 A
06620000 1992 11 08     110.00 A
06620000 1992 11 09     104.00 A
06620000 1992 11 10     99.00 A
06620000 1992 11 11     93.00 A
06620000 1992 11 12     94.00 A
06620000 1992 11 13     100.00 A
06620000 1992 11 14     111.00 A
06620000 1992 11 15     126.00 A
06620000 1992 11 16     140.00 A
06620000 1992 11 17     151.00 A
06620000 1992 11 18     140.00 A
06620000 1992 11 19     128.00 A
06620000 1992 11 20     119.00 A
06620000 1992 11 21     110.00 A
06620000 1992 11 22     103.00 A
06620000 1992 11 23     94.00 A
06620000 1992 11 24     80.00 A
06620000 1992 11 25     70.00 A
06620000 1992 11 26     66.00 A
06620000 1992 11 27     70.00 A
06620000 1992 11 28     72.00 A
06620000 1992 11 29     72.00 A
06620000 1992 11 30     71.00 A
06620000 1992 12 01     73.00 A
06620000 1992 12 02     77.00 A
06620000 1992 12 03     75.00 A
06620000 1992 12 04     71.00 A
06620000 1992 12 05     67.00 A
06620000 1992 12 06     69.00 A
06620000 1992 12 07     71.00 A
06620000 1992 12 08     73.00 A
06620000 1992 12 09     75.00 A
06620000 1992 12 10     78.00 A
06620000 1992 12 11     81.00 A
06620000 1992 12 12     77.00 A
06620000 1992 12 13     74.00 A
06620000 1992 12 14     71.00 A
06620000 1992 12 15     68.00 A
06620000 1992 12 16     65.00 A
06620000 1992 12 17     63.00 A
06620000 1992 12 18     62.00 A
06620000 1992 12 19     61.00 A
06620000 1992 12 20     63.00 A
06620000 1992 12 21     64.00 A
06620000 1992 12 22     65.00 A
06620000 1992 12 23     65.00 A
06620000 1992 12 24     64.00 A
06620000 1992 12 25     62.00 A
06620000 1992 12 26     63.00 A
06620000 1992 12 27     65.00 A
06620000 1992 12 28     66.00 A
06620000 1992 12 29     68.00 A
06620000 1992 12 30     69.00 A
06620000 1992 12 31     68.00 A
06620000 1993 01 01     67.00 A
06620000 1993 01 02     66.00 A
06620000 1993 01 03     65.00 A
06620000 1993 01 04     66.00 A
06620000 1993 01 05     68.00 A
06620000 1993 01 06     72.00 A
06620000 1993 01 07     73.00 A
06620000 1993 01 08     71.00 A
06620000 1993 01 09     70.00 A
06620000 1993 01 10     71.00 A
06620000 1993 01 11     72.00 A
06620000 1993 01 12     73.00 A
06620000 1993 01 13     79.00 A
06620000 1993 01 14     84.00 A
06620000 1993 01 15     87.00 A
06620000 1993 01 16     85.00 A
06620000 1993 01 17     82.00 A
06620000 1993 01 18     80.00 A
06620000 1993 01 19     78.00 A
06620000 1993 01 20     82.00 A
06620000 1993 01 21     86.00 A
06620000 1993 01 22     83.00 A
06620000 1993 01 23     86.00 A
06620000 1993 01 24     84.00 A
06620000 1993 01 25     82.00 A
06620000 1993 01 26     80.00 A
06620000 1993 01 27     77.00 A
06620000 1993 01 28     74.00 A
06620000 1993 01 29     72.00 A
06620000 1993 01 30     70.00 A
06620000 1993 01 31     74.00 A
06620000 1993 02 01     80.00 A
06620000 1993 02 02     85.00 A
06620000 1993 02 03     82.00 A
06620000 1993 02 04     81.00 A
06620000 1993 02 05     80.00 A
06620000 1993 02 06     82.00 A
06620000 1993 02 07     86.00 A
06620000 1993 02 08     91.00 A
06620000 1993 02 09     92.00 A
06620000 1993 02 10     88.00 A
06620000 1993 02 11     91.00 A
06620000 1993 02 12     92.00 A
06620000 1993 02 13     90.00 A
06620000 1993 02 14     88.00 A
06620000 1993 02 15     86.00 A
06620000 1993 02 16     84.00 A
06620000 1993 02 17     85.00 A
06620000 1993 02 18     90.00 A
06620000 1993 02 19     96.00 A
06620000 1993 02 20     100.00 A
06620000 1993 02 21     97.00 A
06620000 1993 02 22     95.00 A
06620000 1993 02 23     95.00 A
06620000 1993 02 24     95.00 A
06620000 1993 02 25     92.00 A
06620000 1993 02 26     92.00 A
06620000 1993 02 27     92.00 A
06620000 1993 02 28     91.00 A
06620000 1993 03 01     94.00 A
06620000 1993 03 02     97.00 A
06620000 1993 03 03     98.00 A
06620000 1993 03 04     98.00 A
06620000 1993 03 05     103.00 A
06620000 1993 03 06     110.00 A
06620000 1993 03 07     116.00 A
06620000 1993 03 08     119.00 A
06620000 1993 03 09     118.00 A
06620000 1993 03 10     113.00 A
06620000 1993 03 11     107.00 A
06620000 1993 03 12     104.00 A
06620000 1993 03 13     111.00 A
06620000 1993 03 14     121.00 A
06620000 1993 03 15     127.00 A
06620000 1993 03 16     131.00 A
06620000 1993 03 17     135.00 A
06620000 1993 03 18     141.00 A
06620000 1993 03 19     150.00 A
06620000 1993 03 20     162.00 A
06620000 1993 03 21     176.00 A
06620000 1993 03 22     190.00 A
06620000 1993 03 23     213.00 A
06620000 1993 03 24     233.00 A
06620000 1993 03 25     255.00 A
06620000 1993 03 26     272.00 A
06620000 1993 03 27     297.00 A
06620000 1993 03 28     308.00 A
06620000 1993 03 29     308.00 A
06620000 1993 03 30     302.00 A
06620000 1993 03 31     292.00 A
06620000 1993 04 01     292.00 A
06620000 1993 04 02     292.00 A
06620000 1993 04 03     307.00 A
06620000 1993 04 04     330.00 A
06620000 1993 04 05     394.00 A
06620000 1993 04 06     475.00 A
06620000 1993 04 07     490.00 A
06620000 1993 04 08     465.00 A
06620000 1993 04 09     439.00 A
06620000 1993 04 10     491.00 A
06620000 1993 04 11     484.00 A
06620000 1993 04 12     475.00 A
06620000 1993 04 13     482.00 A
06620000 1993 04 14     444.00 A
06620000 1993 04 15     400.00 A
06620000 1993 04 16     395.00 A
06620000 1993 04 17     403.00 A
06620000 1993 04 18     424.00 A
06620000 1993 04 19     480.00 A
06620000 1993 04 20     434.00 A
06620000 1993 04 21     405.00 A
06620000 1993 04 22     425.00 A
06620000 1993 04 23     515.00 A
06620000 1993 04 24     659.00 A
06620000 1993 04 25     656.00 A
06620000 1993 04 26     626.00 A
06620000 1993 04 27     736.00 A
06620000 1993 04 28     934.00 A
06620000 1993 04 29     1050.00 A
06620000 1993 04 30     1050.00 A
06620000 1993 05 01     1040.00 A
06620000 1993 05 02     918.00 A
06620000 1993 05 03     840.00 A
06620000 1993 05 04     851.00 A
06620000 1993 05 05     993.00 A
06620000 1993 05 06     1170.00 A
06620000 1993 05 07     1070.00 A
06620000 1993 05 08     981.00 A
06620000 1993 05 09     879.00 A
06620000 1993 05 10     779.00 A
06620000 1993 05 11     694.00 A
06620000 1993 05 12     700.00 A
06620000 1993 05 13     794.00 A
06620000 1993 05 14     1010.00 A
06620000 1993 05 15     1210.00 A
06620000 1993 05 16     1510.00 A
06620000 1993 05 17     1870.00 A
06620000 1993 05 18     2040.00 A
06620000 1993 05 19     2060.00 A
06620000 1993 05 20     1960.00 A
06620000 1993 05 21     1870.00 A
06620000 1993 05 22     1950.00 A
06620000 1993 05 23     2030.00 A
06620000 1993 05 24     1990.00 A
06620000 1993 05 25     1740.00 A
06620000 1993 05 26     1580.00 A
06620000 1993 05 27     1530.00 A
06620000 1993 05 28     1640.00 A
06620000 1993 05 29     1650.00 A
06620000 1993 05 30     1780.00 A
06620000 1993 05 31     1870.00 A
06620000 1993 06 01     1790.00 A
06620000 1993 06 02     1730.00 A
06620000 1993 06 03     1840.00 A
06620000 1993 06 04     2090.00 A
06620000 1993 06 05     2110.00 A
06620000 1993 06 06     1640.00 A
06620000 1993 06 07     1440.00 A
06620000 1993 06 08     1570.00 A
06620000 1993 06 09     1650.00 A
06620000 1993 06 10     1470.00 A
06620000 1993 06 11     1220.00 A
06620000 1993 06 12     996.00 A
06620000 1993 06 13     827.00 A
06620000 1993 06 14     866.00 A
06620000 1993 06 15     907.00 A
06620000 1993 06 16     1030.00 A
06620000 1993 06 17     1270.00 A
06620000 1993 06 18     1980.00 A
06620000 1993 06 19     2360.00 A
06620000 1993 06 20     2360.00 A
06620000 1993 06 21     2190.00 A
06620000 1993 06 22     1990.00 A
06620000 1993 06 23     1770.00 A
06620000 1993 06 24     1670.00 A
06620000 1993 06 25     1460.00 A
06620000 1993 06 26     1290.00 A
06620000 1993 06 27     1190.00 A
06620000 1993 06 28     1190.00 A
06620000 1993 06 29     1240.00 A
06620000 1993 06 30     1220.00 A
06620000 1993 07 01     1260.00 A
06620000 1993 07 02     1170.00 A
06620000 1993 07 03     1090.00 A
06620000 1993 07 04     1170.00 A
06620000 1993 07 05     1090.00 A
06620000 1993 07 06     916.00 A
06620000 1993 07 07     754.00 A
06620000 1993 07 08     637.00 A
06620000 1993 07 09     588.00 A
06620000 1993 07 10     598.00 A
06620000 1993 07 11     662.00 A
06620000 1993 07 12     724.00 A
06620000 1993 07 13     844.00 A
06620000 1993 07 14     934.00 A
06620000 1993 07 15     918.00 A
06620000 1993 07 16     838.00 A
06620000 1993 07 17     781.00 A
06620000 1993 07 18     734.00 A
06620000 1993 07 19     678.00 A
06620000 1993 07 20     613.00 A
06620000 1993 07 21     617.00 A
06620000 1993 07 22     593.00 A
06620000 1993 07 23     546.00 A
06620000 1993 07 24     521.00 A
06620000 1993 07 25     549.00 A
06620000 1993 07 26     525.00 A
06620000 1993 07 27     455.00 A
06620000 1993 07 28     421.00 A
06620000 1993 07 29     393.00 A
06620000 1993 07 30     370.00 A
06620000 1993 07 31     350.00 A
06620000 1993 08 01     335.00 A
06620000 1993 08 02     321.00 A
06620000 1993 08 03     303.00 A
06620000 1993 08 04     289.00 A
06620000 1993 08 05     318.00 A
06620000 1993 08 06     359.00 A
06620000 1993 08 07     335.00 A
06620000 1993 08 08     298.00 A
06620000 1993 08 09     289.00 A
06620000 1993 08 10     287.00 A
06620000 1993 08 11     317.00 A
06620000 1993 08 12     327.00 A
06620000 1993 08 13     323.00 A
06620000 1993 08 14     286.00 A
06620000 1993 08 15     266.00 A
06620000 1993 08 16     267.00 A
06620000 1993 08 17     247.00 A
06620000 1993 08 18     215.00 A
06620000 1993 08 19     200.00 A
06620000 1993 08 20     190.00 A
06620000 1993 08 21     186.00 A
06620000 1993 08 22     212.00 A
06620000 1993 08 23     232.00 A
06620000 1993 08 24     213.00 A
06620000 1993 08 25     189.00 A
06620000 1993 08 26     175.00 A
06620000 1993 08 27     180.00 A
06620000 1993 08 28     194.00 A
06620000 1993 08 29     182.00 A
06620000 1993 08 30     160.00 A
06620000 1993 08 31     152.00 A
06620000 1993 09 01     144.00 A
06620000 1993 09 02     135.00 A
06620000 1993 09 03     139.00 A
06620000 1993 09 04     139.00 A
06620000 1993 09 05     128.00 A
06620000 1993 09 06     120.00 A
06620000 1993 09 07     120.00 A
06620000 1993 09 08     130.00 A
06620000 1993 09 09     135.00 A
06620000 1993 09 10     124.00 A
06620000 1993 09 11     112.00 A
06620000 1993 09 12     102.00 A
06620000 1993 09 13     103.00 A
06620000 1993 09 14     149.00 A
06620000 1993 09 15     184.00 A
06620000 1993 09 16     169.00 A
06620000 1993 09 17     178.00 A
06620000 1993 09 18     211.00 A
06620000 1993 09 19     200.00 A
06620000 1993 09 20     205.00 A
06620000 1993 09 21     198.00 A
06620000 1993 09 22     182.00 A
06620000 1993 09 23     162.00 A
06620000 1993 09 24     147.00 A
06620000 1993 09 25     139.00 A
06620000 1993 09 26     146.00 A
06620000 1993 09 27     151.00 A
06620000 1993 09 28     146.00 A
06620000 1993 09 29     142.00 A
06620000 1993 09 30     134.00 A
06620000 1993 10 01     126.00 A
06620000 1993 10 02     118.00 A
06620000 1993 10 03     115.00 A
06620000 1993 10 04     122.00 A
06620000 1993 10 05     123.00 A
06620000 1993 10 06     122.00 A
06620000 1993 10 07     118.00 A
06620000 1993 10 08     133.00 A
06620000 1993 10 09     144.00 A
06620000 1993 10 10     152.00 A
06620000 1993 10 11     161.00 A
06620000 1993 10 12     173.00 A
06620000 1993 10 13     182.00 A
06620000 1993 10 14     193.00 A
06620000 1993 10 15     218.00 A
06620000 1993 10 16     260.00 A
06620000 1993 10 17     245.00 A
06620000 1993 10 18     243.00 A
06620000 1993 10 19     250.00 A
06620000 1993 10 20     244.00 A
06620000 1993 10 21     223.00 A
06620000 1993 10 22     212.00 A
06620000 1993 10 23     197.00 A
06620000 1993 10 24     177.00 A
06620000 1993 10 25     170.00 A
06620000 1993 10 26     163.00 A
06620000 1993 10 27     151.00 A
06620000 1993 10 28     148.00 A
06620000 1993 10 29     143.00 A
06620000 1993 10 30     155.00 A
06620000 1993 10 31     172.00 A
06620000 1993 11 01     200.00 A
06620000 1993 11 02     195.00 A
06620000 1993 11 03     190.00 A
06620000 1993 11 04     182.00 A
06620000 1993 11 05     180.00 A
06620000 1993 11 06     190.00 A
06620000 1993 11 07     210.00 A
06620000 1993 11 08     230.00 A
06620000 1993 11 09     220.00 A
06620000 1993 11 10     210.00 A
06620000 1993 11 11     200.00 A
06620000 1993 11 12     190.00 A
06620000 1993 11 13     185.00 A
06620000 1993 11 14     180.00 A
06620000 1993 11 15     170.00 A
06620000 1993 11 16     180.00 A
06620000 1993 11 17     190.00 A
06620000 1993 11 18     195.00 A
06620000 1993 11 19     190.00 A
06620000 1993 11 20     180.00 A
06620000 1993 11 21     190.00 A
06620000 1993 11 22     190.00 A
06620000 1993 11 23     180.00 A
06620000 1993 11 24     160.00 A
06620000 1993 11 25     150.00 A
06620000 1993 11 26     160.00 A
06620000 1993 11 27     165.00 A
06620000 1993 11 28     165.00 A
06620000 1993 11 29     165.00 A
06620000 1993 11 30     170.00 A
06620000 1993 12 01     165.00 A
06620000 1993 12 02     160.00 A
06620000 1993 12 03     150.00 A
06620000 1993 12 04     140.00 A
06620000 1993 12 05     130.00 A
06620000 1993 12 06     140.00 A
06620000 1993 12 07     145.00 A
06620000 1993 12 08     150.00 A
06620000 1993 12 09     140.00 A
06620000 1993 12 10     135.00 A
06620000 1993 12 11     130.00 A
06620000 1993 12 12     125.00 A
06620000 1993 12 13     125.00 A
06620000 1993 12 14     125.00 A
06620000 1993 12 15     130.00 A
06620000 1993 12 16     130.00 A
06620000 1993 12 17     125.00 A
06620000 1993 12 18     120.00 A
06620000 1993 12 19     115.00 A
06620000 1993 12 20     110.00 A
06620000 1993 12 21     115.00 A
06620000 1993 12 22     110.00 A
06620000 1993 12 23     100.00 A
06620000 1993 12 24     98.00 A
06620000 1993 12 25     97.00 A
06620000 1993 12 26     100.00 A
06620000 1993 12 27     98.00 A
06620000 1993 12 28     95.00 A
06620000 1993 12 29     89.00 A
06620000 1993 12 30     88.00 A
06620000 1993 12 31     90.00 A
06620000 1994 01 01     93.00 A
06620000 1994 01 02     94.00 A
06620000 1994 01 03     97.00 A
06620000 1994 01 04     100.00 A
06620000 1994 01 05     98.00 A
06620000 1994 01 06     90.00 A
06620000 1994 01 07     84.00 A
06620000 1994 01 08     92.00 A
06620000 1994 01 09     90.00 A
06620000 1994 01 10     84.00 A
06620000 1994 01 11     80.00 A
06620000 1994 01 12     85.00 A
06620000 1994 01 13     90.00 A
06620000 1994 01 14     86.00 A
06620000 1994 01 15     81.00 A
06620000 1994 01 16     86.00 A
06620000 1994 01 17     90.00 A
06620000 1994 01 18     94.00 A
06620000 1994 01 19     91.00 A
06620000 1994 01 20     90.00 A
06620000 1994 01 21     86.00 A
06620000 1994 01 22     88.00 A
06620000 1994 01 23     89.00 A
06620000 1994 01 24     90.00 A
06620000 1994 01 25     88.00 A
06620000 1994 01 26     84.00 A
06620000 1994 01 27     81.00 A
06620000 1994 01 28     77.00 A
06620000 1994 01 29     75.00 A
06620000 1994 01 30     73.00 A
06620000 1994 01 31     68.00 A
06620000 1994 02 01     71.00 A
06620000 1994 02 02     72.00 A
06620000 1994 02 03     75.00 A
06620000 1994 02 04     75.00 A
06620000 1994 02 05     79.00 A
06620000 1994 02 06     82.00 A
06620000 1994 02 07     83.00 A
06620000 1994 02 08     80.00 A
06620000 1994 02 09     75.00 A
06620000 1994 02 10     80.00 A
06620000 1994 02 11     78.00 A
06620000 1994 02 12     76.00 A
06620000 1994 02 13     81.00 A
06620000 1994 02 14     84.00 A
06620000 1994 02 15     89.00 A
06620000 1994 02 16     93.00 A
06620000 1994 02 17     97.00 A
06620000 1994 02 18     101.00 A
06620000 1994 02 19     97.00 A
06620000 1994 02 20     95.00 A
06620000 1994 02 21     94.00 A
06620000 1994 02 22     94.00 A
06620000 1994 02 23     94.00 A
06620000 1994 02 24     98.00 A
06620000 1994 02 25     102.00 A
06620000 1994 02 26     115.00 A
06620000 1994 02 27     112.00 A
06620000 1994 02 28     109.00 A
06620000 1994 03 01     112.00 A
06620000 1994 03 02     120.00 A
06620000 1994 03 03     126.00 A
06620000 1994 03 04     130.00 A
06620000 1994 03 05     135.00 A
06620000 1994 03 06     140.00 A
06620000 1994 03 07     131.00 A
06620000 1994 03 08     125.00 A
06620000 1994 03 09     120.00 A
06620000 1994 03 10     129.00 A
06620000 1994 03 11     139.00 A
06620000 1994 03 12     140.00 A
06620000 1994 03 13     134.00 A
06620000 1994 03 14     144.00 A
06620000 1994 03 15     150.00 A
06620000 1994 03 16     155.00 A
06620000 1994 03 17     160.00 A
06620000 1994 03 18     160.00 A
06620000 1994 03 19     168.00 A
06620000 1994 03 20     188.00 A
06620000 1994 03 21     200.00 A
06620000 1994 03 22     210.00 A
06620000 1994 03 23     228.00 A
06620000 1994 03 24     220.00 A
06620000 1994 03 25     210.00 A
06620000 1994 03 26     210.00 A
06620000 1994 03 27     200.00 A
06620000 1994 03 28     210.00 A
06620000 1994 03 29     240.00 A
06620000 1994 03 30     230.00 A
06620000 1994 03 31     250.00 A
06620000 1994 04 01     260.00 A
06620000 1994 04 02     275.00 A
06620000 1994 04 03     300.00 A
06620000 1994 04 04     325.00 A
06620000 1994 04 05     350.00 A
06620000 1994 04 06     330.00 A
06620000 1994 04 07     320.00 A
06620000 1994 04 08     317.00 A
06620000 1994 04 09     295.00 A
06620000 1994 04 10     285.00 A
06620000 1994 04 11     292.00 A
06620000 1994 04 12     272.00 A
06620000 1994 04 13     302.00 A
06620000 1994 04 14     370.00 A
06620000 1994 04 15     433.00 A
06620000 1994 04 16     432.00 A
06620000 1994 04 17     497.00 A
06620000 1994 04 18     576.00 A
06620000 1994 04 19     676.00 A
06620000 1994 04 20     748.00 A
06620000 1994 04 21     779.00 A
06620000 1994 04 22     825.00 A
06620000 1994 04 23     952.00 A
06620000 1994 04 24     1040.00 A
06620000 1994 04 25     1080.00 A
06620000 1994 04 26     1050.00 A
06620000 1994 04 27     866.00 A
06620000 1994 04 28     727.00 A
06620000 1994 04 29     671.00 A
06620000 1994 04 30     638.00 A
06620000 1994 05 01     634.00 A
06620000 1994 05 02     688.00 A
06620000 1994 05 03     727.00 A
06620000 1994 05 04     607.00 A
06620000 1994 05 05     525.00 A
06620000 1994 05 06     523.00 A
06620000 1994 05 07     571.00 A
06620000 1994 05 08     672.00 A
06620000 1994 05 09     711.00 A
06620000 1994 05 10     697.00 A
06620000 1994 05 11     674.00 A
06620000 1994 05 12     662.00 A
06620000 1994 05 13     718.00 A
06620000 1994 05 14     781.00 A
06620000 1994 05 15     754.00 A
06620000 1994 05 16     727.00 A
06620000 1994 05 17     583.00 A
06620000 1994 05 18     648.00 A
06620000 1994 05 19     651.00 A
06620000 1994 05 20     618.00 A
06620000 1994 05 21     598.00 A
06620000 1994 05 22     525.00 A
06620000 1994 05 23     470.00 A
06620000 1994 05 24     440.00 A
06620000 1994 05 25     405.00 A
06620000 1994 05 26     413.00 A
06620000 1994 05 27     448.00 A
06620000 1994 05 28     486.00 A
06620000 1994 05 29     649.00 A
06620000 1994 05 30     802.00 A
06620000 1994 05 31     760.00 A
06620000 1994 06 01     832.00 A
06620000 1994 06 02     1010.00 A
06620000 1994 06 03     958.00 A
06620000 1994 06 04     824.00 A
06620000 1994 06 05     744.00 A
06620000 1994 06 06     699.00 A
06620000 1994 06 07     629.00 A
06620000 1994 06 08     579.00 A
06620000 1994 06 09     513.00 A
06620000 1994 06 10     470.00 A
06620000 1994 06 11     416.00 A
06620000 1994 06 12     384.00 A
06620000 1994 06 13     380.00 A
06620000 1994 06 14     394.00 A
06620000 1994 06 15     350.00 A
06620000 1994 06 16     328.00 A
06620000 1994 06 17     294.00 A
06620000 1994 06 18     282.00 A
06620000 1994 06 19     298.00 A
06620000 1994 06 20     347.00 A
06620000 1994 06 21     473.00 A
06620000 1994 06 22     576.00 A
06620000 1994 06 23     683.00 A
06620000 1994 06 24     546.00 A
06620000 1994 06 25     428.00 A
06620000 1994 06 26     341.00 A
06620000 1994 06 27     269.00 A
06620000 1994 06 28     216.00 A
06620000 1994 06 29     193.00 A
06620000 1994 06 30     208.00 A
06620000 1994 07 01     203.00 A
06620000 1994 07 02     190.00 A
06620000 1994 07 03     193.00 A
06620000 1994 07 04     234.00 A
06620000 1994 07 05     236.00 A
06620000 1994 07 06     213.00 A
06620000 1994 07 07     197.00 A
06620000 1994 07 08     204.00 A
06620000 1994 07 09     219.00 A
06620000 1994 07 10     206.00 A
06620000 1994 07 11     181.00 A
06620000 1994 07 12     176.00 A
06620000 1994 07 13     184.00 A
06620000 1994 07 14     223.00 A
06620000 1994 07 15     189.00 A
06620000 1994 07 16     169.00 A
06620000 1994 07 17     169.00 A
06620000 1994 07 18     170.00 A
06620000 1994 07 19     179.00 A
06620000 1994 07 20     160.00 A
06620000 1994 07 21     143.00 A
06620000 1994 07 22     144.00 A
06620000 1994 07 23     149.00 A
06620000 1994 07 24     157.00 A
06620000 1994 07 25     156.00 A
06620000 1994 07 26     147.00 A
06620000 1994 07 27     136.00 A
06620000 1994 07 28     124.00 A
06620000 1994 07 29     125.00 A
06620000 1994 07 30     125.00 A
06620000 1994 07 31     120.00 A
06620000 1994 08 01     122.00 A
06620000 1994 08 02     157.00 A
06620000 1994 08 03     169.00 A
06620000 1994 08 04     163.00 A
06620000 1994 08 05     140.00 A
06620000 1994 08 06     124.00 A
06620000 1994 08 07     111.00 A
06620000 1994 08 08     102.00 A
06620000 1994 08 09     99.00 A
06620000 1994 08 10     107.00 A
06620000 1994 08 11     116.00 A
06620000 1994 08 12     109.00 A
06620000 1994 08 13     99.00 A
06620000 1994 08 14     96.00 A
06620000 1994 08 15     91.00 A
06620000 1994 08 16     88.00 A
06620000 1994 08 17     82.00 A
06620000 1994 08 18     79.00 A
06620000 1994 08 19     75.00 A
06620000 1994 08 20     76.00 A
06620000 1994 08 21     90.00 A
06620000 1994 08 22     91.00 A
06620000 1994 08 23     84.00 A
06620000 1994 08 24     80.00 A
06620000 1994 08 25     74.00 A
06620000 1994 08 26     65.00 A
06620000 1994 08 27     61.00 A
06620000 1994 08 28     59.00 A
06620000 1994 08 29     58.00 A
06620000 1994 08 30     65.00 A
06620000 1994 08 31     63.00 A
06620000 1994 09 01     58.00 A
06620000 1994 09 02     64.00 A
06620000 1994 09 03     79.00 A
06620000 1994 09 04     78.00 A
06620000 1994 09 05     75.00 A
06620000 1994 09 06     62.00 A
06620000 1994 09 07     52.00 A
06620000 1994 09 08     46.00 A
06620000 1994 09 09     44.00 A
06620000 1994 09 10     44.00 A
06620000 1994 09 11     43.00 A
06620000 1994 09 12     38.00 A
06620000 1994 09 13     39.00 A
06620000 1994 09 14     38.00 A
06620000 1994 09 15     39.00 A
06620000 1994 09 16     45.00 A
06620000 1994 09 17     45.00 A
06620000 1994 09 18     44.00 A
06620000 1994 09 19     42.00 A
06620000 1994 09 20     41.00 A
06620000 1994 09 21     44.00 A
06620000 1994 09 22     46.00 A
06620000 1994 09 23     50.00 A
06620000 1994 09 24     50.00 A
06620000 1994 09 25     50.00 A
06620000 1994 09 26     51.00 A
06620000 1994 09 27     46.00 A
06620000 1994 09 28     45.00 A
06620000 1994 09 29     38.00 A
06620000 1994 09 30     39.00 A
06620000 1994 10 01     39.00 A
06620000 1994 10 02     43.00 A
06620000 1994 10 03     48.00 A
06620000 1994 10 04     52.00 A
06620000 1994 10 05     57.00 A
06620000 1994 10 06     56.00 A
06620000 1994 10 07     54.00 A
06620000 1994 10 08     61.00 A
06620000 1994 10 09     68.00 A
06620000 1994 10 10     73.00 A
06620000 1994 10 11     72.00 A
06620000 1994 10 12     68.00 A
06620000 1994 10 13     67.00 A
06620000 1994 10 14     67.00 A
06620000 1994 10 15     70.00 A
06620000 1994 10 16     66.00 A
06620000 1994 10 17     61.00 A
06620000 1994 10 18     61.00 A
06620000 1994 10 19     62.00 A
06620000 1994 10 20     66.00 A
06620000 1994 10 21     73.00 A
06620000 1994 10 22     68.00 A
06620000 1994 10 23     63.00 A
06620000 1994 10 24     56.00 A
06620000 1994 10 25     58.00 A
06620000 1994 10 26     61.00 A
06620000 1994 10 27     62.00 A
06620000 1994 10 28     65.00 A
06620000 1994 10 29     63.00 A
06620000 1994 10 30     58.00 A
06620000 1994 10 31     61.00 A
06620000 1994 11 01     62.00 A
06620000 1994 11 02     57.00 A
06620000 1994 11 03     53.00 A
06620000 1994 11 04     50.00 A
06620000 1994 11 05     52.00 A
06620000 1994 11 06     54.00 A
06620000 1994 11 07     61.00 A
06620000 1994 11 08     60.00 A
06620000 1994 11 09     62.00 A
06620000 1994 11 10     63.00 A
06620000 1994 11 11     64.00 A
06620000 1994 11 12     65.00 A
06620000 1994 11 13     66.00 A
06620000 1994 11 14     61.00 A
06620000 1994 11 15     64.00 A
06620000 1994 11 16     70.00 A
06620000 1994 11 17     67.00 A
06620000 1994 11 18     59.00 A
06620000 1994 11 19     60.00 A
06620000 1994 11 20     62.00 A
06620000 1994 11 21     60.00 A
06620000 1994 11 22     62.00 A
06620000 1994 11 23     59.00 A
06620000 1994 11 24     62.00 A
06620000 1994 11 25     64.00 A
06620000 1994 11 26     64.00 A
06620000 1994 11 27     52.00 A
06620000 1994 11 28     53.00 A
06620000 1994 11 29     55.00 A
06620000 1994 11 30     58.00 A
06620000 1994 12 01     61.00 A
06620000 1994 12 02     64.00 A
06620000 1994 12 03     64.00 A
06620000 1994 12 04     65.00 A
06620000 1994 12 05     66.00 A
06620000 1994 12 06     64.00 A
06620000 1994 12 07     62.00 A
06620000 1994 12 08     62.00 A
06620000 1994 12 09     59.00 A
06620000 1994 12 10     56.00 A
06620000 1994 12 11     54.00 A
06620000 1994 12 12     56.00 A
06620000 1994 12 13     58.00 A
06620000 1994 12 14     60.00 A
06620000 1994 12 15     61.00 A
06620000 1994 12 16     64.00 A
06620000 1994 12 17     66.00 A
06620000 1994 12 18     69.00 A
06620000 1994 12 19     69.00 A
06620000 1994 12 20     67.00 A
06620000 1994 12 21     64.00 A
06620000 1994 12 22     65.00 A
06620000 1994 12 23     67.00 A
06620000 1994 12 24     68.00 A
06620000 1994 12 25     68.00 A
06620000 1994 12 26     67.00 A
06620000 1994 12 27     66.00 A
06620000 1994 12 28     65.00 A
06620000 1994 12 29     63.00 A
06620000 1994 12 30     62.00 A
06620000 1994 12 31     57.00 A
06620000 1995 01 01     52.00 A
06620000 1995 01 02     50.00 A
06620000 1995 01 03     48.00 A
06620000 1995 01 04     52.00 A
06620000 1995 01 05     54.00 A
06620000 1995 01 06     56.00 A
06620000 1995 01 07     58.00 A
06620000 1995 01 08     61.00 A
06620000 1995 01 09     64.00 A
06620000 1995 01 10     69.00 A
06620000 1995 01 11     73.00 A
06620000 1995 01 12     76.00 A
06620000 1995 01 13     79.00 A
06620000 1995 01 14     76.00 A
06620000 1995 01 15     73.00 A
06620000 1995 01 16     72.00 A
06620000 1995 01 17     70.00 A
06620000 1995 01 18     67.00 A
06620000 1995 01 19     66.00 A
06620000 1995 01 20     66.00 A
06620000 1995 01 21     66.00 A
06620000 1995 01 22     67.00 A
06620000 1995 01 23     70.00 A
06620000 1995 01 24     72.00 A
06620000 1995 01 25     75.00 A
06620000 1995 01 26     75.00 A
06620000 1995 01 27     74.00 A
06620000 1995 01 28     74.00 A
06620000 1995 01 29     76.00 A
06620000 1995 01 30     80.00 A
06620000 1995 01 31     85.00 A
06620000 1995 02 01     90.00 A
06620000 1995 02 02     91.00 A
06620000 1995 02 03     92.00 A
06620000 1995 02 04     90.00 A
06620000 1995 02 05     89.00 A
06620000 1995 02 06     90.00 A
06620000 1995 02 07     91.00 A
06620000 1995 02 08     90.00 A
06620000 1995 02 09     89.00 A
06620000 1995 02 10     84.00 A
06620000 1995 02 11     80.00 A
06620000 1995 02 12     84.00 A
06620000 1995 02 13     92.00 A
06620000 1995 02 14     100.00 A
06620000 1995 02 15     105.00 A
06620000 1995 02 16     110.00 A
06620000 1995 02 17     110.00 A
06620000 1995 02 18     120.00 A
06620000 1995 02 19     125.00 A
06620000 1995 02 20     130.00 A
06620000 1995 02 21     125.00 A
06620000 1995 02 22     125.00 A
06620000 1995 02 23     125.00 A
06620000 1995 02 24     130.00 A
06620000 1995 02 25     130.00 A
06620000 1995 02 26     130.00 A
06620000 1995 02 27     130.00 A
06620000 1995 02 28     130.00 A
06620000 1995 03 01     140.00 A
06620000 1995 03 02     145.00 A
06620000 1995 03 03     150.00 A
06620000 1995 03 04     160.00 A
06620000 1995 03 05     160.00 A
06620000 1995 03 06     160.00 A
06620000 1995 03 07     170.00 A
06620000 1995 03 08     170.00 A
06620000 1995 03 09     180.00 A
06620000 1995 03 10     185.00 A
06620000 1995 03 11     190.00 A
06620000 1995 03 12     190.00 A
06620000 1995 03 13     190.00 A
06620000 1995 03 14     195.00 A
06620000 1995 03 15     200.00 A
06620000 1995 03 16     210.00 A
06620000 1995 03 17     220.00 A
06620000 1995 03 18     230.00 A
06620000 1995 03 19     230.00 A
06620000 1995 03 20     240.00 A
06620000 1995 03 21     250.00 A
06620000 1995 03 22     260.00 A
06620000 1995 03 23     270.00 A
06620000 1995 03 24     270.00 A
06620000 1995 03 25     250.00 A
06620000 1995 03 26     237.00 A
06620000 1995 03 27     218.00 A
06620000 1995 03 28     272.00 A
06620000 1995 03 29     247.00 A
06620000 1995 03 30     206.00 A
06620000 1995 03 31     226.00 A
06620000 1995 04 01     225.00 A
06620000 1995 04 02     269.00 A
06620000 1995 04 03     241.00 A
06620000 1995 04 04     181.00 A
06620000 1995 04 05     195.00 A
06620000 1995 04 06     208.00 A
06620000 1995 04 07     229.00 A
06620000 1995 04 08     230.00 A
06620000 1995 04 09     233.00 A
06620000 1995 04 10     202.00 A
06620000 1995 04 11     176.00 A
06620000 1995 04 12     177.00 A
06620000 1995 04 13     183.00 A
06620000 1995 04 14     192.00 A
06620000 1995 04 15     198.00 A
06620000 1995 04 16     179.00 A
06620000 1995 04 17     159.00 A
06620000 1995 04 18     159.00 A
06620000 1995 04 19     153.00 A
06620000 1995 04 20     147.00 A
06620000 1995 04 21     145.00 A
06620000 1995 04 22     139.00 A
06620000 1995 04 23     130.00 A
06620000 1995 04 24     140.00 A
06620000 1995 04 25     144.00 A
06620000 1995 04 26     155.00 A
06620000 1995 04 27     165.00 A
06620000 1995 04 28     171.00 A
06620000 1995 04 29     172.00 A
06620000 1995 04 30     192.00 A
06620000 1995 05 01     270.00 A
06620000 1995 05 02     357.00 A
06620000 1995 05 03     517.00 A
06620000 1995 05 04     468.00 A
06620000 1995 05 05     365.00 A
06620000 1995 05 06     324.00 A
06620000 1995 05 07     303.00 A
06620000 1995 05 08     284.00 A
06620000 1995 05 09     333.00 A
06620000 1995 05 10     353.00 A
06620000 1995 05 11     344.00 A
06620000 1995 05 12     359.00 A
06620000 1995 05 13     417.00 A
06620000 1995 05 14     452.00 A
06620000 1995 05 15     425.00 A
06620000 1995 05 16     382.00 A
06620000 1995 05 17     436.00 A
06620000 1995 05 18     563.00 A
06620000 1995 05 19     492.00 A
06620000 1995 05 20     418.00 A
06620000 1995 05 21     474.00 A
06620000 1995 05 22     568.00 A
06620000 1995 05 23     575.00 A
06620000 1995 05 24     694.00 A
06620000 1995 05 25     947.00 A
06620000 1995 05 26     933.00 A
06620000 1995 05 27     877.00 A
06620000 1995 05 28     1090.00 A
06620000 1995 05 29     1200.00 A
06620000 1995 05 30     1340.00 A
06620000 1995 05 31     1660.00 A
06620000 1995 06 01     1680.00 A
06620000 1995 06 02     1540.00 A
06620000 1995 06 03     1490.00 A
06620000 1995 06 04     1450.00 A
06620000 1995 06 05     1480.00 A
06620000 1995 06 06     1630.00 A
06620000 1995 06 07     1790.00 A
06620000 1995 06 08     1930.00 A
06620000 1995 06 09     2340.00 A
06620000 1995 06 10     2540.00 A
06620000 1995 06 11     2560.00 A
06620000 1995 06 12     2080.00 A
06620000 1995 06 13     1640.00 A
06620000 1995 06 14     1600.00 A
06620000 1995 06 15     1770.00 A
06620000 1995 06 16     2100.00 A
06620000 1995 06 17     2480.00 A
06620000 1995 06 18     3310.00 A
06620000 1995 06 19     4050.00 A
06620000 1995 06 20     3850.00 A
06620000 1995 06 21     3060.00 A
06620000 1995 06 22     2600.00 A
06620000 1995 06 23     2440.00 A
06620000 1995 06 24     2340.00 A
06620000 1995 06 25     2240.00 A
06620000 1995 06 26     2240.00 A
06620000 1995 06 27     1950.00 A
06620000 1995 06 28     1830.00 A
06620000 1995 06 29     1840.00 A
06620000 1995 06 30     2100.00 A
06620000 1995 07 01     1980.00 A
06620000 1995 07 02     1720.00 A
06620000 1995 07 03     1840.00 A
06620000 1995 07 04     2130.00 A
06620000 1995 07 05     2160.00 A
06620000 1995 07 06     1910.00 A
06620000 1995 07 07     1660.00 A
06620000 1995 07 08     1590.00 A
06620000 1995 07 09     1730.00 A
06620000 1995 07 10     1800.00 A
06620000 1995 07 11     1950.00 A
06620000 1995 07 12     2030.00 A
06620000 1995 07 13     2080.00 A
06620000 1995 07 14     2310.00 A
06620000 1995 07 15     2570.00 A
06620000 1995 07 16     2590.00 A
06620000 1995 07 17     2180.00 A
06620000 1995 07 18     1980.00 A
06620000 1995 07 19     1850.00 A
06620000 1995 07 20     1870.00 A
06620000 1995 07 21     1880.00 A
06620000 1995 07 22     1690.00 A
06620000 1995 07 23     1440.00 A
06620000 1995 07 24     1280.00 A
06620000 1995 07 25     1170.00 A
06620000 1995 07 26     1070.00 A
06620000 1995 07 27     1000.00 A
06620000 1995 07 28     917.00 A
06620000 1995 07 29     851.00 A
06620000 1995 07 30     785.00 A
06620000 1995 07 31     737.00 A
06620000 1995 08 01     710.00 A
06620000 1995 08 02     649.00 A
06620000 1995 08 03     601.00 A
06620000 1995 08 04     564.00 A
06620000 1995 08 05     544.00 A
06620000 1995 08 06     533.00 A
06620000 1995 08 07     504.00 A
06620000 1995 08 08     465.00 A
06620000 1995 08 09     430.00 A
06620000 1995 08 10     424.00 A
06620000 1995 08 11     420.00 A
06620000 1995 08 12     440.00 A
06620000 1995 08 13     449.00 A
06620000 1995 08 14     405.00 A
06620000 1995 08 15     379.00 A
06620000 1995 08 16     343.00 A
06620000 1995 08 17     315.00 A
06620000 1995 08 18     279.00 A
06620000 1995 08 19     262.00 A
06620000 1995 08 20     252.00 A
06620000 1995 08 21     255.00 A
06620000 1995 08 22     254.00 A
06620000 1995 08 23     274.00 A
06620000 1995 08 24     289.00 A
06620000 1995 08 25     284.00 A
06620000 1995 08 26     281.00 A
06620000 1995 08 27     250.00 A
06620000 1995 08 28     243.00 A
06620000 1995 08 29     228.00 A
06620000 1995 08 30     196.00 A
06620000 1995 08 31     173.00 A
06620000 1995 09 01     161.00 A
06620000 1995 09 02     147.00 A
06620000 1995 09 03     141.00 A
06620000 1995 09 04     136.00 A
06620000 1995 09 05     131.00 A
06620000 1995 09 06     134.00 A
06620000 1995 09 07     146.00 A
06620000 1995 09 08     173.00 A
06620000 1995 09 09     235.00 A
06620000 1995 09 10     231.00 A
06620000 1995 09 11     203.00 A
06620000 1995 09 12     195.00 A
06620000 1995 09 13     172.00 A
06620000 1995 09 14     150.00 A
06620000 1995 09 15     137.00 A
06620000 1995 09 16     122.00 A
06620000 1995 09 17     119.00 A
06620000 1995 09 18     110.00 A
06620000 1995 09 19     114.00 A
06620000 1995 09 20     131.00 A
06620000 1995 09 21     188.00 A
06620000 1995 09 22     250.00 A
06620000 1995 09 23     251.00 A
06620000 1995 09 24     228.00 A
06620000 1995 09 25     199.00 A
06620000 1995 09 26     182.00 A
06620000 1995 09 27     158.00 A
06620000 1995 09 28     141.00 A
06620000 1995 09 29     143.00 A
06620000 1995 09 30     167.00 A
06620000 1995 10 01     198.00 A
06620000 1995 10 02     211.00 A
06620000 1995 10 03     194.00 A
06620000 1995 10 04     191.00 A
06620000 1995 10 05     206.00 A
06620000 1995 10 06     217.00 A
06620000 1995 10 07     207.00 A
06620000 1995 10 08     204.00 A
06620000 1995 10 09     202.00 A
06620000 1995 10 10     197.00 A
06620000 1995 10 11     180.00 A
06620000 1995 10 12     177.00 A
06620000 1995 10 13     182.00 A
06620000 1995 10 14     211.00 A
06620000 1995 10 15     216.00 A
06620000 1995 10 16     198.00 A
06620000 1995 10 17     183.00 A
06620000 1995 10 18     175.00 A
06620000 1995 10 19     161.00 A
06620000 1995 10 20     161.00 A
06620000 1995 10 21     162.00 A
06620000 1995 10 22     165.00 A
06620000 1995 10 23     151.00 A
06620000 1995 10 24     172.00 A
06620000 1995 10 25     191.00 A
06620000 1995 10 26     204.00 A
06620000 1995 10 27     217.00 A
06620000 1995 10 28     216.00 A
06620000 1995 10 29     211.00 A
06620000 1995 10 30     212.00 A
06620000 1995 10 31     240.00 A
06620000 1995 11 01     320.00 A
06620000 1995 11 02     343.00 A
06620000 1995 11 03     261.00 A
06620000 1995 11 04     256.00 A
06620000 1995 11 05     226.00 A
06620000 1995 11 06     265.00 A
06620000 1995 11 07     279.00 A
06620000 1995 11 08     225.00 A
06620000 1995 11 09     260.00 A
06620000 1995 11 10     235.00 A
06620000 1995 11 11     120.00 A
06620000 1995 11 12     280.00 A
06620000 1995 11 13     314.00 A
06620000 1995 11 14     435.00 A
06620000 1995 11 15     495.00 A
06620000 1995 11 16     451.00 A
06620000 1995 11 17     378.00 A
06620000 1995 11 18     363.00 A
06620000 1995 11 19     318.00 A
06620000 1995 11 20     297.00 A
06620000 1995 11 21     274.00 A
06620000 1995 11 22     262.00 A
06620000 1995 11 23     260.00 A
06620000 1995 11 24     240.00 A
06620000 1995 11 25     224.00 A
06620000 1995 11 26     242.00 A
06620000 1995 11 27     223.00 A
06620000 1995 11 28     121.00 A
06620000 1995 11 29     199.00 A
06620000 1995 11 30     298.00 A
06620000 1995 12 01     322.00 A
06620000 1995 12 02     272.00 A
06620000 1995 12 03     291.00 A
06620000 1995 12 04     219.00 A
06620000 1995 12 05     257.00 A
06620000 1995 12 06     258.00 A
06620000 1995 12 07     225.00 A
06620000 1995 12 08     163.00 A
06620000 1995 12 09     143.00 A
06620000 1995 12 10     247.00 A
06620000 1995 12 11     286.00 A
06620000 1995 12 12     269.00 A
06620000 1995 12 13     263.00 A
06620000 1995 12 14     219.00 A
06620000 1995 12 15     180.00 A
06620000 1995 12 16     130.00 A
06620000 1995 12 17     150.00 A
06620000 1995 12 18     140.00 A
06620000 1995 12 19     130.00 A
06620000 1995 12 20     120.00 A
06620000 1995 12 21     110.00 A
06620000 1995 12 22     120.00 A
06620000 1995 12 23     110.00 A
06620000 1995 12 24     120.00 A
06620000 1995 12 25     130.00 A
06620000 1995 12 26     140.00 A
06620000 1995 12 27     130.00 A
06620000 1995 12 28     120.00 A
06620000 1995 12 29     130.00 A
06620000 1995 12 30     140.00 A
06620000 1995 12 31     150.00 A
06620000 1996 01 01     130.00 A
06620000 1996 01 02     110.00 A
06620000 1996 01 03     130.00 A
06620000 1996 01 04     110.00 A
06620000 1996 01 05     100.00 A
06620000 1996 01 06     90.00 A
06620000 1996 01 07     110.00 A
06620000 1996 01 08     130.00 A
06620000 1996 01 09     150.00 A
06620000 1996 01 10     160.00 A
06620000 1996 01 11     150.00 A
06620000 1996 01 12     130.00 A
06620000 1996 01 13     120.00 A
06620000 1996 01 14     120.00 A
06620000 1996 01 15     130.00 A
06620000 1996 01 16     150.00 A
06620000 1996 01 17     110.00 A
06620000 1996 01 18     93.00 A
06620000 1996 01 19     100.00 A
06620000 1996 01 20     120.00 A
06620000 1996 01 21     140.00 A
06620000 1996 01 22     115.00 A
06620000 1996 01 23     100.00 A
06620000 1996 01 24     115.00 A
06620000 1996 01 25     120.00 A
06620000 1996 01 26     110.00 A
06620000 1996 01 27     120.00 A
06620000 1996 01 28     130.00 A
06620000 1996 01 29     130.00 A
06620000 1996 01 30     130.00 A
06620000 1996 01 31     120.00 A
06620000 1996 02 01     100.00 A
06620000 1996 02 02     85.00 A
06620000 1996 02 03     110.00 A
06620000 1996 02 04     140.00 A
06620000 1996 02 05     150.00 A
06620000 1996 02 06     165.00 A
06620000 1996 02 07     180.00 A
06620000 1996 02 08     190.00 A
06620000 1996 02 09     170.00 A
06620000 1996 02 10     150.00 A
06620000 1996 02 11     130.00 A
06620000 1996 02 12     150.00 A
06620000 1996 02 13     160.00 A
06620000 1996 02 14     170.00 A
06620000 1996 02 15     160.00 A
06620000 1996 02 16     140.00 A
06620000 1996 02 17     150.00 A
06620000 1996 02 18     170.00 A
06620000 1996 02 19     190.00 A
06620000 1996 02 20     190.00 A
06620000 1996 02 21     180.00 A
06620000 1996 02 22     160.00 A
06620000 1996 02 23     140.00 A
06620000 1996 02 24     160.00 A
06620000 1996 02 25     180.00 A
06620000 1996 02 26     150.00 A
06620000 1996 02 27     130.00 A
06620000 1996 02 28     120.00 A
06620000 1996 02 29     110.00 A
06620000 1996 03 01     130.00 A
06620000 1996 03 02     150.00 A
06620000 1996 03 03     170.00 A
06620000 1996 03 04     190.00 A
06620000 1996 03 05     150.00 A
06620000 1996 03 06     120.00 A
06620000 1996 03 07     140.00 A
06620000 1996 03 08     160.00 A
06620000 1996 03 09     185.00 A
06620000 1996 03 10     170.00 A
06620000 1996 03 11     160.00 A
06620000 1996 03 12     150.00 A
06620000 1996 03 13     130.00 A
06620000 1996 03 14     135.00 A
06620000 1996 03 15     140.00 A
06620000 1996 03 16     150.00 A
06620000 1996 03 17     160.00 A
06620000 1996 03 18     140.00 A
06620000 1996 03 19     130.00 A
06620000 1996 03 20     165.00 A
06620000 1996 03 21     190.00 A
06620000 1996 03 22     210.00 A
06620000 1996 03 23     190.00 A
06620000 1996 03 24     170.00 A
06620000 1996 03 25     150.00 A
06620000 1996 03 26     160.00 A
06620000 1996 03 27     180.00 A
06620000 1996 03 28     190.00 A
06620000 1996 03 29     210.00 A
06620000 1996 03 30     230.00 A
06620000 1996 03 31     250.00 A
06620000 1996 04 01     270.00 A
06620000 1996 04 02     320.00 A
06620000 1996 04 03     450.00 A
06620000 1996 04 04     800.00 A
06620000 1996 04 05     1500.00 A
06620000 1996 04 06     2300.00 A
06620000 1996 04 07     2340.00 A
06620000 1996 04 08     2290.00 A
06620000 1996 04 09     2580.00 A
06620000 1996 04 10     3130.00 A
06620000 1996 04 11     3760.00 A
06620000 1996 04 12     3300.00 A
06620000 1996 04 13     2310.00 A
06620000 1996 04 14     1670.00 A
06620000 1996 04 15     1270.00 A
06620000 1996 04 16     1240.00 A
06620000 1996 04 17     1360.00 A
06620000 1996 04 18     1420.00 A
06620000 1996 04 19     1270.00 A
06620000 1996 04 20     1020.00 A
06620000 1996 04 21     923.00 A
06620000 1996 04 22     830.00 A
06620000 1996 04 23     760.00 A
06620000 1996 04 24     829.00 A
06620000 1996 04 25     1360.00 A
06620000 1996 04 26     1870.00 A
06620000 1996 04 27     1810.00 A
06620000 1996 04 28     1530.00 A
06620000 1996 04 29     1330.00 A
06620000 1996 04 30     1070.00 A
06620000 1996 05 01     966.00 A
06620000 1996 05 02     998.00 A
06620000 1996 05 03     1120.00 A
06620000 1996 05 04     1210.00 A
06620000 1996 05 05     1310.00 A
06620000 1996 05 06     1500.00 A
06620000 1996 05 07     1710.00 A
06620000 1996 05 08     1920.00 A
06620000 1996 05 09     2050.00 A
06620000 1996 05 10     2160.00 A
06620000 1996 05 11     2300.00 A
06620000 1996 05 12     2240.00 A
06620000 1996 05 13     2220.00 A
06620000 1996 05 14     2300.00 A
06620000 1996 05 15     2500.00 A
06620000 1996 05 16     2660.00 A
06620000 1996 05 17     2840.00 A
06620000 1996 05 18     3030.00 A
06620000 1996 05 19     3480.00 A
06620000 1996 05 20     3530.00 A
06620000 1996 05 21     3240.00 A
06620000 1996 05 22     2690.00 A
06620000 1996 05 23     2100.00 A
06620000 1996 05 24     1830.00 A
06620000 1996 05 25     1730.00 A
06620000 1996 05 26     1920.00 A
06620000 1996 05 27     2240.00 A
06620000 1996 05 28     2480.00 A
06620000 1996 05 29     2560.00 A
06620000 1996 05 30     2240.00 A
06620000 1996 05 31     1830.00 A
06620000 1996 06 01     1560.00 A
06620000 1996 06 02     1360.00 A
06620000 1996 06 03     1190.00 A
06620000 1996 06 04     1090.00 A
06620000 1996 06 05     1170.00 A
06620000 1996 06 06     1310.00 A
06620000 1996 06 07     1510.00 A
06620000 1996 06 08     1630.00 A
06620000 1996 06 09     1730.00 A
06620000 1996 06 10     1900.00 A
06620000 1996 06 11     1960.00 A
06620000 1996 06 12     2000.00 A
06620000 1996 06 13     1990.00 A
06620000 1996 06 14     1980.00 A
06620000 1996 06 15     2020.00 A
06620000 1996 06 16     2120.00 A
06620000 1996 06 17     2120.00 A
06620000 1996 06 18     2120.00 A
06620000 1996 06 19     1880.00 A
06620000 1996 06 20     1670.00 A
06620000 1996 06 21     1780.00 A
06620000 1996 06 22     2440.00 A
06620000 1996 06 23     3330.00 A
06620000 1996 06 24     3360.00 A
06620000 1996 06 25     2590.00 A
06620000 1996 06 26     1730.00 A
06620000 1996 06 27     1570.00 A
06620000 1996 06 28     1720.00 A
06620000 1996 06 29     1710.00 A
06620000 1996 06 30     1540.00 A
06620000 1996 07 01     1260.00 A
06620000 1996 07 02     1090.00 A
06620000 1996 07 03     1020.00 A
06620000 1996 07 04     997.00 A
06620000 1996 07 05     1040.00 A
06620000 1996 07 06     1150.00 A
06620000 1996 07 07     1220.00 A
06620000 1996 07 08     1080.00 A
06620000 1996 07 09     973.00 A
06620000 1996 07 10     952.00 A
06620000 1996 07 11     840.00 A
06620000 1996 07 12     712.00 A
06620000 1996 07 13     643.00 A
06620000 1996 07 14     591.00 A
06620000 1996 07 15     595.00 A
06620000 1996 07 16     626.00 A
06620000 1996 07 17     557.00 A
06620000 1996 07 18     556.00 A
06620000 1996 07 19     603.00 A
06620000 1996 07 20     591.00 A
06620000 1996 07 21     493.00 A
06620000 1996 07 22     449.00 A
06620000 1996 07 23     455.00 A
06620000 1996 07 24     403.00 A
06620000 1996 07 25     376.00 A
06620000 1996 07 26     368.00 A
06620000 1996 07 27     358.00 A
06620000 1996 07 28     338.00 A
06620000 1996 07 29     372.00 A
06620000 1996 07 30     492.00 A
06620000 1996 07 31     498.00 A
06620000 1996 08 01     416.00 A
06620000 1996 08 02     354.00 A
06620000 1996 08 03     337.00 A
06620000 1996 08 04     382.00 A
06620000 1996 08 05     380.00 A
06620000 1996 08 06     334.00 A
06620000 1996 08 07     292.00 A
06620000 1996 08 08     264.00 A
06620000 1996 08 09     245.00 A
06620000 1996 08 10     231.00 A
06620000 1996 08 11     224.00 A
06620000 1996 08 12     215.00 A
06620000 1996 08 13     203.00 A
06620000 1996 08 14     194.00 A
06620000 1996 08 15     192.00 A
06620000 1996 08 16     189.00 A
06620000 1996 08 17     182.00 A
06620000 1996 08 18     173.00 A
06620000 1996 08 19     163.00 A
06620000 1996 08 20     170.00 A
06620000 1996 08 21     176.00 A
06620000 1996 08 22     171.00 A
06620000 1996 08 23     165.00 A
06620000 1996 08 24     156.00 A
06620000 1996 08 25     142.00 A
06620000 1996 08 26     131.00 A
06620000 1996 08 27     127.00 A
06620000 1996 08 28     130.00 A
06620000 1996 08 29     138.00 A
06620000 1996 08 30     132.00 A
06620000 1996 08 31     127.00 A
06620000 1996 09 01     121.00 A
06620000 1996 09 02     107.00 A
06620000 1996 09 03     97.00 A
06620000 1996 09 04     90.00 A
06620000 1996 09 05     86.00 A
06620000 1996 09 06     83.00 A
06620000 1996 09 07     102.00 A
06620000 1996 09 08     115.00 A
06620000 1996 09 09     112.00 A
06620000 1996 09 10     99.00 A
06620000 1996 09 11     90.00 A
06620000 1996 09 12     85.00 A
06620000 1996 09 13     86.00 A
06620000 1996 09 14     87.00 A
06620000 1996 09 15     88.00 A
06620000 1996 09 16     88.00 A
06620000 1996 09 17     82.00 A
06620000 1996 09 18     81.00 A
06620000 1996 09 19     81.00 A
06620000 1996 09 20     86.00 A
06620000 1996 09 21     87.00 A
06620000 1996 09 22     92.00 A
06620000 1996 09 23     94.00 A
06620000 1996 09 24     112.00 A
06620000 1996 09 25     137.00 A
06620000 1996 09 26     210.00 A
06620000 1996 09 27     235.00 A
06620000 1996 09 28     209.00 A
06620000 1996 09 29     184.00 A
06620000 1996 09 30     169.00 A
06620000 1996 10 01     153.00 A
06620000 1996 10 02     151.00 A
06620000 1996 10 03     147.00 A
06620000 1996 10 04     140.00 A
06620000 1996 10 05     143.00 A
06620000 1996 10 06     137.00 A
06620000 1996 10 07     127.00 A
06620000 1996 10 08     124.00 A
06620000 1996 10 09     118.00 A
06620000 1996 10 10     114.00 A
06620000 1996 10 11     111.00 A
06620000 1996 10 12     106.00 A
06620000 1996 10 13     99.00 A
06620000 1996 10 14     97.00 A
06620000 1996 10 15     100.00 A
06620000 1996 10 16     102.00 A
06620000 1996 10 17     97.00 A
06620000 1996 10 18     105.00 A
06620000 1996 10 19     124.00 A
06620000 1996 10 20     129.00 A
06620000 1996 10 21     120.00 A
06620000 1996 10 22     102.00 A
06620000 1996 10 23     102.00 A
06620000 1996 10 24     113.00 A
06620000 1996 10 25     116.00 A
06620000 1996 10 26     120.00 A
06620000 1996 10 27     120.00 A
06620000 1996 10 28     130.00 A
06620000 1996 10 29     173.00 A
06620000 1996 10 30     149.00 A
06620000 1996 10 31     184.00 A
06620000 1996 11 01     209.00 A
06620000 1996 11 02     201.00 A
06620000 1996 11 03     192.00 A
06620000 1996 11 04     211.00 A
06620000 1996 11 05     215.00 A
06620000 1996 11 06     178.00 A
06620000 1996 11 07     141.00 A
06620000 1996 11 08     250.00 A
06620000 1996 11 09     235.00 A
06620000 1996 11 10     249.00 A
06620000 1996 11 11     239.00 A
06620000 1996 11 12     251.00 A
06620000 1996 11 13     253.00 A
06620000 1996 11 14     231.00 A
06620000 1996 11 15     218.00 A
06620000 1996 11 16     188.00 A
06620000 1996 11 17     148.00 A
06620000 1996 11 18     240.00 A
06620000 1996 11 19     300.00 A
06620000 1996 11 20     358.00 A
06620000 1996 11 21     368.00 A
06620000 1996 11 22     405.00 A
06620000 1996 11 23     468.00 A
06620000 1996 11 24     404.00 A
06620000 1996 11 25     290.00 A
06620000 1996 11 26     270.00 A
06620000 1996 11 27     253.00 A
06620000 1996 11 28     235.00 A
06620000 1996 11 29     276.00 A
06620000 1996 11 30     258.00 A
06620000 1996 12 01     223.00 A
06620000 1996 12 02     209.00 A
06620000 1996 12 03     174.00 A
06620000 1996 12 04     185.00 A
06620000 1996 12 05     205.00 A
06620000 1996 12 06     200.00 A
06620000 1996 12 07     210.00 A
06620000 1996 12 08     220.00 A
06620000 1996 12 09     230.00 A
06620000 1996 12 10     250.00 A
06620000 1996 12 11     230.00 A
06620000 1996 12 12     220.00 A
06620000 1996 12 13     200.00 A
06620000 1996 12 14     170.00 A
06620000 1996 12 15     155.00 A
06620000 1996 12 16     150.00 A
06620000 1996 12 17     140.00 A
06620000 1996 12 18     130.00 A
06620000 1996 12 19     140.00 A
06620000 1996 12 20     150.00 A
06620000 1996 12 21     170.00 A
06620000 1996 12 22     170.00 A
06620000 1996 12 23     160.00 A
06620000 1996 12 24     160.00 A
06620000 1996 12 25     170.00 A
06620000 1996 12 26     180.00 A
06620000 1996 12 27     190.00 A
06620000 1996 12 28     200.00 A
06620000 1996 12 29     200.00 A
06620000 1996 12 30     205.00 A
06620000 1996 12 31     205.00 A
06620000 1997 01 01     210.00 A
06620000 1997 01 02     220.00 A
06620000 1997 01 03     210.00 A
06620000 1997 01 04     200.00 A
06620000 1997 01 05     170.00 A
06620000 1997 01 06     150.00 A
06620000 1997 01 07     130.00 A
06620000 1997 01 08     135.00 A
06620000 1997 01 09     140.00 A
06620000 1997 01 10     150.00 A
06620000 1997 01 11     140.00 A
06620000 1997 01 12     125.00 A
06620000 1997 01 13     135.00 A
06620000 1997 01 14     140.00 A
06620000 1997 01 15     145.00 A
06620000 1997 01 16     150.00 A
06620000 1997 01 17     160.00 A
06620000 1997 01 18     165.00 A
06620000 1997 01 19     165.00 A
06620000 1997 01 20     170.00 A
06620000 1997 01 21     160.00 A
06620000 1997 01 22     160.00 A
06620000 1997 01 23     150.00 A
06620000 1997 01 24     140.00 A
06620000 1997 01 25     150.00 A
06620000 1997 01 26     160.00 A
06620000 1997 01 27     150.00 A
06620000 1997 01 28     150.00 A
06620000 1997 01 29     145.00 A
06620000 1997 01 30     150.00 A
06620000 1997 01 31     160.00 A
06620000 1997 02 01     170.00 A
06620000 1997 02 02     160.00 A
06620000 1997 02 03     150.00 A
06620000 1997 02 04     140.00 A
06620000 1997 02 05     145.00 A
06620000 1997 02 06     140.00 A
06620000 1997 02 07     140.00 A
06620000 1997 02 08     140.00 A
06620000 1997 02 09     140.00 A
06620000 1997 02 10     145.00 A
06620000 1997 02 11     150.00 A
06620000 1997 02 12     160.00 A
06620000 1997 02 13     160.00 A
06620000 1997 02 14     150.00 A
06620000 1997 02 15     155.00 A
06620000 1997 02 16     160.00 A
06620000 1997 02 17     165.00 A
06620000 1997 02 18     170.00 A
06620000 1997 02 19     165.00 A
06620000 1997 02 20     160.00 A
06620000 1997 02 21     150.00 A
06620000 1997 02 22     145.00 A
06620000 1997 02 23     145.00 A
06620000 1997 02 24     140.00 A
06620000 1997 02 25     140.00 A
06620000 1997 02 26     140.00 A
06620000 1997 02 27     145.00 A
06620000 1997 02 28     150.00 A
06620000 1997 03 01     140.00 A
06620000 1997 03 02     145.00 A
06620000 1997 03 03     140.00 A
06620000 1997 03 04     125.00 A
06620000 1997 03 05     125.00 A
06620000 1997 03 06     130.00 A
06620000 1997 03 07     130.00 A
06620000 1997 03 08     130.00 A
06620000 1997 03 09     140.00 A
06620000 1997 03 10     150.00 A
06620000 1997 03 11     160.00 A
06620000 1997 03 12     175.00 A
06620000 1997 03 13     170.00 A
06620000 1997 03 14     160.00 A
06620000 1997 03 15     180.00 A
06620000 1997 03 16     210.00 A
06620000 1997 03 17     260.00 A
06620000 1997 03 18     300.00 A
06620000 1997 03 19     360.00 A
06620000 1997 03 20     470.00 A
06620000 1997 03 21     670.00 A
06620000 1997 03 22     1000.00 A
06620000 1997 03 23     1700.00 A
06620000 1997 03 24     1500.00 A
06620000 1997 03 25     1400.00 A
06620000 1997 03 26     1200.00 A
06620000 1997 03 27     1100.00 A
06620000 1997 03 28     1000.00 A
06620000 1997 03 29     950.00 A
06620000 1997 03 30     885.00 A
06620000 1997 03 31     808.00 A
06620000 1997 04 01     781.00 A
06620000 1997 04 02     656.00 A
06620000 1997 04 03     660.00 A
06620000 1997 04 04     732.00 A
06620000 1997 04 05     709.00 A
06620000 1997 04 06     547.00 A
06620000 1997 04 07     510.00 A
06620000 1997 04 08     532.00 A
06620000 1997 04 09     529.00 A
06620000 1997 04 10     507.00 A
06620000 1997 04 11     423.00 A
06620000 1997 04 12     402.00 A
06620000 1997 04 13     455.00 A
06620000 1997 04 14     382.00 A
06620000 1997 04 15     408.00 A
06620000 1997 04 16     500.00 A
06620000 1997 04 17     697.00 A
06620000 1997 04 18     990.00 A
06620000 1997 04 19     1260.00 A
06620000 1997 04 20     1490.00 A
06620000 1997 04 21     1680.00 A
06620000 1997 04 22     1710.00 A
06620000 1997 04 23     1510.00 A
06620000 1997 04 24     1330.00 A
06620000 1997 04 25     1180.00 A
06620000 1997 04 26     1070.00 A
06620000 1997 04 27     1150.00 A
06620000 1997 04 28     1220.00 A
06620000 1997 04 29     1550.00 A
06620000 1997 04 30     1960.00 A
06620000 1997 05 01     1940.00 A
06620000 1997 05 02     1580.00 A
06620000 1997 05 03     1250.00 A
06620000 1997 05 04     1090.00 A
06620000 1997 05 05     1120.00 A
06620000 1997 05 06     1360.00 A
06620000 1997 05 07     1600.00 A
06620000 1997 05 08     1810.00 A
06620000 1997 05 09     2050.00 A
06620000 1997 05 10     2210.00 A
06620000 1997 05 11     2210.00 A
06620000 1997 05 12     2270.00 A
06620000 1997 05 13     2280.00 A
06620000 1997 05 14     2210.00 A
06620000 1997 05 15     2260.00 A
06620000 1997 05 16     2320.00 A
06620000 1997 05 17     2360.00 A
06620000 1997 05 18     2540.00 A
06620000 1997 05 19     2830.00 A
06620000 1997 05 20     2830.00 A
06620000 1997 05 21     2800.00 A
06620000 1997 05 22     2750.00 A
06620000 1997 05 23     2840.00 A
06620000 1997 05 24     3130.00 A
06620000 1997 05 25     3830.00 A
06620000 1997 05 26     3530.00 A
06620000 1997 05 27     3200.00 A
06620000 1997 05 28     2780.00 A
06620000 1997 05 29     2310.00 A
06620000 1997 05 30     2240.00 A
06620000 1997 05 31     2520.00 A
06620000 1997 06 01     3010.00 A
06620000 1997 06 02     3060.00 A
06620000 1997 06 03     3500.00 A
06620000 1997 06 04     3940.00 A
06620000 1997 06 05     4260.00 A
06620000 1997 06 06     4070.00 A
06620000 1997 06 07     3920.00 A
06620000 1997 06 08     3710.00 A
06620000 1997 06 09     3650.00 A
06620000 1997 06 10     3630.00 A
06620000 1997 06 11     3500.00 A
06620000 1997 06 12     3270.00 A
06620000 1997 06 13     3180.00 A
06620000 1997 06 14     2850.00 A
06620000 1997 06 15     2460.00 A
06620000 1997 06 16     2230.00 A
06620000 1997 06 17     2070.00 A
06620000 1997 06 18     1970.00 A
06620000 1997 06 19     1990.00 A
06620000 1997 06 20     2090.00 A
06620000 1997 06 21     2410.00 A
06620000 1997 06 22     2750.00 A
06620000 1997 06 23     2740.00 A
06620000 1997 06 24     2440.00 A
06620000 1997 06 25     2140.00 A
06620000 1997 06 26     1810.00 A
06620000 1997 06 27     1450.00 A
06620000 1997 06 28     1300.00 A
06620000 1997 06 29     1240.00 A
06620000 1997 06 30     1190.00 A
06620000 1997 07 01     1070.00 A
06620000 1997 07 02     1020.00 A
06620000 1997 07 03     908.00 A
06620000 1997 07 04     921.00 A
06620000 1997 07 05     925.00 A
06620000 1997 07 06     893.00 A
06620000 1997 07 07     834.00 A
06620000 1997 07 08     785.00 A
06620000 1997 07 09     785.00 A
06620000 1997 07 10     835.00 A
06620000 1997 07 11     878.00 A
06620000 1997 07 12     831.00 A
06620000 1997 07 13     794.00 A
06620000 1997 07 14     840.00 A
06620000 1997 07 15     753.00 A
06620000 1997 07 16     710.00 A
06620000 1997 07 17     642.00 A
06620000 1997 07 18     632.00 A
06620000 1997 07 19     699.00 A
06620000 1997 07 20     759.00 A
06620000 1997 07 21     695.00 A
06620000 1997 07 22     636.00 A
06620000 1997 07 23     608.00 A
06620000 1997 07 24     541.00 A
06620000 1997 07 25     547.00 A
06620000 1997 07 26     523.00 A
06620000 1997 07 27     480.00 A
06620000 1997 07 28     474.00 A
06620000 1997 07 29     526.00 A
06620000 1997 07 30     585.00 A
06620000 1997 07 31     764.00 A
06620000 1997 08 01     787.00 A
06620000 1997 08 02     674.00 A
06620000 1997 08 03     539.00 A
06620000 1997 08 04     451.00 A
06620000 1997 08 05     422.00 A
06620000 1997 08 06     483.00 A
06620000 1997 08 07     586.00 A
06620000 1997 08 08     530.00 A
06620000 1997 08 09     441.00 A
06620000 1997 08 10     454.00 A
06620000 1997 08 11     602.00 A
06620000 1997 08 12     650.00 A
06620000 1997 08 13     604.00 A
06620000 1997 08 14     554.00 A
06620000 1997 08 15     633.00 A
06620000 1997 08 16     515.00 A
06620000 1997 08 17     419.00 A
06620000 1997 08 18     371.00 A
06620000 1997 08 19     387.00 A
06620000 1997 08 20     411.00 A
06620000 1997 08 21     372.00 A
06620000 1997 08 22     339.00 A
06620000 1997 08 23     311.00 A
06620000 1997 08 24     289.00 A
06620000 1997 08 25     276.00 A
06620000 1997 08 26     266.00 A
06620000 1997 08 27     275.00 A
06620000 1997 08 28     274.00 A
06620000 1997 08 29     270.00 A
06620000 1997 08 30     256.00 A
06620000 1997 08 31     248.00 A
06620000 1997 09 01     236.00 A
06620000 1997 09 02     251.00 A
06620000 1997 09 03     240.00 A
06620000 1997 09 04     222.00 A
06620000 1997 09 05     236.00 A
06620000 1997 09 06     239.00 A
06620000 1997 09 07     228.00 A
06620000 1997 09 08     240.00 A
06620000 1997 09 09     242.00 A
06620000 1997 09 10     220.00 A
06620000 1997 09 11     199.00 A
06620000 1997 09 12     195.00 A
06620000 1997 09 13     246.00 A
06620000 1997 09 14     234.00 A
06620000 1997 09 15     205.00 A
06620000 1997 09 16     191.00 A
06620000 1997 09 17     193.00 A
06620000 1997 09 18     191.00 A
06620000 1997 09 19     441.00 A
06620000 1997 09 20     1540.00 A
06620000 1997 09 21     2700.00 A
06620000 1997 09 22     3370.00 A
06620000 1997 09 23     2750.00 A
06620000 1997 09 24     1490.00 A
06620000 1997 09 25     1110.00 A
06620000 1997 09 26     889.00 A
06620000 1997 09 27     826.00 A
06620000 1997 09 28     885.00 A
06620000 1997 09 29     727.00 A
06620000 1997 09 30     622.00 A
06620000 1997 10 01     551.00 A
06620000 1997 10 02     506.00 A
06620000 1997 10 03     494.00 A
06620000 1997 10 04     566.00 A
06620000 1997 10 05     530.00 A
06620000 1997 10 06     459.00 A
06620000 1997 10 07     423.00 A
06620000 1997 10 08     407.00 A
06620000 1997 10 09     406.00 A
06620000 1997 10 10     405.00 A
06620000 1997 10 11     388.00 A
06620000 1997 10 12     392.00 A
06620000 1997 10 13     414.00 A
06620000 1997 10 14     409.00 A
06620000 1997 10 15     413.00 A
06620000 1997 10 16     433.00 A
06620000 1997 10 17     434.00 A
06620000 1997 10 18     415.00 A
06620000 1997 10 19     397.00 A
06620000 1997 10 20     389.00 A
06620000 1997 10 21     385.00 A
06620000 1997 10 22     384.00 A
06620000 1997 10 23     361.00 A
06620000 1997 10 24     361.00 A
06620000 1997 10 25     302.00 A
06620000 1997 10 26     304.00 A
06620000 1997 10 27     361.00 A
06620000 1997 10 28     428.00 A
06620000 1997 10 29     439.00 A
06620000 1997 10 30     406.00 A
06620000 1997 10 31     413.00 A
06620000 1997 11 01     435.00 A
06620000 1997 11 02     370.00 A
06620000 1997 11 03     358.00 A
06620000 1997 11 04     369.00 A
06620000 1997 11 05     363.00 A
06620000 1997 11 06     356.00 A
06620000 1997 11 07     339.00 A
06620000 1997 11 08     339.00 A
06620000 1997 11 09     339.00 A
06620000 1997 11 10     327.00 A
06620000 1997 11 11     319.00 A
06620000 1997 11 12     295.00 A
06620000 1997 11 13     285.00 A
06620000 1997 11 14     215.00 A
06620000 1997 11 15     180.00 A
06620000 1997 11 16     240.00 A
06620000 1997 11 17     255.00 A
06620000 1997 11 18     270.00 A
06620000 1997 11 19     285.00 A
06620000 1997 11 20     300.00 A
06620000 1997 11 21     325.00 A
06620000 1997 11 22     305.00 A
06620000 1997 11 23     280.00 A
06620000 1997 11 24     290.00 A
06620000 1997 11 25     295.00 A
06620000 1997 11 26     280.00 A
06620000 1997 11 27     270.00 A
06620000 1997 11 28     265.00 A
06620000 1997 11 29     260.00 A
06620000 1997 11 30     260.00 A
06620000 1997 12 01     260.00 A
06620000 1997 12 02     259.00 A
06620000 1997 12 03     235.00 A
06620000 1997 12 04     220.00 A
06620000 1997 12 05     210.00 A
06620000 1997 12 06     225.00 A
06620000 1997 12 07     235.00 A
06620000 1997 12 08     245.00 A
06620000 1997 12 09     253.00 A
06620000 1997 12 10     240.00 A
06620000 1997 12 11     220.00 A
06620000 1997 12 12     200.00 A
06620000 1997 12 13     220.00 A
06620000 1997 12 14     240.00 A
06620000 1997 12 15     260.00 A
06620000 1997 12 16     240.00 A
06620000 1997 12 17     227.00 A
06620000 1997 12 18     218.00 A
06620000 1997 12 19     215.00 A
06620000 1997 12 20     213.00 A
06620000 1997 12 21     203.00 A
06620000 1997 12 22     192.00 A
06620000 1997 12 23     178.00 A
06620000 1997 12 24     178.00 A
06620000 1997 12 25     172.00 A
06620000 1997 12 26     180.00 A
06620000 1997 12 27     180.00 A
06620000 1997 12 28     180.00 A
06620000 1997 12 29     180.00 A
06620000 1997 12 30     190.00 A
06620000 1997 12 31     190.00 A
06620000 1998 01 01     190.00 A
06620000 1998 01 02     183.00 A
06620000 1998 01 03     177.00 A
06620000 1998 01 04     175.00 A
06620000 1998 01 05     175.00 A
06620000 1998 01 06     173.00 A
06620000 1998 01 07     170.00 A
06620000 1998 01 08     170.00 A
06620000 1998 01 09     170.00 A
06620000 1998 01 10     170.00 A
06620000 1998 01 11     160.00 A
06620000 1998 01 12     160.00 A
06620000 1998 01 13     160.00 A
06620000 1998 01 14     160.00 A
06620000 1998 01 15     160.00 A
06620000 1998 01 16     160.00 A
06620000 1998 01 17     170.00 A
06620000 1998 01 18     170.00 A
06620000 1998 01 19     170.00 A
06620000 1998 01 20     180.00 A
06620000 1998 01 21     170.00 A
06620000 1998 01 22     170.00 A
06620000 1998 01 23     160.00 A
06620000 1998 01 24     160.00 A
06620000 1998 01 25     160.00 A
06620000 1998 01 26     150.00 A
06620000 1998 01 27     150.00 A
06620000 1998 01 28     160.00 A
06620000 1998 01 29     170.00 A
06620000 1998 01 30     170.00 A
06620000 1998 01 31     170.00 A
06620000 1998 02 01     160.00 A
06620000 1998 02 02     160.00 A
06620000 1998 02 03     150.00 A
06620000 1998 02 04     150.00 A
06620000 1998 02 05     150.00 A
06620000 1998 02 06     160.00 A
06620000 1998 02 07     160.00 A
06620000 1998 02 08     160.00 A
06620000 1998 02 09     150.00 A
06620000 1998 02 10     150.00 A
06620000 1998 02 11     150.00 A
06620000 1998 02 12     140.00 A
06620000 1998 02 13     140.00 A
06620000 1998 02 14     140.00 A
06620000 1998 02 15     150.00 A
06620000 1998 02 16     150.00 A
06620000 1998 02 17     150.00 A
06620000 1998 02 18     150.00 A
06620000 1998 02 19     150.00 A
06620000 1998 02 20     150.00 A
06620000 1998 02 21     140.00 A
06620000 1998 02 22     140.00 A
06620000 1998 02 23     150.00 A
06620000 1998 02 24     150.00 A
06620000 1998 02 25     150.00 A
06620000 1998 02 26     150.00 A
06620000 1998 02 27     150.00 A
06620000 1998 02 28     150.00 A
06620000 1998 03 01     140.00 A
06620000 1998 03 02     140.00 A
06620000 1998 03 03     150.00 A
06620000 1998 03 04     150.00 A
06620000 1998 03 05     150.00 A
06620000 1998 03 06     140.00 A
06620000 1998 03 07     140.00 A
06620000 1998 03 08     130.00 A
06620000 1998 03 09     130.00 A
06620000 1998 03 10     140.00 A
06620000 1998 03 11     140.00 A
06620000 1998 03 12     150.00 A
06620000 1998 03 13     150.00 A
06620000 1998 03 14     160.00 A
06620000 1998 03 15     160.00 A
06620000 1998 03 16     165.00 A
06620000 1998 03 17     180.00 A
06620000 1998 03 18     190.00 A
06620000 1998 03 19     200.00 A
06620000 1998 03 20     220.00 A
06620000 1998 03 21     240.00 A
06620000 1998 03 22     270.00 A
06620000 1998 03 23     300.00 A
06620000 1998 03 24     360.00 A
06620000 1998 03 25     600.00 A
06620000 1998 03 26     930.00 A
06620000 1998 03 27     2500.00 A
06620000 1998 03 28     1600.00 A
06620000 1998 03 29     1000.00 A
06620000 1998 03 30     741.00 A
06620000 1998 03 31     639.00 A
06620000 1998 04 01     559.00 A
06620000 1998 04 02     551.00 A
06620000 1998 04 03     532.00 A
06620000 1998 04 04     556.00 A
06620000 1998 04 05     592.00 A
06620000 1998 04 06     607.00 A
06620000 1998 04 07     504.00 A
06620000 1998 04 08     460.00 A
06620000 1998 04 09     440.00 A
06620000 1998 04 10     434.00 A
06620000 1998 04 11     455.00 A
06620000 1998 04 12     597.00 A
06620000 1998 04 13     672.00 A
06620000 1998 04 14     634.00 A
06620000 1998 04 15     600.00 A
06620000 1998 04 16     544.00 A
06620000 1998 04 17     494.00 A
06620000 1998 04 18     480.00 A
06620000 1998 04 19     478.00 A
06620000 1998 04 20     462.00 A
06620000 1998 04 21     477.00 A
06620000 1998 04 22     498.00 A
06620000 1998 04 23     573.00 A
06620000 1998 04 24     766.00 A
06620000 1998 04 25     1020.00 A
06620000 1998 04 26     1080.00 A
06620000 1998 04 27     1010.00 A
06620000 1998 04 28     986.00 A
06620000 1998 04 29     993.00 A
06620000 1998 04 30     1020.00 A
06620000 1998 05 01     1060.00 A
06620000 1998 05 02     1120.00 A
06620000 1998 05 03     1130.00 A
06620000 1998 05 04     1190.00 A
06620000 1998 05 05     1260.00 A
06620000 1998 05 06     1260.00 A
06620000 1998 05 07     1170.00 A
06620000 1998 05 08     1110.00 A
06620000 1998 05 09     1150.00 A
06620000 1998 05 10     1030.00 A
06620000 1998 05 11     969.00 A
06620000 1998 05 12     964.00 A
06620000 1998 05 13     886.00 A
06620000 1998 05 14     783.00 A
06620000 1998 05 15     798.00 A
06620000 1998 05 16     753.00 A
06620000 1998 05 17     642.00 A
06620000 1998 05 18     598.00 A
06620000 1998 05 19     612.00 A
06620000 1998 05 20     664.00 A
06620000 1998 05 21     713.00 A
06620000 1998 05 22     844.00 A
06620000 1998 05 23     933.00 A
06620000 1998 05 24     892.00 A
06620000 1998 05 25     796.00 A
06620000 1998 05 26     697.00 A
06620000 1998 05 27     651.00 A
06620000 1998 05 28     619.00 A
06620000 1998 05 29     602.00 A
06620000 1998 05 30     663.00 A
06620000 1998 05 31     735.00 A
06620000 1998 06 01     772.00 A
06620000 1998 06 02     765.00 A
06620000 1998 06 03     796.00 A
06620000 1998 06 04     859.00 A
06620000 1998 06 05     1090.00 A
06620000 1998 06 06     1260.00 A
06620000 1998 06 07     1060.00 A
06620000 1998 06 08     873.00 A
06620000 1998 06 09     863.00 A
06620000 1998 06 10     904.00 A
06620000 1998 06 11     882.00 A
06620000 1998 06 12     790.00 A
06620000 1998 06 13     672.00 A
06620000 1998 06 14     730.00 A
06620000 1998 06 15     1340.00 A
06620000 1998 06 16     1610.00 A
06620000 1998 06 17     1940.00 A
06620000 1998 06 18     2110.00 A
06620000 1998 06 19     1750.00 A
06620000 1998 06 20     1250.00 A
06620000 1998 06 21     1010.00 A
06620000 1998 06 22     976.00 A
06620000 1998 06 23     1010.00 A
06620000 1998 06 24     983.00 A
06620000 1998 06 25     932.00 A
06620000 1998 06 26     873.00 A
06620000 1998 06 27     883.00 A
06620000 1998 06 28     1020.00 A
06620000 1998 06 29     1080.00 A
06620000 1998 06 30     1090.00 A
06620000 1998 07 01     1100.00 A
06620000 1998 07 02     1090.00 A
06620000 1998 07 03     1030.00 A
06620000 1998 07 04     1020.00 A
06620000 1998 07 05     1020.00 A
06620000 1998 07 06     924.00 A
06620000 1998 07 07     921.00 A
06620000 1998 07 08     976.00 A
06620000 1998 07 09     882.00 A
06620000 1998 07 10     894.00 A
06620000 1998 07 11     983.00 A
06620000 1998 07 12     956.00 A
06620000 1998 07 13     823.00 A
06620000 1998 07 14     707.00 A
06620000 1998 07 15     638.00 A
06620000 1998 07 16     656.00 A
06620000 1998 07 17     592.00 A
06620000 1998 07 18     562.00 A
06620000 1998 07 19     512.00 A
06620000 1998 07 20     493.00 A
06620000 1998 07 21     496.00 A
06620000 1998 07 22     519.00 A
06620000 1998 07 23     523.00 A
06620000 1998 07 24     538.00 A
06620000 1998 07 25     626.00 A
06620000 1998 07 26     778.00 A
06620000 1998 07 27     774.00 A
06620000 1998 07 28     606.00 A
06620000 1998 07 29     518.00 A
06620000 1998 07 30     540.00 A
06620000 1998 07 31     587.00 A
06620000 1998 08 01     582.00 A
06620000 1998 08 02     564.00 A
06620000 1998 08 03     521.00 A
06620000 1998 08 04     499.00 A
06620000 1998 08 05     499.00 A
06620000 1998 08 06     459.00 A
06620000 1998 08 07     405.00 A
06620000 1998 08 08     361.00 A
06620000 1998 08 09     337.00 A
06620000 1998 08 10     341.00 A
06620000 1998 08 11     334.00 A
06620000 1998 08 12     340.00 A
06620000 1998 08 13     320.00 A
06620000 1998 08 14     292.00 A
06620000 1998 08 15     267.00 A
06620000 1998 08 16     244.00 A
06620000 1998 08 17     237.00 A
06620000 1998 08 18     236.00 A
06620000 1998 08 19     285.00 A
06620000 1998 08 20     314.00 A
06620000 1998 08 21     285.00 A
06620000 1998 08 22     285.00 A
06620000 1998 08 23     281.00 A
06620000 1998 08 24     256.00 A
06620000 1998 08 25     244.00 A
06620000 1998 08 26     228.00 A
06620000 1998 08 27     209.00 A
06620000 1998 08 28     198.00 A
06620000 1998 08 29     191.00 A
06620000 1998 08 30     181.00 A
06620000 1998 08 31     171.00 A
06620000 1998 09 01     170.00 A
06620000 1998 09 02     170.00 A
06620000 1998 09 03     169.00 A
06620000 1998 09 04     166.00 A
06620000 1998 09 05     152.00 A
06620000 1998 09 06     138.00 A
06620000 1998 09 07     132.00 A
06620000 1998 09 08     123.00 A
06620000 1998 09 09     120.00 A
06620000 1998 09 10     121.00 A
06620000 1998 09 11     128.00 A
06620000 1998 09 12     132.00 A
06620000 1998 09 13     161.00 A
06620000 1998 09 14     180.00 A
06620000 1998 09 15     172.00 A
06620000 1998 09 16     153.00 A
06620000 1998 09 17     138.00 A
06620000 1998 09 18     138.00 A
06620000 1998 09 19     129.00 A
06620000 1998 09 20     120.00 A
06620000 1998 09 21     121.00 A
06620000 1998 09 22     127.00 A
06620000 1998 09 23     134.00 A
06620000 1998 09 24     139.00 A
06620000 1998 09 25     140.00 A
06620000 1998 09 26     133.00 A
06620000 1998 09 27     125.00 A
06620000 1998 09 28     119.00 A
06620000 1998 09 29     121.00 A
06620000 1998 09 30     120.00 A
06620000 1998 10 01     119.00 A
06620000 1998 10 02     137.00 A
06620000 1998 10 03     153.00 A
06620000 1998 10 04     172.00 A
06620000 1998 10 05     190.00 A
06620000 1998 10 06     187.00 A
06620000 1998 10 07     181.00 A
06620000 1998 10 08     172.00 A
06620000 1998 10 09     164.00 A
06620000 1998 10 10     158.00 A
06620000 1998 10 11     150.00 A
06620000 1998 10 12     148.00 A
06620000 1998 10 13     143.00 A
06620000 1998 10 14     133.00 A
06620000 1998 10 15     135.00 A
06620000 1998 10 16     131.00 A
06620000 1998 10 17     132.00 A
06620000 1998 10 18     135.00 A
06620000 1998 10 19     132.00 A
06620000 1998 10 20     131.00 A
06620000 1998 10 21     131.00 A
06620000 1998 10 22     127.00 A
06620000 1998 10 23     129.00 A
06620000 1998 10 24     131.00 A
06620000 1998 10 25     129.00 A
06620000 1998 10 26     129.00 A
06620000 1998 10 27     134.00 A
06620000 1998 10 28     138.00 A
06620000 1998 10 29     154.00 A
06620000 1998 10 30     169.00 A
06620000 1998 10 31     167.00 A
06620000 1998 11 01     177.00 A
06620000 1998 11 02     188.00 A
06620000 1998 11 03     222.00 A
06620000 1998 11 04     258.00 A
06620000 1998 11 05     239.00 A
06620000 1998 11 06     216.00 A
06620000 1998 11 07     189.00 A
06620000 1998 11 08     199.00 A
06620000 1998 11 09     191.00 A
06620000 1998 11 10     146.00 A
06620000 1998 11 11     180.00 A
06620000 1998 11 12     240.00 A
06620000 1998 11 13     290.00 A
06620000 1998 11 14     268.00 A
06620000 1998 11 15     310.00 A
06620000 1998 11 16     286.00 A
06620000 1998 11 17     279.00 A
06620000 1998 11 18     261.00 A
06620000 1998 11 19     238.00 A
06620000 1998 11 20     186.00 A
06620000 1998 11 21     178.00 A
06620000 1998 11 22     304.00 A
06620000 1998 11 23     216.00 A
06620000 1998 11 24     270.00 A
06620000 1998 11 25     223.00 A
06620000 1998 11 26     220.00 A
06620000 1998 11 27     227.00 A
06620000 1998 11 28     220.00 A
06620000 1998 11 29     236.00 A
06620000 1998 11 30     230.00 A
06620000 1998 12 01     203.00 A
06620000 1998 12 02     200.00 A
06620000 1998 12 03     179.00 A
06620000 1998 12 04     160.00 A
06620000 1998 12 05     120.00 A
06620000 1998 12 06     110.00 A
06620000 1998 12 07     110.00 A
06620000 1998 12 08     120.00 A
06620000 1998 12 09     130.00 A
06620000 1998 12 10     120.00 A
06620000 1998 12 11     130.00 A
06620000 1998 12 12     140.00 A
06620000 1998 12 13     140.00 A
06620000 1998 12 14     140.00 A
06620000 1998 12 15     140.00 A
06620000 1998 12 16     150.00 A
06620000 1998 12 17     150.00 A
06620000 1998 12 18     150.00 A
06620000 1998 12 19     140.00 A
06620000 1998 12 20     130.00 A
06620000 1998 12 21     120.00 A
06620000 1998 12 22     110.00 A
06620000 1998 12 23     110.00 A
06620000 1998 12 24     110.00 A
06620000 1998 12 25     120.00 A
06620000 1998 12 26     130.00 A
06620000 1998 12 27     130.00 A
06620000 1998 12 28     130.00 A
06620000 1998 12 29     130.00 A
06620000 1998 12 30     140.00 A
06620000 1998 12 31     140.00 A
06620000 1999 01 01     140.00 A
06620000 1999 01 02     130.00 A
06620000 1999 01 03     120.00 A
06620000 1999 01 04     120.00 A
06620000 1999 01 05     130.00 A
06620000 1999 01 06     130.00 A
06620000 1999 01 07     120.00 A
06620000 1999 01 08     120.00 A
06620000 1999 01 09     120.00 A
06620000 1999 01 10     120.00 A
06620000 1999 01 11     130.00 A
06620000 1999 01 12     130.00 A
06620000 1999 01 13     120.00 A
06620000 1999 01 14     120.00 A
06620000 1999 01 15     130.00 A
06620000 1999 01 16     130.00 A
06620000 1999 01 17     120.00 A
06620000 1999 01 18     120.00 A
06620000 1999 01 19     130.00 A
06620000 1999 01 20     123.00 A
06620000 1999 01 21     120.00 A
06620000 1999 01 22     110.00 A
06620000 1999 01 23     120.00 A
06620000 1999 01 24     120.00 A
06620000 1999 01 25     120.00 A
06620000 1999 01 26     120.00 A
06620000 1999 01 27     120.00 A
06620000 1999 01 28     110.00 A
06620000 1999 01 29     100.00 A
06620000 1999 01 30     100.00 A
06620000 1999 01 31     110.00 A
06620000 1999 02 01     120.00 A
06620000 1999 02 02     120.00 A
06620000 1999 02 03     120.00 A
06620000 1999 02 04     130.00 A
06620000 1999 02 05     130.00 A
06620000 1999 02 06     130.00 A
06620000 1999 02 07     140.00 A
06620000 1999 02 08     140.00 A
06620000 1999 02 09     140.00 A
06620000 1999 02 10     130.00 A
06620000 1999 02 11     120.00 A
06620000 1999 02 12     120.00 A
06620000 1999 02 13     130.00 A
06620000 1999 02 14     140.00 A
06620000 1999 02 15     150.00 A
06620000 1999 02 16     150.00 A
06620000 1999 02 17     150.00 A
06620000 1999 02 18     150.00 A
06620000 1999 02 19     150.00 A
06620000 1999 02 20     140.00 A
06620000 1999 02 21     130.00 A
06620000 1999 02 22     140.00 A
06620000 1999 02 23     140.00 A
06620000 1999 02 24     150.00 A
06620000 1999 02 25     160.00 A
06620000 1999 02 26     160.00 A
06620000 1999 02 27     150.00 A
06620000 1999 02 28     160.00 A
06620000 1999 03 01     170.00 A
06620000 1999 03 02     170.00 A
06620000 1999 03 03     170.00 A
06620000 1999 03 04     170.00 A
06620000 1999 03 05     160.00 A
06620000 1999 03 06     150.00 A
06620000 1999 03 07     150.00 A
06620000 1999 03 08     160.00 A
06620000 1999 03 09     170.00 A
06620000 1999 03 10     170.00 A
06620000 1999 03 11     170.00 A
06620000 1999 03 12     170.00 A
06620000 1999 03 13     170.00 A
06620000 1999 03 14     170.00 A
06620000 1999 03 15     170.00 A
06620000 1999 03 16     175.00 A
06620000 1999 03 17     180.00 A
06620000 1999 03 18     190.00 A
06620000 1999 03 19     220.00 A
06620000 1999 03 20     280.00 A
06620000 1999 03 21     320.00 A
06620000 1999 03 22     340.00 A
06620000 1999 03 23     400.00 A
06620000 1999 03 24     480.00 A
06620000 1999 03 25     600.00 A
06620000 1999 03 26     740.00 A
06620000 1999 03 27     840.00 A
06620000 1999 03 28     800.00 A
06620000 1999 03 29     677.00 A
06620000 1999 03 30     560.00 A
06620000 1999 03 31     592.00 A
06620000 1999 04 01     577.00 A
06620000 1999 04 02     504.00 A
06620000 1999 04 03     442.00 A
06620000 1999 04 04     347.00 A
06620000 1999 04 05     398.00 A
06620000 1999 04 06     381.00 A
06620000 1999 04 07     390.00 A
06620000 1999 04 08     459.00 A
06620000 1999 04 09     464.00 A
06620000 1999 04 10     386.00 A
06620000 1999 04 11     331.00 A
06620000 1999 04 12     344.00 A
06620000 1999 04 13     388.00 A
06620000 1999 04 14     453.00 A
06620000 1999 04 15     455.00 A
06620000 1999 04 16     373.00 A
06620000 1999 04 17     300.00 A
06620000 1999 04 18     335.00 A
06620000 1999 04 19     366.00 A
06620000 1999 04 20     400.00 A
06620000 1999 04 21     460.00 A
06620000 1999 04 22     551.00 A
06620000 1999 04 23     555.00 A
06620000 1999 04 24     526.00 A
06620000 1999 04 25     557.00 A
06620000 1999 04 26     620.00 A
06620000 1999 04 27     613.00 A
06620000 1999 04 28     643.00 A
06620000 1999 04 29     695.00 A
06620000 1999 04 30     766.00 A
06620000 1999 05 01     839.00 A
06620000 1999 05 02     848.00 A
06620000 1999 05 03     874.00 A
06620000 1999 05 04     785.00 A
06620000 1999 05 05     669.00 A
06620000 1999 05 06     560.00 A
06620000 1999 05 07     502.00 A
06620000 1999 05 08     464.00 A
06620000 1999 05 09     463.00 A
06620000 1999 05 10     587.00 A
06620000 1999 05 11     736.00 A
06620000 1999 05 12     657.00 A
06620000 1999 05 13     561.00 A
06620000 1999 05 14     607.00 A
06620000 1999 05 15     815.00 A
06620000 1999 05 16     777.00 A
06620000 1999 05 17     665.00 A
06620000 1999 05 18     568.00 A
06620000 1999 05 19     505.00 A
06620000 1999 05 20     504.00 A
06620000 1999 05 21     556.00 A
06620000 1999 05 22     631.00 A
06620000 1999 05 23     707.00 A
06620000 1999 05 24     802.00 A
06620000 1999 05 25     962.00 A
06620000 1999 05 26     1090.00 A
06620000 1999 05 27     1100.00 A
06620000 1999 05 28     1190.00 A
06620000 1999 05 29     1160.00 A
06620000 1999 05 30     1210.00 A
06620000 1999 05 31     1350.00 A
06620000 1999 06 01     1470.00 A
06620000 1999 06 02     1400.00 A
06620000 1999 06 03     1260.00 A
06620000 1999 06 04     1250.00 A
06620000 1999 06 05     1170.00 A
06620000 1999 06 06     1150.00 A
06620000 1999 06 07     1120.00 A
06620000 1999 06 08     910.00 A
06620000 1999 06 09     732.00 A
06620000 1999 06 10     743.00 A
06620000 1999 06 11     836.00 A
06620000 1999 06 12     846.00 A
06620000 1999 06 13     876.00 A
06620000 1999 06 14     903.00 A
06620000 1999 06 15     1110.00 A
06620000 1999 06 16     1450.00 A
06620000 1999 06 17     1880.00 A
06620000 1999 06 18     1940.00 A
06620000 1999 06 19     1780.00 A
06620000 1999 06 20     1810.00 A
06620000 1999 06 21     1870.00 A
06620000 1999 06 22     1930.00 A
06620000 1999 06 23     1910.00 A
06620000 1999 06 24     1810.00 A
06620000 1999 06 25     1670.00 A
06620000 1999 06 26     1510.00 A
06620000 1999 06 27     1480.00 A
06620000 1999 06 28     1320.00 A
06620000 1999 06 29     1180.00 A
06620000 1999 06 30     1050.00 A
06620000 1999 07 01     1010.00 A
06620000 1999 07 02     888.00 A
06620000 1999 07 03     880.00 A
06620000 1999 07 04     863.00 A
06620000 1999 07 05     841.00 A
06620000 1999 07 06     800.00 A
06620000 1999 07 07     756.00 A
06620000 1999 07 08     747.00 A
06620000 1999 07 09     820.00 A
06620000 1999 07 10     809.00 A
06620000 1999 07 11     789.00 A
06620000 1999 07 12     717.00 A
06620000 1999 07 13     643.00 A
06620000 1999 07 14     586.00 A
06620000 1999 07 15     636.00 A
06620000 1999 07 16     739.00 A
06620000 1999 07 17     778.00 A
06620000 1999 07 18     702.00 A
06620000 1999 07 19     628.00 A
06620000 1999 07 20     652.00 A
06620000 1999 07 21     604.00 A
06620000 1999 07 22     539.00 A
06620000 1999 07 23     516.00 A
06620000 1999 07 24     503.00 A
06620000 1999 07 25     451.00 A
06620000 1999 07 26     439.00 A
06620000 1999 07 27     420.00 A
06620000 1999 07 28     402.00 A
06620000 1999 07 29     473.00 A
06620000 1999 07 30     505.00 A
06620000 1999 07 31     546.00 A
06620000 1999 08 01     530.00 A
06620000 1999 08 02     465.00 A
06620000 1999 08 03     394.00 A
06620000 1999 08 04     342.00 A
06620000 1999 08 05     336.00 A
06620000 1999 08 06     354.00 A
06620000 1999 08 07     353.00 A
06620000 1999 08 08     327.00 A
06620000 1999 08 09     301.00 A
06620000 1999 08 10     288.00 A
06620000 1999 08 11     268.00 A
06620000 1999 08 12     241.00 A
06620000 1999 08 13     235.00 A
06620000 1999 08 14     218.00 A
06620000 1999 08 15     198.00 A
06620000 1999 08 16     196.00 A
06620000 1999 08 17     187.00 A
06620000 1999 08 18     190.00 A
06620000 1999 08 19     190.00 A
06620000 1999 08 20     189.00 A
06620000 1999 08 21     200.00 A
06620000 1999 08 22     219.00 A
06620000 1999 08 23     207.00 A
06620000 1999 08 24     191.00 A
06620000 1999 08 25     180.00 A
06620000 1999 08 26     176.00 A
06620000 1999 08 27     176.00 A
06620000 1999 08 28     183.00 A
06620000 1999 08 29     201.00 A
06620000 1999 08 30     195.00 A
06620000 1999 08 31     179.00 A
06620000 1999 09 01     175.00 A
06620000 1999 09 02     166.00 A
06620000 1999 09 03     173.00 A
06620000 1999 09 04     181.00 A
06620000 1999 09 05     170.00 A
06620000 1999 09 06     145.00 A
06620000 1999 09 07     129.00 A
06620000 1999 09 08     112.00 A
06620000 1999 09 09     108.00 A
06620000 1999 09 10     104.00 A
06620000 1999 09 11     106.00 A
06620000 1999 09 12     108.00 A
06620000 1999 09 13     108.00 A
06620000 1999 09 14     103.00 A
06620000 1999 09 15     98.00 A
06620000 1999 09 16     94.00 A
06620000 1999 09 17     96.00 A
06620000 1999 09 18     90.00 A
06620000 1999 09 19     95.00 A
06620000 1999 09 20     116.00 A
06620000 1999 09 21     145.00 A
06620000 1999 09 22     146.00 A
06620000 1999 09 23     133.00 A
06620000 1999 09 24     126.00 A
06620000 1999 09 25     115.00 A
06620000 1999 09 26     108.00 A
06620000 1999 09 27     93.00 A
06620000 1999 09 28     96.00 A
06620000 1999 09 29     104.00 A
06620000 1999 09 30     112.00 A
06620000 1999 10 01     102.00 A
06620000 1999 10 02     99.00 A
06620000 1999 10 03     93.00 A
06620000 1999 10 04     94.00 A
06620000 1999 10 05     93.00 A
06620000 1999 10 06     90.00 A
06620000 1999 10 07     89.00 A
06620000 1999 10 08     93.00 A
06620000 1999 10 09     97.00 A
06620000 1999 10 10     93.00 A
06620000 1999 10 11     91.00 A
06620000 1999 10 12     89.00 A
06620000 1999 10 13     88.00 A
06620000 1999 10 14     88.00 A
06620000 1999 10 15     84.00 A
06620000 1999 10 16     83.00 A
06620000 1999 10 17     82.00 A
06620000 1999 10 18     82.00 A
06620000 1999 10 19     89.00 A
06620000 1999 10 20     93.00 A
06620000 1999 10 21     96.00 A
06620000 1999 10 22     97.00 A
06620000 1999 10 23     98.00 A
06620000 1999 10 24     94.00 A
06620000 1999 10 25     90.00 A
06620000 1999 10 26     89.00 A
06620000 1999 10 27     86.00 A
06620000 1999 10 28     92.00 A
06620000 1999 10 29     92.00 A
06620000 1999 10 30     89.00 A
06620000 1999 10 31     92.00 A
06620000 1999 11 01     91.00 A
06620000 1999 11 02     97.00 A
06620000 1999 11 03     102.00 A
06620000 1999 11 04     112.00 A
06620000 1999 11 05     113.00 A
06620000 1999 11 06     106.00 A
06620000 1999 11 07     106.00 A
06620000 1999 11 08     102.00 A
06620000 1999 11 09     102.00 A
06620000 1999 11 10     106.00 A
06620000 1999 11 11     103.00 A
06620000 1999 11 12     100.00 A
06620000 1999 11 13     93.00 A
06620000 1999 11 14     105.00 A
06620000 1999 11 15     110.00 A
06620000 1999 11 16     117.00 A
06620000 1999 11 17     140.00 A
06620000 1999 11 18     127.00 A
06620000 1999 11 19     134.00 A
06620000 1999 11 20     130.00 A
06620000 1999 11 21     143.00 A
06620000 1999 11 22     135.00 A
06620000 1999 11 23     130.00 A
06620000 1999 11 24     110.00 A
06620000 1999 11 25     100.00 A
06620000 1999 11 26     110.00 A
06620000 1999 11 27     130.00 A
06620000 1999 11 28     160.00 A
06620000 1999 11 29     190.00 A
06620000 1999 11 30     200.00 A
06620000 1999 12 01     200.00 A
06620000 1999 12 02     190.00 A
06620000 1999 12 03     171.00 A
06620000 1999 12 04     170.00 A
06620000 1999 12 05     180.00 A
06620000 1999 12 06     190.00 A
06620000 1999 12 07     180.00 A
06620000 1999 12 08     160.00 A
06620000 1999 12 09     140.00 A
06620000 1999 12 10     130.00 A
06620000 1999 12 11     130.00 A
06620000 1999 12 12     130.00 A
06620000 1999 12 13     140.00 A
06620000 1999 12 14     140.00 A
06620000 1999 12 15     130.00 A
06620000 1999 12 16     130.00 A
06620000 1999 12 17     140.00 A
06620000 1999 12 18     140.00 A
06620000 1999 12 19     130.00 A
06620000 1999 12 20     120.00 A
06620000 1999 12 21     120.00 A
06620000 1999 12 22     110.00 A
06620000 1999 12 23     110.00 A
06620000 1999 12 24     110.00 A
06620000 1999 12 25     120.00 A
06620000 1999 12 26     120.00 A
06620000 1999 12 27     120.00 A
06620000 1999 12 28     130.00 A
06620000 1999 12 29     140.00 A
06620000 1999 12 30     130.00 A
06620000 1999 12 31     130.00 A
06620000 2000 01 01     130.00 A
06620000 2000 01 02     120.00 A
06620000 2000 01 03     110.00 A
06620000 2000 01 04     100.00 A
06620000 2000 01 05     96.00 A
06620000 2000 01 06     90.00 A
06620000 2000 01 07     88.00 A
06620000 2000 01 08     92.00 A
06620000 2000 01 09     92.00 A
06620000 2000 01 10     88.00 A
06620000 2000 01 11     92.00 A
06620000 2000 01 12     90.00 A
06620000 2000 01 13     88.00 A
06620000 2000 01 14     88.00 A
06620000 2000 01 15     90.00 A
06620000 2000 01 16     92.00 A
06620000 2000 01 17     90.00 A
06620000 2000 01 18     88.00 A
06620000 2000 01 19     92.00 A
06620000 2000 01 20     88.00 A
06620000 2000 01 21     86.00 A
06620000 2000 01 22     82.00 A
06620000 2000 01 23     80.00 A
06620000 2000 01 24     80.00 A
06620000 2000 01 25     82.00 A
06620000 2000 01 26     86.00 A
06620000 2000 01 27     84.00 A
06620000 2000 01 28     84.00 A
06620000 2000 01 29     80.00 A
06620000 2000 01 30     78.00 A
06620000 2000 01 31     80.00 A
06620000 2000 02 01     88.00 A
06620000 2000 02 02     96.00 A
06620000 2000 02 03     90.00 A
06620000 2000 02 04     86.00 A
06620000 2000 02 05     86.00 A
06620000 2000 02 06     88.00 A
06620000 2000 02 07     90.00 A
06620000 2000 02 08     90.00 A
06620000 2000 02 09     92.00 A
06620000 2000 02 10     92.00 A
06620000 2000 02 11     90.00 A
06620000 2000 02 12     88.00 A
06620000 2000 02 13     88.00 A
06620000 2000 02 14     88.00 A
06620000 2000 02 15     90.00 A
06620000 2000 02 16     90.00 A
06620000 2000 02 17     88.00 A
06620000 2000 02 18     86.00 A
06620000 2000 02 19     86.00 A
06620000 2000 02 20     90.00 A
06620000 2000 02 21     94.00 A
06620000 2000 02 22     100.00 A
06620000 2000 02 23     100.00 A
06620000 2000 02 24     110.00 A
06620000 2000 02 25     110.00 A
06620000 2000 02 26     100.00 A
06620000 2000 02 27     100.00 A
06620000 2000 02 28     110.00 A
06620000 2000 02 29     120.00 A
06620000 2000 03 01     120.00 A
06620000 2000 03 02     120.00 A
06620000 2000 03 03     130.00 A
06620000 2000 03 04     140.00 A
06620000 2000 03 05     150.00 A
06620000 2000 03 06     160.00 A
06620000 2000 03 07     170.00 A
06620000 2000 03 08     170.00 A
06620000 2000 03 09     160.00 A
06620000 2000 03 10     160.00 A
06620000 2000 03 11     150.00 A
06620000 2000 03 12     150.00 A
06620000 2000 03 13     160.00 A
06620000 2000 03 14     160.00 A
06620000 2000 03 15     160.00 A
06620000 2000 03 16     150.00 A
06620000 2000 03 17     150.00 A
06620000 2000 03 18     160.00 A
06620000 2000 03 19     170.00 A
06620000 2000 03 20     180.00 A
06620000 2000 03 21     170.00 A
06620000 2000 03 22     170.00 A
06620000 2000 03 23     180.00 A
06620000 2000 03 24     210.00 A
06620000 2000 03 25     240.00 A
06620000 2000 03 26     260.00 A
06620000 2000 03 27     320.00 A
06620000 2000 03 28     390.00 A
06620000 2000 03 29     430.00 A
06620000 2000 03 30     440.00 A
06620000 2000 03 31     420.00 A
06620000 2000 04 01     420.00 A
06620000 2000 04 02     440.00 A
06620000 2000 04 03     420.00 A
06620000 2000 04 04     400.00 A
06620000 2000 04 05     384.00 A
06620000 2000 04 06     578.00 A
06620000 2000 04 07     695.00 A
06620000 2000 04 08     611.00 A
06620000 2000 04 09     703.00 A
06620000 2000 04 10     800.00 A
06620000 2000 04 11     791.00 A
06620000 2000 04 12     751.00 A
06620000 2000 04 13     741.00 A
06620000 2000 04 14     809.00 A
06620000 2000 04 15     884.00 A
06620000 2000 04 16     865.00 A
06620000 2000 04 17     798.00 A
06620000 2000 04 18     805.00 A
06620000 2000 04 19     811.00 A
06620000 2000 04 20     730.00 A
06620000 2000 04 21     694.00 A
06620000 2000 04 22     725.00 A
06620000 2000 04 23     860.00 A
06620000 2000 04 24     994.00 A
06620000 2000 04 25     1000.00 A
06620000 2000 04 26     863.00 A
06620000 2000 04 27     797.00 A
06620000 2000 04 28     856.00 A
06620000 2000 04 29     1000.00 A
06620000 2000 04 30     1150.00 A
06620000 2000 05 01     1200.00 A
06620000 2000 05 02     1070.00 A
06620000 2000 05 03     975.00 A
06620000 2000 05 04     1010.00 A
06620000 2000 05 05     1090.00 A
06620000 2000 05 06     1150.00 A
06620000 2000 05 07     1240.00 A
06620000 2000 05 08     1290.00 A
06620000 2000 05 09     1260.00 A
06620000 2000 05 10     1120.00 A
06620000 2000 05 11     964.00 A
06620000 2000 05 12     950.00 A
06620000 2000 05 13     869.00 A
06620000 2000 05 14     679.00 A
06620000 2000 05 15     513.00 A
06620000 2000 05 16     405.00 A
06620000 2000 05 17     405.00 A
06620000 2000 05 18     523.00 A
06620000 2000 05 19     686.00 A
06620000 2000 05 20     685.00 A
06620000 2000 05 21     675.00 A
06620000 2000 05 22     623.00 A
06620000 2000 05 23     564.00 A
06620000 2000 05 24     653.00 A
06620000 2000 05 25     1070.00 A
06620000 2000 05 26     1410.00 A
06620000 2000 05 27     1700.00 A
06620000 2000 05 28     1820.00 A
06620000 2000 05 29     1750.00 A
06620000 2000 05 30     1800.00 A
06620000 2000 05 31     1990.00 A
06620000 2000 06 01     2030.00 A
06620000 2000 06 02     1880.00 A
06620000 2000 06 03     1630.00 A
06620000 2000 06 04     1410.00 A
06620000 2000 06 05     1260.00 A
06620000 2000 06 06     1120.00 A
06620000 2000 06 07     985.00 A
06620000 2000 06 08     938.00 A
06620000 2000 06 09     910.00 A
06620000 2000 06 10     926.00 A
06620000 2000 06 11     889.00 A
06620000 2000 06 12     767.00 A
06620000 2000 06 13     644.00 A
06620000 2000 06 14     637.00 A
06620000 2000 06 15     598.00 A
06620000 2000 06 16     565.00 A
06620000 2000 06 17     582.00 A
06620000 2000 06 18     572.00 A
06620000 2000 06 19     538.00 A
06620000 2000 06 20     720.00 A
06620000 2000 06 21     876.00 A
06620000 2000 06 22     699.00 A
06620000 2000 06 23     556.00 A
06620000 2000 06 24     484.00 A
06620000 2000 06 25     442.00 A
06620000 2000 06 26     478.00 A
06620000 2000 06 27     563.00 A
06620000 2000 06 28     564.00 A
06620000 2000 06 29     485.00 A
06620000 2000 06 30     393.00 A
06620000 2000 07 01     333.00 A
06620000 2000 07 02     296.00 A
06620000 2000 07 03     281.00 A
06620000 2000 07 04     279.00 A
06620000 2000 07 05     263.00 A
06620000 2000 07 06     252.00 A
06620000 2000 07 07     241.00 A
06620000 2000 07 08     235.00 A
06620000 2000 07 09     233.00 A
06620000 2000 07 10     255.00 A
06620000 2000 07 11     292.00 A
06620000 2000 07 12     243.00 A
06620000 2000 07 13     220.00 A
06620000 2000 07 14     208.00 A
06620000 2000 07 15     194.00 A
06620000 2000 07 16     195.00 A
06620000 2000 07 17     196.00 A
06620000 2000 07 18     211.00 A
06620000 2000 07 19     213.00 A
06620000 2000 07 20     199.00 A
06620000 2000 07 21     190.00 A
06620000 2000 07 22     173.00 A
06620000 2000 07 23     155.00 A
06620000 2000 07 24     145.00 A
06620000 2000 07 25     129.00 A
06620000 2000 07 26     123.00 A
06620000 2000 07 27     121.00 A
06620000 2000 07 28     148.00 A
06620000 2000 07 29     132.00 A
06620000 2000 07 30     119.00 A
06620000 2000 07 31     108.00 A
06620000 2000 08 01     100.00 A
06620000 2000 08 02     96.00 A
06620000 2000 08 03     95.00 A
06620000 2000 08 04     95.00 A
06620000 2000 08 05     95.00 A
06620000 2000 08 06     87.00 A
06620000 2000 08 07     84.00 A
06620000 2000 08 08     79.00 A
06620000 2000 08 09     79.00 A
06620000 2000 08 10     72.00 A
06620000 2000 08 11     74.00 A
06620000 2000 08 12     76.00 A
06620000 2000 08 13     75.00 A
06620000 2000 08 14     77.00 A
06620000 2000 08 15     75.00 A
06620000 2000 08 16     75.00 A
06620000 2000 08 17     76.00 A
06620000 2000 08 18     78.00 A
06620000 2000 08 19     79.00 A
06620000 2000 08 20     76.00 A
06620000 2000 08 21     68.00 A
06620000 2000 08 22     64.00 A
06620000 2000 08 23     65.00 A
06620000 2000 08 24     75.00 A
06620000 2000 08 25     70.00 A
06620000 2000 08 26     76.00 A
06620000 2000 08 27     117.00 A
06620000 2000 08 28     104.00 A
06620000 2000 08 29     90.00 A
06620000 2000 08 30     82.00 A
06620000 2000 08 31     81.00 A
06620000 2000 09 01     84.00 A
06620000 2000 09 02     81.00 A
06620000 2000 09 03     68.00 A
06620000 2000 09 04     63.00 A
06620000 2000 09 05     64.00 A
06620000 2000 09 06     59.00 A
06620000 2000 09 07     57.00 A
06620000 2000 09 08     54.00 A
06620000 2000 09 09     50.00 A
06620000 2000 09 10     50.00 A
06620000 2000 09 11     49.00 A
06620000 2000 09 12     48.00 A
06620000 2000 09 13     48.00 A
06620000 2000 09 14     48.00 A
06620000 2000 09 15     48.00 A
06620000 2000 09 16     48.00 A
06620000 2000 09 17     48.00 A
06620000 2000 09 18     48.00 A
06620000 2000 09 19     48.00 A
06620000 2000 09 20     50.00 A
06620000 2000 09 21     50.00 A
06620000 2000 09 22     74.00 A
06620000 2000 09 23     173.00 A
06620000 2000 09 24     241.00 A
06620000 2000 09 25     204.00 A
06620000 2000 09 26     164.00 A
06620000 2000 09 27     136.00 A
06620000 2000 09 28     123.00 A
06620000 2000 09 29     115.00 A
06620000 2000 09 30     107.00 A
06620000 2000 10 01     101.00 A
06620000 2000 10 02     95.00 A
06620000 2000 10 03     88.00 A
06620000 2000 10 04     86.00 A
06620000 2000 10 05     81.00 A
06620000 2000 10 06     76.00 A
06620000 2000 10 07     76.00 A
06620000 2000 10 08     74.00 A
06620000 2000 10 09     72.00 A
06620000 2000 10 10     72.00 A
06620000 2000 10 11     75.00 A
06620000 2000 10 12     77.00 A
06620000 2000 10 13     77.00 A
06620000 2000 10 14     77.00 A
06620000 2000 10 15     78.00 A
06620000 2000 10 16     82.00 A
06620000 2000 10 17     83.00 A
06620000 2000 10 18     83.00 A
06620000 2000 10 19     83.00 A
06620000 2000 10 20     83.00 A
06620000 2000 10 21     83.00 A
06620000 2000 10 22     83.00 A
06620000 2000 10 23     83.00 A
06620000 2000 10 24     87.00 A
06620000 2000 10 25     100.00 A
06620000 2000 10 26     102.00 A
06620000 2000 10 27     105.00 A
06620000 2000 10 28     108.00 A
06620000 2000 10 29     115.00 A
06620000 2000 10 30     111.00 A
06620000 2000 10 31     115.00 A
06620000 2000 11 01     116.00 A
06620000 2000 11 02     110.00 A
06620000 2000 11 03     96.00 A
06620000 2000 11 04     90.00 A
06620000 2000 11 05     94.00 A
06620000 2000 11 06     90.00 A
06620000 2000 11 07     86.00 A
06620000 2000 11 08     86.00 A
06620000 2000 11 09     88.00 A
06620000 2000 11 10     94.00 A
06620000 2000 11 11     90.00 A
06620000 2000 11 12     82.00 A
06620000 2000 11 13     74.00 A
06620000 2000 11 14     76.00 A
06620000 2000 11 15     82.00 A
06620000 2000 11 16     84.00 A
06620000 2000 11 17     80.00 A
06620000 2000 11 18     74.00 A
06620000 2000 11 19     74.00 A
06620000 2000 11 20     76.00 A
06620000 2000 11 21     80.00 A
06620000 2000 11 22     84.00 A
06620000 2000 11 23     82.00 A
06620000 2000 11 24     78.00 A
06620000 2000 11 25     78.00 A
06620000 2000 11 26     82.00 A
06620000 2000 11 27     84.00 A
06620000 2000 11 28     82.00 A
06620000 2000 11 29     84.00 A
06620000 2000 11 30     84.00 A
06620000 2000 12 01     80.00 A
06620000 2000 12 02     80.00 A
06620000 2000 12 03     84.00 A
06620000 2000 12 04     86.00 A
06620000 2000 12 05     86.00 A
06620000 2000 12 06     84.00 A
06620000 2000 12 07     86.00 A
06620000 2000 12 08     88.00 A
06620000 2000 12 09     88.00 A
06620000 2000 12 10     88.00 A
06620000 2000 12 11     86.00 A
06620000 2000 12 12     82.00 A
06620000 2000 12 13     82.00 A
06620000 2000 12 14     84.00 A
06620000 2000 12 15     84.00 A
06620000 2000 12 16     84.00 A
06620000 2000 12 17     82.00 A
06620000 2000 12 18     80.00 A
06620000 2000 12 19     80.00 A
06620000 2000 12 20     78.00 A
06620000 2000 12 21     78.00 A
06620000 2000 12 22     80.00 A
06620000 2000 12 23     82.00 A
06620000 2000 12 24     80.00 A
06620000 2000 12 25     78.00 A
06620000 2000 12 26     74.00 A
06620000 2000 12 27     72.00 A
06620000 2000 12 28     74.00 A
06620000 2000 12 29     72.00 A
06620000 2000 12 30     68.00 A
06620000 2000 12 31     70.00 A
06620000 2001 01 01     68.00 A
06620000 2001 01 02     66.00 A
06620000 2001 01 03     68.00 A
06620000 2001 01 04     70.00 A
06620000 2001 01 05     70.00 A
06620000 2001 01 06     72.00 A
06620000 2001 01 07     68.00 A
06620000 2001 01 08     66.00 A
06620000 2001 01 09     66.00 A
06620000 2001 01 10     68.00 A
06620000 2001 01 11     72.00 A
06620000 2001 01 12     74.00 A
06620000 2001 01 13     74.00 A
06620000 2001 01 14     72.00 A
06620000 2001 01 15     70.00 A
06620000 2001 01 16     68.00 A
06620000 2001 01 17     66.00 A
06620000 2001 01 18     68.00 A
06620000 2001 01 19     70.00 A
06620000 2001 01 20     72.00 A
06620000 2001 01 21     70.00 A
06620000 2001 01 22     70.00 A
06620000 2001 01 23     70.00 A
06620000 2001 01 24     68.00 A
06620000 2001 01 25     70.00 A
06620000 2001 01 26     72.00 A
06620000 2001 01 27     72.00 A
06620000 2001 01 28     74.00 A
06620000 2001 01 29     76.00 A
06620000 2001 01 30     76.00 A
06620000 2001 01 31     74.00 A
06620000 2001 02 01     74.00 A
06620000 2001 02 02     76.00 A
06620000 2001 02 03     78.00 A
06620000 2001 02 04     82.00 A
06620000 2001 02 05     88.00 A
06620000 2001 02 06     92.00 A
06620000 2001 02 07     92.00 A
06620000 2001 02 08     90.00 A
06620000 2001 02 09     86.00 A
06620000 2001 02 10     86.00 A
06620000 2001 02 11     88.00 A
06620000 2001 02 12     90.00 A
06620000 2001 02 13     94.00 A
06620000 2001 02 14     100.00 A
06620000 2001 02 15     98.00 A
06620000 2001 02 16     96.00 A
06620000 2001 02 17     98.00 A
06620000 2001 02 18     105.00 A
06620000 2001 02 19     110.00 A
06620000 2001 02 20     110.00 A
06620000 2001 02 21     110.00 A
06620000 2001 02 22     110.00 A
06620000 2001 02 23     115.00 A
06620000 2001 02 24     115.00 A
06620000 2001 02 25     110.00 A
06620000 2001 02 26     110.00 A
06620000 2001 02 27     105.00 A
06620000 2001 02 28     105.00 A
06620000 2001 03 01     105.00 A
06620000 2001 03 02     100.00 A
06620000 2001 03 03     100.00 A
06620000 2001 03 04     105.00 A
06620000 2001 03 05     110.00 A
06620000 2001 03 06     115.00 A
06620000 2001 03 07     115.00 A
06620000 2001 03 08     115.00 A
06620000 2001 03 09     115.00 A
06620000 2001 03 10     120.00 A
06620000 2001 03 11     115.00 A
06620000 2001 03 12     115.00 A
06620000 2001 03 13     120.00 A
06620000 2001 03 14     115.00 A
06620000 2001 03 15     110.00 A
06620000 2001 03 16     110.00 A
06620000 2001 03 17     115.00 A
06620000 2001 03 18     115.00 A
06620000 2001 03 19     115.00 A
06620000 2001 03 20     120.00 A
06620000 2001 03 21     130.00 A
06620000 2001 03 22     150.00 A
06620000 2001 03 23     190.00 A
06620000 2001 03 24     230.00 A
06620000 2001 03 25     270.00 A
06620000 2001 03 26     250.00 A
06620000 2001 03 27     240.00 A
06620000 2001 03 28     230.00 A
06620000 2001 03 29     230.00 A
06620000 2001 03 30     240.00 A
06620000 2001 03 31     230.00 A
06620000 2001 04 01     230.00 A
06620000 2001 04 02     240.00 A
06620000 2001 04 03     360.00 A
06620000 2001 04 04     600.00 A
06620000 2001 04 05     640.00 A
06620000 2001 04 06     660.00 A
06620000 2001 04 07     619.00 A
06620000 2001 04 08     508.00 A
06620000 2001 04 09     431.00 A
06620000 2001 04 10     377.00 A
06620000 2001 04 11     358.00 A
06620000 2001 04 12     333.00 A
06620000 2001 04 13     313.00 A
06620000 2001 04 14     305.00 A
06620000 2001 04 15     294.00 A
06620000 2001 04 16     294.00 A
06620000 2001 04 17     317.00 A
06620000 2001 04 18     375.00 A
06620000 2001 04 19     476.00 A
06620000 2001 04 20     549.00 A
06620000 2001 04 21     525.00 A
06620000 2001 04 22     466.00 A
06620000 2001 04 23     401.00 A
06620000 2001 04 24     385.00 A
06620000 2001 04 25     458.00 A
06620000 2001 04 26     462.00 A
06620000 2001 04 27     453.00 A
06620000 2001 04 28     503.00 A
06620000 2001 04 29     604.00 A
06620000 2001 04 30     705.00 A
06620000 2001 05 01     702.00 A
06620000 2001 05 02     671.00 A
06620000 2001 05 03     702.00 A
06620000 2001 05 04     625.00 A
06620000 2001 05 05     550.00 A
06620000 2001 05 06     608.00 A
06620000 2001 05 07     550.00 A
06620000 2001 05 08     423.00 A
06620000 2001 05 09     359.00 A
06620000 2001 05 10     351.00 A
06620000 2001 05 11     431.00 A
06620000 2001 05 12     534.00 A
06620000 2001 05 13     565.00 A
06620000 2001 05 14     583.00 A
06620000 2001 05 15     651.00 A
06620000 2001 05 16     798.00 A
06620000 2001 05 17     893.00 A
06620000 2001 05 18     1030.00 A
06620000 2001 05 19     1060.00 A
06620000 2001 05 20     1060.00 A
06620000 2001 05 21     991.00 A
06620000 2001 05 22     802.00 A
06620000 2001 05 23     586.00 A
06620000 2001 05 24     465.00 A
06620000 2001 05 25     411.00 A
06620000 2001 05 26     425.00 A
06620000 2001 05 27     463.00 A
06620000 2001 05 28     557.00 A
06620000 2001 05 29     718.00 A
06620000 2001 05 30     725.00 A
06620000 2001 05 31     634.00 A
06620000 2001 06 01     618.00 A
06620000 2001 06 02     617.00 A
06620000 2001 06 03     691.00 A
06620000 2001 06 04     788.00 A
06620000 2001 06 05     702.00 A
06620000 2001 06 06     590.00 A
06620000 2001 06 07     518.00 A
06620000 2001 06 08     482.00 A
06620000 2001 06 09     523.00 A
06620000 2001 06 10     595.00 A
06620000 2001 06 11     615.00 A
06620000 2001 06 12     595.00 A
06620000 2001 06 13     598.00 A
06620000 2001 06 14     629.00 A
06620000 2001 06 15     611.00 A
06620000 2001 06 16     508.00 A
06620000 2001 06 17     412.00 A
06620000 2001 06 18     355.00 A
06620000 2001 06 19     322.00 A
06620000 2001 06 20     330.00 A
06620000 2001 06 21     351.00 A
06620000 2001 06 22     329.00 A
06620000 2001 06 23     322.00 A
06620000 2001 06 24     325.00 A
06620000 2001 06 25     319.00 A
06620000 2001 06 26     318.00 A
06620000 2001 06 27     337.00 A
06620000 2001 06 28     366.00 A
06620000 2001 06 29     348.00 A
06620000 2001 06 30     326.00 A
06620000 2001 07 01     291.00 A
06620000 2001 07 02     271.00 A
06620000 2001 07 03     268.00 A
06620000 2001 07 04     259.00 A
06620000 2001 07 05     256.00 A
06620000 2001 07 06     242.00 A
06620000 2001 07 07     216.00 A
06620000 2001 07 08     220.00 A
06620000 2001 07 09     289.00 A
06620000 2001 07 10     263.00 A
06620000 2001 07 11     235.00 A
06620000 2001 07 12     248.00 A
06620000 2001 07 13     243.00 A
06620000 2001 07 14     264.00 A
06620000 2001 07 15     256.00 A
06620000 2001 07 16     237.00 A
06620000 2001 07 17     199.00 A
06620000 2001 07 18     167.00 A
06620000 2001 07 19     148.00 A
06620000 2001 07 20     142.00 A
06620000 2001 07 21     130.00 A
06620000 2001 07 22     122.00 A
06620000 2001 07 23     107.00 A
06620000 2001 07 24     99.00 A
06620000 2001 07 25     94.00 A
06620000 2001 07 26     92.00 A
06620000 2001 07 27     119.00 A
06620000 2001 07 28     142.00 A
06620000 2001 07 29     126.00 A
06620000 2001 07 30     107.00 A
06620000 2001 07 31     95.00 A
06620000 2001 08 01     98.00 A
06620000 2001 08 02     99.00 A
06620000 2001 08 03     90.00 A
06620000 2001 08 04     85.00 A
06620000 2001 08 05     80.00 A
06620000 2001 08 06     77.00 A
06620000 2001 08 07     77.00 A
06620000 2001 08 08     94.00 A
06620000 2001 08 09     144.00 A
06620000 2001 08 10     191.00 A
06620000 2001 08 11     161.00 A
06620000 2001 08 12     155.00 A
06620000 2001 08 13     142.00 A
06620000 2001 08 14     129.00 A
06620000 2001 08 15     137.00 A
06620000 2001 08 16     151.00 A
06620000 2001 08 17     156.00 A
06620000 2001 08 18     135.00 A
06620000 2001 08 19     116.00 A
06620000 2001 08 20     101.00 A
06620000 2001 08 21     91.00 A
06620000 2001 08 22     89.00 A
06620000 2001 08 23     92.00 A
06620000 2001 08 24     95.00 A
06620000 2001 08 25     90.00 A
06620000 2001 08 26     77.00 A
06620000 2001 08 27     66.00 A
06620000 2001 08 28     60.00 A
06620000 2001 08 29     57.00 A
06620000 2001 08 30     56.00 A
06620000 2001 08 31     55.00 A
06620000 2001 09 01     59.00 A
06620000 2001 09 02     61.00 A
06620000 2001 09 03     62.00 A
06620000 2001 09 04     60.00 A
06620000 2001 09 05     56.00 A
06620000 2001 09 06     54.00 A
06620000 2001 09 07     57.00 A
06620000 2001 09 08     66.00 A
06620000 2001 09 09     92.00 A
06620000 2001 09 10     109.00 A
06620000 2001 09 11     102.00 A
06620000 2001 09 12     88.00 A
06620000 2001 09 13     92.00 A
06620000 2001 09 14     72.00 A
06620000 2001 09 15     73.00 A
06620000 2001 09 16     72.00 A
06620000 2001 09 17     75.00 A
06620000 2001 09 18     80.00 A
06620000 2001 09 19     90.00 A
06620000 2001 09 20     85.00 A
06620000 2001 09 21     70.00 A
06620000 2001 09 22     60.00 A
06620000 2001 09 23     55.00 A
06620000 2001 09 24     53.00 A
06620000 2001 09 25     53.00 A
06620000 2001 09 26     48.00 A
06620000 2001 09 27     46.00 A
06620000 2001 09 28     46.00 A
06620000 2001 09 29     45.00 A
06620000 2001 09 30     44.00 A
06620000 2001 10 01     44.00 A
06620000 2001 10 02     44.00 A
06620000 2001 10 03     43.00 A
06620000 2001 10 04     44.00 A
06620000 2001 10 05     45.00 A
06620000 2001 10 06     46.00 A
06620000 2001 10 07     46.00 A
06620000 2001 10 08     46.00 A
06620000 2001 10 09     50.00 A
06620000 2001 10 10     55.00 A
06620000 2001 10 11     60.00 A
06620000 2001 10 12     62.00 A
06620000 2001 10 13     64.00 A
06620000 2001 10 14     65.00 A
06620000 2001 10 15     68.00 A
06620000 2001 10 16     70.00 A
06620000 2001 10 17     69.00 A
06620000 2001 10 18     66.00 A
06620000 2001 10 19     63.00 A
06620000 2001 10 20     61.00 A
06620000 2001 10 21     59.00 A
06620000 2001 10 22     59.00 A
06620000 2001 10 23     61.00 A
06620000 2001 10 24     63.00 A
06620000 2001 10 25     78.00 A
06620000 2001 10 26     73.00 A
06620000 2001 10 27     61.00 A
06620000 2001 10 28     59.00 A
06620000 2001 10 29     59.00 A
06620000 2001 10 30     61.00 A
06620000 2001 10 31     66.00 A
06620000 2001 11 01     69.00 A
06620000 2001 11 02     77.00 A
06620000 2001 11 03     76.00 A
06620000 2001 11 04     75.00 A
06620000 2001 11 05     69.00 A
06620000 2001 11 06     72.00 A
06620000 2001 11 07     76.00 A
06620000 2001 11 08     80.00 A
06620000 2001 11 09     94.00 A
06620000 2001 11 10     93.00 A
06620000 2001 11 11     85.00 A
06620000 2001 11 12     87.00 A
06620000 2001 11 13     93.00 A
06620000 2001 11 14     95.00 A
06620000 2001 11 15     91.00 A
06620000 2001 11 16     93.00 A
06620000 2001 11 17     87.00 A
06620000 2001 11 18     82.00 A
06620000 2001 11 19     93.00 A
06620000 2001 11 20     89.00 A
06620000 2001 11 21     86.80 A
06620000 2001 11 22     93.20 A
06620000 2001 11 23     91.00 A
06620000 2001 11 24     85.10 A
06620000 2001 11 25     90.80 A
06620000 2001 11 26     86.80 A
06620000 2001 11 27     85.90 A
06620000 2001 11 28     82.90 A
06620000 2001 11 29     96.50 A
06620000 2001 11 30     108.00 A
06620000 2001 12 01     110.00 A
06620000 2001 12 02     116.00 A
06620000 2001 12 03     119.00 A
06620000 2001 12 04     125.00 A
06620000 2001 12 05     119.00 A
06620000 2001 12 06     125.00 A
06620000 2001 12 07     108.00 A
06620000 2001 12 08     108.00 A
06620000 2001 12 09     111.00 A
06620000 2001 12 10     113.00 A
06620000 2001 12 11     107.00 A
06620000 2001 12 12     99.30 A
06620000 2001 12 13     89.10 A
06620000 2001 12 14     98.00 A
06620000 2001 12 15     98.60 A
06620000 2001 12 16     93.40 A
06620000 2001 12 17     92.20 A
06620000 2001 12 18     97.30 A
06620000 2001 12 19     92.20 A
06620000 2001 12 20     102.00 A
06620000 2001 12 21     104.00 A
06620000 2001 12 22     100.00 A
06620000 2001 12 23     94.10 A
06620000 2001 12 24     87.90 A
06620000 2001 12 25     84.40 A
06620000 2001 12 26     83.20 A
06620000 2001 12 27     82.70 A
06620000 2001 12 28     83.80 A
06620000 2001 12 29     82.10 A
06620000 2001 12 30     83.80 A
06620000 2001 12 31     83.80 A
06620000 2002 01 01     82.70 A
06620000 2002 01 02     78.90 A
06620000 2002 01 03     81.00 A
06620000 2002 01 04     83.20 A
06620000 2002 01 05     84.40 A
06620000 2002 01 06     85.00 A
06620000 2002 01 07     84.40 A
06620000 2002 01 08     85.00 A
06620000 2002 01 09     84.40 A
06620000 2002 01 10     82.10 A
06620000 2002 01 11     77.80 A
06620000 2002 01 12     77.80 A
06620000 2002 01 13     76.20 A
06620000 2002 01 14     76.20 A
06620000 2002 01 15     71.90 A
06620000 2002 01 16     69.40 A
06620000 2002 01 17     67.30 A
06620000 2002 01 18     65.40 A
06620000 2002 01 19     68.40 A
06620000 2002 01 20     68.40 A
06620000 2002 01 21     70.40 A
06620000 2002 01 22     71.90 A
06620000 2002 01 23     70.40 A
06620000 2002 01 24     69.90 A
06620000 2002 01 25     69.90 A
06620000 2002 01 26     73.50 A
06620000 2002 01 27     75.20 A
06620000 2002 01 28     75.20 A
06620000 2002 01 29     73.50 A
06620000 2002 01 30     71.90 A
06620000 2002 01 31     70.40 A
06620000 2002 02 01     67.40 A
06620000 2002 02 02     70.40 A
06620000 2002 02 03     72.90 A
06620000 2002 02 04     74.90 A
06620000 2002 02 05     74.90 A
06620000 2002 02 06     74.40 A
06620000 2002 02 07     76.80 A
06620000 2002 02 08     76.80 A
06620000 2002 02 09     75.40 A
06620000 2002 02 10     72.40 A
06620000 2002 02 11     74.40 A
06620000 2002 02 12     78.60 A
06620000 2002 02 13     78.60 A
06620000 2002 02 14     76.90 A
06620000 2002 02 15     74.40 A
06620000 2002 02 16     76.90 A
06620000 2002 02 17     77.20 A
06620000 2002 02 18     75.40 A
06620000 2002 02 19     74.40 A
06620000 2002 02 20     73.90 A
06620000 2002 02 21     72.00 A
06620000 2002 02 22     73.90 A
06620000 2002 02 23     74.40 A
06620000 2002 02 24     74.90 A
06620000 2002 02 25     68.40 A
06620000 2002 02 26     65.50 A
06620000 2002 02 27     63.90 A
06620000 2002 02 28     63.00 A
06620000 2002 03 01     63.80 A
06620000 2002 03 02     60.10 A
06620000 2002 03 03     59.10 A
06620000 2002 03 04     60.10 A
06620000 2002 03 05     61.70 A
06620000 2002 03 06     62.20 A
06620000 2002 03 07     63.90 A
06620000 2002 03 08     65.50 A
06620000 2002 03 09     67.80 A
06620000 2002 03 10     68.40 A
06620000 2002 03 11     68.10 A
06620000 2002 03 12     67.50 A
06620000 2002 03 13     68.70 A
06620000 2002 03 14     71.00 A
06620000 2002 03 15     69.20 A
06620000 2002 03 16     69.20 A
06620000 2002 03 17     68.70 A
06620000 2002 03 18     68.70 A
06620000 2002 03 19     71.00 A
06620000 2002 03 20     72.20 A
06620000 2002 03 21     79.70 A
06620000 2002 03 22     84.50 A
06620000 2002 03 23     87.30 A
06620000 2002 03 24     89.50 A
06620000 2002 03 25     94.10 A
06620000 2002 03 26     101.00 A
06620000 2002 03 27     102.00 A
06620000 2002 03 28     111.00 A
06620000 2002 03 29     135.00 A
06620000 2002 03 30     152.00 A
06620000 2002 03 31     237.00 A
06620000 2002 04 01     394.00 A
06620000 2002 04 02     409.00 A
06620000 2002 04 03     415.00 A
06620000 2002 04 04     442.00 A
06620000 2002 04 05     526.00 A
06620000 2002 04 06     504.00 A
06620000 2002 04 07     508.00 A
06620000 2002 04 08     417.00 A
06620000 2002 04 09     348.00 A
06620000 2002 04 10     333.00 A
06620000 2002 04 11     332.00 A
06620000 2002 04 12     298.00 A
06620000 2002 04 13     228.00 A
06620000 2002 04 14     185.00 A
06620000 2002 04 15     170.00 A
06620000 2002 04 16     161.00 A
06620000 2002 04 17     143.00 A
06620000 2002 04 18     134.00 A
06620000 2002 04 19     109.00 A
06620000 2002 04 20     93.00 A
06620000 2002 04 21     93.00 A
06620000 2002 04 22     87.00 A
06620000 2002 04 23     83.00 A
06620000 2002 04 24     79.00 A
06620000 2002 04 25     76.00 A
06620000 2002 04 26     74.00 A
06620000 2002 04 27     72.00 A
06620000 2002 04 28     72.00 A
06620000 2002 04 29     72.00 A
06620000 2002 04 30     74.00 A
06620000 2002 05 01     74.00 A
06620000 2002 05 02     74.00 A
06620000 2002 05 03     75.00 A
06620000 2002 05 04     73.00 A
06620000 2002 05 05     73.00 A
06620000 2002 05 06     74.00 A
06620000 2002 05 07     74.00 A
06620000 2002 05 08     77.00 A
06620000 2002 05 09     77.00 A
06620000 2002 05 10     77.00 A
06620000 2002 05 11     75.00 A
06620000 2002 05 12     74.00 A
06620000 2002 05 13     74.00 A
06620000 2002 05 14     75.00 A
06620000 2002 05 15     77.00 A
06620000 2002 05 16     78.00 A
06620000 2002 05 17     77.00 A
06620000 2002 05 18     75.00 A
06620000 2002 05 19     92.00 A
06620000 2002 05 20     81.00 A
06620000 2002 05 21     81.00 A
06620000 2002 05 22     91.00 A
06620000 2002 05 23     112.00 A
06620000 2002 05 24     165.00 A
06620000 2002 05 25     195.00 A
06620000 2002 05 26     216.00 A
06620000 2002 05 27     157.00 A
06620000 2002 05 28     141.00 A
06620000 2002 05 29     103.00 A
06620000 2002 05 30     104.00 A
06620000 2002 05 31     89.00 A
06620000 2002 06 01     180.00 A
06620000 2002 06 02     276.00 A
06620000 2002 06 03     274.00 A
06620000 2002 06 04     264.00 A
06620000 2002 06 05     268.00 A
06620000 2002 06 06     257.00 A
06620000 2002 06 07     232.00 A
06620000 2002 06 08     213.00 A
06620000 2002 06 09     181.00 A
06620000 2002 06 10     166.00 A
06620000 2002 06 11     168.00 A
06620000 2002 06 12     176.00 A
06620000 2002 06 13     172.00 A
06620000 2002 06 14     176.00 A
06620000 2002 06 15     157.00 A
06620000 2002 06 16     173.00 A
06620000 2002 06 17     168.00 A
06620000 2002 06 18     148.00 A
06620000 2002 06 19     133.00 A
06620000 2002 06 20     124.00 A
06620000 2002 06 21     116.00 A
06620000 2002 06 22     125.00 A
06620000 2002 06 23     133.00 A
06620000 2002 06 24     123.00 A
06620000 2002 06 25     102.00 A
06620000 2002 06 26     79.00 A
06620000 2002 06 27     72.00 A
06620000 2002 06 28     78.00 A
06620000 2002 06 29     79.00 A
06620000 2002 06 30     73.00 A
06620000 2002 07 01     66.00 A
06620000 2002 07 02     57.00 A
06620000 2002 07 03     53.00 A
06620000 2002 07 04     52.00 A
06620000 2002 07 05     57.00 A
06620000 2002 07 06     64.00 A
06620000 2002 07 07     76.00 A
06620000 2002 07 08     85.00 A
06620000 2002 07 09     76.00 A
06620000 2002 07 10     68.00 A
06620000 2002 07 11     70.00 A
06620000 2002 07 12     71.00 A
06620000 2002 07 13     59.00 A
06620000 2002 07 14     61.00 A
06620000 2002 07 15     59.00 A
06620000 2002 07 16     51.00 A
06620000 2002 07 17     49.00 A
06620000 2002 07 18     48.00 A
06620000 2002 07 19     48.00 A
06620000 2002 07 20     49.00 A
06620000 2002 07 21     86.00 A
06620000 2002 07 22     145.00 A
06620000 2002 07 23     114.00 A
06620000 2002 07 24     97.00 A
06620000 2002 07 25     89.00 A
06620000 2002 07 26     90.00 A
06620000 2002 07 27     101.00 A
06620000 2002 07 28     88.00 A
06620000 2002 07 29     72.00 A
06620000 2002 07 30     56.00 A
06620000 2002 07 31     49.00 A
06620000 2002 08 01     46.00 A
06620000 2002 08 02     47.00 A
06620000 2002 08 03     46.00 A
06620000 2002 08 04     45.00 A
06620000 2002 08 05     47.00 A
06620000 2002 08 06     45.00 A
06620000 2002 08 07     54.00 A
06620000 2002 08 08     62.00 A
06620000 2002 08 09     57.00 A
06620000 2002 08 10     52.00 A
06620000 2002 08 11     50.00 A
06620000 2002 08 12     54.00 A
06620000 2002 08 13     53.00 A
06620000 2002 08 14     52.00 A
06620000 2002 08 15     34.50 A
06620000 2002 08 16     27.30 A
06620000 2002 08 17     20.30 A
06620000 2002 08 18     17.40 A
06620000 2002 08 19     16.00 A
06620000 2002 08 20     16.10 A
06620000 2002 08 21     16.90 A
06620000 2002 08 22     16.90 A
06620000 2002 08 23     16.40 A
06620000 2002 08 24     18.20 A
06620000 2002 08 25     17.50 A
06620000 2002 08 26     16.30 A
06620000 2002 08 27     16.90 A
06620000 2002 08 28     18.00 A
06620000 2002 08 29     19.00 A
06620000 2002 08 30     18.00 A
06620000 2002 08 31     17.00 A
06620000 2002 09 01     17.00 A
06620000 2002 09 02     17.00 A
06620000 2002 09 03     17.00 A
06620000 2002 09 04     18.00 A
06620000 2002 09 05     16.00 A
06620000 2002 09 06     15.00 A
06620000 2002 09 07     15.00 A
06620000 2002 09 08     16.00 A
06620000 2002 09 09     19.00 A
06620000 2002 09 10     21.00 A
06620000 2002 09 11     30.00 A
06620000 2002 09 12     37.00 A
06620000 2002 09 13     52.00 A
06620000 2002 09 14     53.00 A
06620000 2002 09 15     43.00 A
06620000 2002 09 16     33.00 A
06620000 2002 09 17     31.00 A
06620000 2002 09 18     34.00 A
06620000 2002 09 19     35.00 A
06620000 2002 09 20     41.00 A
06620000 2002 09 21     37.00 A
06620000 2002 09 22     33.00 A
06620000 2002 09 23     31.00 A
06620000 2002 09 24     30.00 A
06620000 2002 09 25     29.00 A
06620000 2002 09 26     30.00 A
06620000 2002 09 27     31.00 A
06620000 2002 09 28     31.00 A
06620000 2002 09 29     34.00 A
06620000 2002 09 30     33.00 A
06620000 2002 10 01     34.50 A
06620000 2002 10 02     35.70 A
06620000 2002 10 03     43.60 A
06620000 2002 10 04     64.30 A
06620000 2002 10 05     70.00 A
06620000 2002 10 06     58.90 A
06620000 2002 10 07     56.60 A
06620000 2002 10 08     52.70 A
06620000 2002 10 09     51.70 A
06620000 2002 10 10     50.20 A
06620000 2002 10 11     56.40 A
06620000 2002 10 12     53.20 A
06620000 2002 10 13     50.40 A
06620000 2002 10 14     48.60 A
06620000 2002 10 15     49.20 A
06620000 2002 10 16     48.30 A
06620000 2002 10 17     48.10 A
06620000 2002 10 18     46.80 A
06620000 2002 10 19     46.50 A
06620000 2002 10 20     45.50 A
06620000 2002 10 21     46.80 A
06620000 2002 10 22     46.90 A
06620000 2002 10 23     50.40 A
06620000 2002 10 24     52.80 A
06620000 2002 10 25     55.50 A
06620000 2002 10 26     57.40 A
06620000 2002 10 27     60.40 A
06620000 2002 10 28     61.20 A
06620000 2002 10 29     60.80 A
06620000 2002 10 30     50.00 A
06620000 2002 10 31     49.40 A
06620000 2002 11 01     50.60 A
06620000 2002 11 02     51.20 A
06620000 2002 11 03     48.80 A
06620000 2002 11 04     51.90 A
06620000 2002 11 05     55.20 A
06620000 2002 11 06     63.80 A
06620000 2002 11 07     74.40 A
06620000 2002 11 08     75.20 A
06620000 2002 11 09     70.00 A
06620000 2002 11 10     67.80 A
06620000 2002 11 11     65.10 A
06620000 2002 11 12     61.80 A
06620000 2002 11 13     70.70 A
06620000 2002 11 14     69.20 A
06620000 2002 11 15     65.80 A
06620000 2002 11 16     67.10 A
06620000 2002 11 17     77.40 A
06620000 2002 11 18     83.70 A
06620000 2002 11 19     86.50 A
06620000 2002 11 20     98.00 A
06620000 2002 11 21     101.00 A
06620000 2002 11 22     104.00 A
06620000 2002 11 23     106.00 A
06620000 2002 11 24     101.00 A
06620000 2002 11 25     97.80 A
06620000 2002 11 26     95.60 A
06620000 2002 11 27     90.20 A
06620000 2002 11 28     98.20 A
06620000 2002 11 29     102.00 A
06620000 2002 11 30     101.00 A
06620000 2002 12 01     101.00 A
06620000 2002 12 02     101.00 A
06620000 2002 12 03     100.00 A
06620000 2002 12 04     97.80 A
06620000 2002 12 05     94.50 A
06620000 2002 12 06     93.10 A
06620000 2002 12 07     91.20 A
06620000 2002 12 08     87.30 A
06620000 2002 12 09     83.60 A
06620000 2002 12 10     83.60 A
06620000 2002 12 11     89.20 A
06620000 2002 12 12     86.40 A
06620000 2002 12 13     89.20 A
06620000 2002 12 14     91.20 A
06620000 2002 12 15     94.10 A
06620000 2002 12 16     89.20 A
06620000 2002 12 17     86.40 A
06620000 2002 12 18     84.50 A
06620000 2002 12 19     76.70 A
06620000 2002 12 20     68.10 A
06620000 2002 12 21     66.70 A
06620000 2002 12 22     63.90 A
06620000 2002 12 23     57.30 A
06620000 2002 12 24     57.30 A
06620000 2002 12 25     53.50 A
06620000 2002 12 26     52.30 A
06620000 2002 12 27     52.30 A
06620000 2002 12 28     54.10 A
06620000 2002 12 29     57.40 A
06620000 2002 12 30     58.40 A
06620000 2002 12 31     56.10 A
06620000 2003 01 01     57.50 A
06620000 2003 01 02     53.50 A
06620000 2003 01 03     57.00 A
06620000 2003 01 04     57.50 A
06620000 2003 01 05     56.10 A
06620000 2003 01 06     54.40 A
06620000 2003 01 07     53.50 A
06620000 2003 01 08     55.70 A
06620000 2003 01 09     51.50 A
06620000 2003 01 10     45.40 A
06620000 2003 01 11     44.30 A
06620000 2003 01 12     45.40 A
06620000 2003 01 13     45.80 A
06620000 2003 01 14     48.70 A
06620000 2003 01 15     49.50 A
06620000 2003 01 16     48.70 A
06620000 2003 01 17     47.50 A
06620000 2003 01 18     47.50 A
06620000 2003 01 19     51.90 A
06620000 2003 01 20     54.50 A
06620000 2003 01 21     52.50 A
06620000 2003 01 22     49.90 A
06620000 2003 01 23     50.60 A
06620000 2003 01 24     53.80 A
06620000 2003 01 25     53.20 A
06620000 2003 01 26     55.20 A
06620000 2003 01 27     59.50 A
06620000 2003 01 28     56.60 A
06620000 2003 01 29     55.20 A
06620000 2003 01 30     55.90 A
06620000 2003 01 31     60.30 A
06620000 2003 02 01     63.40 A
06620000 2003 02 02     62.80 A
06620000 2003 02 03     61.20 A
06620000 2003 02 04     59.60 A
06620000 2003 02 05     53.30 A
06620000 2003 02 06     48.00 A
06620000 2003 02 07     44.50 A
06620000 2003 02 08     48.00 A
06620000 2003 02 09     54.10 A
06620000 2003 02 10     60.10 A
06620000 2003 02 11     63.30 A
06620000 2003 02 12     67.30 A
06620000 2003 02 13     70.20 A
06620000 2003 02 14     70.20 A
06620000 2003 02 15     68.40 A
06620000 2003 02 16     67.30 A
06620000 2003 02 17     67.30 A
06620000 2003 02 18     65.50 A
06620000 2003 02 19     66.10 A
06620000 2003 02 20     67.30 A
06620000 2003 02 21     69.00 A
06620000 2003 02 22     67.30 A
06620000 2003 02 23     62.80 A
06620000 2003 02 24     60.60 A
06620000 2003 02 25     62.20 A
06620000 2003 02 26     64.40 A
06620000 2003 02 27     67.30 A
06620000 2003 02 28     66.10 A
06620000 2003 03 01     66.70 A
06620000 2003 03 02     68.40 A
06620000 2003 03 03     71.00 A
06620000 2003 03 04     72.80 A
06620000 2003 03 05     71.90 A
06620000 2003 03 06     77.60 A
06620000 2003 03 07     78.90 A
06620000 2003 03 08     85.40 A
06620000 2003 03 09     91.00 A
06620000 2003 03 10     105.00 A
06620000 2003 03 11     105.00 A
06620000 2003 03 12     120.00 A
06620000 2003 03 13     141.00 A
06620000 2003 03 14     183.00 A
06620000 2003 03 15     205.00 A
06620000 2003 03 16     219.00 A
06620000 2003 03 17     212.00 A
06620000 2003 03 18     202.00 A
06620000 2003 03 19     198.00 A
06620000 2003 03 20     195.00 A
06620000 2003 03 21     205.00 A
06620000 2003 03 22     232.00 A
06620000 2003 03 23     290.00 A
06620000 2003 03 24     266.00 A
06620000 2003 03 25     275.00 A
06620000 2003 03 26     295.00 A
06620000 2003 03 27     280.00 A
06620000 2003 03 28     228.00 A
06620000 2003 03 29     191.00 A
06620000 2003 03 30     198.00 A
06620000 2003 03 31     220.00 A
06620000 2003 04 01     306.00 A
06620000 2003 04 02     397.00 A
06620000 2003 04 03     456.00 A
06620000 2003 04 04     396.00 A
06620000 2003 04 05     350.00 A
06620000 2003 04 06     319.00 A
06620000 2003 04 07     274.00 A
06620000 2003 04 08     237.00 A
06620000 2003 04 09     241.00 A
06620000 2003 04 10     294.00 A
06620000 2003 04 11     393.00 A
06620000 2003 04 12     484.00 A
06620000 2003 04 13     510.00 A
06620000 2003 04 14     526.00 A
06620000 2003 04 15     590.00 A
06620000 2003 04 16     561.00 A
06620000 2003 04 17     487.00 A
06620000 2003 04 18     419.00 A
06620000 2003 04 19     360.00 A
06620000 2003 04 20     297.00 A
06620000 2003 04 21     261.00 A
06620000 2003 04 22     244.00 A
06620000 2003 04 23     291.00 A
06620000 2003 04 24     323.00 A
06620000 2003 04 25     338.00 A
06620000 2003 04 26     367.00 A
06620000 2003 04 27     410.00 A
06620000 2003 04 28     516.00 A
06620000 2003 04 29     502.00 A
06620000 2003 04 30     455.00 A
06620000 2003 05 01     426.00 A
06620000 2003 05 02     370.00 A
06620000 2003 05 03     301.00 A
06620000 2003 05 04     249.00 A
06620000 2003 05 05     239.00 A
06620000 2003 05 06     254.00 A
06620000 2003 05 07     247.00 A
06620000 2003 05 08     227.00 A
06620000 2003 05 09     227.00 A
06620000 2003 05 10     266.00 A
06620000 2003 05 11     302.00 A
06620000 2003 05 12     326.00 A
06620000 2003 05 13     291.00 A
06620000 2003 05 14     247.00 A
06620000 2003 05 15     229.00 A
06620000 2003 05 16     263.00 A
06620000 2003 05 17     332.00 A
06620000 2003 05 18     411.00 A
06620000 2003 05 19     548.00 A
06620000 2003 05 20     601.00 A
06620000 2003 05 21     526.00 A
06620000 2003 05 22     489.00 A
06620000 2003 05 23     498.00 A
06620000 2003 05 24     531.00 A
06620000 2003 05 25     667.00 A
06620000 2003 05 26     943.00 A
06620000 2003 05 27     1120.00 A
06620000 2003 05 28     1250.00 A
06620000 2003 05 29     1470.00 A
06620000 2003 05 30     1770.00 A
06620000 2003 05 31     2090.00 A
06620000 2003 06 01     2590.00 A
06620000 2003 06 02     3130.00 A
06620000 2003 06 03     3300.00 A
06620000 2003 06 04     2800.00 A
06620000 2003 06 05     2340.00 A
06620000 2003 06 06     1900.00 A
06620000 2003 06 07     1770.00 A
06620000 2003 06 08     1620.00 A
06620000 2003 06 09     1360.00 A
06620000 2003 06 10     1240.00 A
06620000 2003 06 11     1570.00 A
06620000 2003 06 12     2000.00 A
06620000 2003 06 13     2150.00 A
06620000 2003 06 14     1840.00 A
06620000 2003 06 15     1570.00 A
06620000 2003 06 16     1520.00 A
06620000 2003 06 17     1480.00 A
06620000 2003 06 18     1380.00 A
06620000 2003 06 19     1350.00 A
06620000 2003 06 20     1610.00 A
06620000 2003 06 21     1640.00 A
06620000 2003 06 22     1410.00 A
06620000 2003 06 23     1180.00 A
06620000 2003 06 24     1030.00 A
06620000 2003 06 25     1030.00 A
06620000 2003 06 26     1030.00 A
06620000 2003 06 27     873.00 A
06620000 2003 06 28     700.00 A
06620000 2003 06 29     596.00 A
06620000 2003 06 30     556.00 A
06620000 2003 07 01     526.00 A
06620000 2003 07 02     475.00 A
06620000 2003 07 03     435.00 A
06620000 2003 07 04     408.00 A
06620000 2003 07 05     360.00 A
06620000 2003 07 06     314.00 A
06620000 2003 07 07     301.00 A
06620000 2003 07 08     305.00 A
06620000 2003 07 09     281.00 A
06620000 2003 07 10     262.00 A
06620000 2003 07 11     297.00 A
06620000 2003 07 12     294.00 A
06620000 2003 07 13     293.00 A
06620000 2003 07 14     265.00 A
06620000 2003 07 15     255.00 A
06620000 2003 07 16     249.00 A
06620000 2003 07 17     266.00 A
06620000 2003 07 18     272.00 A
06620000 2003 07 19     343.00 A
06620000 2003 07 20     389.00 A
06620000 2003 07 21     359.00 A
06620000 2003 07 22     317.00 A
06620000 2003 07 23     281.00 A
06620000 2003 07 24     295.00 A
06620000 2003 07 25     280.00 A
06620000 2003 07 26     257.00 A
06620000 2003 07 27     252.00 A
06620000 2003 07 28     315.00 A
06620000 2003 07 29     279.00 A
06620000 2003 07 30     271.00 A
06620000 2003 07 31     280.00 A
06620000 2003 08 01     245.00 A
06620000 2003 08 02     210.00 A
06620000 2003 08 03     188.00 A
06620000 2003 08 04     176.00 A
06620000 2003 08 05     180.00 A
06620000 2003 08 06     172.00 A
06620000 2003 08 07     146.00 A
06620000 2003 08 08     129.00 A
06620000 2003 08 09     128.00 A
06620000 2003 08 10     131.00 A
06620000 2003 08 11     114.00 A
06620000 2003 08 12     107.00 A
06620000 2003 08 13     113.00 A
06620000 2003 08 14     110.00 A
06620000 2003 08 15     98.70 A
06620000 2003 08 16     87.80 A
06620000 2003 08 17     103.00 A
06620000 2003 08 18     155.00 A
06620000 2003 08 19     188.00 A
06620000 2003 08 20     185.00 A
06620000 2003 08 21     131.00 A
06620000 2003 08 22     112.00 A
06620000 2003 08 23     107.00 A
06620000 2003 08 24     101.00 A
06620000 2003 08 25     117.00 A
06620000 2003 08 26     117.00 A
06620000 2003 08 27     117.00 A
06620000 2003 08 28     102.00 A
06620000 2003 08 29     97.10 A
06620000 2003 08 30     90.10 A
06620000 2003 08 31     90.40 A
06620000 2003 09 01     97.20 A
06620000 2003 09 02     97.60 A
06620000 2003 09 03     92.10 A
06620000 2003 09 04     93.00 A
06620000 2003 09 05     95.30 A
06620000 2003 09 06     84.50 A
06620000 2003 09 07     96.40 A
06620000 2003 09 08     109.00 A
06620000 2003 09 09     107.00 A
06620000 2003 09 10     109.00 A
06620000 2003 09 11     105.00 A
06620000 2003 09 12     100.00 A
06620000 2003 09 13     92.20 A
06620000 2003 09 14     86.40 A
06620000 2003 09 15     80.70 A
06620000 2003 09 16     77.20 A
06620000 2003 09 17     71.70 A
06620000 2003 09 18     67.10 A
06620000 2003 09 19     66.20 A
06620000 2003 09 20     68.60 A
06620000 2003 09 21     70.10 A
06620000 2003 09 22     69.10 A
06620000 2003 09 23     65.70 A
06620000 2003 09 24     63.90 A
06620000 2003 09 25     61.50 A
06620000 2003 09 26     58.70 A
06620000 2003 09 27     52.10 A
06620000 2003 09 28     50.10 A
06620000 2003 09 29     50.80 A
06620000 2003 09 30     52.90 A
06620000 2003 10 01     43.40 A
06620000 2003 10 02     42.50 A
06620000 2003 10 03     53.90 A
06620000 2003 10 04     61.60 A
06620000 2003 10 05     62.20 A
06620000 2003 10 06     57.70 A
06620000 2003 10 07     56.00 A
06620000 2003 10 08     54.00 A
06620000 2003 10 09     52.10 A
06620000 2003 10 10     50.60 A
06620000 2003 10 11     49.70 A
06620000 2003 10 12     48.80 A
06620000 2003 10 13     49.40 A
06620000 2003 10 14     49.10 A
06620000 2003 10 15     49.00 A
06620000 2003 10 16     49.20 A
06620000 2003 10 17     49.70 A
06620000 2003 10 18     48.80 A
06620000 2003 10 19     49.20 A
06620000 2003 10 20     50.40 A
06620000 2003 10 21     50.60 A
06620000 2003 10 22     51.20 A
06620000 2003 10 23     51.00 A
06620000 2003 10 24     50.30 A
06620000 2003 10 25     48.50 A
06620000 2003 10 26     45.00 A
06620000 2003 10 27     51.90 A
06620000 2003 10 28     53.10 A
06620000 2003 10 29     52.50 A
06620000 2003 10 30     51.70 A
06620000 2003 10 31     55.90 A
06620000 2003 11 01     63.20 A
06620000 2003 11 02     68.70 A
06620000 2003 11 03     88.30 A
06620000 2003 11 04     106.00 A
06620000 2003 11 05     93.00 A
06620000 2003 11 06     72.00 A
06620000 2003 11 07     72.00 A
06620000 2003 11 08     74.00 A
06620000 2003 11 09     80.00 A
06620000 2003 11 10     83.00 A
06620000 2003 11 11     85.00 A
06620000 2003 11 12     90.00 A
06620000 2003 11 13     90.00 A
06620000 2003 11 14     93.00 A
06620000 2003 11 15     93.00 A
06620000 2003 11 16     93.00 A
06620000 2003 11 17     93.00 A
06620000 2003 11 18     92.00 A
06620000 2003 11 19     90.00 A
06620000 2003 11 20     86.00 A
06620000 2003 11 21     78.00 A
06620000 2003 11 22     70.00 A
06620000 2003 11 23     78.00 A
06620000 2003 11 24     86.00 A
06620000 2003 11 25     94.00 A
06620000 2003 11 26     100.00 A
06620000 2003 11 27     110.00 A
06620000 2003 11 28     110.00 A
06620000 2003 11 29     120.00 A
06620000 2003 11 30     130.00 A
06620000 2003 12 01     140.00 A
06620000 2003 12 02     140.00 A
06620000 2003 12 03     140.00 A
06620000 2003 12 04     130.00 A
06620000 2003 12 05     120.00 A
06620000 2003 12 06     110.00 A
06620000 2003 12 07     110.00 A
06620000 2003 12 08     100.00 A
06620000 2003 12 09     90.00 A
06620000 2003 12 10     83.00 A
06620000 2003 12 11     80.00 A
06620000 2003 12 12     80.00 A
06620000 2003 12 13     80.00 A
06620000 2003 12 14     80.00 A
06620000 2003 12 15     80.00 A
06620000 2003 12 16     80.00 A
06620000 2003 12 17     80.00 A
06620000 2003 12 18     80.00 A
06620000 2003 12 19     80.00 A
06620000 2003 12 20     83.00 A
06620000 2003 12 21     86.00 A
06620000 2003 12 22     83.00 A
06620000 2003 12 23     80.00 A
06620000 2003 12 24     76.00 A
06620000 2003 12 25     80.00 A
06620000 2003 12 26     84.00 A
06620000 2003 12 27     80.00 A
06620000 2003 12 28     80.00 A
06620000 2003 12 29     80.00 A
06620000 2003 12 30     82.00 A
06620000 2003 12 31     84.00 A
06620000 2004 01 01     86.00 A
06620000 2004 01 02     84.00 A
06620000 2004 01 03     82.00 A
06620000 2004 01 04     80.00 A
06620000 2004 01 05     78.00 A
06620000 2004 01 06     80.00 A
06620000 2004 01 07     82.00 A
06620000 2004 01 08     84.00 A
06620000 2004 01 09     88.00 A
06620000 2004 01 10     86.00 A
06620000 2004 01 11     86.00 A
06620000 2004 01 12     84.00 A
06620000 2004 01 13     83.00 A
06620000 2004 01 14     84.00 A
06620000 2004 01 15     84.00 A
06620000 2004 01 16     84.00 A
06620000 2004 01 17     84.00 A
06620000 2004 01 18     80.00 A
06620000 2004 01 19     82.00 A
06620000 2004 01 20     84.00 A
06620000 2004 01 21     82.00 A
06620000 2004 01 22     82.00 A
06620000 2004 01 23     84.00 A
06620000 2004 01 24     86.00 A
06620000 2004 01 25     86.00 A
06620000 2004 01 26     84.00 A
06620000 2004 01 27     86.00 A
06620000 2004 01 28     88.00 A
06620000 2004 01 29     90.00 A
06620000 2004 01 30     92.00 A
06620000 2004 01 31     90.00 A
06620000 2004 02 01     88.00 A
06620000 2004 02 02     86.00 A
06620000 2004 02 03     86.00 A
06620000 2004 02 04     88.00 A
06620000 2004 02 05     86.00 A
06620000 2004 02 06     86.00 A
06620000 2004 02 07     86.00 A
06620000 2004 02 08     88.00 A
06620000 2004 02 09     86.00 A
06620000 2004 02 10     84.00 A
06620000 2004 02 11     84.00 A
06620000 2004 02 12     80.00 A
06620000 2004 02 13     81.00 A
06620000 2004 02 14     82.00 A
06620000 2004 02 15     84.00 A
06620000 2004 02 16     86.00 A
06620000 2004 02 17     88.00 A
06620000 2004 02 18     90.00 A
06620000 2004 02 19     90.00 A
06620000 2004 02 20     88.00 A
06620000 2004 02 21     86.00 A
06620000 2004 02 22     88.00 A
06620000 2004 02 23     92.00 A
06620000 2004 02 24     94.00 A
06620000 2004 02 25     96.00 A
06620000 2004 02 26     98.00 A
06620000 2004 02 27     98.00 A
06620000 2004 02 28     94.00 A
06620000 2004 02 29     90.00 A
06620000 2004 03 01     86.00 A
06620000 2004 03 02     80.00 A
06620000 2004 03 03     83.00 A
06620000 2004 03 04     85.00 A
06620000 2004 03 05     89.00 A
06620000 2004 03 06     90.00 A
06620000 2004 03 07     90.00 A
06620000 2004 03 08     92.00 A
06620000 2004 03 09     95.00 A
06620000 2004 03 10     97.00 A
06620000 2004 03 11     100.00 A
06620000 2004 03 12     100.00 A
06620000 2004 03 13     110.00 A
06620000 2004 03 14     110.00 A
06620000 2004 03 15     130.00 A
06620000 2004 03 16     140.00 A
06620000 2004 03 17     160.00 A
06620000 2004 03 18     200.00 A
06620000 2004 03 19     270.00 A
06620000 2004 03 20     350.00 A
06620000 2004 03 21     460.00 A
06620000 2004 03 22     600.00 A
06620000 2004 03 23     800.00 A
06620000 2004 03 24     930.00 A
06620000 2004 03 25     792.00 A
06620000 2004 03 26     717.00 A
06620000 2004 03 27     637.00 A
06620000 2004 03 28     530.00 A
06620000 2004 03 29     389.00 A
06620000 2004 03 30     348.00 A
06620000 2004 03 31     316.00 A
06620000 2004 04 01     286.00 A
06620000 2004 04 02     289.00 A
06620000 2004 04 03     296.00 A
06620000 2004 04 04     290.00 A
06620000 2004 04 05     255.00 A
06620000 2004 04 06     265.00 A
06620000 2004 04 07     287.00 A
06620000 2004 04 08     282.00 A
06620000 2004 04 09     297.00 A
06620000 2004 04 10     323.00 A
06620000 2004 04 11     329.00 A
06620000 2004 04 12     327.00 A
06620000 2004 04 13     336.00 A
06620000 2004 04 14     321.00 A
06620000 2004 04 15     275.00 A
06620000 2004 04 16     235.00 A
06620000 2004 04 17     205.00 A
06620000 2004 04 18     203.00 A
06620000 2004 04 19     226.00 A
06620000 2004 04 20     248.00 A
06620000 2004 04 21     254.00 A
06620000 2004 04 22     265.00 A
06620000 2004 04 23     272.00 A
06620000 2004 04 24     233.00 A
06620000 2004 04 25     236.00 A
06620000 2004 04 26     211.00 A
06620000 2004 04 27     164.00 A
06620000 2004 04 28     141.00 A
06620000 2004 04 29     141.00 A
06620000 2004 04 30     158.00 A
06620000 2004 05 01     155.00 A
06620000 2004 05 02     136.00 A
06620000 2004 05 03     118.00 A
06620000 2004 05 04     105.00 A
06620000 2004 05 05     112.00 A
06620000 2004 05 06     162.00 A
06620000 2004 05 07     221.00 A
06620000 2004 05 08     247.00 A
06620000 2004 05 09     259.00 A
06620000 2004 05 10     271.00 A
06620000 2004 05 11     292.00 A
06620000 2004 05 12     316.00 A
06620000 2004 05 13     328.00 A
06620000 2004 05 14     302.00 A
06620000 2004 05 15     280.00 A
06620000 2004 05 16     215.00 A
06620000 2004 05 17     169.00 A
06620000 2004 05 18     144.00 A
06620000 2004 05 19     130.00 A
06620000 2004 05 20     145.00 A
06620000 2004 05 21     214.00 A
06620000 2004 05 22     273.00 A
06620000 2004 05 23     303.00 A
06620000 2004 05 24     288.00 A
06620000 2004 05 25     287.00 A
06620000 2004 05 26     313.00 A
06620000 2004 05 27     269.00 A
06620000 2004 05 28     237.00 A
06620000 2004 05 29     219.00 A
06620000 2004 05 30     269.00 A
06620000 2004 05 31     323.00 A
06620000 2004 06 01     289.00 A
06620000 2004 06 02     247.00 A
06620000 2004 06 03     212.00 A
06620000 2004 06 04     188.00 A
06620000 2004 06 05     252.00 A
06620000 2004 06 06     427.00 A
06620000 2004 06 07     602.00 A
06620000 2004 06 08     635.00 A
06620000 2004 06 09     595.00 A
06620000 2004 06 10     546.00 A
06620000 2004 06 11     550.00 A
06620000 2004 06 12     493.00 A
06620000 2004 06 13     449.00 A
06620000 2004 06 14     415.00 A
06620000 2004 06 15     380.00 A
06620000 2004 06 16     394.00 A
06620000 2004 06 17     503.00 A
06620000 2004 06 18     785.00 A
06620000 2004 06 19     976.00 A
06620000 2004 06 20     823.00 A
06620000 2004 06 21     850.00 A
06620000 2004 06 22     1150.00 A
06620000 2004 06 23     888.00 A
06620000 2004 06 24     573.00 A
06620000 2004 06 25     467.00 A
06620000 2004 06 26     460.00 A
06620000 2004 06 27     460.00 A
06620000 2004 06 28     477.00 A
06620000 2004 06 29     454.00 A
06620000 2004 06 30     703.00 A
06620000 2004 07 01     1030.00 A
06620000 2004 07 02     913.00 A
06620000 2004 07 03     660.00 A
06620000 2004 07 04     500.00 A
06620000 2004 07 05     454.00 A
06620000 2004 07 06     426.00 A
06620000 2004 07 07     382.00 A
06620000 2004 07 08     316.00 A
06620000 2004 07 09     267.00 A
06620000 2004 07 10     247.00 A
06620000 2004 07 11     243.00 A
06620000 2004 07 12     243.00 A
06620000 2004 07 13     226.00 A
06620000 2004 07 14     245.00 A
06620000 2004 07 15     250.00 A
06620000 2004 07 16     352.00 A
06620000 2004 07 17     777.00 A
06620000 2004 07 18     606.00 A
06620000 2004 07 19     465.00 A
06620000 2004 07 20     380.00 A
06620000 2004 07 21     387.00 A
06620000 2004 07 22     355.00 A
06620000 2004 07 23     456.00 A
06620000 2004 07 24     442.00 A
06620000 2004 07 25     346.00 A
06620000 2004 07 26     301.00 A
06620000 2004 07 27     268.00 A
06620000 2004 07 28     236.00 A
06620000 2004 07 29     220.00 A
06620000 2004 07 30     206.00 A
06620000 2004 07 31     201.00 A
06620000 2004 08 01     196.00 A
06620000 2004 08 02     179.00 A
06620000 2004 08 03     166.00 A
06620000 2004 08 04     152.00 A
06620000 2004 08 05     143.00 A
06620000 2004 08 06     130.00 A
06620000 2004 08 07     130.00 A
06620000 2004 08 08     113.00 A
06620000 2004 08 09     101.00 A
06620000 2004 08 10     90.20 A
06620000 2004 08 11     82.80 A
06620000 2004 08 12     81.30 A
06620000 2004 08 13     79.30 A
06620000 2004 08 14     74.90 A
06620000 2004 08 15     71.80 A
06620000 2004 08 16     68.20 A
06620000 2004 08 17     64.50 A
06620000 2004 08 18     66.20 A
06620000 2004 08 19     92.30 A
06620000 2004 08 20     153.00 A
06620000 2004 08 21     211.00 A
06620000 2004 08 22     214.00 A
06620000 2004 08 23     173.00 A
06620000 2004 08 24     138.00 A
06620000 2004 08 25     117.00 A
06620000 2004 08 26     104.00 A
06620000 2004 08 27     108.00 A
06620000 2004 08 28     153.00 A
06620000 2004 08 29     150.00 A
06620000 2004 08 30     133.00 A
06620000 2004 08 31     115.00 A
06620000 2004 09 01     99.70 A
06620000 2004 09 02     90.20 A
06620000 2004 09 03     80.60 A
06620000 2004 09 04     81.60 A
06620000 2004 09 05     97.40 A
06620000 2004 09 06     134.00 A
06620000 2004 09 07     135.00 A
06620000 2004 09 08     116.00 A
06620000 2004 09 09     105.00 A
06620000 2004 09 10     99.30 A
06620000 2004 09 11     90.20 A
06620000 2004 09 12     89.30 A
06620000 2004 09 13     81.60 A
06620000 2004 09 14     79.40 A
06620000 2004 09 15     84.10 A
06620000 2004 09 16     84.70 A
06620000 2004 09 17     79.20 A
06620000 2004 09 18     72.90 A
06620000 2004 09 19     71.30 A
06620000 2004 09 20     76.30 A
06620000 2004 09 21     121.00 A
06620000 2004 09 22     243.00 A
06620000 2004 09 23     291.00 A
06620000 2004 09 24     314.00 A
06620000 2004 09 25     341.00 A
06620000 2004 09 26     296.00 A
06620000 2004 09 27     274.00 A
06620000 2004 09 28     265.00 A
06620000 2004 09 29     266.00 A
06620000 2004 09 30     299.00 A
06620000 2004 10 01     390.00 A
06620000 2004 10 02     491.00 A
06620000 2004 10 03     455.00 A
06620000 2004 10 04     376.00 A
06620000 2004 10 05     340.00 A
06620000 2004 10 06     296.00 A
06620000 2004 10 07     277.00 A
06620000 2004 10 08     265.00 A
06620000 2004 10 09     246.00 A
06620000 2004 10 10     227.00 A
06620000 2004 10 11     210.00 A
06620000 2004 10 12     191.00 A
06620000 2004 10 13     188.00 A
06620000 2004 10 14     190.00 A
06620000 2004 10 15     188.00 A
06620000 2004 10 16     171.00 A
06620000 2004 10 17     157.00 A
06620000 2004 10 18     154.00 A
06620000 2004 10 19     158.00 A
06620000 2004 10 20     169.00 A
06620000 2004 10 21     171.00 A
06620000 2004 10 22     169.00 A
06620000 2004 10 23     167.00 A
06620000 2004 10 24     166.00 A
06620000 2004 10 25     169.00 A
06620000 2004 10 26     175.00 A
06620000 2004 10 27     173.00 A
06620000 2004 10 28     162.00 A
06620000 2004 10 29     162.00 A
06620000 2004 10 30     168.00 A
06620000 2004 10 31     180.00 A
06620000 2004 11 01     165.00 A
06620000 2004 11 02     149.00 A
06620000 2004 11 03     147.00 A
06620000 2004 11 04     161.00 A
06620000 2004 11 05     175.00 A
06620000 2004 11 06     184.00 A
06620000 2004 11 07     189.00 A
06620000 2004 11 08     191.00 A
06620000 2004 11 09     198.00 A
06620000 2004 11 10     198.00 A
06620000 2004 11 11     200.00 A
06620000 2004 11 12     201.00 A
06620000 2004 11 13     203.00 A
06620000 2004 11 14     201.00 A
06620000 2004 11 15     203.00 A
06620000 2004 11 16     196.00 A
06620000 2004 11 17     194.00 A
06620000 2004 11 18     193.00 A
06620000 2004 11 19     182.00 A
06620000 2004 11 20     180.00 A
06620000 2004 11 21     180.00 A
06620000 2004 11 22     168.00 A
06620000 2004 11 23     161.00 A
06620000 2004 11 24     159.00 A
06620000 2004 11 25     164.00 A
06620000 2004 11 26     167.00 A
06620000 2004 11 27     164.00 A
06620000 2004 11 28     156.00 A
06620000 2004 11 29     149.00 A
06620000 2004 11 30     144.00 A
06620000 2004 12 01     140.00 A
06620000 2004 12 02     143.00 A
06620000 2004 12 03     145.00 A
06620000 2004 12 04     148.00 A
06620000 2004 12 05     143.00 A
06620000 2004 12 06     137.00 A
06620000 2004 12 07     135.00 A
06620000 2004 12 08     140.00 A
06620000 2004 12 09     144.00 A
06620000 2004 12 10     147.00 A
06620000 2004 12 11     153.00 A
06620000 2004 12 12     158.00 A
06620000 2004 12 13     155.00 A
06620000 2004 12 14     153.00 A
06620000 2004 12 15     147.00 A
06620000 2004 12 16     140.00 A
06620000 2004 12 17     130.00 A
06620000 2004 12 18     130.00 A
06620000 2004 12 19     133.00 A
06620000 2004 12 20     135.00 A
06620000 2004 12 21     127.00 A
06620000 2004 12 22     120.00 A
06620000 2004 12 23     117.00 A
06620000 2004 12 24     114.00 A
06620000 2004 12 25     119.00 A
06620000 2004 12 26     123.00 A
06620000 2004 12 27     129.00 A
06620000 2004 12 28     133.00 A
06620000 2004 12 29     130.00 A
06620000 2004 12 30     130.00 A
06620000 2004 12 31     130.00 A
06620000 2005 01 01     125.00 A
06620000 2005 01 02     120.00 A
06620000 2005 01 03     117.00 A
06620000 2005 01 04     120.00 A
06620000 2005 01 05     120.00 A
06620000 2005 01 06     116.00 A
06620000 2005 01 07     113.00 A
06620000 2005 01 08     116.00 A
06620000 2005 01 09     120.00 A
06620000 2005 01 10     130.00 A
06620000 2005 01 11     130.00 A
06620000 2005 01 12     126.00 A
06620000 2005 01 13     120.00 A
06620000 2005 01 14     115.00 A
06620000 2005 01 15     115.00 A
06620000 2005 01 16     120.00 A
06620000 2005 01 17     123.00 A
06620000 2005 01 18     129.00 A
06620000 2005 01 19     133.00 A
06620000 2005 01 20     137.00 A
06620000 2005 01 21     137.00 A
06620000 2005 01 22     133.00 A
06620000 2005 01 23     128.00 A
06620000 2005 01 24     124.00 A
06620000 2005 01 25     120.00 A
06620000 2005 01 26     118.00 A
06620000 2005 01 27     120.00 A
06620000 2005 01 28     125.00 A
06620000 2005 01 29     123.00 A
06620000 2005 01 30     115.00 A
06620000 2005 01 31     114.00 A
06620000 2005 02 01     110.00 A
06620000 2005 02 02     110.00 A
06620000 2005 02 03     110.00 A
06620000 2005 02 04     114.00 A
06620000 2005 02 05     113.00 A
06620000 2005 02 06     110.00 A
06620000 2005 02 07     110.00 A
06620000 2005 02 08     107.00 A
06620000 2005 02 09     104.00 A
06620000 2005 02 10     100.00 A
06620000 2005 02 11     98.80 A
06620000 2005 02 12     102.00 A
06620000 2005 02 13     106.00 A
06620000 2005 02 14     110.00 A
06620000 2005 02 15     108.00 A
06620000 2005 02 16     100.00 A
06620000 2005 02 17     96.20 A
06620000 2005 02 18     95.40 A
06620000 2005 02 19     100.00 A
06620000 2005 02 20     106.00 A
06620000 2005 02 21     111.00 A
06620000 2005 02 22     111.00 A
06620000 2005 02 23     106.00 A
06620000 2005 02 24     100.00 A
06620000 2005 02 25     97.10 A
06620000 2005 02 26     94.80 A
06620000 2005 02 27     94.80 A
06620000 2005 02 28     100.00 A
06620000 2005 03 01     104.00 A
06620000 2005 03 02     108.00 A
06620000 2005 03 03     104.00 A
06620000 2005 03 04     100.00 A
06620000 2005 03 05     108.00 A
06620000 2005 03 06     110.00 A
06620000 2005 03 07     117.00 A
06620000 2005 03 08     123.00 A
06620000 2005 03 09     126.00 A
06620000 2005 03 10     129.00 A
06620000 2005 03 11     130.00 A
06620000 2005 03 12     140.00 A
06620000 2005 03 13     150.00 A
06620000 2005 03 14     140.00 A
06620000 2005 03 15     130.00 A
06620000 2005 03 16     134.00 A
06620000 2005 03 17     137.00 A
06620000 2005 03 18     136.00 A
06620000 2005 03 19     141.00 A
06620000 2005 03 20     149.00 A
06620000 2005 03 21     145.00 A
06620000 2005 03 22     145.00 A
06620000 2005 03 23     153.00 A
06620000 2005 03 24     147.00 A
06620000 2005 03 25     143.00 A
06620000 2005 03 26     140.00 A
06620000 2005 03 27     149.00 A
06620000 2005 03 28     172.00 A
06620000 2005 03 29     191.00 A
06620000 2005 03 30     186.00 A
06620000 2005 03 31     181.00 A
06620000 2005 04 01     172.00 A
06620000 2005 04 02     190.00 A
06620000 2005 04 03     260.00 A
06620000 2005 04 04     380.00 A
06620000 2005 04 05     510.00 A
06620000 2005 04 06     574.00 A
06620000 2005 04 07     698.00 A
06620000 2005 04 08     1070.00 A
06620000 2005 04 09     1280.00 A
06620000 2005 04 10     1200.00 A
06620000 2005 04 11     814.00 A
06620000 2005 04 12     636.00 A
06620000 2005 04 13     641.00 A
06620000 2005 04 14     768.00 A
06620000 2005 04 15     943.00 A
06620000 2005 04 16     1080.00 A
06620000 2005 04 17     1100.00 A
06620000 2005 04 18     1150.00 A
06620000 2005 04 19     1220.00 A
06620000 2005 04 20     1190.00 A
06620000 2005 04 21     1120.00 A
06620000 2005 04 22     1010.00 A
06620000 2005 04 23     855.00 A
06620000 2005 04 24     796.00 A
06620000 2005 04 25     935.00 A
06620000 2005 04 26     977.00 A
06620000 2005 04 27     839.00 A
06620000 2005 04 28     900.00 A
06620000 2005 04 29     1120.00 A
06620000 2005 04 30     1130.00 A
06620000 2005 05 01     982.00 A
06620000 2005 05 02     830.00 A
06620000 2005 05 03     709.00 A
06620000 2005 05 04     624.00 A
06620000 2005 05 05     586.00 A
06620000 2005 05 06     577.00 A
06620000 2005 05 07     669.00 A
06620000 2005 05 08     829.00 A
06620000 2005 05 09     907.00 A
06620000 2005 05 10     797.00 A
06620000 2005 05 11     781.00 A
06620000 2005 05 12     1030.00 A
06620000 2005 05 13     1010.00 A
06620000 2005 05 14     858.00 A
06620000 2005 05 15     775.00 A
06620000 2005 05 16     726.00 A
06620000 2005 05 17     770.00 A
06620000 2005 05 18     887.00 A
06620000 2005 05 19     873.00 A
06620000 2005 05 20     885.00 A
06620000 2005 05 21     1050.00 A
06620000 2005 05 22     1350.00 A
06620000 2005 05 23     1720.00 A
06620000 2005 05 24     1930.00 A
06620000 2005 05 25     2090.00 A
06620000 2005 05 26     2150.00 A
06620000 2005 05 27     2010.00 A
06620000 2005 05 28     1630.00 A
06620000 2005 05 29     1370.00 A
06620000 2005 05 30     1510.00 A
06620000 2005 05 31     1820.00 A
06620000 2005 06 01     1840.00 A
06620000 2005 06 02     2130.00 A
06620000 2005 06 03     2800.00 A
06620000 2005 06 04     3910.00 A
06620000 2005 06 05     4990.00 A
06620000 2005 06 06     4980.00 A
06620000 2005 06 07     4040.00 A
06620000 2005 06 08     2850.00 A
06620000 2005 06 09     2200.00 A
06620000 2005 06 10     2110.00 A
06620000 2005 06 11     2470.00 A
06620000 2005 06 12     2340.00 A
06620000 2005 06 13     1990.00 A
06620000 2005 06 14     1630.00 A
06620000 2005 06 15     1290.00 A
06620000 2005 06 16     1070.00 A
06620000 2005 06 17     1050.00 A
06620000 2005 06 18     1110.00 A
06620000 2005 06 19     1160.00 A
06620000 2005 06 20     1320.00 A
06620000 2005 06 21     1450.00 A
06620000 2005 06 22     1510.00 A
06620000 2005 06 23     1600.00 A
06620000 2005 06 24     1770.00 A
06620000 2005 06 25     1920.00 A
06620000 2005 06 26     1930.00 A
06620000 2005 06 27     1860.00 A
06620000 2005 06 28     1740.00 A
06620000 2005 06 29     1570.00 A
06620000 2005 06 30     1620.00 A
06620000 2005 07 01     1460.00 A
06620000 2005 07 02     1200.00 A
06620000 2005 07 03     1110.00 A
06620000 2005 07 04     1160.00 A
06620000 2005 07 05     1020.00 A
06620000 2005 07 06     896.00 A
06620000 2005 07 07     861.00 A
06620000 2005 07 08     864.00 A
06620000 2005 07 09     845.00 A
06620000 2005 07 10     771.00 A
06620000 2005 07 11     724.00 A
06620000 2005 07 12     676.00 A
06620000 2005 07 13     623.00 A
06620000 2005 07 14     619.00 A
06620000 2005 07 15     612.00 A
06620000 2005 07 16     599.00 A
06620000 2005 07 17     548.00 A
06620000 2005 07 18     519.00 A
06620000 2005 07 19     522.00 A
06620000 2005 07 20     487.00 A
06620000 2005 07 21     442.00 A
06620000 2005 07 22     405.00 A
06620000 2005 07 23     382.00 A
06620000 2005 07 24     407.00 A
06620000 2005 07 25     423.00 A
06620000 2005 07 26     489.00 A
06620000 2005 07 27     495.00 A
06620000 2005 07 28     476.00 A
06620000 2005 07 29     412.00 A
06620000 2005 07 30     353.00 A
06620000 2005 07 31     322.00 A
06620000 2005 08 01     308.00 A
06620000 2005 08 02     303.00 A
06620000 2005 08 03     297.00 A
06620000 2005 08 04     310.00 A
06620000 2005 08 05     317.00 A
06620000 2005 08 06     281.00 A
06620000 2005 08 07     249.00 A
06620000 2005 08 08     220.00 A
06620000 2005 08 09     200.00 A
06620000 2005 08 10     203.00 A
06620000 2005 08 11     229.00 A
06620000 2005 08 12     252.00 A
06620000 2005 08 13     230.00 A
06620000 2005 08 14     203.00 A
06620000 2005 08 15     190.00 A
06620000 2005 08 16     185.00 A
06620000 2005 08 17     185.00 A
06620000 2005 08 18     189.00 A
06620000 2005 08 19     173.00 A
06620000 2005 08 20     156.00 A
06620000 2005 08 21     143.00 A
06620000 2005 08 22     137.00 A
06620000 2005 08 23     134.00 A
06620000 2005 08 24     127.00 A
06620000 2005 08 25     122.00 A
06620000 2005 08 26     120.00 A
06620000 2005 08 27     116.00 A
06620000 2005 08 28     107.00 A
06620000 2005 08 29     101.00 A
06620000 2005 08 30     92.90 A
06620000 2005 08 31     81.20 A
06620000 2005 09 01     74.70 A
06620000 2005 09 02     71.60 A
06620000 2005 09 03     70.20 A
06620000 2005 09 04     69.10 A
06620000 2005 09 05     68.00 A
06620000 2005 09 06     66.00 A
06620000 2005 09 07     64.90 A
06620000 2005 09 08     65.20 A
06620000 2005 09 09     65.80 A
06620000 2005 09 10     69.60 A
06620000 2005 09 11     73.90 A
06620000 2005 09 12     68.30 A
06620000 2005 09 13     55.10 A
06620000 2005 09 14     55.80 A
06620000 2005 09 15     57.40 A
06620000 2005 09 16     54.20 A
06620000 2005 09 17     49.20 A
06620000 2005 09 18     44.30 A
06620000 2005 09 19     42.70 A
06620000 2005 09 20     41.90 A
06620000 2005 09 21     42.50 A
06620000 2005 09 22     43.90 A
06620000 2005 09 23     63.30 A
06620000 2005 09 24     67.50 A
06620000 2005 09 25     64.60 A
06620000 2005 09 26     64.00 A
06620000 2005 09 27     64.10 A
06620000 2005 09 28     73.10 A
06620000 2005 09 29     88.90 A
06620000 2005 09 30     85.90 A
06620000 2005 10 01     78.30 A
06620000 2005 10 02     73.70 A
06620000 2005 10 03     69.50 A
06620000 2005 10 04     72.80 A
06620000 2005 10 05     77.90 A
06620000 2005 10 06     116.00 A
06620000 2005 10 07     107.00 A
06620000 2005 10 08     98.70 A
06620000 2005 10 09     95.30 A
06620000 2005 10 10     109.00 A
06620000 2005 10 11     133.00 A
06620000 2005 10 12     147.00 A
06620000 2005 10 13     148.00 A
06620000 2005 10 14     137.00 A
06620000 2005 10 15     125.00 A
06620000 2005 10 16     119.00 A
06620000 2005 10 17     115.00 A
06620000 2005 10 18     111.00 A
06620000 2005 10 19     118.00 A
06620000 2005 10 20     135.00 A
06620000 2005 10 21     142.00 A
06620000 2005 10 22     145.00 A
06620000 2005 10 23     146.00 A
06620000 2005 10 24     139.00 A
06620000 2005 10 25     135.00 A
06620000 2005 10 26     128.00 A
06620000 2005 10 27     124.00 A
06620000 2005 10 28     119.00 A
06620000 2005 10 29     119.00 A
06620000 2005 10 30     123.00 A
06620000 2005 10 31     121.00 A
06620000 2005 11 01     123.00 A
06620000 2005 11 02     122.00 A
06620000 2005 11 03     120.00 A
06620000 2005 11 04     119.00 A
06620000 2005 11 05     125.00 A
06620000 2005 11 06     128.00 A
06620000 2005 11 07     124.00 A
06620000 2005 11 08     141.00 A
06620000 2005 11 09     160.00 A
06620000 2005 11 10     166.00 A
06620000 2005 11 11     160.00 A
06620000 2005 11 12     164.00 A
06620000 2005 11 13     158.00 A
06620000 2005 11 14     141.00 A
06620000 2005 11 15     95.80 A
06620000 2005 11 16     95.80 A
06620000 2005 11 17     103.00 A
06620000 2005 11 18     103.00 A
06620000 2005 11 19     106.00 A
06620000 2005 11 20     106.00 A
06620000 2005 11 21     105.00 A
06620000 2005 11 22     107.00 A
06620000 2005 11 23     112.00 A
06620000 2005 11 24     114.00 A
06620000 2005 11 25     114.00 A
06620000 2005 11 26     113.00 A
06620000 2005 11 27     114.00 A
06620000 2005 11 28     108.00 A
06620000 2005 11 29     103.00 A
06620000 2005 11 30     96.20 A
06620000 2005 12 01     96.20 A
06620000 2005 12 02     99.40 A
06620000 2005 12 03     103.00 A
06620000 2005 12 04     103.00 A
06620000 2005 12 05     96.20 A
06620000 2005 12 06     91.20 A
06620000 2005 12 07     87.30 A
06620000 2005 12 08     83.60 A
06620000 2005 12 09     83.60 A
06620000 2005 12 10     87.30 A
06620000 2005 12 11     92.20 A
06620000 2005 12 12     94.20 A
06620000 2005 12 13     97.00 A
06620000 2005 12 14     101.00 A
06620000 2005 12 15     100.00 A
06620000 2005 12 16     99.00 A
06620000 2005 12 17     94.00 A
06620000 2005 12 18     92.80 A
06620000 2005 12 19     94.00 A
06620000 2005 12 20     96.50 A
06620000 2005 12 21     103.00 A
06620000 2005 12 22     111.00 A
06620000 2005 12 23     119.00 A
06620000 2005 12 24     122.00 A
06620000 2005 12 25     120.00 A
06620000 2005 12 26     117.00 A
06620000 2005 12 27     120.00 A
06620000 2005 12 28     130.00 A
06620000 2005 12 29     139.00 A
06620000 2005 12 30     135.00 A
06620000 2005 12 31     130.00 A
06620000 2006 01 01     132.00 A
06620000 2006 01 02     139.00 A
06620000 2006 01 03     139.00 A
06620000 2006 01 04     135.00 A
06620000 2006 01 05     127.00 A
06620000 2006 01 06     122.00 A
06620000 2006 01 07     125.00 A
06620000 2006 01 08     128.00 A
06620000 2006 01 09     120.00 A
06620000 2006 01 10     116.00 A
06620000 2006 01 11     122.00 A
06620000 2006 01 12     128.00 A
06620000 2006 01 13     125.00 A
06620000 2006 01 14     122.00 A
06620000 2006 01 15     130.00 A
06620000 2006 01 16     133.00 A
06620000 2006 01 17     128.00 A
06620000 2006 01 18     128.00 A
06620000 2006 01 19     128.00 A
06620000 2006 01 20     122.00 A
06620000 2006 01 21     118.00 A
06620000 2006 01 22     111.00 A
06620000 2006 01 23     108.00 A
06620000 2006 01 24     108.00 A
06620000 2006 01 25     108.00 A
06620000 2006 01 26     112.00 A
06620000 2006 01 27     118.00 A
06620000 2006 01 28     122.00 A
06620000 2006 01 29     119.00 A
06620000 2006 01 30     116.00 A
06620000 2006 01 31     121.00 A
06620000 2006 02 01     130.00 A
06620000 2006 02 02     138.00 A
06620000 2006 02 03     133.00 A
06620000 2006 02 04     130.00 A
06620000 2006 02 05     131.00 A
06620000 2006 02 06     127.00 A
06620000 2006 02 07     124.00 A
06620000 2006 02 08     128.00 A
06620000 2006 02 09     131.00 A
06620000 2006 02 10     136.00 A
06620000 2006 02 11     131.00 A
06620000 2006 02 12     125.00 A
06620000 2006 02 13     125.00 A
06620000 2006 02 14     130.00 A
06620000 2006 02 15     136.00 A
06620000 2006 02 16     144.00 A
06620000 2006 02 17     138.00 A
06620000 2006 02 18     129.00 A
06620000 2006 02 19     126.00 A
06620000 2006 02 20     124.00 A
06620000 2006 02 21     124.00 A
06620000 2006 02 22     127.00 A
06620000 2006 02 23     132.00 A
06620000 2006 02 24     136.00 A
06620000 2006 02 25     140.00 A
06620000 2006 02 26     140.00 A
06620000 2006 02 27     150.00 A
06620000 2006 02 28     160.00 A
06620000 2006 03 01     174.00 A
06620000 2006 03 02     180.00 A
06620000 2006 03 03     180.00 A
06620000 2006 03 04     188.00 A
06620000 2006 03 05     184.00 A
06620000 2006 03 06     190.00 A
06620000 2006 03 07     194.00 A
06620000 2006 03 08     191.00 A
06620000 2006 03 09     188.00 A
06620000 2006 03 10     178.00 A
06620000 2006 03 11     174.00 A
06620000 2006 03 12     178.00 A
06620000 2006 03 13     182.00 A
06620000 2006 03 14     178.00 A
06620000 2006 03 15     189.00 A
06620000 2006 03 16     187.00 A
06620000 2006 03 17     187.00 A
06620000 2006 03 18     187.00 A
06620000 2006 03 19     187.00 A
06620000 2006 03 20     178.00 A
06620000 2006 03 21     167.00 A
06620000 2006 03 22     174.00 A
06620000 2006 03 23     180.00 A
06620000 2006 03 24     180.00 A
06620000 2006 03 25     181.00 A
06620000 2006 03 26     189.00 A
06620000 2006 03 27     199.00 A
06620000 2006 03 28     187.00 A
06620000 2006 03 29     191.00 A
06620000 2006 03 30     214.00 A
06620000 2006 03 31     257.00 A
06620000 2006 04 01     270.00 A
06620000 2006 04 02     282.00 A
06620000 2006 04 03     294.00 A
06620000 2006 04 04     309.00 A
06620000 2006 04 05     383.00 A
06620000 2006 04 06     500.00 A
06620000 2006 04 07     701.00 A
06620000 2006 04 08     888.00 A
06620000 2006 04 09     995.00 A
06620000 2006 04 10     997.00 A
06620000 2006 04 11     1050.00 A
06620000 2006 04 12     962.00 A
06620000 2006 04 13     930.00 A
06620000 2006 04 14     1070.00 A
06620000 2006 04 15     1190.00 A
06620000 2006 04 16     1270.00 A
06620000 2006 04 17     1230.00 A
06620000 2006 04 18     1190.00 A
06620000 2006 04 19     1150.00 A
06620000 2006 04 20     1020.00 A
06620000 2006 04 21     862.00 A
06620000 2006 04 22     778.00 A
06620000 2006 04 23     790.00 A
06620000 2006 04 24     892.00 A
06620000 2006 04 25     1040.00 A
06620000 2006 04 26     1080.00 A
06620000 2006 04 27     989.00 A
06620000 2006 04 28     931.00 A
06620000 2006 04 29     988.00 A
06620000 2006 04 30     977.00 A
06620000 2006 05 01     895.00 A
06620000 2006 05 02     855.00 A
06620000 2006 05 03     868.00 A
06620000 2006 05 04     969.00 A
06620000 2006 05 05     1090.00 A
06620000 2006 05 06     1200.00 A
06620000 2006 05 07     1060.00 A
06620000 2006 05 08     858.00 A
06620000 2006 05 09     871.00 A
06620000 2006 05 10     861.00 A
06620000 2006 05 11     790.00 A
06620000 2006 05 12     649.00 A
06620000 2006 05 13     584.00 A
06620000 2006 05 14     643.00 A
06620000 2006 05 15     770.00 A
06620000 2006 05 16     829.00 A
06620000 2006 05 17     849.00 A
06620000 2006 05 18     882.00 A
06620000 2006 05 19     903.00 A
06620000 2006 05 20     942.00 A
06620000 2006 05 21     1110.00 A
06620000 2006 05 22     1360.00 A
06620000 2006 05 23     1610.00 A
06620000 2006 05 24     1870.00 A
06620000 2006 05 25     1880.00 A
06620000 2006 05 26     1500.00 A
06620000 2006 05 27     1300.00 A
06620000 2006 05 28     1250.00 A
06620000 2006 05 29     1160.00 A
06620000 2006 05 30     985.00 A
06620000 2006 05 31     793.00 A
06620000 2006 06 01     698.00 A
06620000 2006 06 02     699.00 A
06620000 2006 06 03     768.00 A
06620000 2006 06 04     860.00 A
06620000 2006 06 05     931.00 A
06620000 2006 06 06     1110.00 A
06620000 2006 06 07     1220.00 A
06620000 2006 06 08     1270.00 A
06620000 2006 06 09     1450.00 A
06620000 2006 06 10     1820.00 A
06620000 2006 06 11     1960.00 A
06620000 2006 06 12     1600.00 A
06620000 2006 06 13     1280.00 A
06620000 2006 06 14     1070.00 A
06620000 2006 06 15     987.00 A
06620000 2006 06 16     1040.00 A
06620000 2006 06 17     936.00 A
06620000 2006 06 18     772.00 A
06620000 2006 06 19     704.00 A
06620000 2006 06 20     665.00 A
06620000 2006 06 21     659.00 A
06620000 2006 06 22     626.00 A
06620000 2006 06 23     554.00 A
06620000 2006 06 24     498.00 A
06620000 2006 06 25     479.00 A
06620000 2006 06 26     443.00 A
06620000 2006 06 27     413.00 A
06620000 2006 06 28     393.00 A
06620000 2006 06 29     393.00 A
06620000 2006 06 30     377.00 A
06620000 2006 07 01     389.00 A
06620000 2006 07 02     373.00 A
06620000 2006 07 03     427.00 A
06620000 2006 07 04     386.00 A
06620000 2006 07 05     346.00 A
06620000 2006 07 06     337.00 A
06620000 2006 07 07     363.00 A
06620000 2006 07 08     404.00 A
06620000 2006 07 09     812.00 A
06620000 2006 07 10     1190.00 A
06620000 2006 07 11     1020.00 A
06620000 2006 07 12     722.00 A
06620000 2006 07 13     602.00 A
06620000 2006 07 14     485.00 A
06620000 2006 07 15     403.00 A
06620000 2006 07 16     358.00 A
06620000 2006 07 17     322.00 A
06620000 2006 07 18     334.00 A
06620000 2006 07 19     331.00 A
06620000 2006 07 20     360.00 A
06620000 2006 07 21     355.00 A
06620000 2006 07 22     330.00 A
06620000 2006 07 23     305.00 A
06620000 2006 07 24     276.00 A
06620000 2006 07 25     307.00 A
06620000 2006 07 26     368.00 A
06620000 2006 07 27     325.00 A
06620000 2006 07 28     269.00 A
06620000 2006 07 29     267.00 A
06620000 2006 07 30     244.00 A
06620000 2006 07 31     231.00 A
06620000 2006 08 01     291.00 A
06620000 2006 08 02     304.00 A
06620000 2006 08 03     270.00 A
06620000 2006 08 04     240.00 A
06620000 2006 08 05     214.00 A
06620000 2006 08 06     203.00 A
06620000 2006 08 07     189.00 A
06620000 2006 08 08     172.00 A
06620000 2006 08 09     153.00 A
06620000 2006 08 10     141.00 A
06620000 2006 08 11     131.00 A
06620000 2006 08 12     130.00 A
06620000 2006 08 13     142.00 A
06620000 2006 08 14     151.00 A
06620000 2006 08 15     132.00 A
06620000 2006 08 16     125.00 A
06620000 2006 08 17     118.00 A
06620000 2006 08 18     105.00 A
06620000 2006 08 19     99.70 A
06620000 2006 08 20     104.00 A
06620000 2006 08 21     105.00 A
06620000 2006 08 22     94.40 A
06620000 2006 08 23     88.30 A
06620000 2006 08 24     83.00 A
06620000 2006 08 25     79.20 A
06620000 2006 08 26     91.90 A
06620000 2006 08 27     123.00 A
06620000 2006 08 28     140.00 A
06620000 2006 08 29     146.00 A
06620000 2006 08 30     129.00 A
06620000 2006 08 31     104.00 A
06620000 2006 09 01     88.40 A
06620000 2006 09 02     80.70 A
06620000 2006 09 03     73.50 A
06620000 2006 09 04     67.80 A
06620000 2006 09 05     63.30 A
06620000 2006 09 06     61.10 A
06620000 2006 09 07     60.80 A
06620000 2006 09 08     63.90 A
06620000 2006 09 09     79.70 A
06620000 2006 09 10     118.00 A
06620000 2006 09 11     143.00 A
06620000 2006 09 12     143.00 A
06620000 2006 09 13     121.00 A
06620000 2006 09 14     103.00 A
06620000 2006 09 15     95.70 A
06620000 2006 09 16     115.00 A
06620000 2006 09 17     204.00 A
06620000 2006 09 18     186.00 A
06620000 2006 09 19     160.00 A
06620000 2006 09 20     142.00 A
06620000 2006 09 21     153.00 A
06620000 2006 09 22     202.00 A
06620000 2006 09 23     226.00 A
06620000 2006 09 24     221.00 A
06620000 2006 09 25     193.00 A
06620000 2006 09 26     168.00 A
06620000 2006 09 27     153.00 A
06620000 2006 09 28     143.00 A
06620000 2006 09 29     146.00 A
06620000 2006 09 30     146.00 A
06620000 2006 10 01     146.00 A
06620000 2006 10 02     146.00 A
06620000 2006 10 03     149.00 A
06620000 2006 10 04     174.00 A
06620000 2006 10 05     224.00 A
06620000 2006 10 06     202.00 A
06620000 2006 10 07     192.00 A
06620000 2006 10 08     217.00 A
06620000 2006 10 09     235.00 A
06620000 2006 10 10     240.00 A
06620000 2006 10 11     268.00 A
06620000 2006 10 12     236.00 A
06620000 2006 10 13     208.00 A
06620000 2006 10 14     194.00 A
06620000 2006 10 15     195.00 A
06620000 2006 10 16     195.00 A
06620000 2006 10 17     199.00 A
06620000 2006 10 18     220.00 A
06620000 2006 10 19     223.00 A
06620000 2006 10 20     232.00 A
06620000 2006 10 21     252.00 A
06620000 2006 10 22     245.00 A
06620000 2006 10 23     224.00 A
06620000 2006 10 24     240.00 A
06620000 2006 10 25     266.00 A
06620000 2006 10 26     281.00 A
06620000 2006 10 27     251.00 A
06620000 2006 10 28     240.00 A
06620000 2006 10 29     250.00 A
06620000 2006 10 30     307.00 A
06620000 2006 10 31     294.00 A
06620000 2006 11 01     241.00 A
06620000 2006 11 02     190.00 A
06620000 2006 11 03     180.00 A
06620000 2006 11 04     187.00 A
06620000 2006 11 05     196.00 A
06620000 2006 11 06     213.00 A
06620000 2006 11 07     233.00 A
06620000 2006 11 08     277.00 A
06620000 2006 11 09     278.00 A
06620000 2006 11 10     265.00 A
06620000 2006 11 11     216.00 A
06620000 2006 11 12     196.00 A
06620000 2006 11 13     148.00 A
06620000 2006 11 14     136.00 A
06620000 2006 11 15     132.00 A
06620000 2006 11 16     136.00 A
06620000 2006 11 17     152.00 A
06620000 2006 11 18     165.00 A
06620000 2006 11 19     178.00 A
06620000 2006 11 20     183.00 A
06620000 2006 11 21     193.00 A
06620000 2006 11 22     200.00 A
06620000 2006 11 23     204.00 A
06620000 2006 11 24     204.00 A
06620000 2006 11 25     197.00 A
06620000 2006 11 26     193.00 A
06620000 2006 11 27     160.00 A
06620000 2006 11 28     129.00 A
06620000 2006 11 29     118.00 A
06620000 2006 11 30     113.00 A
06620000 2006 12 01     114.00 A
06620000 2006 12 02     114.00 A
06620000 2006 12 03     112.00 A
06620000 2006 12 04     117.00 A
06620000 2006 12 05     123.00 A
06620000 2006 12 06     129.00 A
06620000 2006 12 07     134.00 A
06620000 2006 12 08     134.00 A
06620000 2006 12 09     129.00 A
06620000 2006 12 10     129.00 A
06620000 2006 12 11     129.00 A
06620000 2006 12 12     134.00 A
06620000 2006 12 13     141.00 A
06620000 2006 12 14     151.00 A
06620000 2006 12 15     163.00 A
06620000 2006 12 16     179.00 A
06620000 2006 12 17     183.00 A
06620000 2006 12 18     170.00 A
06620000 2006 12 19     163.00 A
06620000 2006 12 20     155.00 A
06620000 2006 12 21     151.00 A
06620000 2006 12 22     145.00 A
06620000 2006 12 23     140.00 A
06620000 2006 12 24     133.00 A
06620000 2006 12 25     129.00 A
06620000 2006 12 26     132.00 A
06620000 2006 12 27     141.00 A
06620000 2006 12 28     157.00 A
06620000 2006 12 29     160.00 A
06620000 2006 12 30     154.00 A
06620000 2006 12 31     148.00 A
06620000 2007 01 01     139.00 A
06620000 2007 01 02     128.00 A
06620000 2007 01 03     121.00 A
06620000 2007 01 04     123.00 A
06620000 2007 01 05     125.00 A
06620000 2007 01 06     115.00 A
06620000 2007 01 07     110.00 A
06620000 2007 01 08     103.00 A
06620000 2007 01 09     101.00 A
06620000 2007 01 10     107.00 A
06620000 2007 01 11     112.00 A
06620000 2007 01 12     110.00 A
06620000 2007 01 13     99.80 A
06620000 2007 01 14     94.70 A
06620000 2007 01 15     88.40 A
06620000 2007 01 16     82.60 A
06620000 2007 01 17     80.40 A
06620000 2007 01 18     82.60 A
06620000 2007 01 19     84.90 A
06620000 2007 01 20     87.20 A
06620000 2007 01 21     89.70 A
06620000 2007 01 22     91.60 A
06620000 2007 01 23     90.90 A
06620000 2007 01 24     94.50 A
06620000 2007 01 25     93.70 A
06620000 2007 01 26     96.20 A
06620000 2007 01 27     97.30 A
06620000 2007 01 28     92.70 A
06620000 2007 01 29     91.90 A
06620000 2007 01 30     93.00 A
06620000 2007 01 31     94.90 A
06620000 2007 02 01     91.00 A
06620000 2007 02 02     88.90 A
06620000 2007 02 03     89.90 A
06620000 2007 02 04     93.20 A
06620000 2007 02 05     94.90 A
06620000 2007 02 06     96.10 A
06620000 2007 02 07     97.60 A
06620000 2007 02 08     99.00 A
06620000 2007 02 09     101.00 A
06620000 2007 02 10     105.00 A
06620000 2007 02 11     107.00 A
06620000 2007 02 12     111.00 A
06620000 2007 02 13     109.00 A
06620000 2007 02 14     104.00 A
06620000 2007 02 15     99.80 A
06620000 2007 02 16     99.00 A
06620000 2007 02 17     98.40 A
06620000 2007 02 18     97.80 A
06620000 2007 02 19     100.00 A
06620000 2007 02 20     104.00 A
06620000 2007 02 21     105.00 A
06620000 2007 02 22     111.00 A
06620000 2007 02 23     120.00 A
06620000 2007 02 24     127.00 A
06620000 2007 02 25     124.00 A
06620000 2007 02 26     121.00 A
06620000 2007 02 27     115.00 A
06620000 2007 02 28     107.00 A
06620000 2007 03 01     101.00 A
06620000 2007 03 02     93.50 A
06620000 2007 03 03     90.10 A
06620000 2007 03 04     97.00 A
06620000 2007 03 05     106.00 A
06620000 2007 03 06     113.00 A
06620000 2007 03 07     121.00 A
06620000 2007 03 08     131.00 A
06620000 2007 03 09     134.00 A
06620000 2007 03 10     141.00 A
06620000 2007 03 11     142.00 A
06620000 2007 03 12     150.00 A
06620000 2007 03 13     151.00 A
06620000 2007 03 14     177.00 A
06620000 2007 03 15     199.00 A
06620000 2007 03 16     217.00 A
06620000 2007 03 17     274.00 A
06620000 2007 03 18     353.00 A
06620000 2007 03 19     523.00 A
06620000 2007 03 20     957.00 A
06620000 2007 03 21     1380.00 A
06620000 2007 03 22     1320.00 A
06620000 2007 03 23     1290.00 A
06620000 2007 03 24     1220.00 A
06620000 2007 03 25     1100.00 A
06620000 2007 03 26     1070.00 A
06620000 2007 03 27     1040.00 A
06620000 2007 03 28     993.00 A
06620000 2007 03 29     863.00 A
06620000 2007 03 30     670.00 A
06620000 2007 03 31     601.00 A
06620000 2007 04 01     553.00 A
06620000 2007 04 02     554.00 A
06620000 2007 04 03     661.00 A
06620000 2007 04 04     687.00 A
06620000 2007 04 05     651.00 A
06620000 2007 04 06     660.00 A
06620000 2007 04 07     664.00 A
06620000 2007 04 08     665.00 A
06620000 2007 04 09     650.00 A
06620000 2007 04 10     607.00 A
06620000 2007 04 11     600.00 A
06620000 2007 04 12     539.00 A
06620000 2007 04 13     489.00 A
06620000 2007 04 14     459.00 A
06620000 2007 04 15     424.00 A
06620000 2007 04 16     412.00 A
06620000 2007 04 17     434.00 A
06620000 2007 04 18     462.00 A
06620000 2007 04 19     468.00 A
06620000 2007 04 20     467.00 A
06620000 2007 04 21     437.00 A
06620000 2007 04 22     430.00 A
06620000 2007 04 23     471.00 A
06620000 2007 04 24     518.00 A
06620000 2007 04 25     553.00 A
06620000 2007 04 26     511.00 A
06620000 2007 04 27     448.00 A
06620000 2007 04 28     397.00 A
06620000 2007 04 29     385.00 A
06620000 2007 04 30     442.00 A
06620000 2007 05 01     595.00 A
06620000 2007 05 02     752.00 A
06620000 2007 05 03     812.00 A
06620000 2007 05 04     819.00 A
06620000 2007 05 05     1020.00 A
06620000 2007 05 06     1150.00 A
06620000 2007 05 07     1020.00 A
06620000 2007 05 08     836.00 A
06620000 2007 05 09     626.00 A
06620000 2007 05 10     488.00 A
06620000 2007 05 11     417.00 A
06620000 2007 05 12     386.00 A
06620000 2007 05 13     422.00 A
06620000 2007 05 14     589.00 A
06620000 2007 05 15     810.00 A
06620000 2007 05 16     988.00 A
06620000 2007 05 17     1010.00 A
06620000 2007 05 18     974.00 A
06620000 2007 05 19     1000.00 A
06620000 2007 05 20     1020.00 A
06620000 2007 05 21     1080.00 A
06620000 2007 05 22     1140.00 A
06620000 2007 05 23     1180.00 A
06620000 2007 05 24     1030.00 A
06620000 2007 05 25     828.00 A
06620000 2007 05 26     634.00 A
06620000 2007 05 27     552.00 A
06620000 2007 05 28     505.00 A
06620000 2007 05 29     518.00 A
06620000 2007 05 30     694.00 A
06620000 2007 05 31     765.00 A
06620000 2007 06 01     687.00 A
06620000 2007 06 02     614.00 A
06620000 2007 06 03     566.00 A
06620000 2007 06 04     520.00 A
06620000 2007 06 05     547.00 A
06620000 2007 06 06     582.00 A
06620000 2007 06 07     854.00 A
06620000 2007 06 08     1090.00 A
06620000 2007 06 09     933.00 A
06620000 2007 06 10     716.00 A
06620000 2007 06 11     572.00 A
06620000 2007 06 12     568.00 A
06620000 2007 06 13     825.00 A
06620000 2007 06 14     962.00 A
06620000 2007 06 15     841.00 A
06620000 2007 06 16     786.00 A
06620000 2007 06 17     753.00 A
06620000 2007 06 18     669.00 A
06620000 2007 06 19     614.00 A
06620000 2007 06 20     553.00 A
06620000 2007 06 21     494.00 A
06620000 2007 06 22     451.00 A
06620000 2007 06 23     435.00 A
06620000 2007 06 24     451.00 A
06620000 2007 06 25     420.00 A
06620000 2007 06 26     371.00 A
06620000 2007 06 27     335.00 A
06620000 2007 06 28     312.00 A
06620000 2007 06 29     307.00 A
06620000 2007 06 30     291.00 A
06620000 2007 07 01     282.00 A
06620000 2007 07 02     267.00 A
06620000 2007 07 03     242.00 A
06620000 2007 07 04     226.00 A
06620000 2007 07 05     211.00 A
06620000 2007 07 06     230.00 A
06620000 2007 07 07     221.00 A
06620000 2007 07 08     221.00 A
06620000 2007 07 09     218.00 A
06620000 2007 07 10     221.00 A
06620000 2007 07 11     248.00 A
06620000 2007 07 12     231.00 A
06620000 2007 07 13     251.00 A
06620000 2007 07 14     311.00 A
06620000 2007 07 15     356.00 A
06620000 2007 07 16     322.00 A
06620000 2007 07 17     309.00 A
06620000 2007 07 18     303.00 A
06620000 2007 07 19     298.00 A
06620000 2007 07 20     339.00 A
06620000 2007 07 21     313.00 A
06620000 2007 07 22     327.00 A
06620000 2007 07 23     285.00 A
06620000 2007 07 24     279.00 A
06620000 2007 07 25     259.00 A
06620000 2007 07 26     262.00 A
06620000 2007 07 27     437.00 A
06620000 2007 07 28     526.00 A
06620000 2007 07 29     412.00 A
06620000 2007 07 30     299.00 A
06620000 2007 07 31     251.00 A
06620000 2007 08 01     216.00 A
06620000 2007 08 02     216.00 A
06620000 2007 08 03     291.00 A
06620000 2007 08 04     275.00 A
06620000 2007 08 05     262.00 A
06620000 2007 08 06     251.00 A
06620000 2007 08 07     268.00 A
06620000 2007 08 08     249.00 A
06620000 2007 08 09     209.00 A
06620000 2007 08 10     170.00 A
06620000 2007 08 11     143.00 A
06620000 2007 08 12     124.00 A
06620000 2007 08 13     117.00 A
06620000 2007 08 14     124.00 A
06620000 2007 08 15     126.00 A
06620000 2007 08 16     138.00 A
06620000 2007 08 17     143.00 A
06620000 2007 08 18     128.00 A
06620000 2007 08 19     134.00 A
06620000 2007 08 20     126.00 A
06620000 2007 08 21     106.00 A
06620000 2007 08 22     90.00 A
06620000 2007 08 23     82.30 A
06620000 2007 08 24     83.40 A
06620000 2007 08 25     95.50 A
06620000 2007 08 26     78.60 A
06620000 2007 08 27     70.60 A
06620000 2007 08 28     72.30 A
06620000 2007 08 29     80.00 A
06620000 2007 08 30     77.40 A
06620000 2007 08 31     74.00 A
06620000 2007 09 01     77.00 A
06620000 2007 09 02     83.30 A
06620000 2007 09 03     74.80 A
06620000 2007 09 04     74.40 A
06620000 2007 09 05     78.30 A
06620000 2007 09 06     112.00 A
06620000 2007 09 07     144.00 A
06620000 2007 09 08     116.00 A
06620000 2007 09 09     97.60 A
06620000 2007 09 10     82.40 A
06620000 2007 09 11     77.20 A
06620000 2007 09 12     73.10 A
06620000 2007 09 13     63.90 A
06620000 2007 09 14     60.90 A
06620000 2007 09 15     57.60 A
06620000 2007 09 16     63.80 A
06620000 2007 09 17     104.00 A
06620000 2007 09 18     258.00 A
06620000 2007 09 19     212.00 A
06620000 2007 09 20     167.00 A
06620000 2007 09 21     135.00 A
06620000 2007 09 22     111.00 A
06620000 2007 09 23     101.00 A
06620000 2007 09 24     106.00 A
06620000 2007 09 25     127.00 A
06620000 2007 09 26     135.00 A
06620000 2007 09 27     126.00 A
06620000 2007 09 28     119.00 A
06620000 2007 09 29     117.00 A
06620000 2007 09 30     117.00 A
06620000 2007 10 01     125.00 A
06620000 2007 10 02     139.00 A
06620000 2007 10 03     203.00 A
06620000 2007 10 04     214.00 A
06620000 2007 10 05     200.00 A
06620000 2007 10 06     184.00 A
06620000 2007 10 07     179.00 A
06620000 2007 10 08     175.00 A
06620000 2007 10 09     172.00 A
06620000 2007 10 10     163.00 A
06620000 2007 10 11     154.00 A
06620000 2007 10 12     141.00 A
06620000 2007 10 13     132.00 A
06620000 2007 10 14     142.00 A
06620000 2007 10 15     165.00 A
06620000 2007 10 16     171.00 A
06620000 2007 10 17     170.00 A
06620000 2007 10 18     173.00 A
06620000 2007 10 19     174.00 A
06620000 2007 10 20     168.00 A
06620000 2007 10 21     178.00 A
06620000 2007 10 22     177.00 A
06620000 2007 10 23     173.00 A
06620000 2007 10 24     183.00 A
06620000 2007 10 25     176.00 A
06620000 2007 10 26     170.00 A
06620000 2007 10 27     168.00 A
06620000 2007 10 28     161.00 A
06620000 2007 10 29     156.00 A
06620000 2007 10 30     156.00 A
06620000 2007 10 31     163.00 A
06620000 2007 11 01     174.00 A
06620000 2007 11 02     176.00 A
06620000 2007 11 03     164.00 A
06620000 2007 11 04     151.00 A
06620000 2007 11 05     143.00 A
06620000 2007 11 06     138.00 A
06620000 2007 11 07     130.00 A
06620000 2007 11 08     134.00 A
06620000 2007 11 09     136.00 A
06620000 2007 11 10     134.00 A
06620000 2007 11 11     139.00 A
06620000 2007 11 12     140.00 A
06620000 2007 11 13     142.00 A
06620000 2007 11 14     141.00 A
06620000 2007 11 15     122.00 A
06620000 2007 11 16     119.00 A
06620000 2007 11 17     134.00 A
06620000 2007 11 18     141.00 A
06620000 2007 11 19     140.00 A
06620000 2007 11 20     132.00 A
06620000 2007 11 21     123.00 A
06620000 2007 11 22     114.00 A
06620000 2007 11 23     101.00 A
06620000 2007 11 24     92.00 A
06620000 2007 11 25     97.00 A
06620000 2007 11 26     109.00 A
06620000 2007 11 27     113.00 A
06620000 2007 11 28     113.00 A
06620000 2007 11 29     110.00 A
06620000 2007 11 30     107.00 A
06620000 2007 12 01     113.00 A
06620000 2007 12 02     116.00 A
06620000 2007 12 03     116.00 A
06620000 2007 12 04     117.00 A
06620000 2007 12 05     119.00 A
06620000 2007 12 06     116.00 A
06620000 2007 12 07     112.00 A
06620000 2007 12 08     107.00 A
06620000 2007 12 09     104.00 A
06620000 2007 12 10     101.00 A
06620000 2007 12 11     98.40 A
06620000 2007 12 12     92.60 A
06620000 2007 12 13     90.50 A
06620000 2007 12 14     88.40 A
06620000 2007 12 15     83.20 A
06620000 2007 12 16     80.10 A
06620000 2007 12 17     78.20 A
06620000 2007 12 18     80.10 A
06620000 2007 12 19     81.90 A
06620000 2007 12 20     84.00 A
06620000 2007 12 21     86.00 A
06620000 2007 12 22     84.00 A
06620000 2007 12 23     82.00 A
06620000 2007 12 24     80.00 A
06620000 2007 12 25     83.00 A
06620000 2007 12 26     82.00 A
06620000 2007 12 27     80.00 A
06620000 2007 12 28     78.00 A
06620000 2007 12 29     78.00 A
06620000 2007 12 30     80.00 A
06620000 2007 12 31     82.00 A
06620000 2008 01 01     80.00 A
06620000 2008 01 02     76.00 A
06620000 2008 01 03     78.00 A
06620000 2008 01 04     82.60 A
06620000 2008 01 05     85.00 A
06620000 2008 01 06     87.00 A
06620000 2008 01 07     86.00 A
06620000 2008 01 08     84.00 A
06620000 2008 01 09     84.00 A
06620000 2008 01 10     82.00 A
06620000 2008 01 11     85.00 A
06620000 2008 01 12     85.00 A
06620000 2008 01 13     85.00 A
06620000 2008 01 14     81.50 A
06620000 2008 01 15     77.10 A
06620000 2008 01 16     77.00 A
06620000 2008 01 17     75.00 A
06620000 2008 01 18     73.00 A
06620000 2008 01 19     73.60 A
06620000 2008 01 20     77.00 A
06620000 2008 01 21     78.00 A
06620000 2008 01 22     76.00 A
06620000 2008 01 23     75.00 A
06620000 2008 01 24     74.00 A
06620000 2008 01 25     73.80 A
06620000 2008 01 26     75.30 A
06620000 2008 01 27     80.20 A
06620000 2008 01 28     83.00 A
06620000 2008 01 29     82.00 A
06620000 2008 01 30     78.00 A
06620000 2008 01 31     76.00 A
06620000 2008 02 01     75.00 A
06620000 2008 02 02     77.00 A
06620000 2008 02 03     79.00 A
06620000 2008 02 04     80.00 A
06620000 2008 02 05     82.00 A
06620000 2008 02 06     80.30 A
06620000 2008 02 07     80.30 A
06620000 2008 02 08     82.00 A
06620000 2008 02 09     85.00 A
06620000 2008 02 10     87.80 A
06620000 2008 02 11     93.30 A
06620000 2008 02 12     97.60 A
06620000 2008 02 13     101.00 A
06620000 2008 02 14     105.00 A
06620000 2008 02 15     104.00 A
06620000 2008 02 16     102.00 A
06620000 2008 02 17     100.00 A
06620000 2008 02 18     100.00 A
06620000 2008 02 19     103.00 A
06620000 2008 02 20     107.00 A
06620000 2008 02 21     111.00 A
06620000 2008 02 22     112.00 A
06620000 2008 02 23     115.00 A
06620000 2008 02 24     121.00 A
06620000 2008 02 25     124.00 A
06620000 2008 02 26     123.00 A
06620000 2008 02 27     121.00 A
06620000 2008 02 28     121.00 A
06620000 2008 02 29     124.00 A
06620000 2008 03 01     127.00 A
06620000 2008 03 02     129.00 A
06620000 2008 03 03     125.00 A
06620000 2008 03 04     121.00 A
06620000 2008 03 05     118.00 A
06620000 2008 03 06     116.00 A
06620000 2008 03 07     116.00 A
06620000 2008 03 08     119.00 A
06620000 2008 03 09     124.00 A
06620000 2008 03 10     122.00 A
06620000 2008 03 11     119.00 A
06620000 2008 03 12     121.00 A
06620000 2008 03 13     128.00 A
06620000 2008 03 14     134.00 A
06620000 2008 03 15     137.00 A
06620000 2008 03 16     136.00 A
06620000 2008 03 17     136.00 A
06620000 2008 03 18     138.00 A
06620000 2008 03 19     142.00 A
06620000 2008 03 20     150.00 A
06620000 2008 03 21     161.00 A
06620000 2008 03 22     170.00 A
06620000 2008 03 23     168.00 A
06620000 2008 03 24     167.00 A
06620000 2008 03 25     180.00 A
06620000 2008 03 26     196.00 A
06620000 2008 03 27     205.00 A
06620000 2008 03 28     200.00 A
06620000 2008 03 29     195.00 A
06620000 2008 03 30     203.00 A
06620000 2008 03 31     210.00 A
06620000 2008 04 01     210.00 A
06620000 2008 04 02     208.00 A
06620000 2008 04 03     216.00 A
06620000 2008 04 04     220.00 A
06620000 2008 04 05     227.00 A
06620000 2008 04 06     242.00 A
06620000 2008 04 07     252.00 A
06620000 2008 04 08     248.00 A
06620000 2008 04 09     252.00 A
06620000 2008 04 10     261.00 A
06620000 2008 04 11     259.00 A
06620000 2008 04 12     255.00 A
06620000 2008 04 13     253.00 A
06620000 2008 04 14     275.00 A
06620000 2008 04 15     338.00 A
06620000 2008 04 16     424.00 A
06620000 2008 04 17     449.00 A
06620000 2008 04 18     424.00 A
06620000 2008 04 19     499.00 A
06620000 2008 04 20     635.00 A
06620000 2008 04 21     970.00 A
06620000 2008 04 22     2110.00 A
06620000 2008 04 23     2270.00 A
06620000 2008 04 24     2450.00 A
06620000 2008 04 25     2470.00 A
06620000 2008 04 26     2030.00 A
06620000 2008 04 27     1580.00 A
06620000 2008 04 28     1350.00 A
06620000 2008 04 29     1350.00 A
06620000 2008 04 30     1550.00 A
06620000 2008 05 01     1800.00 A
06620000 2008 05 02     1760.00 A
06620000 2008 05 03     1530.00 A
06620000 2008 05 04     1440.00 A
06620000 2008 05 05     1440.00 A
06620000 2008 05 06     1570.00 A
06620000 2008 05 07     1750.00 A
06620000 2008 05 08     2010.00 A
06620000 2008 05 09     2340.00 A
06620000 2008 05 10     2480.00 A
06620000 2008 05 11     2290.00 A
06620000 2008 05 12     1900.00 A
06620000 2008 05 13     1790.00 A
06620000 2008 05 14     1880.00 A
06620000 2008 05 15     1900.00 A
06620000 2008 05 16     1700.00 A
06620000 2008 05 17     1420.00 A
06620000 2008 05 18     1320.00 A
06620000 2008 05 19     1480.00 A
06620000 2008 05 20     1700.00 A
06620000 2008 05 21     1990.00 A
06620000 2008 05 22     2410.00 A
06620000 2008 05 23     2920.00 A
06620000 2008 05 24     3160.00 A
06620000 2008 05 25     2770.00 A
06620000 2008 05 26     2200.00 A
06620000 2008 05 27     1880.00 A
06620000 2008 05 28     1780.00 A
06620000 2008 05 29     1690.00 A
06620000 2008 05 30     1600.00 A
06620000 2008 05 31     1570.00 A
06620000 2008 06 01     1650.00 A
06620000 2008 06 02     1750.00 A
06620000 2008 06 03     1870.00 A
06620000 2008 06 04     2170.00 A
06620000 2008 06 05     2830.00 A
06620000 2008 06 06     3490.00 A
06620000 2008 06 07     3490.00 A
06620000 2008 06 08     3040.00 A
06620000 2008 06 09     2420.00 A
06620000 2008 06 10     1950.00 A
06620000 2008 06 11     1650.00 A
06620000 2008 06 12     1710.00 A
06620000 2008 06 13     1500.00 A
06620000 2008 06 14     1230.00 A
06620000 2008 06 15     1100.00 A
06620000 2008 06 16     1210.00 A
06620000 2008 06 17     1380.00 A
06620000 2008 06 18     1570.00 A
06620000 2008 06 19     1760.00 A
06620000 2008 06 20     1910.00 A
06620000 2008 06 21     2010.00 A
06620000 2008 06 22     2020.00 A
06620000 2008 06 23     1950.00 A
06620000 2008 06 24     1900.00 A
06620000 2008 06 25     1840.00 A
06620000 2008 06 26     1840.00 A
06620000 2008 06 27     1750.00 A
06620000 2008 06 28     1680.00 A
06620000 2008 06 29     1620.00 A
06620000 2008 06 30     1520.00 A
06620000 2008 07 01     1490.00 A
06620000 2008 07 02     1540.00 A
06620000 2008 07 03     1630.00 A
06620000 2008 07 04     1600.00 A
06620000 2008 07 05     1450.00 A
06620000 2008 07 06     1320.00 A
06620000 2008 07 07     1310.00 A
06620000 2008 07 08     1230.00 A
06620000 2008 07 09     1210.00 A
06620000 2008 07 10     1060.00 A
06620000 2008 07 11     905.00 A
06620000 2008 07 12     798.00 A
06620000 2008 07 13     667.00 A
06620000 2008 07 14     601.00 A
06620000 2008 07 15     549.00 A
06620000 2008 07 16     543.00 A
06620000 2008 07 17     528.00 A
06620000 2008 07 18     580.00 A
06620000 2008 07 19     604.00 A
06620000 2008 07 20     535.00 A
06620000 2008 07 21     507.00 A
06620000 2008 07 22     503.00 A
06620000 2008 07 23     566.00 A
06620000 2008 07 24     637.00 A
06620000 2008 07 25     621.00 A
06620000 2008 07 26     543.00 A
06620000 2008 07 27     487.00 A
06620000 2008 07 28     508.00 A
06620000 2008 07 29     480.00 A
06620000 2008 07 30     427.00 A
06620000 2008 07 31     388.00 A
06620000 2008 08 01     353.00 A
06620000 2008 08 02     325.00 A
06620000 2008 08 03     309.00 A
06620000 2008 08 04     297.00 A
06620000 2008 08 05     292.00 A
06620000 2008 08 06     289.00 A
06620000 2008 08 07     289.00 A
06620000 2008 08 08     304.00 A
06620000 2008 08 09     338.00 A
06620000 2008 08 10     384.00 A
06620000 2008 08 11     408.00 A
06620000 2008 08 12     367.00 A
06620000 2008 08 13     310.00 A
06620000 2008 08 14     260.00 A
06620000 2008 08 15     235.00 A
06620000 2008 08 16     248.00 A
06620000 2008 08 17     290.00 A
06620000 2008 08 18     303.00 A
06620000 2008 08 19     271.00 A
06620000 2008 08 20     239.00 A
06620000 2008 08 21     213.00 A
06620000 2008 08 22     187.00 A
06620000 2008 08 23     168.00 A
06620000 2008 08 24     164.00 A
06620000 2008 08 25     159.00 A
06620000 2008 08 26     160.00 A
06620000 2008 08 27     153.00 A
06620000 2008 08 28     139.00 A
06620000 2008 08 29     128.00 A
06620000 2008 08 30     120.00 A
06620000 2008 08 31     113.00 A
06620000 2008 09 01     117.00 A
06620000 2008 09 02     120.00 A
06620000 2008 09 03     122.00 A
06620000 2008 09 04     114.00 A
06620000 2008 09 05     109.00 A
06620000 2008 09 06     108.00 A
06620000 2008 09 07     104.00 A
06620000 2008 09 08     98.20 A
06620000 2008 09 09     94.50 A
06620000 2008 09 10     92.80 A
06620000 2008 09 11     106.00 A
06620000 2008 09 12     148.00 A
06620000 2008 09 13     173.00 A
06620000 2008 09 14     171.00 A
06620000 2008 09 15     149.00 A
06620000 2008 09 16     137.00 A
06620000 2008 09 17     120.00 A
06620000 2008 09 18     112.00 A
06620000 2008 09 19     115.00 A
06620000 2008 09 20     120.00 A
06620000 2008 09 21     118.00 A
06620000 2008 09 22     142.00 A
06620000 2008 09 23     137.00 A
06620000 2008 09 24     134.00 A
06620000 2008 09 25     124.00 A
06620000 2008 09 26     114.00 A
06620000 2008 09 27     111.00 A
06620000 2008 09 28     109.00 A
06620000 2008 09 29     106.00 A
06620000 2008 09 30     102.00 A
06620000 2008 10 01     92.70 A
06620000 2008 10 02     91.40 A
06620000 2008 10 03     90.20 A
06620000 2008 10 04     87.70 A
06620000 2008 10 05     97.40 A
06620000 2008 10 06     111.00 A
06620000 2008 10 07     117.00 A
06620000 2008 10 08     110.00 A
06620000 2008 10 09     105.00 A
06620000 2008 10 10     99.90 A
06620000 2008 10 11     98.40 A
06620000 2008 10 12     113.00 A
06620000 2008 10 13     138.00 A
06620000 2008 10 14     124.00 A
06620000 2008 10 15     111.00 A
06620000 2008 10 16     109.00 A
06620000 2008 10 17     108.00 A
06620000 2008 10 18     109.00 A
06620000 2008 10 19     107.00 A
06620000 2008 10 20     106.00 A
06620000 2008 10 21     110.00 A
06620000 2008 10 22     125.00 A
06620000 2008 10 23     110.00 A
06620000 2008 10 24     110.00 A
06620000 2008 10 25     136.00 A
06620000 2008 10 26     140.00 A
06620000 2008 10 27     136.00 A
06620000 2008 10 28     127.00 A
06620000 2008 10 29     120.00 A
06620000 2008 10 30     115.00 A
06620000 2008 10 31     114.00 A
06620000 2008 11 01     109.00 A
06620000 2008 11 02     109.00 A
06620000 2008 11 03     113.00 A
06620000 2008 11 04     132.00 A
06620000 2008 11 05     141.00 A
06620000 2008 11 06     120.00 A
06620000 2008 11 07     110.00 A
06620000 2008 11 08     120.00 A
06620000 2008 11 09     140.00 A
06620000 2008 11 10     163.00 A
06620000 2008 11 11     171.00 A
06620000 2008 11 12     163.00 A
06620000 2008 11 13     169.00 A
06620000 2008 11 14     162.00 A
06620000 2008 11 15     100.00 A
06620000 2008 11 16     140.00 A
06620000 2008 11 17     170.00 A
06620000 2008 11 18     183.00 A
06620000 2008 11 19     173.00 A
06620000 2008 11 20     160.00 A
06620000 2008 11 21     155.00 A
06620000 2008 11 22     125.00 A
06620000 2008 11 23     120.00 A
06620000 2008 11 24     115.00 A
06620000 2008 11 25     110.00 A
06620000 2008 11 26     105.00 A
06620000 2008 11 27     110.00 A
06620000 2008 11 28     115.00 A
06620000 2008 11 29     115.00 A
06620000 2008 11 30     115.00 A
06620000 2008 12 01     115.00 A
06620000 2008 12 02     120.00 A
06620000 2008 12 03     125.00 A
06620000 2008 12 04     120.00 A
06620000 2008 12 05     115.00 A
06620000 2008 12 06     115.00 A
06620000 2008 12 07     120.00 A
06620000 2008 12 08     120.00 A
06620000 2008 12 09     115.00 A
06620000 2008 12 10     110.00 A
06620000 2008 12 11     110.00 A
06620000 2008 12 12     115.00 A
06620000 2008 12 13     115.00 A
06620000 2008 12 14     110.00 A
06620000 2008 12 15     100.00 A
06620000 2008 12 16     96.00 A
06620000 2008 12 17     94.00 A
06620000 2008 12 18     100.00 A
06620000 2008 12 19     105.00 A
06620000 2008 12 20     100.00 A
06620000 2008 12 21     100.00 A
06620000 2008 12 22     105.00 A
06620000 2008 12 23     105.00 A
06620000 2008 12 24     100.00 A
06620000 2008 12 25     100.00 A
06620000 2008 12 26     105.00 A
06620000 2008 12 27     105.00 A
06620000 2008 12 28     100.00 A
06620000 2008 12 29     105.00 A
06620000 2008 12 30     110.00 A
06620000 2008 12 31     110.00 A
06620000 2009 01 01     115.00 A
06620000 2009 01 02     120.00 A
06620000 2009 01 03     120.00 A
06620000 2009 01 04     115.00 A
06620000 2009 01 05     110.00 A
06620000 2009 01 06     115.00 A
06620000 2009 01 07     115.00 A
06620000 2009 01 08     120.00 A
06620000 2009 01 09     120.00 A
06620000 2009 01 10     110.00 A
06620000 2009 01 11     110.00 A
06620000 2009 01 12     110.00 A
06620000 2009 01 13     110.00 A
06620000 2009 01 14     115.00 A
06620000 2009 01 15     120.00 A
06620000 2009 01 16     120.00 A
06620000 2009 01 17     120.00 A
06620000 2009 01 18     120.00 A
06620000 2009 01 19     120.00 A
06620000 2009 01 20     115.00 A
06620000 2009 01 21     115.00 A
06620000 2009 01 22     120.00 A
06620000 2009 01 23     125.00 A
06620000 2009 01 24     130.00 A
06620000 2009 01 25     135.00 A
06620000 2009 01 26     130.00 A
06620000 2009 01 27     120.00 A
06620000 2009 01 28     115.00 A
06620000 2009 01 29     115.00 A
06620000 2009 01 30     120.00 A
06620000 2009 01 31     125.00 A
06620000 2009 02 01     130.00 A
06620000 2009 02 02     135.00 A
06620000 2009 02 03     135.00 A
06620000 2009 02 04     140.00 A
06620000 2009 02 05     135.00 A
06620000 2009 02 06     140.00 A
06620000 2009 02 07     145.00 A
06620000 2009 02 08     150.00 A
06620000 2009 02 09     150.00 A
06620000 2009 02 10     145.00 A
06620000 2009 02 11     140.00 A
06620000 2009 02 12     135.00 A
06620000 2009 02 13     130.00 A
06620000 2009 02 14     130.00 A
06620000 2009 02 15     130.00 A
06620000 2009 02 16     135.00 A
06620000 2009 02 17     140.00 A
06620000 2009 02 18     135.00 A
06620000 2009 02 19     130.00 A
06620000 2009 02 20     130.00 A
06620000 2009 02 21     125.00 A
06620000 2009 02 22     125.00 A
06620000 2009 02 23     135.00 A
06620000 2009 02 24     150.00 A
06620000 2009 02 25     160.00 A
06620000 2009 02 26     170.00 A
06620000 2009 02 27     165.00 A
06620000 2009 02 28     160.00 A
06620000 2009 03 01     160.00 A
06620000 2009 03 02     175.00 A
06620000 2009 03 03     195.00 A
06620000 2009 03 04     225.00 A
06620000 2009 03 05     260.00 A
06620000 2009 03 06     250.00 A
06620000 2009 03 07     240.00 A
06620000 2009 03 08     225.00 A
06620000 2009 03 09     235.00 A
06620000 2009 03 10     235.00 A
06620000 2009 03 11     220.00 A
06620000 2009 03 12     220.00 A
06620000 2009 03 13     225.00 A
06620000 2009 03 14     230.00 A
06620000 2009 03 15     235.00 A
06620000 2009 03 16     245.00 A
06620000 2009 03 17     255.00 A
06620000 2009 03 18     265.00 A
06620000 2009 03 19     270.00 A
06620000 2009 03 20     290.00 A
06620000 2009 03 21     340.00 A
06620000 2009 03 22     400.00 A
06620000 2009 03 23     600.00 A
06620000 2009 03 24     467.00 A
06620000 2009 03 25     406.00 A
06620000 2009 03 26     329.00 A
06620000 2009 03 27     188.00 A
06620000 2009 03 28     320.00 A
06620000 2009 03 29     331.00 A
06620000 2009 03 30     318.00 A
06620000 2009 03 31     242.00 A
06620000 2009 04 01     269.00 A
06620000 2009 04 02     251.00 A
06620000 2009 04 03     259.00 A
06620000 2009 04 04     235.00 A
06620000 2009 04 05     189.00 A
06620000 2009 04 06     213.00 A
06620000 2009 04 07     248.00 A
06620000 2009 04 08     283.00 A
06620000 2009 04 09     349.00 A
06620000 2009 04 10     430.00 A
06620000 2009 04 11     488.00 A
06620000 2009 04 12     511.00 A
06620000 2009 04 13     566.00 A
06620000 2009 04 14     569.00 A
06620000 2009 04 15     563.00 A
06620000 2009 04 16     579.00 A
06620000 2009 04 17     517.00 A
06620000 2009 04 18     460.00 A
06620000 2009 04 19     469.00 A
06620000 2009 04 20     502.00 A
06620000 2009 04 21     566.00 A
06620000 2009 04 22     658.00 A
06620000 2009 04 23     764.00 A
06620000 2009 04 24     874.00 A
06620000 2009 04 25     949.00 A
06620000 2009 04 26     1020.00 A
06620000 2009 04 27     1030.00 A
06620000 2009 04 28     912.00 A
06620000 2009 04 29     731.00 A
06620000 2009 04 30     674.00 A
06620000 2009 05 01     710.00 A
06620000 2009 05 02     749.00 A
06620000 2009 05 03     859.00 A
06620000 2009 05 04     915.00 A
06620000 2009 05 05     892.00 A
06620000 2009 05 06     780.00 A
06620000 2009 05 07     693.00 A
06620000 2009 05 08     712.00 A
06620000 2009 05 09     781.00 A
06620000 2009 05 10     719.00 A
06620000 2009 05 11     593.00 A
06620000 2009 05 12     584.00 A
06620000 2009 05 13     589.00 A
06620000 2009 05 14     604.00 A
06620000 2009 05 15     549.00 A
06620000 2009 05 16     536.00 A
06620000 2009 05 17     580.00 A
06620000 2009 05 18     622.00 A
06620000 2009 05 19     736.00 A
06620000 2009 05 20     929.00 A
06620000 2009 05 21     1130.00 A
06620000 2009 05 22     1270.00 A
06620000 2009 05 23     1230.00 A
06620000 2009 05 24     1180.00 A
06620000 2009 05 25     1250.00 A
06620000 2009 05 26     1630.00 A
06620000 2009 05 27     1860.00 A
06620000 2009 05 28     1780.00 A
06620000 2009 05 29     1450.00 A
06620000 2009 05 30     1230.00 A
06620000 2009 05 31     1210.00 A
06620000 2009 06 01     1350.00 A
06620000 2009 06 02     1850.00 A
06620000 2009 06 03     2170.00 A
06620000 2009 06 04     2360.00 A
06620000 2009 06 05     2390.00 A
06620000 2009 06 06     2120.00 A
06620000 2009 06 07     1860.00 A
06620000 2009 06 08     1900.00 A
06620000 2009 06 09     1910.00 A
06620000 2009 06 10     1830.00 A
06620000 2009 06 11     1840.00 A
06620000 2009 06 12     1920.00 A
06620000 2009 06 13     1980.00 A
06620000 2009 06 14     1660.00 A
06620000 2009 06 15     1490.00 A
06620000 2009 06 16     1510.00 A
06620000 2009 06 17     1430.00 A
06620000 2009 06 18     1320.00 A
06620000 2009 06 19     1450.00 A
06620000 2009 06 20     1500.00 A
06620000 2009 06 21     1410.00 A
06620000 2009 06 22     1420.00 A
06620000 2009 06 23     1440.00 A
06620000 2009 06 24     1300.00 A
06620000 2009 06 25     1260.00 A
06620000 2009 06 26     1370.00 A
06620000 2009 06 27     1580.00 A
06620000 2009 06 28     1650.00 A
06620000 2009 06 29     1440.00 A
06620000 2009 06 30     1200.00 A
06620000 2009 07 01     1040.00 A
06620000 2009 07 02     977.00 A
06620000 2009 07 03     1010.00 A
06620000 2009 07 04     1020.00 A
06620000 2009 07 05     1380.00 A
06620000 2009 07 06     1470.00 A
06620000 2009 07 07     1300.00 A
06620000 2009 07 08     1040.00 A
06620000 2009 07 09     805.00 A
06620000 2009 07 10     694.00 A
06620000 2009 07 11     626.00 A
06620000 2009 07 12     646.00 A
06620000 2009 07 13     683.00 A
06620000 2009 07 14     771.00 A
06620000 2009 07 15     742.00 A
06620000 2009 07 16     625.00 A
06620000 2009 07 17     590.00 A
06620000 2009 07 18     553.00 A
06620000 2009 07 19     496.00 A
06620000 2009 07 20     469.00 A
06620000 2009 07 21     440.00 A
06620000 2009 07 22     430.00 A
06620000 2009 07 23     394.00 A
06620000 2009 07 24     379.00 A
06620000 2009 07 25     374.00 A
06620000 2009 07 26     385.00 A
06620000 2009 07 27     391.00 A
06620000 2009 07 28     479.00 A
06620000 2009 07 29     459.00 A
06620000 2009 07 30     440.00 A
06620000 2009 07 31     418.00 A
06620000 2009 08 01     407.00 A
06620000 2009 08 02     361.00 A
06620000 2009 08 03     318.00 A
06620000 2009 08 04     286.00 A
06620000 2009 08 05     266.00 A
06620000 2009 08 06     254.00 A
06620000 2009 08 07     250.00 A
06620000 2009 08 08     241.00 A
06620000 2009 08 09     223.00 A
06620000 2009 08 10     206.00 A
06620000 2009 08 11     189.00 A
06620000 2009 08 12     176.00 A
06620000 2009 08 13     173.00 A
06620000 2009 08 14     172.00 A
06620000 2009 08 15     188.00 A
06620000 2009 08 16     208.00 A
06620000 2009 08 17     217.00 A
06620000 2009 08 18     202.00 A
06620000 2009 08 19     174.00 A
06620000 2009 08 20     155.00 A
06620000 2009 08 21     144.00 A
06620000 2009 08 22     141.00 A
06620000 2009 08 23     127.00 A
06620000 2009 08 24     122.00 A
06620000 2009 08 25     132.00 A
06620000 2009 08 26     142.00 A
06620000 2009 08 27     142.00 A
06620000 2009 08 28     143.00 A
06620000 2009 08 29     126.00 A
06620000 2009 08 30     120.00 A
06620000 2009 08 31     122.00 A
06620000 2009 09 01     122.00 A
06620000 2009 09 02     112.00 A
06620000 2009 09 03     109.00 A
06620000 2009 09 04     105.00 A
06620000 2009 09 05     99.00 A
06620000 2009 09 06     92.10 A
06620000 2009 09 07     85.60 A
06620000 2009 09 08     82.90 A
06620000 2009 09 09     78.80 A
06620000 2009 09 10     76.80 A
06620000 2009 09 11     76.70 A
06620000 2009 09 12     75.90 A
06620000 2009 09 13     73.70 A
06620000 2009 09 14     71.80 A
06620000 2009 09 15     74.70 A
06620000 2009 09 16     98.90 A
06620000 2009 09 17     104.00 A
06620000 2009 09 18     97.00 A
06620000 2009 09 19     89.90 A
06620000 2009 09 20     90.30 A
06620000 2009 09 21     94.40 A
06620000 2009 09 22     102.00 A
06620000 2009 09 23     113.00 A
06620000 2009 09 24     121.00 A
06620000 2009 09 25     113.00 A
06620000 2009 09 26     95.70 A
06620000 2009 09 27     91.90 A
06620000 2009 09 28     84.30 A
06620000 2009 09 29     80.80 A
06620000 2009 09 30     80.20 A
06620000 2009 10 01     87.70 A
06620000 2009 10 02     97.20 A
06620000 2009 10 03     87.30 A
06620000 2009 10 04     94.00 A
06620000 2009 10 05     104.00 A
06620000 2009 10 06     126.00 A
06620000 2009 10 07     133.00 A
06620000 2009 10 08     124.00 A
06620000 2009 10 09     127.00 A
06620000 2009 10 10     131.00 A
06620000 2009 10 11     138.00 A
06620000 2009 10 12     154.00 A
06620000 2009 10 13     162.00 A
06620000 2009 10 14     151.00 A
06620000 2009 10 15     175.00 A
06620000 2009 10 16     215.00 A
06620000 2009 10 17     205.00 A
06620000 2009 10 18     179.00 A
06620000 2009 10 19     162.00 A
06620000 2009 10 20     170.00 A
06620000 2009 10 21     193.00 A
06620000 2009 10 22     187.00 A
06620000 2009 10 23     168.00 A
06620000 2009 10 24     164.00 A
06620000 2009 10 25     163.00 A
06620000 2009 10 26     150.00 A
06620000 2009 10 27     136.00 A
06620000 2009 10 28     130.00 A
06620000 2009 10 29     115.00 A
06620000 2009 10 30     110.00 A
06620000 2009 10 31     115.00 A
06620000 2009 11 01     130.00 A
06620000 2009 11 02     150.00 A
06620000 2009 11 03     170.00 A
06620000 2009 11 04     175.00 A
06620000 2009 11 05     161.00 A
06620000 2009 11 06     153.00 A
06620000 2009 11 07     154.00 A
06620000 2009 11 08     157.00 A
06620000 2009 11 09     176.00 A
06620000 2009 11 10     170.00 A
06620000 2009 11 11     165.00 A
06620000 2009 11 12     155.00 A
06620000 2009 11 13     166.00 A
06620000 2009 11 14     107.00 A
06620000 2009 11 15     120.00 A
06620000 2009 11 16     140.00 A
06620000 2009 11 17     169.00 A
06620000 2009 11 18     185.00 A
06620000 2009 11 19     195.00 A
06620000 2009 11 20     205.00 A
06620000 2009 11 21     205.00 A
06620000 2009 11 22     205.00 A
06620000 2009 11 23     195.00 A
06620000 2009 11 24     180.00 A
06620000 2009 11 25     180.00 A
06620000 2009 11 26     185.00 A
06620000 2009 11 27     190.00 A
06620000 2009 11 28     190.00 A
06620000 2009 11 29     185.00 A
06620000 2009 11 30     180.00 A
06620000 2009 12 01     175.00 A
06620000 2009 12 02     170.00 A
06620000 2009 12 03     150.00 A
06620000 2009 12 04     130.00 A
06620000 2009 12 05     120.00 A
06620000 2009 12 06     120.00 A
06620000 2009 12 07     110.00 A
06620000 2009 12 08     110.00 A
06620000 2009 12 09     100.00 A
06620000 2009 12 10     90.00 A
06620000 2009 12 11     90.00 A
06620000 2009 12 12     95.00 A
06620000 2009 12 13     100.00 A
06620000 2009 12 14     100.00 A
06620000 2009 12 15     100.00 A
06620000 2009 12 16     105.00 A
06620000 2009 12 17     105.00 A
06620000 2009 12 18     110.00 A
06620000 2009 12 19     100.00 A
06620000 2009 12 20     100.00 A
06620000 2009 12 21     105.00 A
06620000 2009 12 22     105.00 A
06620000 2009 12 23     105.00 A
06620000 2009 12 24     100.00 A
06620000 2009 12 25     95.00 A
06620000 2009 12 26     90.00 A
06620000 2009 12 27     85.00 A
06620000 2009 12 28     85.00 A
06620000 2009 12 29     85.00 A
06620000 2009 12 30     80.00 A
06620000 2009 12 31     80.00 A
06620000 2010 01 01     85.00 A
06620000 2010 01 02     90.00 A
06620000 2010 01 03     90.00 A
06620000 2010 01 04     85.00 A
06620000 2010 01 05     85.00 A
06620000 2010 01 06     85.00 A
06620000 2010 01 07     75.00 A
06620000 2010 01 08     70.00 A
06620000 2010 01 09     70.00 A
06620000 2010 01 10     72.00 A
06620000 2010 01 11     72.00 A
06620000 2010 01 12     74.00 A
06620000 2010 01 13     76.00 A
06620000 2010 01 14     80.00 A
06620000 2010 01 15     80.00 A
06620000 2010 01 16     84.00 A
06620000 2010 01 17     84.00 A
06620000 2010 01 18     86.00 A
06620000 2010 01 19     86.00 A
06620000 2010 01 20     88.70 A
06620000 2010 01 21     90.60 A
06620000 2010 01 22     93.20 A
06620000 2010 01 23     97.20 A
06620000 2010 01 24     98.00 A
06620000 2010 01 25     95.00 A
06620000 2010 01 26     92.00 A
06620000 2010 01 27     92.00 A
06620000 2010 01 28     92.00 A
06620000 2010 01 29     94.00 A
06620000 2010 01 30     94.00 A
06620000 2010 01 31     94.00 A
06620000 2010 02 01     96.00 A
06620000 2010 02 02     96.00 A
06620000 2010 02 03     94.00 A
06620000 2010 02 04     94.00 A
06620000 2010 02 05     94.10 A
06620000 2010 02 06     94.80 A
06620000 2010 02 07     94.80 A
06620000 2010 02 08     94.80 A
06620000 2010 02 09     92.00 A
06620000 2010 02 10     90.00 A
06620000 2010 02 11     90.00 A
06620000 2010 02 12     92.00 A
06620000 2010 02 13     94.00 A
06620000 2010 02 14     94.00 A
06620000 2010 02 15     92.00 A
06620000 2010 02 16     90.00 A
06620000 2010 02 17     92.00 A
06620000 2010 02 18     94.00 A
06620000 2010 02 19     94.00 A
06620000 2010 02 20     92.00 A
06620000 2010 02 21     92.00 A
06620000 2010 02 22     92.00 A
06620000 2010 02 23     90.00 A
06620000 2010 02 24     92.00 A
06620000 2010 02 25     96.00 A
06620000 2010 02 26     98.00 A
06620000 2010 02 27     98.00 A
06620000 2010 02 28     102.00 A
06620000 2010 03 01     106.00 A
06620000 2010 03 02     108.00 A
06620000 2010 03 03     108.00 A
06620000 2010 03 04     110.00 A
06620000 2010 03 05     114.00 A
06620000 2010 03 06     116.00 A
06620000 2010 03 07     114.00 A
06620000 2010 03 08     116.00 A
06620000 2010 03 09     116.00 A
06620000 2010 03 10     114.00 A
06620000 2010 03 11     114.00 A
06620000 2010 03 12     112.00 A
06620000 2010 03 13     112.00 A
06620000 2010 03 14     116.00 A
06620000 2010 03 15     118.00 A
06620000 2010 03 16     118.00 A
06620000 2010 03 17     120.00 A
06620000 2010 03 18     122.00 A
06620000 2010 03 19     124.00 A
06620000 2010 03 20     120.00 A
06620000 2010 03 21     118.00 A
06620000 2010 03 22     122.00 A
06620000 2010 03 23     128.00 A
06620000 2010 03 24     128.00 A
06620000 2010 03 25     124.00 A
06620000 2010 03 26     126.00 A
06620000 2010 03 27     128.00 A
06620000 2010 03 28     126.00 A
06620000 2010 03 29     130.00 A
06620000 2010 03 30     150.00 A
06620000 2010 03 31     174.00 A
06620000 2010 04 01     200.00 A
06620000 2010 04 02     190.00 A
06620000 2010 04 03     182.00 A
06620000 2010 04 04     186.00 A
06620000 2010 04 05     200.00 A
06620000 2010 04 06     220.00 A
06620000 2010 04 07     205.00 A
06620000 2010 04 08     202.00 A
06620000 2010 04 09     220.00 A
06620000 2010 04 10     280.00 A
06620000 2010 04 11     340.00 A
06620000 2010 04 12     420.00 A
06620000 2010 04 13     560.00 A
06620000 2010 04 14     540.00 A
06620000 2010 04 15     700.00 A
06620000 2010 04 16     880.00 A
06620000 2010 04 17     1050.00 A
06620000 2010 04 18     1010.00 A
06620000 2010 04 19     1060.00 A
06620000 2010 04 20     1140.00 A
06620000 2010 04 21     1230.00 A
06620000 2010 04 22     1310.00 A
06620000 2010 04 23     1380.00 A
06620000 2010 04 24     1170.00 A
06620000 2010 04 25     1050.00 A
06620000 2010 04 26     1000.00 A
06620000 2010 04 27     925.00 A
06620000 2010 04 28     886.00 A
06620000 2010 04 29     956.00 A
06620000 2010 04 30     924.00 A
06620000 2010 05 01     816.00 A
06620000 2010 05 02     717.00 A
06620000 2010 05 03     673.00 A
06620000 2010 05 04     589.00 A
06620000 2010 05 05     552.00 A
06620000 2010 05 06     508.00 A
06620000 2010 05 07     615.00 A
06620000 2010 05 08     585.00 A
06620000 2010 05 09     506.00 A
06620000 2010 05 10     490.00 A
06620000 2010 05 11     577.00 A
06620000 2010 05 12     701.00 A
06620000 2010 05 13     809.00 A
06620000 2010 05 14     875.00 A
06620000 2010 05 15     951.00 A
06620000 2010 05 16     1190.00 A
06620000 2010 05 17     1120.00 A
06620000 2010 05 18     937.00 A
06620000 2010 05 19     921.00 A
06620000 2010 05 20     994.00 A
06620000 2010 05 21     1060.00 A
06620000 2010 05 22     1090.00 A
06620000 2010 05 23     1210.00 A
06620000 2010 05 24     1330.00 A
06620000 2010 05 25     1500.00 A
06620000 2010 05 26     1420.00 A
06620000 2010 05 27     1220.00 A
06620000 2010 05 28     1180.00 A
06620000 2010 05 29     1290.00 A
06620000 2010 05 30     1610.00 A
06620000 2010 05 31     1970.00 A
06620000 2010 06 01     2060.00 A
06620000 2010 06 02     2040.00 A
06620000 2010 06 03     2040.00 A
06620000 2010 06 04     1940.00 A
06620000 2010 06 05     2050.00 A
06620000 2010 06 06     2420.00 A
06620000 2010 06 07     2820.00 A
06620000 2010 06 08     3120.00 A
06620000 2010 06 09     3450.00 A
06620000 2010 06 10     3670.00 A
06620000 2010 06 11     3670.00 A
06620000 2010 06 12     3750.00 A
06620000 2010 06 13     4420.00 A
06620000 2010 06 14     4900.00 A
06620000 2010 06 15     4560.00 A
06620000 2010 06 16     3590.00 A
06620000 2010 06 17     2490.00 A
06620000 2010 06 18     2030.00 A
06620000 2010 06 19     1630.00 A
06620000 2010 06 20     1420.00 A
06620000 2010 06 21     1360.00 A
06620000 2010 06 22     1250.00 A
06620000 2010 06 23     1140.00 A
06620000 2010 06 24     1040.00 A
06620000 2010 06 25     916.00 A
06620000 2010 06 26     877.00 A
06620000 2010 06 27     950.00 A
06620000 2010 06 28     883.00 A
06620000 2010 06 29     781.00 A
06620000 2010 06 30     708.00 A
06620000 2010 07 01     661.00 A
06620000 2010 07 02     641.00 A
06620000 2010 07 03     659.00 A
06620000 2010 07 04     646.00 A
06620000 2010 07 05     650.00 A
06620000 2010 07 06     608.00 A
06620000 2010 07 07     528.00 A
06620000 2010 07 08     596.00 A
06620000 2010 07 09     666.00 A
06620000 2010 07 10     663.00 A
06620000 2010 07 11     579.00 A
06620000 2010 07 12     506.00 A
06620000 2010 07 13     476.00 A
06620000 2010 07 14     411.00 A
06620000 2010 07 15     376.00 A
06620000 2010 07 16     360.00 A
06620000 2010 07 17     334.00 A
06620000 2010 07 18     307.00 A
06620000 2010 07 19     302.00 A
06620000 2010 07 20     308.00 A
06620000 2010 07 21     300.00 A
06620000 2010 07 22     331.00 A
06620000 2010 07 23     349.00 A
06620000 2010 07 24     331.00 A
06620000 2010 07 25     331.00 A
06620000 2010 07 26     299.00 A
06620000 2010 07 27     279.00 A
06620000 2010 07 28     287.00 A
06620000 2010 07 29     327.00 A
06620000 2010 07 30     358.00 A
06620000 2010 07 31     373.00 A
06620000 2010 08 01     336.00 A
06620000 2010 08 02     368.00 A
06620000 2010 08 03     438.00 A
06620000 2010 08 04     398.00 A
06620000 2010 08 05     385.00 A
06620000 2010 08 06     369.00 A
06620000 2010 08 07     329.00 A
06620000 2010 08 08     296.00 A
06620000 2010 08 09     268.00 A
06620000 2010 08 10     250.00 A
06620000 2010 08 11     223.00 A
06620000 2010 08 12     199.00 A
06620000 2010 08 13     187.00 A
06620000 2010 08 14     176.00 A
06620000 2010 08 15     167.00 A
06620000 2010 08 16     163.00 A
06620000 2010 08 17     173.00 A
06620000 2010 08 18     175.00 A
06620000 2010 08 19     166.00 A
06620000 2010 08 20     182.00 A
06620000 2010 08 21     183.00 A
06620000 2010 08 22     166.00 A
06620000 2010 08 23     149.00 A
06620000 2010 08 24     137.00 A
06620000 2010 08 25     133.00 A
06620000 2010 08 26     124.00 A
06620000 2010 08 27     116.00 A
06620000 2010 08 28     109.00 A
06620000 2010 08 29     105.00 A
06620000 2010 08 30     104.00 A
06620000 2010 08 31     111.00 A
06620000 2010 09 01     119.00 A
06620000 2010 09 02     104.00 A
06620000 2010 09 03     97.00 A
06620000 2010 09 04     92.10 A
06620000 2010 09 05     86.10 A
06620000 2010 09 06     80.50 A
06620000 2010 09 07     78.80 A
06620000 2010 09 08     74.90 A
06620000 2010 09 09     76.90 A
06620000 2010 09 10     73.70 A
06620000 2010 09 11     73.00 A
06620000 2010 09 12     74.90 A
06620000 2010 09 13     72.30 A
06620000 2010 09 14     72.20 A
06620000 2010 09 15     70.60 A
06620000 2010 09 16     69.90 A
06620000 2010 09 17     65.70 A
06620000 2010 09 18     66.20 A
06620000 2010 09 19     65.70 A
06620000 2010 09 20     65.00 A
06620000 2010 09 21     65.30 A
06620000 2010 09 22     63.80 A
06620000 2010 09 23     68.20 A
06620000 2010 09 24     77.00 A
06620000 2010 09 25     81.00 A
06620000 2010 09 26     79.80 A
06620000 2010 09 27     79.60 A
06620000 2010 09 28     77.10 A
06620000 2010 09 29     74.90 A
06620000 2010 09 30     74.00 A
06620000 2010 10 01     72.50 A
06620000 2010 10 02     72.20 A
06620000 2010 10 03     72.00 A
06620000 2010 10 04     74.60 A
06620000 2010 10 05     77.70 A
06620000 2010 10 06     80.00 A
06620000 2010 10 07     80.80 A
06620000 2010 10 08     85.90 A
06620000 2010 10 09     91.80 A
06620000 2010 10 10     104.00 A
06620000 2010 10 11     107.00 A
06620000 2010 10 12     122.00 A
06620000 2010 10 13     123.00 A
06620000 2010 10 14     111.00 A
06620000 2010 10 15     105.00 A
06620000 2010 10 16     106.00 A
06620000 2010 10 17     103.00 A
06620000 2010 10 18     100.00 A
06620000 2010 10 19     126.00 A
06620000 2010 10 20     146.00 A
06620000 2010 10 21     127.00 A
06620000 2010 10 22     125.00 A
06620000 2010 10 23     150.00 A
06620000 2010 10 24     179.00 A
06620000 2010 10 25     209.00 A
06620000 2010 10 26     280.00 A
06620000 2010 10 27     260.00 A
06620000 2010 10 28     230.00 A
06620000 2010 10 29     220.00 A
06620000 2010 10 30     260.00 A
06620000 2010 10 31     264.00 A
06620000 2010 11 01     263.00 A
06620000 2010 11 02     255.00 A
06620000 2010 11 03     255.00 A
06620000 2010 11 04     237.00 A
06620000 2010 11 05     224.00 A
06620000 2010 11 06     215.00 A
06620000 2010 11 07     211.00 A
06620000 2010 11 08     208.00 A
06620000 2010 11 09     214.00 A
06620000 2010 11 10     201.00 A
06620000 2010 11 11     194.00 A
06620000 2010 11 12     160.00 A
06620000 2010 11 13     150.00 A
06620000 2010 11 14     140.00 A
06620000 2010 11 15     140.00 A
06620000 2010 11 16     150.00 A
06620000 2010 11 17     160.00 A
06620000 2010 11 18     180.00 A
06620000 2010 11 19     185.00 A
06620000 2010 11 20     190.00 A
06620000 2010 11 21     190.00 A
06620000 2010 11 22     140.00 A
06620000 2010 11 23     135.00 A
06620000 2010 11 24     130.00 A
06620000 2010 11 25     120.00 A
06620000 2010 11 26     120.00 A
06620000 2010 11 27     120.00 A
06620000 2010 11 28     125.00 A
06620000 2010 11 29     125.00 A
06620000 2010 11 30     120.00 A
06620000 2010 12 01     120.00 A
06620000 2010 12 02     125.00 A
06620000 2010 12 03     130.00 A
06620000 2010 12 04     135.00 A
06620000 2010 12 05     135.00 A
06620000 2010 12 06     135.00 A
06620000 2010 12 07     130.00 A
06620000 2010 12 08     130.00 A
06620000 2010 12 09     135.00 A
06620000 2010 12 10     135.00 A
06620000 2010 12 11     130.00 A
06620000 2010 12 12     130.00 A
06620000 2010 12 13     135.00 A
06620000 2010 12 14     140.00 A
06620000 2010 12 15     145.00 A
06620000 2010 12 16     140.00 A
06620000 2010 12 17     135.00 A
06620000 2010 12 18     130.00 A
06620000 2010 12 19     135.00 A
06620000 2010 12 20     140.00 A
06620000 2010 12 21     140.00 A
06620000 2010 12 22     140.00 A
06620000 2010 12 23     145.00 A
06620000 2010 12 24     145.00 A
06620000 2010 12 25     140.00 A
06620000 2010 12 26     135.00 A
06620000 2010 12 27     130.00 A
06620000 2010 12 28     130.00 A
06620000 2010 12 29     130.00 A
06620000 2010 12 30     130.00 A
06620000 2010 12 31     125.00 A
06620000 2011 01 01     120.00 A
06620000 2011 01 02     115.00 A
06620000 2011 01 03     115.00 A
06620000 2011 01 04     115.00 A
06620000 2011 01 05     120.00 A
06620000 2011 01 06     120.00 A
06620000 2011 01 07     125.00 A
06620000 2011 01 08     130.00 A
06620000 2011 01 09     130.00 A
06620000 2011 01 10     125.00 A
06620000 2011 01 11     120.00 A
06620000 2011 01 12     120.00 A
06620000 2011 01 13     120.00 A
06620000 2011 01 14     125.00 A
06620000 2011 01 15     130.00 A
06620000 2011 01 16     135.00 A
06620000 2011 01 17     135.00 A
06620000 2011 01 18     135.00 A
06620000 2011 01 19     135.00 A
06620000 2011 01 20     130.00 A
06620000 2011 01 21     130.00 A
06620000 2011 01 22     135.00 A
06620000 2011 01 23     130.00 A
06620000 2011 01 24     125.00 A
06620000 2011 01 25     120.00 A
06620000 2011 01 26     120.00 A
06620000 2011 01 27     125.00 A
06620000 2011 01 28     125.00 A
06620000 2011 01 29     125.00 A
06620000 2011 01 30     130.00 A
06620000 2011 01 31     135.00 A
06620000 2011 02 01     130.00 A
06620000 2011 02 02     125.00 A
06620000 2011 02 03     120.00 A
06620000 2011 02 04     115.00 A
06620000 2011 02 05     120.00 A
06620000 2011 02 06     125.00 A
06620000 2011 02 07     125.00 A
06620000 2011 02 08     120.00 A
06620000 2011 02 09     115.00 A
06620000 2011 02 10     110.00 A
06620000 2011 02 11     115.00 A
06620000 2011 02 12     115.00 A
06620000 2011 02 13     120.00 A
06620000 2011 02 14     125.00 A
06620000 2011 02 15     130.00 A
06620000 2011 02 16     135.00 A
06620000 2011 02 17     140.00 A
06620000 2011 02 18     135.00 A
06620000 2011 02 19     135.00 A
06620000 2011 02 20     140.00 A
06620000 2011 02 21     145.00 A
06620000 2011 02 22     140.00 A
06620000 2011 02 23     140.00 A
06620000 2011 02 24     140.00 A
06620000 2011 02 25     145.00 A
06620000 2011 02 26     145.00 A
06620000 2011 02 27     140.00 A
06620000 2011 02 28     140.00 A
06620000 2011 03 01     145.00 A
06620000 2011 03 02     150.00 A
06620000 2011 03 03     155.00 A
06620000 2011 03 04     155.00 A
06620000 2011 03 05     150.00 A
06620000 2011 03 06     150.00 A
06620000 2011 03 07     150.00 A
06620000 2011 03 08     155.00 A
06620000 2011 03 09     150.00 A
06620000 2011 03 10     150.00 A
06620000 2011 03 11     155.00 A
06620000 2011 03 12     155.00 A
06620000 2011 03 13     160.00 A
06620000 2011 03 14     170.00 A
06620000 2011 03 15     190.00 A
06620000 2011 03 16     210.00 A
06620000 2011 03 17     230.00 A
06620000 2011 03 18     230.00 A
06620000 2011 03 19     230.00 A
06620000 2011 03 20     240.00 A
06620000 2011 03 21     260.00 A
06620000 2011 03 22     270.00 A
06620000 2011 03 23     260.00 A
06620000 2011 03 24     250.00 A
06620000 2011 03 25     260.00 A
06620000 2011 03 26     260.00 A
06620000 2011 03 27     260.00 A
06620000 2011 03 28     270.00 A
06620000 2011 03 29     265.00 A
06620000 2011 03 30     260.00 A
06620000 2011 03 31     290.00 A
06620000 2011 04 01     360.00 A
06620000 2011 04 02     480.00 A
06620000 2011 04 03     660.00 A
06620000 2011 04 04     620.00 A
06620000 2011 04 05     620.00 A
06620000 2011 04 06     800.00 A
06620000 2011 04 07     1090.00 A
06620000 2011 04 08     1320.00 A
06620000 2011 04 09     1500.00 A
06620000 2011 04 10     1360.00 A
06620000 2011 04 11     1130.00 A
06620000 2011 04 12     1000.00 A
06620000 2011 04 13     938.00 A
06620000 2011 04 14     999.00 A
06620000 2011 04 15     995.00 A
06620000 2011 04 16     898.00 A
06620000 2011 04 17     834.00 A
06620000 2011 04 18     1030.00 A
06620000 2011 04 19     1650.00 A
06620000 2011 04 20     1890.00 A
06620000 2011 04 21     1650.00 A
06620000 2011 04 22     1770.00 A
06620000 2011 04 23     1660.00 A
06620000 2011 04 24     1440.00 A
06620000 2011 04 25     1340.00 A
06620000 2011 04 26     1280.00 A
06620000 2011 04 27     1180.00 A
06620000 2011 04 28     1010.00 A
06620000 2011 04 29     919.00 A
06620000 2011 04 30     949.00 A
06620000 2011 05 01     843.00 A
06620000 2011 05 02     753.00 A
06620000 2011 05 03     719.00 A
06620000 2011 05 04     700.00 A
06620000 2011 05 05     751.00 A
06620000 2011 05 06     752.00 A
06620000 2011 05 07     891.00 A
06620000 2011 05 08     1120.00 A
06620000 2011 05 09     1450.00 A
06620000 2011 05 10     1830.00 A
06620000 2011 05 11     2140.00 A
06620000 2011 05 12     2310.00 A
06620000 2011 05 13     2270.00 A
06620000 2011 05 14     1910.00 A
06620000 2011 05 15     1810.00 A
06620000 2011 05 16     1920.00 A
06620000 2011 05 17     2190.00 A
06620000 2011 05 18     2500.00 A
06620000 2011 05 19     2720.00 A
06620000 2011 05 20     2830.00 A
06620000 2011 05 21     2900.00 A
06620000 2011 05 22     2730.00 A
06620000 2011 05 23     2520.00 A
06620000 2011 05 24     2510.00 A
06620000 2011 05 25     2590.00 A
06620000 2011 05 26     2660.00 A
06620000 2011 05 27     2550.00 A
06620000 2011 05 28     2510.00 A
06620000 2011 05 29     2590.00 A
06620000 2011 05 30     2410.00 A
06620000 2011 05 31     2430.00 A
06620000 2011 06 01     2750.00 A
06620000 2011 06 02     2820.00 A
06620000 2011 06 03     2760.00 A
06620000 2011 06 04     2920.00 A
06620000 2011 06 05     3260.00 A
06620000 2011 06 06     3580.00 A
06620000 2011 06 07     3870.00 A
06620000 2011 06 08     4380.00 A
06620000 2011 06 09     4740.00 A
06620000 2011 06 10     4770.00 A
06620000 2011 06 11     4490.00 A
06620000 2011 06 12     4230.00 A
06620000 2011 06 13     4000.00 A
06620000 2011 06 14     3880.00 A
06620000 2011 06 15     3810.00 A
06620000 2011 06 16     3910.00 A
06620000 2011 06 17     4070.00 A
06620000 2011 06 18     4490.00 A
06620000 2011 06 19     4890.00 A
06620000 2011 06 20     4870.00 A
06620000 2011 06 21     4730.00 A
06620000 2011 06 22     4200.00 A
06620000 2011 06 23     4050.00 A
06620000 2011 06 24     3840.00 A
06620000 2011 06 25     3710.00 A
06620000 2011 06 26     3700.00 A
06620000 2011 06 27     3770.00 A
06620000 2011 06 28     3780.00 A
06620000 2011 06 29     3670.00 A
06620000 2011 06 30     3670.00 A
06620000 2011 07 01     4080.00 A
06620000 2011 07 02     4680.00 A
06620000 2011 07 03     4700.00 A
06620000 2011 07 04     4380.00 A
06620000 2011 07 05     4140.00 A
06620000 2011 07 06     3970.00 A
06620000 2011 07 07     3860.00 A
06620000 2011 07 08     3860.00 A
06620000 2011 07 09     4230.00 A
06620000 2011 07 10     4820.00 A
06620000 2011 07 11     4890.00 A
06620000 2011 07 12     4510.00 A
06620000 2011 07 13     4350.00 A
06620000 2011 07 14     4310.00 A
06620000 2011 07 15     4060.00 A
06620000 2011 07 16     3840.00 A
06620000 2011 07 17     3400.00 A
06620000 2011 07 18     3110.00 A
06620000 2011 07 19     3120.00 A
06620000 2011 07 20     3190.00 A
06620000 2011 07 21     3250.00 A
06620000 2011 07 22     2940.00 A
06620000 2011 07 23     2500.00 A
06620000 2011 07 24     2040.00 A
06620000 2011 07 25     1750.00 A
06620000 2011 07 26     1570.00 A
06620000 2011 07 27     1480.00 A
06620000 2011 07 28     1430.00 A
06620000 2011 07 29     1330.00 A
06620000 2011 07 30     1160.00 A
06620000 2011 07 31     1030.00 A
06620000 2011 08 01     959.00 A
06620000 2011 08 02     973.00 A
06620000 2011 08 03     1060.00 A
06620000 2011 08 04     1030.00 A
06620000 2011 08 05     966.00 A
06620000 2011 08 06     882.00 A
06620000 2011 08 07     794.00 A
06620000 2011 08 08     721.00 A
06620000 2011 08 09     661.00 A
06620000 2011 08 10     613.00 A
06620000 2011 08 11     562.00 A
06620000 2011 08 12     527.00 A
06620000 2011 08 13     489.00 A
06620000 2011 08 14     463.00 A
06620000 2011 08 15     470.00 A
06620000 2011 08 16     501.00 A
06620000 2011 08 17     554.00 A
06620000 2011 08 18     489.00 A
06620000 2011 08 19     440.00 A
06620000 2011 08 20     421.00 A
06620000 2011 08 21     415.00 A
06620000 2011 08 22     402.00 A
06620000 2011 08 23     384.00 A
06620000 2011 08 24     368.00 A
06620000 2011 08 25     353.00 A
06620000 2011 08 26     342.00 A
06620000 2011 08 27     340.00 A
06620000 2011 08 28     365.00 A
06620000 2011 08 29     415.00 A
06620000 2011 08 30     415.00 A
06620000 2011 08 31     375.00 A
06620000 2011 09 01     334.00 A
06620000 2011 09 02     315.00 A
06620000 2011 09 03     291.00 A
06620000 2011 09 04     273.00 A
06620000 2011 09 05     261.00 A
06620000 2011 09 06     267.00 A
06620000 2011 09 07     324.00 A
06620000 2011 09 08     383.00 A
06620000 2011 09 09     405.00 A
06620000 2011 09 10     361.00 A
06620000 2011 09 11     307.00 A
06620000 2011 09 12     278.00 A
06620000 2011 09 13     261.00 A
06620000 2011 09 14     246.00 A
06620000 2011 09 15     257.00 A
06620000 2011 09 16     309.00 A
06620000 2011 09 17     345.00 A
06620000 2011 09 18     336.00 A
06620000 2011 09 19     342.00 A
06620000 2011 09 20     297.00 A
06620000 2011 09 21     267.00 A
06620000 2011 09 22     246.00 A
06620000 2011 09 23     230.00 A
06620000 2011 09 24     217.00 A
06620000 2011 09 25     205.00 A
06620000 2011 09 26     195.00 A
06620000 2011 09 27     187.00 A
06620000 2011 09 28     180.00 A
06620000 2011 09 29     174.00 A
06620000 2011 09 30     167.00 A
06620000 2011 10 01     168.00 A
06620000 2011 10 02     163.00 A
06620000 2011 10 03     151.00 A
06620000 2011 10 04     159.00 A
06620000 2011 10 05     179.00 A
06620000 2011 10 06     191.00 A
06620000 2011 10 07     184.00 A
06620000 2011 10 08     190.00 A
06620000 2011 10 09     203.00 A
06620000 2011 10 10     220.00 A
06620000 2011 10 11     221.00 A
06620000 2011 10 12     219.00 A
06620000 2011 10 13     230.00 A
06620000 2011 10 14     215.00 A
06620000 2011 10 15     206.00 A
06620000 2011 10 16     197.00 A
06620000 2011 10 17     196.00 A
06620000 2011 10 18     226.00 A
06620000 2011 10 19     237.00 A
06620000 2011 10 20     228.00 A
06620000 2011 10 21     215.00 A
06620000 2011 10 22     210.00 A
06620000 2011 10 23     203.00 A
06620000 2011 10 24     195.00 A
06620000 2011 10 25     189.00 A
06620000 2011 10 26     193.00 A
06620000 2011 10 27     201.00 A
06620000 2011 10 28     165.00 A
06620000 2011 10 29     160.00 A
06620000 2011 10 30     185.00 A
06620000 2011 10 31     210.00 A
06620000 2011 11 01     237.00 A
06620000 2011 11 02     234.00 A
06620000 2011 11 03     190.00 A
06620000 2011 11 04     150.00 A
06620000 2011 11 05     170.00 A
06620000 2011 11 06     180.00 A
06620000 2011 11 07     170.00 A
06620000 2011 11 08     160.00 A
06620000 2011 11 09     150.00 A
06620000 2011 11 10     140.00 A
06620000 2011 11 11     140.00 A
06620000 2011 11 12     150.00 A
06620000 2011 11 13     150.00 A
06620000 2011 11 14     140.00 A
06620000 2011 11 15     150.00 A
06620000 2011 11 16     150.00 A
06620000 2011 11 17     170.00 A
06620000 2011 11 18     175.00 A
06620000 2011 11 19     170.00 A
06620000 2011 11 20     160.00 A
06620000 2011 11 21     155.00 A
06620000 2011 11 22     160.00 A
06620000 2011 11 23     165.00 A
06620000 2011 11 24     170.00 A
06620000 2011 11 25     170.00 A
06620000 2011 11 26     160.00 A
06620000 2011 11 27     155.00 A
06620000 2011 11 28     160.00 A
06620000 2011 11 29     165.00 A
06620000 2011 11 30     165.00 A
06620000 2011 12 01     160.00 A
06620000 2011 12 02     155.00 A
06620000 2011 12 03     150.00 A
06620000 2011 12 04     145.00 A
06620000 2011 12 05     140.00 A
06620000 2011 12 06     130.00 A
06620000 2011 12 07     120.00 A
06620000 2011 12 08     120.00 A
06620000 2011 12 09     125.00 A
06620000 2011 12 10     125.00 A
06620000 2011 12 11     130.00 A
06620000 2011 12 12     130.00 A
06620000 2011 12 13     135.00 A
06620000 2011 12 14     140.00 A
06620000 2011 12 15     140.00 A
06620000 2011 12 16     130.00 A
06620000 2011 12 17     130.00 A
06620000 2011 12 18     130.00 A
06620000 2011 12 19     140.00 A
06620000 2011 12 20     140.00 A
06620000 2011 12 21     135.00 A
06620000 2011 12 22     130.00 A
06620000 2011 12 23     120.00 A
06620000 2011 12 24     110.00 A
06620000 2011 12 25     110.00 A
06620000 2011 12 26     115.00 A
06620000 2011 12 27     120.00 A
06620000 2011 12 28     125.00 A
06620000 2011 12 29     130.00 A
06620000 2011 12 30     135.00 A
06620000 2011 12 31     135.00 A
06620000 2012 01 01     130.00 A
06620000 2012 01 02     130.00 A
06620000 2012 01 03     135.00 A
06620000 2012 01 04     135.00 A
06620000 2012 01 05     140.00 A
06620000 2012 01 06     140.00 A
06620000 2012 01 07     140.00 A
06620000 2012 01 08     135.00 A
06620000 2012 01 09     125.00 A
06620000 2012 01 10     125.00 A
06620000 2012 01 11     130.00 A
06620000 2012 01 12     125.00 A
06620000 2012 01 13     120.00 A
06620000 2012 01 14     120.00 A
06620000 2012 01 15     125.00 A
06620000 2012 01 16     130.00 A
06620000 2012 01 17     125.00 A
06620000 2012 01 18     120.00 A
06620000 2012 01 19     125.00 A
06620000 2012 01 20     130.00 A
06620000 2012 01 21     135.00 A
06620000 2012 01 22     140.00 A
06620000 2012 01 23     135.00 A
06620000 2012 01 24     135.00 A
06620000 2012 01 25     130.00 A
06620000 2012 01 26     135.00 A
06620000 2012 01 27     140.00 A
06620000 2012 01 28     135.00 A
06620000 2012 01 29     130.00 A
06620000 2012 01 30     135.00 A
06620000 2012 01 31     140.00 A
06620000 2012 02 01     140.00 A
06620000 2012 02 02     145.00 A
06620000 2012 02 03     145.00 A
06620000 2012 02 04     140.00 A
06620000 2012 02 05     135.00 A
06620000 2012 02 06     135.00 A
06620000 2012 02 07     130.00 A
06620000 2012 02 08     130.00 A
06620000 2012 02 09     135.00 A
06620000 2012 02 10     135.00 A
06620000 2012 02 11     135.00 A
06620000 2012 02 12     140.00 A
06620000 2012 02 13     140.00 A
06620000 2012 02 14     140.00 A
06620000 2012 02 15     135.00 A
06620000 2012 02 16     130.00 A
06620000 2012 02 17     130.00 A
06620000 2012 02 18     130.00 A
06620000 2012 02 19     135.00 A
06620000 2012 02 20     140.00 A
06620000 2012 02 21     135.00 A
06620000 2012 02 22     140.00 A
06620000 2012 02 23     145.00 A
06620000 2012 02 24     140.00 A
06620000 2012 02 25     145.00 A
06620000 2012 02 26     145.00 A
06620000 2012 02 27     150.00 A
06620000 2012 02 28     150.00 A
06620000 2012 02 29     145.00 A
06620000 2012 03 01     140.00 A
06620000 2012 03 02     130.00 A
06620000 2012 03 03     130.00 A
06620000 2012 03 04     135.00 A
06620000 2012 03 05     135.00 A
06620000 2012 03 06     140.00 A
06620000 2012 03 07     145.00 A
06620000 2012 03 08     140.00 A
06620000 2012 03 09     140.00 A
06620000 2012 03 10     145.00 A
06620000 2012 03 11     150.00 A
06620000 2012 03 12     160.00 A
06620000 2012 03 13     180.00 A
06620000 2012 03 14     210.00 A
06620000 2012 03 15     240.00 A
06620000 2012 03 16     280.00 A
06620000 2012 03 17     330.00 A
06620000 2012 03 18     340.00 A
06620000 2012 03 19     320.00 A
06620000 2012 03 20     290.00 A
06620000 2012 03 21     290.00 A
06620000 2012 03 22     320.00 A
06620000 2012 03 23     400.00 A
06620000 2012 03 24     460.00 A
06620000 2012 03 25     570.00 A
06620000 2012 03 26     633.00 A
06620000 2012 03 27     573.00 A
06620000 2012 03 28     579.00 A
06620000 2012 03 29     601.00 A
06620000 2012 03 30     606.00 A
06620000 2012 03 31     578.00 A
06620000 2012 04 01     565.00 A
06620000 2012 04 02     547.00 A
06620000 2012 04 03     519.00 A
06620000 2012 04 04     419.00 A
06620000 2012 04 05     374.00 A
06620000 2012 04 06     357.00 A
06620000 2012 04 07     341.00 A
06620000 2012 04 08     300.00 A
06620000 2012 04 09     293.00 A
06620000 2012 04 10     294.00 A
06620000 2012 04 11     309.00 A
06620000 2012 04 12     348.00 A
06620000 2012 04 13     392.00 A
06620000 2012 04 14     372.00 A
06620000 2012 04 15     340.00 A
06620000 2012 04 16     307.00 A
06620000 2012 04 17     289.00 A
06620000 2012 04 18     267.00 A
06620000 2012 04 19     257.00 A
06620000 2012 04 20     275.00 A
06620000 2012 04 21     257.00 A
06620000 2012 04 22     228.00 A
06620000 2012 04 23     218.00 A
06620000 2012 04 24     218.00 A
06620000 2012 04 25     221.00 A
06620000 2012 04 26     242.00 A
06620000 2012 04 27     343.00 A
06620000 2012 04 28     536.00 A
06620000 2012 04 29     522.00 A
06620000 2012 04 30     411.00 A
06620000 2012 05 01     342.00 A
06620000 2012 05 02     304.00 A
06620000 2012 05 03     314.00 A
06620000 2012 05 04     314.00 A
06620000 2012 05 05     291.00 A
06620000 2012 05 06     295.00 A
06620000 2012 05 07     340.00 A
06620000 2012 05 08     384.00 A
06620000 2012 05 09     363.00 A
06620000 2012 05 10     311.00 A
06620000 2012 05 11     295.00 A
06620000 2012 05 12     313.00 A
06620000 2012 05 13     331.00 A
06620000 2012 05 14     345.00 A
06620000 2012 05 15     338.00 A
06620000 2012 05 16     311.00 A
06620000 2012 05 17     340.00 A
06620000 2012 05 18     354.00 A
06620000 2012 05 19     393.00 A
06620000 2012 05 20     515.00 A
06620000 2012 05 21     506.00 A
06620000 2012 05 22     423.00 A
06620000 2012 05 23     388.00 A
06620000 2012 05 24     474.00 A
06620000 2012 05 25     536.00 A
06620000 2012 05 26     456.00 A
06620000 2012 05 27     366.00 A
06620000 2012 05 28     324.00 A
06620000 2012 05 29     318.00 A
06620000 2012 05 30     290.00 A
06620000 2012 05 31     275.00 A
06620000 2012 06 01     278.00 A
06620000 2012 06 02     283.00 A
06620000 2012 06 03     353.00 A
06620000 2012 06 04     402.00 A
06620000 2012 06 05     439.00 A
06620000 2012 06 06     466.00 A
06620000 2012 06 07     442.00 A
06620000 2012 06 08     402.00 A
06620000 2012 06 09     362.00 A
06620000 2012 06 10     317.00 A
06620000 2012 06 11     291.00 A
06620000 2012 06 12     287.00 A
06620000 2012 06 13     268.00 A
06620000 2012 06 14     233.00 A
06620000 2012 06 15     229.00 A
06620000 2012 06 16     223.00 A
06620000 2012 06 17     217.00 A
06620000 2012 06 18     196.00 A
06620000 2012 06 19     163.00 A
06620000 2012 06 20     155.00 A
06620000 2012 06 21     155.00 A
06620000 2012 06 22     151.00 A
06620000 2012 06 23     134.00 A
06620000 2012 06 24     122.00 A
06620000 2012 06 25     113.00 A
06620000 2012 06 26     90.80 A
06620000 2012 06 27     81.10 A
06620000 2012 06 28     78.40 A
06620000 2012 06 29     79.40 A
06620000 2012 06 30     77.00 A
06620000 2012 07 01     78.50 A
06620000 2012 07 02     82.30 A
06620000 2012 07 03     88.70 A
06620000 2012 07 04     88.20 A
06620000 2012 07 05     91.80 A
06620000 2012 07 06     183.00 A
06620000 2012 07 07     262.00 A
06620000 2012 07 08     263.00 A
06620000 2012 07 09     252.00 A
06620000 2012 07 10     221.00 A
06620000 2012 07 11     198.00 A
06620000 2012 07 12     160.00 A
06620000 2012 07 13     150.00 A
06620000 2012 07 14     141.00 A
06620000 2012 07 15     144.00 A
06620000 2012 07 16     152.00 A
06620000 2012 07 17     162.00 A
06620000 2012 07 18     158.00 A
06620000 2012 07 19     140.00 A
06620000 2012 07 20     136.00 A
06620000 2012 07 21     131.00 A
06620000 2012 07 22     120.00 A
06620000 2012 07 23     153.00 A
06620000 2012 07 24     133.00 A
06620000 2012 07 25     179.00 A
06620000 2012 07 26     169.00 A
06620000 2012 07 27     175.00 A
06620000 2012 07 28     158.00 A
06620000 2012 07 29     158.00 A
06620000 2012 07 30     193.00 A
06620000 2012 07 31     202.00 A
06620000 2012 08 01     202.00 A
06620000 2012 08 02     181.00 A
06620000 2012 08 03     161.00 A
06620000 2012 08 04     135.00 A
06620000 2012 08 05     115.00 A
06620000 2012 08 06     102.00 A
06620000 2012 08 07     96.30 A
06620000 2012 08 08     91.50 A
06620000 2012 08 09     86.80 A
06620000 2012 08 10     83.00 A
06620000 2012 08 11     82.20 A
06620000 2012 08 12     82.60 A
06620000 2012 08 13     79.40 A
06620000 2012 08 14     77.70 A
06620000 2012 08 15     77.70 A
06620000 2012 08 16     75.40 A
06620000 2012 08 17     75.30 A
06620000 2012 08 18     74.90 A
06620000 2012 08 19     73.00 A
06620000 2012 08 20     69.00 A
06620000 2012 08 21     65.00 A
06620000 2012 08 22     69.70 A
06620000 2012 08 23     71.20 A
06620000 2012 08 24     64.30 A
06620000 2012 08 25     58.60 A
06620000 2012 08 26     56.10 A
06620000 2012 08 27     54.50 A
06620000 2012 08 28     53.70 A
06620000 2012 08 29     53.30 A
06620000 2012 08 30     54.50 A
06620000 2012 08 31     50.30 A
06620000 2012 09 01     48.50 A
06620000 2012 09 02     52.50 A
06620000 2012 09 03     54.10 A
06620000 2012 09 04     51.40 A
06620000 2012 09 05     49.60 A
06620000 2012 09 06     47.50 A
06620000 2012 09 07     44.50 A
06620000 2012 09 08     42.90 A
06620000 2012 09 09     41.70 A
06620000 2012 09 10     39.30 A
06620000 2012 09 11     36.60 A
06620000 2012 09 12     33.00 A
06620000 2012 09 13     35.00 A
06620000 2012 09 14     35.70 A
06620000 2012 09 15     34.40 A
06620000 2012 09 16     32.00 A
06620000 2012 09 17     31.00 A
06620000 2012 09 18     30.00 A
06620000 2012 09 19     29.80 A
06620000 2012 09 20     28.70 A
06620000 2012 09 21     27.30 A
06620000 2012 09 22     27.20 A
06620000 2012 09 23     26.60 A
06620000 2012 09 24     26.60 A
06620000 2012 09 25     27.70 A
06620000 2012 09 26     30.40 A
06620000 2012 09 27     35.90 A
06620000 2012 09 28     45.80 A
06620000 2012 09 29     53.00 A
06620000 2012 09 30     54.10 A
06620000 2012 10 01     53.00 A
06620000 2012 10 02     50.40 A
06620000 2012 10 03     47.10 A
06620000 2012 10 04     44.90 A
06620000 2012 10 05     41.90 A
06620000 2012 10 06     43.00 A
06620000 2012 10 07     44.90 A
06620000 2012 10 08     45.70 A
06620000 2012 10 09     47.80 A
06620000 2012 10 10     47.90 A
06620000 2012 10 11     50.10 A
06620000 2012 10 12     53.10 A
06620000 2012 10 13     62.10 A
06620000 2012 10 14     73.20 A
06620000 2012 10 15     86.60 A
06620000 2012 10 16     88.30 A
06620000 2012 10 17     85.00 A
06620000 2012 10 18     88.20 A
06620000 2012 10 19     84.90 A
06620000 2012 10 20     84.40 A
06620000 2012 10 21     74.60 A
06620000 2012 10 22     63.80 A
06620000 2012 10 23     59.90 A
06620000 2012 10 24     58.50 A
06620000 2012 10 25     60.10 A
06620000 2012 10 26     65.50 A
06620000 2012 10 27     67.60 A
06620000 2012 10 28     72.20 A
06620000 2012 10 29     79.10 A
06620000 2012 10 30     89.40 A
06620000 2012 10 31     90.70 A
06620000 2012 11 01     89.80 A
06620000 2012 11 02     92.60 A
06620000 2012 11 03     94.00 A
06620000 2012 11 04     87.70 A
06620000 2012 11 05     86.10 A
06620000 2012 11 06     86.10 A
06620000 2012 11 07     83.50 A
06620000 2012 11 08     81.50 A
06620000 2012 11 09     81.70 A
06620000 2012 11 10     85.70 A
06620000 2012 11 11     81.00 A
06620000 2012 11 12     78.00 A
06620000 2012 11 13     85.00 A
06620000 2012 11 14     92.00 A
06620000 2012 11 15     100.00 A
06620000 2012 11 16     108.00 A
06620000 2012 11 17     125.00 A
06620000 2012 11 18     133.00 A
06620000 2012 11 19     121.00 A
06620000 2012 11 20     117.00 A
06620000 2012 11 21     110.00 A
06620000 2012 11 22     103.00 A
06620000 2012 11 23     97.00 A
06620000 2012 11 24     95.00 A
06620000 2012 11 25     96.00 A
06620000 2012 11 26     96.00 A
06620000 2012 11 27     98.00 A
06620000 2012 11 28     105.00 A
06620000 2012 11 29     110.00 A
06620000 2012 11 30     121.00 A
06620000 2012 12 01     127.00 A
06620000 2012 12 02     112.00 A
06620000 2012 12 03     96.00 A
06620000 2012 12 04     92.00 A
06620000 2012 12 05     94.00 A
06620000 2012 12 06     98.00 A
06620000 2012 12 07     89.00 A
06620000 2012 12 08     87.00 A
06620000 2012 12 09     83.00 A
06620000 2012 12 10     80.00 A
06620000 2012 12 11     80.00 A
06620000 2012 12 12     81.00 A
06620000 2012 12 13     83.00 A
06620000 2012 12 14     85.00 A
06620000 2012 12 15     84.00 A
06620000 2012 12 16     82.00 A
06620000 2012 12 17     75.00 A
06620000 2012 12 18     67.00 A
06620000 2012 12 19     65.00 A
06620000 2012 12 20     64.00 A
06620000 2012 12 21     61.00 A
06620000 2012 12 22     64.00 A
06620000 2012 12 23     67.00 A
06620000 2012 12 24     64.00 A
06620000 2012 12 25     58.00 A
06620000 2012 12 26     59.00 A
06620000 2012 12 27     58.00 A
06620000 2012 12 28     56.00 A
06620000 2012 12 29     55.00 A
06620000 2012 12 30     54.00 A
06620000 2012 12 31     52.00 A
06620000 2013 01 01     49.00 A
06620000 2013 01 02     48.00 A
06620000 2013 01 03     46.00 A
06620000 2013 01 04     44.00 A
06620000 2013 01 05     43.00 A
06620000 2013 01 06     44.00 A
06620000 2013 01 07     46.00 A
06620000 2013 01 08     48.00 A
06620000 2013 01 09     50.00 A
06620000 2013 01 10     52.00 A
06620000 2013 01 11     53.00 A
06620000 2013 01 12     50.00 A
06620000 2013 01 13     48.00 A
06620000 2013 01 14     46.00 A
06620000 2013 01 15     43.00 A
06620000 2013 01 16     44.00 A
06620000 2013 01 17     45.00 A
06620000 2013 01 18     45.00 A
06620000 2013 01 19     46.00 A
06620000 2013 01 20     48.00 A
06620000 2013 01 21     50.00 A
06620000 2013 01 22     50.00 A
06620000 2013 01 23     52.00 A
06620000 2013 01 24     54.00 A
06620000 2013 01 25     56.00 A
06620000 2013 01 26     58.00 A
06620000 2013 01 27     59.00 A
06620000 2013 01 28     62.00 A
06620000 2013 01 29     58.00 A
06620000 2013 01 30     55.00 A
06620000 2013 01 31     54.00 A
06620000 2013 02 01     57.00 A
06620000 2013 02 02     58.00 A
06620000 2013 02 03     63.00 A
06620000 2013 02 04     66.00 A
06620000 2013 02 05     70.00 A
06620000 2013 02 06     75.00 A
06620000 2013 02 07     79.00 A
06620000 2013 02 08     77.00 A
06620000 2013 02 09     75.00 A
06620000 2013 02 10     74.00 A
06620000 2013 02 11     72.00 A
06620000 2013 02 12     70.00 A
06620000 2013 02 13     68.00 A
06620000 2013 02 14     73.00 A
06620000 2013 02 15     75.00 A
06620000 2013 02 16     78.00 A
06620000 2013 02 17     80.00 A
06620000 2013 02 18     85.00 A
06620000 2013 02 19     82.00 A
06620000 2013 02 20     80.00 A
06620000 2013 02 21     79.00 A
06620000 2013 02 22     77.00 A
06620000 2013 02 23     76.00 A
06620000 2013 02 24     80.00 A
06620000 2013 02 25     79.00 A
06620000 2013 02 26     76.00 A
06620000 2013 02 27     74.00 A
06620000 2013 02 28     71.00 A
06620000 2013 03 01     74.00 A
06620000 2013 03 02     77.00 A
06620000 2013 03 03     85.00 A
06620000 2013 03 04     89.00 A
06620000 2013 03 05     83.00 A
06620000 2013 03 06     83.00 A
06620000 2013 03 07     90.00 A
06620000 2013 03 08     95.00 A
06620000 2013 03 09     100.00 A
06620000 2013 03 10     96.00 A
06620000 2013 03 11     95.00 A
06620000 2013 03 12     95.00 A
06620000 2013 03 13     100.00 A
06620000 2013 03 14     115.00 A
06620000 2013 03 15     123.00 A
06620000 2013 03 16     140.00 A
06620000 2013 03 17     163.00 A
06620000 2013 03 18     155.00 A
06620000 2013 03 19     145.00 A
06620000 2013 03 20     142.00 A
06620000 2013 03 21     152.00 A
06620000 2013 03 22     157.00 A
06620000 2013 03 23     150.00 A
06620000 2013 03 24     150.00 A
06620000 2013 03 25     142.00 A
06620000 2013 03 26     150.00 A
06620000 2013 03 27     163.00 A
06620000 2013 03 28     183.00 A
06620000 2013 03 29     230.00 A
06620000 2013 03 30     250.00 A
06620000 2013 03 31     270.00 A
06620000 2013 04 01     285.00 A
06620000 2013 04 02     320.00 A
06620000 2013 04 03     340.00 A
06620000 2013 04 04     370.00 A
06620000 2013 04 05     430.00 A
06620000 2013 04 06     541.00 A
06620000 2013 04 07     521.00 A
06620000 2013 04 08     478.00 A
06620000 2013 04 09     383.00 A
06620000 2013 04 10     282.00 A
06620000 2013 04 11     275.00 A
06620000 2013 04 12     320.00 A
06620000 2013 04 13     290.00 A
06620000 2013 04 14     276.00 A
06620000 2013 04 15     259.00 A
06620000 2013 04 16     255.00 A
06620000 2013 04 17     232.00 A
06620000 2013 04 18     211.00 A
06620000 2013 04 19     210.00 A
06620000 2013 04 20     267.00 A
06620000 2013 04 21     320.00 A
06620000 2013 04 22     404.00 A
06620000 2013 04 23     439.00 A
06620000 2013 04 24     402.00 A
06620000 2013 04 25     369.00 A
06620000 2013 04 26     351.00 A
06620000 2013 04 27     397.00 A
06620000 2013 04 28     465.00 A
06620000 2013 04 29     551.00 A
06620000 2013 04 30     644.00 A
06620000 2013 05 01     802.00 A
06620000 2013 05 02     775.00 A
06620000 2013 05 03     674.00 A
06620000 2013 05 04     631.00 A
06620000 2013 05 05     669.00 A
06620000 2013 05 06     687.00 A
06620000 2013 05 07     633.00 A
06620000 2013 05 08     681.00 A
06620000 2013 05 09     747.00 A
06620000 2013 05 10     742.00 A
06620000 2013 05 11     714.00 A
06620000 2013 05 12     703.00 A
06620000 2013 05 13     764.00 A
06620000 2013 05 14     802.00 A
06620000 2013 05 15     926.00 A
06620000 2013 05 16     1200.00 A
06620000 2013 05 17     1370.00 A
06620000 2013 05 18     1350.00 A
06620000 2013 05 19     1420.00 A
06620000 2013 05 20     1450.00 A
06620000 2013 05 21     1380.00 A
06620000 2013 05 22     1160.00 A
06620000 2013 05 23     893.00 A
06620000 2013 05 24     737.00 A
06620000 2013 05 25     737.00 A
06620000 2013 05 26     820.00 A
06620000 2013 05 27     926.00 A
06620000 2013 05 28     1060.00 A
06620000 2013 05 29     1090.00 A
06620000 2013 05 30     1060.00 A
06620000 2013 05 31     966.00 A
06620000 2013 06 01     826.00 A
06620000 2013 06 02     709.00 A
06620000 2013 06 03     581.00 A
06620000 2013 06 04     490.00 A
06620000 2013 06 05     512.00 A
06620000 2013 06 06     590.00 A
06620000 2013 06 07     692.00 A
06620000 2013 06 08     803.00 A
06620000 2013 06 09     961.00 A
06620000 2013 06 10     1200.00 A
06620000 2013 06 11     1330.00 A
06620000 2013 06 12     1360.00 A
06620000 2013 06 13     1320.00 A
06620000 2013 06 14     1260.00 A
06620000 2013 06 15     1150.00 A
06620000 2013 06 16     1050.00 A
06620000 2013 06 17     977.00 A
06620000 2013 06 18     881.00 A
06620000 2013 06 19     760.00 A
06620000 2013 06 20     633.00 A
06620000 2013 06 21     549.00 A
06620000 2013 06 22     484.00 A
06620000 2013 06 23     437.00 A
06620000 2013 06 24     396.00 A
06620000 2013 06 25     349.00 A
06620000 2013 06 26     317.00 A
06620000 2013 06 27     301.00 A
06620000 2013 06 28     306.00 A
06620000 2013 06 29     274.00 A
06620000 2013 06 30     271.00 A
06620000 2013 07 01     286.00 A
06620000 2013 07 02     304.00 A
06620000 2013 07 03     312.00 A
06620000 2013 07 04     348.00 A
06620000 2013 07 05     371.00 A
06620000 2013 07 06     381.00 A
06620000 2013 07 07     337.00 A
06620000 2013 07 08     302.00 A
06620000 2013 07 09     263.00 A
06620000 2013 07 10     255.00 A
06620000 2013 07 11     227.00 A
06620000 2013 07 12     201.00 A
06620000 2013 07 13     199.00 A
06620000 2013 07 14     225.00 A
06620000 2013 07 15     283.00 A
06620000 2013 07 16     266.00 A
06620000 2013 07 17     240.00 A
06620000 2013 07 18     215.00 A
06620000 2013 07 19     224.00 A
06620000 2013 07 20     259.00 A
06620000 2013 07 21     247.00 A
06620000 2013 07 22     231.00 A
06620000 2013 07 23     223.00 A
06620000 2013 07 24     166.00 A
06620000 2013 07 25     187.00 A
06620000 2013 07 26     219.00 A
06620000 2013 07 27     222.00 A
06620000 2013 07 28     226.00 A
06620000 2013 07 29     237.00 A
06620000 2013 07 30     270.00 A
06620000 2013 07 31     251.00 A
06620000 2013 08 01     207.00 A
06620000 2013 08 02     181.00 A
06620000 2013 08 03     157.00 A
06620000 2013 08 04     139.00 A
06620000 2013 08 05     138.00 A
06620000 2013 08 06     145.00 A
06620000 2013 08 07     154.00 A
06620000 2013 08 08     149.00 A
06620000 2013 08 09     155.00 A
06620000 2013 08 10     147.00 A
06620000 2013 08 11     144.00 A
06620000 2013 08 12     127.00 A
06620000 2013 08 13     117.00 A
06620000 2013 08 14     122.00 A
06620000 2013 08 15     140.00 A
06620000 2013 08 16     113.00 A
06620000 2013 08 17     101.00 A
06620000 2013 08 18     96.30 A
06620000 2013 08 19     95.60 A
06620000 2013 08 20     88.90 A
06620000 2013 08 21     84.00 A
06620000 2013 08 22     76.90 A
06620000 2013 08 23     74.60 A
06620000 2013 08 24     115.00 A
06620000 2013 08 25     128.00 A
06620000 2013 08 26     124.00 A
06620000 2013 08 27     106.00 A
06620000 2013 08 28     85.50 A
06620000 2013 08 29     85.30 A
06620000 2013 08 30     84.90 A
06620000 2013 08 31     83.50 A
06620000 2013 09 01     88.80 A
06620000 2013 09 02     85.60 A
06620000 2013 09 03     72.50 A
06620000 2013 09 04     64.40 A
06620000 2013 09 05     66.00 A
06620000 2013 09 06     72.70 A
06620000 2013 09 07     74.70 A
06620000 2013 09 08     83.90 A
06620000 2013 09 09     101.00 A
06620000 2013 09 10     133.00 A
06620000 2013 09 11     190.00 A
06620000 2013 09 12     295.00 A
06620000 2013 09 13     460.00 A
06620000 2013 09 14     551.00 A
06620000 2013 09 15     520.00 A
06620000 2013 09 16     484.00 A
06620000 2013 09 17     440.00 A
06620000 2013 09 18     356.00 A
06620000 2013 09 19     330.00 A
06620000 2013 09 20     343.00 A
06620000 2013 09 21     304.00 A
06620000 2013 09 22     276.00 A
06620000 2013 09 23     264.00 A
06620000 2013 09 24     267.00 A
06620000 2013 09 25     292.00 A
06620000 2013 09 26     275.00 A
06620000 2013 09 27     254.00 A
06620000 2013 09 28     245.00 A
06620000 2013 09 29     244.00 A
06620000 2013 09 30     235.00 A
06620000 2013 10 01     224.00 A
06620000 2013 10 02     205.00 A
06620000 2013 10 03     187.00 A
06620000 2013 10 04     188.00 A
06620000 2013 10 05     205.00 A
06620000 2013 10 06     239.00 A
06620000 2013 10 07     274.00 A
06620000 2013 10 08     306.00 A
06620000 2013 10 09     316.00 A
06620000 2013 10 10     293.00 A
06620000 2013 10 11     280.00 A
06620000 2013 10 12     281.00 A
06620000 2013 10 13     278.00 A
06620000 2013 10 14     290.00 A
06620000 2013 10 15     315.00 A
06620000 2013 10 16     328.00 A
06620000 2013 10 17     306.00 A
06620000 2013 10 18     292.00 A
06620000 2013 10 19     281.00 A
06620000 2013 10 20     266.00 A
06620000 2013 10 21     275.00 A
06620000 2013 10 22     285.00 A
06620000 2013 10 23     283.00 A
06620000 2013 10 24     273.00 A
06620000 2013 10 25     265.00 A
06620000 2013 10 26     263.00 A
06620000 2013 10 27     248.00 A
06620000 2013 10 28     239.00 A
06620000 2013 10 29     237.00 A
06620000 2013 10 30     243.00 A
06620000 2013 10 31     264.00 A
06620000 2013 11 01     259.00 A
06620000 2013 11 02     246.00 A
06620000 2013 11 03     245.00 A
06620000 2013 11 04     254.00 A
06620000 2013 11 05     210.00 A
06620000 2013 11 06     163.00 A
06620000 2013 11 07     241.00 A
06620000 2013 11 08     278.00 A
06620000 2013 11 09     269.00 A
06620000 2013 11 10     304.00 A
06620000 2013 11 11     268.00 A
06620000 2013 11 12     252.00 A
06620000 2013 11 13     234.00 A
06620000 2013 11 14     230.00 A
06620000 2013 11 15     234.00 A
06620000 2013 11 16     217.00 A
06620000 2013 11 17     107.00 A
06620000 2013 11 18     104.00 A
06620000 2013 11 19     125.00 A
06620000 2013 11 20     170.00 A
06620000 2013 11 21     180.00 A
06620000 2013 11 22     165.00 A
06620000 2013 11 23     170.00 A
06620000 2013 11 24     175.00 A
06620000 2013 11 25     175.00 A
06620000 2013 11 26     180.00 A
06620000 2013 11 27     190.00 A
06620000 2013 11 28     195.00 A
06620000 2013 11 29     195.00 A
06620000 2013 11 30     200.00 A
06620000 2013 12 01     205.00 A
06620000 2013 12 02     210.00 A
06620000 2013 12 03     200.00 A
06620000 2013 12 04     181.00 A
06620000 2013 12 05     147.00 A
06620000 2013 12 06     132.00 A
06620000 2013 12 07     120.00 A
06620000 2013 12 08     115.00 A
06620000 2013 12 09     110.00 A
06620000 2013 12 10     113.00 A
06620000 2013 12 11     118.00 A
06620000 2013 12 12     122.00 A
06620000 2013 12 13     126.00 A
06620000 2013 12 14     134.00 A
06620000 2013 12 15     147.00 A
06620000 2013 12 16     150.00 A
06620000 2013 12 17     156.00 A
06620000 2013 12 18     163.00 A
06620000 2013 12 19     168.00 A
06620000 2013 12 20     173.00 A
06620000 2013 12 21     165.00 A
06620000 2013 12 22     155.00 A
06620000 2013 12 23     146.00 A
06620000 2013 12 24     146.00 A
06620000 2013 12 25     141.00 A
06620000 2013 12 26     138.00 A
06620000 2013 12 27     137.00 A
06620000 2013 12 28     137.00 A
06620000 2013 12 29     143.00 A
06620000 2013 12 30     147.00 A
06620000 2013 12 31     154.00 A
06620000 2014 01 01     157.00 A
06620000 2014 01 02     149.00 A
06620000 2014 01 03     149.00 A
06620000 2014 01 04     159.00 A
06620000 2014 01 05     150.00 A
06620000 2014 01 06     144.00 A
06620000 2014 01 07     144.00 A
06620000 2014 01 08     150.00 A
06620000 2014 01 09     158.00 A
06620000 2014 01 10     150.00 A
06620000 2014 01 11     149.00 A
06620000 2014 01 12     149.00 A
06620000 2014 01 13     147.00 A
06620000 2014 01 14     143.00 A
06620000 2014 01 15     143.00 A
06620000 2014 01 16     142.00 A
06620000 2014 01 17     138.00 A
06620000 2014 01 18     134.00 A
06620000 2014 01 19     130.00 A
06620000 2014 01 20     135.00 A
06620000 2014 01 21     137.00 A
06620000 2014 01 22     136.00 A
06620000 2014 01 23     135.00 A
06620000 2014 01 24     130.00 A
06620000 2014 01 25     126.00 A
06620000 2014 01 26     131.00 A
06620000 2014 01 27     137.00 A
06620000 2014 01 28     133.00 A
06620000 2014 01 29     131.00 A
06620000 2014 01 30     134.00 A
06620000 2014 01 31     131.00 A
06620000 2014 02 01     129.00 A
06620000 2014 02 02     126.00 A
06620000 2014 02 03     124.00 A
06620000 2014 02 04     124.00 A
06620000 2014 02 05     120.00 A
06620000 2014 02 06     118.00 A
06620000 2014 02 07     120.00 A
06620000 2014 02 08     125.00 A
06620000 2014 02 09     133.00 A
06620000 2014 02 10     136.00 A
06620000 2014 02 11     131.00 A
06620000 2014 02 12     129.00 A
06620000 2014 02 13     131.00 A
06620000 2014 02 14     136.00 A
06620000 2014 02 15     145.00 A
06620000 2014 02 16     154.00 A
06620000 2014 02 17     156.00 A
06620000 2014 02 18     157.00 A
06620000 2014 02 19     159.00 A
06620000 2014 02 20     153.00 A
06620000 2014 02 21     146.00 A
06620000 2014 02 22     140.00 A
06620000 2014 02 23     142.00 A
06620000 2014 02 24     147.00 A
06620000 2014 02 25     157.00 A
06620000 2014 02 26     158.00 A
06620000 2014 02 27     153.00 A
06620000 2014 02 28     158.00 A
06620000 2014 03 01     165.00 A
06620000 2014 03 02     166.00 A
06620000 2014 03 03     169.00 A
06620000 2014 03 04     177.00 A
06620000 2014 03 05     173.00 A
06620000 2014 03 06     169.00 A
06620000 2014 03 07     183.00 A
06620000 2014 03 08     181.00 A
06620000 2014 03 09     174.00 A
06620000 2014 03 10     190.00 A
06620000 2014 03 11     195.00 A
06620000 2014 03 12     188.00 A
06620000 2014 03 13     188.00 A
06620000 2014 03 14     201.00 A
06620000 2014 03 15     214.00 A
06620000 2014 03 16     204.00 A
06620000 2014 03 17     206.00 A
06620000 2014 03 18     230.00 A
06620000 2014 03 19     220.00 A
06620000 2014 03 20     220.00 A
06620000 2014 03 21     245.00 A
06620000 2014 03 22     268.00 A
06620000 2014 03 23     262.00 A
06620000 2014 03 24     262.00 A
06620000 2014 03 25     290.00 A
06620000 2014 03 26     311.00 A
06620000 2014 03 27     331.00 A
06620000 2014 03 28     338.00 A
06620000 2014 03 29     341.00 A
06620000 2014 03 30     382.00 A
06620000 2014 03 31     397.00 A
06620000 2014 04 01     397.00 A
06620000 2014 04 02     397.00 A
06620000 2014 04 03     384.00 A
06620000 2014 04 04     380.00 A
06620000 2014 04 05     380.00 A
06620000 2014 04 06     390.00 A
06620000 2014 04 07     410.00 A
06620000 2014 04 08     435.00 A
06620000 2014 04 09     747.00 A
06620000 2014 04 10     1140.00 A
06620000 2014 04 11     1470.00 A
06620000 2014 04 12     1620.00 A
06620000 2014 04 13     2000.00 A
06620000 2014 04 14     1750.00 A
06620000 2014 04 15     1370.00 A
06620000 2014 04 16     1170.00 A
06620000 2014 04 17     1050.00 A
06620000 2014 04 18     1010.00 A
06620000 2014 04 19     1150.00 A
06620000 2014 04 20     1410.00 A
06620000 2014 04 21     1610.00 A
06620000 2014 04 22     1850.00 A
06620000 2014 04 23     2110.00 A
06620000 2014 04 24     2310.00 A
06620000 2014 04 25     2350.00 A
06620000 2014 04 26     2230.00 A
06620000 2014 04 27     2220.00 A
06620000 2014 04 28     2230.00 A
06620000 2014 04 29     2060.00 A
06620000 2014 04 30     1660.00 A
06620000 2014 05 01     1330.00 A
06620000 2014 05 02     1130.00 A
06620000 2014 05 03     1140.00 A
06620000 2014 05 04     1260.00 A
06620000 2014 05 05     1540.00 A
06620000 2014 05 06     1930.00 A
06620000 2014 05 07     2210.00 A
06620000 2014 05 08     2240.00 A
06620000 2014 05 09     2280.00 A
06620000 2014 05 10     2220.00 A
06620000 2014 05 11     2070.00 A
06620000 2014 05 12     1860.00 A
06620000 2014 05 13     1860.00 A
06620000 2014 05 14     1930.00 A
06620000 2014 05 15     1980.00 A
06620000 2014 05 16     2000.00 A
06620000 2014 05 17     2320.00 A
06620000 2014 05 18     2540.00 A
06620000 2014 05 19     2520.00 A
06620000 2014 05 20     2460.00 A
06620000 2014 05 21     2440.00 A
06620000 2014 05 22     2590.00 A
06620000 2014 05 23     2790.00 A
06620000 2014 05 24     3200.00 A
06620000 2014 05 25     3950.00 A
06620000 2014 05 26     5410.00 A
06620000 2014 05 27     5740.00 A
06620000 2014 05 28     5140.00 A
06620000 2014 05 29     4660.00 A
06620000 2014 05 30     4590.00 A
06620000 2014 05 31     4910.00 A
06620000 2014 06 01     5260.00 A
06620000 2014 06 02     5090.00 A
06620000 2014 06 03     4740.00 A
06620000 2014 06 04     4480.00 A
06620000 2014 06 05     4100.00 A
06620000 2014 06 06     3830.00 A
06620000 2014 06 07     3710.00 A
06620000 2014 06 08     3550.00 A
06620000 2014 06 09     3530.00 A
06620000 2014 06 10     3340.00 A
06620000 2014 06 11     3000.00 A
06620000 2014 06 12     2610.00 A
06620000 2014 06 13     2500.00 A
06620000 2014 06 14     2480.00 A
06620000 2014 06 15     2560.00 A
06620000 2014 06 16     2480.00 A
06620000 2014 06 17     2040.00 A
06620000 2014 06 18     1700.00 A
06620000 2014 06 19     1590.00 A
06620000 2014 06 20     1470.00 A
06620000 2014 06 21     1370.00 A
06620000 2014 06 22     1470.00 A
06620000 2014 06 23     1360.00 A
06620000 2014 06 24     1360.00 A
06620000 2014 06 25     1370.00 A
06620000 2014 06 26     1380.00 A
06620000 2014 06 27     1340.00 A
06620000 2014 06 28     1380.00 A
06620000 2014 06 29     1360.00 A
06620000 2014 06 30     1170.00 A
06620000 2014 07 01     1050.00 A
06620000 2014 07 02     963.00 A
06620000 2014 07 03     894.00 A
06620000 2014 07 04     847.00 A
06620000 2014 07 05     833.00 A
06620000 2014 07 06     864.00 A
06620000 2014 07 07     861.00 A
06620000 2014 07 08     763.00 A
06620000 2014 07 09     706.00 A
06620000 2014 07 10     675.00 A
06620000 2014 07 11     674.00 A
06620000 2014 07 12     877.00 A
06620000 2014 07 13     1120.00 A
06620000 2014 07 14     953.00 A
06620000 2014 07 15     830.00 A
06620000 2014 07 16     830.00 A
06620000 2014 07 17     876.00 A
06620000 2014 07 18     869.00 A
06620000 2014 07 19     794.00 A
06620000 2014 07 20     672.00 A
06620000 2014 07 21     591.00 A
06620000 2014 07 22     568.00 A
06620000 2014 07 23     525.00 A
06620000 2014 07 24     494.00 A
06620000 2014 07 25     472.00 A
06620000 2014 07 26     459.00 A
06620000 2014 07 27     453.00 A
06620000 2014 07 28     433.00 A
06620000 2014 07 29     422.00 A
06620000 2014 07 30     496.00 A
06620000 2014 07 31     772.00 A
06620000 2014 08 01     827.00 A
06620000 2014 08 02     679.00 A
06620000 2014 08 03     541.00 A
06620000 2014 08 04     464.00 A
06620000 2014 08 05     429.00 A
06620000 2014 08 06     453.00 A
06620000 2014 08 07     461.00 A
06620000 2014 08 08     443.00 A
06620000 2014 08 09     399.00 A
06620000 2014 08 10     374.00 A
06620000 2014 08 11     358.00 A
06620000 2014 08 12     333.00 A
06620000 2014 08 13     304.00 A
06620000 2014 08 14     298.00 A
06620000 2014 08 15     316.00 A
06620000 2014 08 16     347.00 A
06620000 2014 08 17     341.00 A
06620000 2014 08 18     300.00 A
06620000 2014 08 19     272.00 A
06620000 2014 08 20     272.00 A
06620000 2014 08 21     288.00 A
06620000 2014 08 22     307.00 A
06620000 2014 08 23     320.00 A
06620000 2014 08 24     317.00 A
06620000 2014 08 25     312.00 A
06620000 2014 08 26     340.00 A
06620000 2014 08 27     377.00 A
06620000 2014 08 28     409.00 A
06620000 2014 08 29     435.00 A
06620000 2014 08 30     445.00 A
06620000 2014 08 31     441.00 A
06620000 2014 09 01     487.00 A
06620000 2014 09 02     438.00 A
06620000 2014 09 03     363.00 A
06620000 2014 09 04     312.00 A
06620000 2014 09 05     286.00 A
06620000 2014 09 06     286.00 A
06620000 2014 09 07     298.00 A
06620000 2014 09 08     291.00 A
06620000 2014 09 09     288.00 A
06620000 2014 09 10     345.00 A
06620000 2014 09 11     440.00 A
06620000 2014 09 12     461.00 A
06620000 2014 09 13     382.00 A
06620000 2014 09 14     324.00 A
06620000 2014 09 15     297.00 A
06620000 2014 09 16     281.00 A
06620000 2014 09 17     270.00 A
06620000 2014 09 18     262.00 A
06620000 2014 09 19     249.00 A
06620000 2014 09 20     236.00 A
06620000 2014 09 21     225.00 A
06620000 2014 09 22     224.00 A
06620000 2014 09 23     244.00 A
06620000 2014 09 24     267.00 A
06620000 2014 09 25     246.00 A
06620000 2014 09 26     222.00 A
06620000 2014 09 27     206.00 A
06620000 2014 09 28     198.00 A
06620000 2014 09 29     215.00 A
06620000 2014 09 30     269.00 A
06620000 2014 10 01     335.00 A
06620000 2014 10 02     411.00 A
06620000 2014 10 03     390.00 A
06620000 2014 10 04     343.00 A
06620000 2014 10 05     307.00 A
06620000 2014 10 06     282.00 A
06620000 2014 10 07     274.00 A
06620000 2014 10 08     265.00 A
06620000 2014 10 09     259.00 A
06620000 2014 10 10     286.00 A
06620000 2014 10 11     312.00 A
06620000 2014 10 12     312.00 A
06620000 2014 10 13     328.00 A
06620000 2014 10 14     334.00 A
06620000 2014 10 15     315.00 A
06620000 2014 10 16     303.00 A
06620000 2014 10 17     292.00 A
06620000 2014 10 18     283.00 A
06620000 2014 10 19     274.00 A
06620000 2014 10 20     266.00 A
06620000 2014 10 21     262.00 A
06620000 2014 10 22     265.00 A
06620000 2014 10 23     276.00 A
06620000 2014 10 24     279.00 A
06620000 2014 10 25     275.00 A
06620000 2014 10 26     266.00 A
06620000 2014 10 27     275.00 A
06620000 2014 10 28     314.00 A
06620000 2014 10 29     304.00 A
06620000 2014 10 30     304.00 A
06620000 2014 10 31     310.00 A
06620000 2014 11 01     296.00 A
06620000 2014 11 02     288.00 A
06620000 2014 11 03     287.00 A
06620000 2014 11 04     289.00 A
06620000 2014 11 05     269.00 A
06620000 2014 11 06     270.00 A
06620000 2014 11 07     272.00 A
06620000 2014 11 08     279.00 A
06620000 2014 11 09     272.00 A
06620000 2014 11 10     263.00 A
06620000 2014 11 11     240.00 A
06620000 2014 11 12     220.00 A
06620000 2014 11 13     190.00 A
06620000 2014 11 14     185.00 A
06620000 2014 11 15     220.00 A
06620000 2014 11 16     235.00 A
06620000 2014 11 17     230.00 A
06620000 2014 11 18     238.00 A
06620000 2014 11 19     245.00 A
06620000 2014 11 20     250.00 A
06620000 2014 11 21     255.00 A
06620000 2014 11 22     260.00 A
06620000 2014 11 23     255.00 A
06620000 2014 11 24     255.00 A
06620000 2014 11 25     245.00 A
06620000 2014 11 26     240.00 A
06620000 2014 11 27     250.00 A
06620000 2014 11 28     255.00 A
06620000 2014 11 29     265.00 A
06620000 2014 11 30     270.00 A
06620000 2014 12 01     270.00 A
06620000 2014 12 02     265.00 A
06620000 2014 12 03     255.00 A
06620000 2014 12 04     255.00 A
06620000 2014 12 05     245.00 A
06620000 2014 12 06     240.00 A
06620000 2014 12 07     240.00 A
06620000 2014 12 08     240.00 A
06620000 2014 12 09     235.00 A
06620000 2014 12 10     230.00 A
06620000 2014 12 11     225.00 A
06620000 2014 12 12     225.00 A
06620000 2014 12 13     235.00 A
06620000 2014 12 14     240.00 A
06620000 2014 12 15     235.00 A
06620000 2014 12 16     215.00 A
06620000 2014 12 17     205.00 A
06620000 2014 12 18     200.00 A
06620000 2014 12 19     205.00 A
06620000 2014 12 20     215.00 A
06620000 2014 12 21     225.00 A
06620000 2014 12 22     230.00 A
06620000 2014 12 23     230.00 A
06620000 2014 12 24     215.00 A
06620000 2014 12 25     215.00 A
06620000 2014 12 26     215.00 A
06620000 2014 12 27     195.00 A
06620000 2014 12 28     185.00 A
06620000 2014 12 29     175.00 A
06620000 2014 12 30     170.00 A
06620000 2014 12 31     160.00 A
06620000 2015 01 01     155.00 A
06620000 2015 01 02     155.00 A
06620000 2015 01 03     160.00 A
06620000 2015 01 04     165.00 A
06620000 2015 01 05     175.00 A
06620000 2015 01 06     185.00 A
06620000 2015 01 07     190.00 A
06620000 2015 01 08     195.00 A
06620000 2015 01 09     195.00 A
06620000 2015 01 10     195.00 A
06620000 2015 01 11     190.00 A
06620000 2015 01 12     190.00 A
06620000 2015 01 13     185.00 A
06620000 2015 01 14     180.00 A
06620000 2015 01 15     170.00 A
06620000 2015 01 16     170.00 A
06620000 2015 01 17     175.00 A
06620000 2015 01 18     180.00 A
06620000 2015 01 19     185.00 A
06620000 2015 01 20     195.00 A
06620000 2015 01 21     186.00 A
06620000 2015 01 22     175.00 A
06620000 2015 01 23     165.00 A
06620000 2015 01 24     170.00 A
06620000 2015 01 25     175.00 A
06620000 2015 01 26     180.00 A
06620000 2015 01 27     185.00 A
06620000 2015 01 28     190.00 A
06620000 2015 01 29     195.00 A
06620000 2015 01 30     200.00 A
06620000 2015 01 31     200.00 A
06620000 2015 02 01     190.00 A
06620000 2015 02 02     180.00 A
06620000 2015 02 03     185.00 A
06620000 2015 02 04     190.00 A
06620000 2015 02 05     195.00 A
06620000 2015 02 06     200.00 A
06620000 2015 02 07     205.00 A
06620000 2015 02 08     205.00 A
06620000 2015 02 09     205.00 A
06620000 2015 02 10     210.00 A
06620000 2015 02 11     205.00 A
06620000 2015 02 12     200.00 A
06620000 2015 02 13     205.00 A
06620000 2015 02 14     210.00 A
06620000 2015 02 15     215.00 A
06620000 2015 02 16     210.00 A
06620000 2015 02 17     205.00 A
06620000 2015 02 18     205.00 A
06620000 2015 02 19     210.00 A
06620000 2015 02 20     215.00 A
06620000 2015 02 21     210.00 A
06620000 2015 02 22     205.00 A
06620000 2015 02 23     200.00 A
06620000 2015 02 24     190.00 A
06620000 2015 02 25     190.00 A
06620000 2015 02 26     190.00 A
06620000 2015 02 27     185.00 A
06620000 2015 02 28     180.00 A
06620000 2015 03 01     180.00 A
06620000 2015 03 02     185.00 A
06620000 2015 03 03     190.00 A
06620000 2015 03 04     185.00 A
06620000 2015 03 05     175.00 A
06620000 2015 03 06     175.00 A
06620000 2015 03 07     175.00 A
06620000 2015 03 08     175.00 A
06620000 2015 03 09     180.00 A
06620000 2015 03 10     181.00 A
06620000 2015 03 11     190.00 A
06620000 2015 03 12     200.00 A
06620000 2015 03 13     215.00 A
06620000 2015 03 14     225.00 A
06620000 2015 03 15     235.00 A
06620000 2015 03 16     275.00 A
06620000 2015 03 17     335.00 A
06620000 2015 03 18     415.00 A
06620000 2015 03 19     525.00 A
06620000 2015 03 20     570.00 A
06620000 2015 03 21     580.00 A
06620000 2015 03 22     620.00 A
06620000 2015 03 23     732.00 A
06620000 2015 03 24     688.00 A
06620000 2015 03 25     603.00 A
06620000 2015 03 26     529.00 A
06620000 2015 03 27     488.00 A
06620000 2015 03 28     542.00 A
06620000 2015 03 29     649.00 A
06620000 2015 03 30     716.00 A
06620000 2015 03 31     680.00 A
06620000 2015 04 01     678.00 A
06620000 2015 04 02     728.00 A
06620000 2015 04 03     644.00 A
06620000 2015 04 04     551.00 A
06620000 2015 04 05     466.00 A
06620000 2015 04 06     433.00 A
06620000 2015 04 07     419.00 A
06620000 2015 04 08     409.00 A
06620000 2015 04 09     388.00 A
06620000 2015 04 10     378.00 A
06620000 2015 04 11     359.00 A
06620000 2015 04 12     352.00 A
06620000 2015 04 13     351.00 A
06620000 2015 04 14     329.00 A
06620000 2015 04 15     304.00 A
06620000 2015 04 16     306.00 A
06620000 2015 04 17     295.00 A
06620000 2015 04 18     322.00 A
06620000 2015 04 19     332.00 A
06620000 2015 04 20     358.00 A
06620000 2015 04 21     353.00 A
06620000 2015 04 22     344.00 A
06620000 2015 04 23     322.00 A
06620000 2015 04 24     307.00 A
06620000 2015 04 25     299.00 A
06620000 2015 04 26     311.00 A
06620000 2015 04 27     348.00 A
06620000 2015 04 28     341.00 A
06620000 2015 04 29     314.00 A
06620000 2015 04 30     325.00 A
06620000 2015 05 01     377.00 A
06620000 2015 05 02     429.00 A
06620000 2015 05 03     480.00 A
06620000 2015 05 04     554.00 A
06620000 2015 05 05     582.00 A
06620000 2015 05 06     625.00 A
06620000 2015 05 07     783.00 A
06620000 2015 05 08     954.00 A
06620000 2015 05 09     1120.00 A
06620000 2015 05 10     1140.00 A
06620000 2015 05 11     1050.00 A
06620000 2015 05 12     914.00 A
06620000 2015 05 13     747.00 A
06620000 2015 05 14     648.00 A
06620000 2015 05 15     635.00 A
06620000 2015 05 16     631.00 A
06620000 2015 05 17     632.00 A
06620000 2015 05 18     680.00 A
06620000 2015 05 19     711.00 A
06620000 2015 05 20     830.00 A
06620000 2015 05 21     882.00 A
06620000 2015 05 22     878.00 A
06620000 2015 05 23     922.00 A
06620000 2015 05 24     980.00 A
06620000 2015 05 25     1030.00 A
06620000 2015 05 26     983.00 A
06620000 2015 05 27     948.00 A
06620000 2015 05 28     932.00 A
06620000 2015 05 29     1020.00 A
06620000 2015 05 30     1110.00 A
06620000 2015 05 31     1020.00 A
06620000 2015 06 01     976.00 A
06620000 2015 06 02     1100.00 A
06620000 2015 06 03     1230.00 A
06620000 2015 06 04     1340.00 A
06620000 2015 06 05     1430.00 A
06620000 2015 06 06     1500.00 A
06620000 2015 06 07     1580.00 A
06620000 2015 06 08     1640.00 A
06620000 2015 06 09     1640.00 A
06620000 2015 06 10     1630.00 A
06620000 2015 06 11     1880.00 A
06620000 2015 06 12     2480.00 A
06620000 2015 06 13     2830.00 A
06620000 2015 06 14     2520.00 A
06620000 2015 06 15     2200.00 A
06620000 2015 06 16     2030.00 A
06620000 2015 06 17     2000.00 A
06620000 2015 06 18     1910.00 A
06620000 2015 06 19     1750.00 A
06620000 2015 06 20     1510.00 A
06620000 2015 06 21     1320.00 A
06620000 2015 06 22     1150.00 A
06620000 2015 06 23     1020.00 A
06620000 2015 06 24     939.00 A
06620000 2015 06 25     874.00 A
06620000 2015 06 26     780.00 A
06620000 2015 06 27     690.00 A
06620000 2015 06 28     637.00 A
06620000 2015 06 29     627.00 A
06620000 2015 06 30     605.00 A
06620000 2015 07 01     633.00 A
06620000 2015 07 02     874.00 A
06620000 2015 07 03     809.00 A
06620000 2015 07 04     708.00 A
06620000 2015 07 05     673.00 A
06620000 2015 07 06     677.00 A
06620000 2015 07 07     849.00 A
06620000 2015 07 08     1210.00 A
06620000 2015 07 09     1550.00 A
06620000 2015 07 10     1440.00 A
06620000 2015 07 11     1260.00 A
06620000 2015 07 12     1160.00 A
06620000 2015 07 13     932.00 A
06620000 2015 07 14     772.00 A
06620000 2015 07 15     727.00 A
06620000 2015 07 16     731.00 A
06620000 2015 07 17     659.00 A
06620000 2015 07 18     604.00 A
06620000 2015 07 19     593.00 A
06620000 2015 07 20     559.00 A
06620000 2015 07 21     512.00 A
06620000 2015 07 22     475.00 A
06620000 2015 07 23     463.00 A
06620000 2015 07 24     429.00 A
06620000 2015 07 25     400.00 A
06620000 2015 07 26     363.00 A
06620000 2015 07 27     334.00 A
06620000 2015 07 28     315.00 A
06620000 2015 07 29     298.00 A
06620000 2015 07 30     284.00 A
06620000 2015 07 31     266.00 A
06620000 2015 08 01     256.00 A
06620000 2015 08 02     253.00 A
06620000 2015 08 03     242.00 A
06620000 2015 08 04     252.00 A
06620000 2015 08 05     255.00 A
06620000 2015 08 06     236.00 A
06620000 2015 08 07     228.00 A
06620000 2015 08 08     228.00 A
06620000 2015 08 09     220.00 A
06620000 2015 08 10     205.00 A
06620000 2015 08 11     195.00 A
06620000 2015 08 12     190.00 A
06620000 2015 08 13     182.00 A
06620000 2015 08 14     187.00 A
06620000 2015 08 15     202.00 A
06620000 2015 08 16     201.00 A
06620000 2015 08 17     203.00 A
06620000 2015 08 18     188.00 A
06620000 2015 08 19     171.00 A
06620000 2015 08 20     159.00 A
06620000 2015 08 21     144.00 A
06620000 2015 08 22     129.00 A
06620000 2015 08 23     121.00 A
06620000 2015 08 24     114.00 A
06620000 2015 08 25     111.00 A
06620000 2015 08 26     108.00 A
06620000 2015 08 27     113.00 A
06620000 2015 08 28     132.00 A
06620000 2015 08 29     145.00 A
06620000 2015 08 30     132.00 A
06620000 2015 08 31     118.00 A
06620000 2015 09 01     120.00 A
06620000 2015 09 02     120.00 A
06620000 2015 09 03     115.00 A
06620000 2015 09 04     114.00 A
06620000 2015 09 05     119.00 A
06620000 2015 09 06     117.00 A
06620000 2015 09 07     109.00 A
06620000 2015 09 08     94.20 A
06620000 2015 09 09     97.10 A
06620000 2015 09 10     93.80 A
06620000 2015 09 11     89.00 A
06620000 2015 09 12     86.60 A
06620000 2015 09 13     93.70 A
06620000 2015 09 14     87.40 A
06620000 2015 09 15     92.20 A
06620000 2015 09 16     105.00 A
06620000 2015 09 17     133.00 A
06620000 2015 09 18     153.00 A
06620000 2015 09 19     161.00 A
06620000 2015 09 20     151.00 A
06620000 2015 09 21     136.00 A
06620000 2015 09 22     124.00 A
06620000 2015 09 23     118.00 A
06620000 2015 09 24     110.00 A
06620000 2015 09 25     105.00 A
06620000 2015 09 26     102.00 A
06620000 2015 09 27     101.00 A
06620000 2015 09 28     101.00 A
06620000 2015 09 29     103.00 A
06620000 2015 09 30     105.00 A
06620000 2015 10 01     106.00 A
06620000 2015 10 02     105.00 A
06620000 2015 10 03     99.40 A
06620000 2015 10 04     105.00 A
06620000 2015 10 05     112.00 A
06620000 2015 10 06     116.00 A
06620000 2015 10 07     145.00 A
06620000 2015 10 08     153.00 A
06620000 2015 10 09     139.00 A
06620000 2015 10 10     136.00 A
06620000 2015 10 11     141.00 A
06620000 2015 10 12     140.00 A
06620000 2015 10 13     133.00 A
06620000 2015 10 14     129.00 A
06620000 2015 10 15     119.00 A
06620000 2015 10 16     114.00 A
06620000 2015 10 17     105.00 A
06620000 2015 10 18     104.00 A
06620000 2015 10 19     104.00 A
06620000 2015 10 20     111.00 A
06620000 2015 10 21     114.00 A
06620000 2015 10 22     127.00 A
06620000 2015 10 23     171.00 A
06620000 2015 10 24     194.00 A
06620000 2015 10 25     179.00 A
06620000 2015 10 26     162.00 A
06620000 2015 10 27     158.00 A
06620000 2015 10 28     174.00 A
06620000 2015 10 29     180.00 A
06620000 2015 10 30     174.00 A
06620000 2015 10 31     166.00 A
06620000 2015 11 01     159.00 A
06620000 2015 11 02     150.00 A
06620000 2015 11 03     141.00 A
06620000 2015 11 04     138.00 A
06620000 2015 11 05     150.00 A
06620000 2015 11 06     149.00 A
06620000 2015 11 07     131.00 A
06620000 2015 11 08     110.00 A
06620000 2015 11 09     120.00 A
06620000 2015 11 10     135.00 A
06620000 2015 11 11     145.00 A
06620000 2015 11 12     121.00 A
06620000 2015 11 13     122.00 A
06620000 2015 11 14     123.00 A
06620000 2015 11 15     136.00 A
06620000 2015 11 16     154.00 A
06620000 2015 11 17     190.00 A
06620000 2015 11 18     195.00 A
06620000 2015 11 19     154.00 A
06620000 2015 11 20     154.00 A
06620000 2015 11 21     140.00 A
06620000 2015 11 22     140.00 A
06620000 2015 11 23     145.00 A
06620000 2015 11 24     148.00 A
06620000 2015 11 25     153.00 A
06620000 2015 11 26     150.00 A
06620000 2015 11 27     140.00 A
06620000 2015 11 28     140.00 A
06620000 2015 11 29     135.00 A
06620000 2015 11 30     130.00 A
06620000 2015 12 01     125.00 A
06620000 2015 12 02     121.00 A
06620000 2015 12 03     128.00 A
06620000 2015 12 04     136.00 A
06620000 2015 12 05     132.00 A
06620000 2015 12 06     132.00 A
06620000 2015 12 07     134.00 A
06620000 2015 12 08     136.00 A
06620000 2015 12 09     142.00 A
06620000 2015 12 10     146.00 A
06620000 2015 12 11     146.00 A
06620000 2015 12 12     142.00 A
06620000 2015 12 13     140.00 A
06620000 2015 12 14     140.00 A
06620000 2015 12 15     140.00 A
06620000 2015 12 16     136.00 A
06620000 2015 12 17     132.00 A
06620000 2015 12 18     132.00 A
06620000 2015 12 19     136.00 A
06620000 2015 12 20     140.00 A
06620000 2015 12 21     140.00 A
06620000 2015 12 22     140.00 A
06620000 2015 12 23     138.00 A
06620000 2015 12 24     136.00 A
06620000 2015 12 25     134.00 A
06620000 2015 12 26     130.00 A
06620000 2015 12 27     126.00 A
06620000 2015 12 28     122.00 A
06620000 2015 12 29     118.00 A
06620000 2015 12 30     118.00 A
06620000 2015 12 31     116.00 A
06620000 2016 01 01     114.00 A
06620000 2016 01 02     110.00 A
06620000 2016 01 03     110.00 A
06620000 2016 01 04     112.00 A
06620000 2016 01 05     114.00 A
06620000 2016 01 06     118.00 A
06620000 2016 01 07     122.00 A
06620000 2016 01 08     120.00 A
06620000 2016 01 09     118.00 A
06620000 2016 01 10     116.00 A
06620000 2016 01 11     114.00 A
06620000 2016 01 12     116.00 A
06620000 2016 01 13     122.00 A
06620000 2016 01 14     126.00 A
06620000 2016 01 15     126.00 A
06620000 2016 01 16     124.00 A
06620000 2016 01 17     122.00 A
06620000 2016 01 18     125.00 A
06620000 2016 01 19     129.00 A
06620000 2016 01 20     132.00 A
06620000 2016 01 21     128.00 A
06620000 2016 01 22     124.00 A
06620000 2016 01 23     128.00 A
06620000 2016 01 24     132.00 A
06620000 2016 01 25     127.00 A
06620000 2016 01 26     124.00 A
06620000 2016 01 27     122.00 A
06620000 2016 01 28     124.00 A
06620000 2016 01 29     128.00 A
06620000 2016 01 30     134.00 A
06620000 2016 01 31     132.00 A
06620000 2016 02 01     130.00 A
06620000 2016 02 02     128.00 A
06620000 2016 02 03     126.00 A
06620000 2016 02 04     122.00 A
06620000 2016 02 05     123.00 A
06620000 2016 02 06     124.00 A
06620000 2016 02 07     126.00 A
06620000 2016 02 08     128.00 A
06620000 2016 02 09     130.00 A
06620000 2016 02 10     129.00 A
06620000 2016 02 11     134.00 A
06620000 2016 02 12     138.00 A
06620000 2016 02 13     144.00 A
06620000 2016 02 14     150.00 A
06620000 2016 02 15     150.00 A
06620000 2016 02 16     150.00 A
06620000 2016 02 17     152.00 A
06620000 2016 02 18     158.00 A
06620000 2016 02 19     160.00 A
06620000 2016 02 20     162.00 A
06620000 2016 02 21     164.00 A
06620000 2016 02 22     165.00 A
06620000 2016 02 23     163.00 A
06620000 2016 02 24     158.00 A
06620000 2016 02 25     156.00 A
06620000 2016 02 26     156.00 A
06620000 2016 02 27     162.00 A
06620000 2016 02 28     169.00 A
06620000 2016 02 29     178.00 A
06620000 2016 03 01     178.00 A
06620000 2016 03 02     178.00 A
06620000 2016 03 03     178.00 A
06620000 2016 03 04     184.00 A
06620000 2016 03 05     190.00 A
06620000 2016 03 06     195.00 A
06620000 2016 03 07     200.00 A
06620000 2016 03 08     198.00 A
06620000 2016 03 09     195.00 A
06620000 2016 03 10     195.00 A
06620000 2016 03 11     200.00 A
06620000 2016 03 12     206.00 A
06620000 2016 03 13     212.00 A
06620000 2016 03 14     220.00 A
06620000 2016 03 15     222.00 A
06620000 2016 03 16     220.00 A
06620000 2016 03 17     216.00 A
06620000 2016 03 18     212.00 A
06620000 2016 03 19     208.00 A
06620000 2016 03 20     204.00 A
06620000 2016 03 21     205.00 A
06620000 2016 03 22     217.00 A
06620000 2016 03 23     232.00 A
06620000 2016 03 24     235.00 A
06620000 2016 03 25     226.00 A
06620000 2016 03 26     217.00 A
06620000 2016 03 27     211.00 A
06620000 2016 03 28     211.00 A
06620000 2016 03 29     224.00 A
06620000 2016 03 30     246.00 A
06620000 2016 03 31     246.00 A
06620000 2016 04 01     235.00 A
06620000 2016 04 02     235.00 A
06620000 2016 04 03     264.00 A
06620000 2016 04 04     326.00 A
06620000 2016 04 05     437.00 A
06620000 2016 04 06     463.00 A
06620000 2016 04 07     584.00 A
06620000 2016 04 08     763.00 A
06620000 2016 04 09     876.00 A
06620000 2016 04 10     1120.00 A
06620000 2016 04 11     1450.00 A
06620000 2016 04 12     1700.00 A
06620000 2016 04 13     1430.00 A
06620000 2016 04 14     1390.00 A
06620000 2016 04 15     1440.00 A
06620000 2016 04 16     1320.00 A
06620000 2016 04 17     1020.00 A
06620000 2016 04 18     852.00 A
06620000 2016 04 19     827.00 A
06620000 2016 04 20     826.00 A
06620000 2016 04 21     864.00 A
06620000 2016 04 22     873.00 A
06620000 2016 04 23     938.00 A
06620000 2016 04 24     1110.00 A
06620000 2016 04 25     1200.00 A
06620000 2016 04 26     1190.00 A
06620000 2016 04 27     1190.00 A
06620000 2016 04 28     1160.00 A
06620000 2016 04 29     1100.00 A
06620000 2016 04 30     1050.00 A
06620000 2016 05 01     959.00 A
06620000 2016 05 02     875.00 A
06620000 2016 05 03     820.00 A
06620000 2016 05 04     815.00 A
06620000 2016 05 05     888.00 A
06620000 2016 05 06     1060.00 A
06620000 2016 05 07     1330.00 A
06620000 2016 05 08     1660.00 A
06620000 2016 05 09     1780.00 A
06620000 2016 05 10     1850.00 A
06620000 2016 05 11     1860.00 A
06620000 2016 05 12     1840.00 A
06620000 2016 05 13     1640.00 A
06620000 2016 05 14     1400.00 A
06620000 2016 05 15     1530.00 A
06620000 2016 05 16     1840.00 A
06620000 2016 05 17     2170.00 A
06620000 2016 05 18     2290.00 A
06620000 2016 05 19     2210.00 A
06620000 2016 05 20     1960.00 A
06620000 2016 05 21     1900.00 A
06620000 2016 05 22     1950.00 A
06620000 2016 05 23     2050.00 A
06620000 2016 05 24     2010.00 A
06620000 2016 05 25     1900.00 A
06620000 2016 05 26     1740.00 A
06620000 2016 05 27     1660.00 A
06620000 2016 05 28     1560.00 A
06620000 2016 05 29     1410.00 A
06620000 2016 05 30     1340.00 A
06620000 2016 05 31     1350.00 A
06620000 2016 06 01     1340.00 A
06620000 2016 06 02     1330.00 A
06620000 2016 06 03     1410.00 A
06620000 2016 06 04     1500.00 A
06620000 2016 06 05     1720.00 A
06620000 2016 06 06     2000.00 A
06620000 2016 06 07     2270.00 A
06620000 2016 06 08     2430.00 A
06620000 2016 06 09     2510.00 A
06620000 2016 06 10     2510.00 A
06620000 2016 06 11     2520.00 A
06620000 2016 06 12     2580.00 A
06620000 2016 06 13     2750.00 A
06620000 2016 06 14     2770.00 A
06620000 2016 06 15     2570.00 A
06620000 2016 06 16     2280.00 A
06620000 2016 06 17     1920.00 A
06620000 2016 06 18     1680.00 A
06620000 2016 06 19     1510.00 A
06620000 2016 06 20     1420.00 A
06620000 2016 06 21     1380.00 A
06620000 2016 06 22     1300.00 A
06620000 2016 06 23     1290.00 A
06620000 2016 06 24     1250.00 A
06620000 2016 06 25     1190.00 A
06620000 2016 06 26     1060.00 A
06620000 2016 06 27     914.00 A
06620000 2016 06 28     764.00 A
06620000 2016 06 29     681.00 A
06620000 2016 06 30     847.00 A
06620000 2016 07 01     981.00 A
06620000 2016 07 02     988.00 A
06620000 2016 07 03     945.00 A
06620000 2016 07 04     898.00 A
06620000 2016 07 05     785.00 A
06620000 2016 07 06     734.00 A
06620000 2016 07 07     663.00 A
06620000 2016 07 08     577.00 A
06620000 2016 07 09     500.00 A
06620000 2016 07 10     437.00 A
06620000 2016 07 11     389.00 A
06620000 2016 07 12     362.00 A
06620000 2016 07 13     345.00 A
06620000 2016 07 14     312.00 A
06620000 2016 07 15     291.00 A
06620000 2016 07 16     317.00 A
06620000 2016 07 17     289.00 A
06620000 2016 07 18     268.00 A
06620000 2016 07 19     295.00 A
06620000 2016 07 20     294.00 A
06620000 2016 07 21     292.00 A
06620000 2016 07 22     297.00 A
06620000 2016 07 23     292.00 A
06620000 2016 07 24     268.00 A
06620000 2016 07 25     274.00 A
06620000 2016 07 26     250.00 A
06620000 2016 07 27     236.00 A
06620000 2016 07 28     224.00 A
06620000 2016 07 29     210.00 A
06620000 2016 07 30     199.00 A
06620000 2016 07 31     190.00 A
06620000 2016 08 01     215.00 A
06620000 2016 08 02     203.00 A
06620000 2016 08 03     189.00 A
06620000 2016 08 04     178.00 A
06620000 2016 08 05     175.00 A
06620000 2016 08 06     202.00 A
06620000 2016 08 07     208.00 A
06620000 2016 08 08     195.00 A
06620000 2016 08 09     178.00 A
06620000 2016 08 10     174.00 A
06620000 2016 08 11     182.00 A
06620000 2016 08 12     172.00 A
06620000 2016 08 13     157.00 A
06620000 2016 08 14     146.00 A
06620000 2016 08 15     133.00 A
06620000 2016 08 16     129.00 A
06620000 2016 08 17     117.00 A
06620000 2016 08 18     112.00 A
06620000 2016 08 19     131.00 A
06620000 2016 08 20     133.00 A
06620000 2016 08 21     126.00 A
06620000 2016 08 22     111.00 A
06620000 2016 08 23     103.00 A
06620000 2016 08 24     98.50 A
06620000 2016 08 25     95.90 A
06620000 2016 08 26     95.50 A
06620000 2016 08 27     92.40 A
06620000 2016 08 28     85.10 A
06620000 2016 08 29     83.10 A
06620000 2016 08 30     82.60 A
06620000 2016 08 31     81.60 A
06620000 2016 09 01     80.60 A
06620000 2016 09 02     79.20 A
06620000 2016 09 03     95.20 A
06620000 2016 09 04     141.00 A
06620000 2016 09 05     148.00 A
06620000 2016 09 06     140.00 A
06620000 2016 09 07     130.00 A
06620000 2016 09 08     111.00 A
06620000 2016 09 09     91.10 A
06620000 2016 09 10     75.00 A
06620000 2016 09 11     69.80 A
06620000 2016 09 12     69.60 A
06620000 2016 09 13     69.80 A
06620000 2016 09 14     72.70 A
06620000 2016 09 15     76.30 A
06620000 2016 09 16     77.80 A
06620000 2016 09 17     77.80 A
06620000 2016 09 18     76.00 A
06620000 2016 09 19     74.20 A
06620000 2016 09 20     72.20 A
06620000 2016 09 21     73.70 A
06620000 2016 09 22     75.70 A
06620000 2016 09 23     77.10 A
06620000 2016 09 24     76.90 A
06620000 2016 09 25     79.30 A
06620000 2016 09 26     82.40 A
06620000 2016 09 27     82.90 A
06620000 2016 09 28     77.80 A
06620000 2016 09 29     76.40 A
06620000 2016 09 30     77.50 A
06620000 2016 10 01     80.20 A
06620000 2016 10 02     82.70 A
06620000 2016 10 03     81.80 A
06620000 2016 10 04     87.00 A
06620000 2016 10 05     97.40 A
06620000 2016 10 06     98.80 A
06620000 2016 10 07     102.00 A
06620000 2016 10 08     104.00 A
06620000 2016 10 09     103.00 A
06620000 2016 10 10     102.00 A
06620000 2016 10 11     107.00 A
06620000 2016 10 12     125.00 A
06620000 2016 10 13     141.00 A
06620000 2016 10 14     135.00 A
06620000 2016 10 15     120.00 A
06620000 2016 10 16     107.00 A
06620000 2016 10 17     102.00 A
06620000 2016 10 18     107.00 A
06620000 2016 10 19     119.00 A
06620000 2016 10 20     128.00 A
06620000 2016 10 21     118.00 A
06620000 2016 10 22     114.00 A
06620000 2016 10 23     113.00 A
06620000 2016 10 24     113.00 A
06620000 2016 10 25     115.00 A
06620000 2016 10 26     128.00 A
06620000 2016 10 27     134.00 A
06620000 2016 10 28     131.00 A
06620000 2016 10 29     133.00 A
06620000 2016 10 30     143.00 A
06620000 2016 10 31     148.00 A
06620000 2016 11 01     146.00 A
06620000 2016 11 02     147.00 A
06620000 2016 11 03     149.00 A
06620000 2016 11 04     144.00 A
06620000 2016 11 05     143.00 A
06620000 2016 11 06     142.00 A
06620000 2016 11 07     143.00 A
06620000 2016 11 08     136.00 A
06620000 2016 11 09     128.00 A
06620000 2016 11 10     128.00 A
06620000 2016 11 11     127.00 A
06620000 2016 11 12     127.00 A
06620000 2016 11 13     128.00 A
06620000 2016 11 14     123.00 A
06620000 2016 11 15     121.00 A
06620000 2016 11 16     119.00 A
06620000 2016 11 17     118.00 A
06620000 2016 11 18     78.00 A
06620000 2016 11 19     83.80 A
06620000 2016 11 20     110.00 A
06620000 2016 11 21     140.00 A
06620000 2016 11 22     157.00 A
06620000 2016 11 23     135.00 A
06620000 2016 11 24     80.50 A
06620000 2016 11 25     77.60 A
06620000 2016 11 26     80.10 A
06620000 2016 11 27     87.80 A
06620000 2016 11 28     84.70 A
06620000 2016 11 29     81.30 A
06620000 2016 11 30     79.20 A
06620000 2016 12 01     78.60 A
06620000 2016 12 02     79.10 A
06620000 2016 12 03     79.70 A
06620000 2016 12 04     83.00 A
06620000 2016 12 05     88.10 A
06620000 2016 12 06     85.70 A
06620000 2016 12 07     81.30 A
06620000 2016 12 08     79.70 A
06620000 2016 12 09     80.80 A
06620000 2016 12 10     87.20 A
06620000 2016 12 11     95.10 A
06620000 2016 12 12     94.30 A
06620000 2016 12 13     92.30 A
06620000 2016 12 14     91.60 A
06620000 2016 12 15     94.50 A
06620000 2016 12 16     98.30 A
06620000 2016 12 17     99.90 A
06620000 2016 12 18     94.60 A
06620000 2016 12 19     88.70 A
06620000 2016 12 20     89.60 A
06620000 2016 12 21     93.10 A
06620000 2016 12 22     97.10 A
06620000 2016 12 23     99.70 A
06620000 2016 12 24     102.00 A
06620000 2016 12 25     104.00 A
06620000 2016 12 26     104.00 A
06620000 2016 12 27     101.00 A
06620000 2016 12 28     98.30 A
06620000 2016 12 29     98.90 A
06620000 2016 12 30     102.00 A
06620000 2016 12 31     104.00 A
06620000 2017 01 01     104.00 A
06620000 2017 01 02     102.00 A
06620000 2017 01 03     98.90 A
06620000 2017 01 04     96.30 A
06620000 2017 01 05     94.80 A
06620000 2017 01 06     93.30 A
06620000 2017 01 07     92.40 A
06620000 2017 01 08     93.20 A
06620000 2017 01 09     102.00 A
06620000 2017 01 10     111.00 A
06620000 2017 01 11     111.00 A
06620000 2017 01 12     111.00 A
06620000 2017 01 13     109.00 A
06620000 2017 01 14     109.00 A
06620000 2017 01 15     106.00 A
06620000 2017 01 16     103.00 A
06620000 2017 01 17     101.00 A
06620000 2017 01 18     99.70 A
06620000 2017 01 19     98.90 A
06620000 2017 01 20     99.90 A
06620000 2017 01 21     102.00 A
06620000 2017 01 22     105.00 A
06620000 2017 01 23     108.00 A
06620000 2017 01 24     111.00 A
06620000 2017 01 25     111.00 A
06620000 2017 01 26     108.00 A
06620000 2017 01 27     103.00 A
06620000 2017 01 28     103.00 A
06620000 2017 01 29     103.00 A
06620000 2017 01 30     105.00 A
06620000 2017 01 31     113.00 A
06620000 2017 02 01     120.00 A
06620000 2017 02 02     126.00 A
06620000 2017 02 03     129.00 A
06620000 2017 02 04     131.00 A
06620000 2017 02 05     134.00 A
06620000 2017 02 06     135.00 A
06620000 2017 02 07     136.00 A
06620000 2017 02 08     136.00 A
06620000 2017 02 09     140.00 A
06620000 2017 02 10     158.00 A
06620000 2017 02 11     174.00 A
06620000 2017 02 12     178.00 A
06620000 2017 02 13     170.00 A
06620000 2017 02 14     163.00 A
06620000 2017 02 15     161.00 A
06620000 2017 02 16     159.00 A
06620000 2017 02 17     162.00 A
06620000 2017 02 18     173.00 A
06620000 2017 02 19     180.00 A
06620000 2017 02 20     182.00 A
06620000 2017 02 21     182.00 A
06620000 2017 02 22     180.00 A
06620000 2017 02 23     177.00 A
06620000 2017 02 24     174.00 A
06620000 2017 02 25     170.00 A
06620000 2017 02 26     165.00 A
06620000 2017 02 27     162.00 A
06620000 2017 02 28     162.00 A
06620000 2017 03 01     165.00 A
06620000 2017 03 02     166.00 A
06620000 2017 03 03     167.00 A
06620000 2017 03 04     176.00 A
06620000 2017 03 05     185.00 A
06620000 2017 03 06     188.00 A
06620000 2017 03 07     179.00 A
06620000 2017 03 08     176.00 A
06620000 2017 03 09     199.00 A
06620000 2017 03 10     280.00 A
06620000 2017 03 11     401.00 A
06620000 2017 03 12     527.00 A
06620000 2017 03 13     529.00 A
06620000 2017 03 14     500.00 A
06620000 2017 03 15     528.00 A
06620000 2017 03 16     604.00 A
06620000 2017 03 17     686.00 A
06620000 2017 03 18     812.00 A
06620000 2017 03 19     1080.00 A
06620000 2017 03 20     1400.00 A
06620000 2017 03 21     1740.00 A
06620000 2017 03 22     1740.00 A
06620000 2017 03 23     1590.00 A
06620000 2017 03 24     1400.00 A
06620000 2017 03 25     1150.00 A
06620000 2017 03 26     965.00 A
06620000 2017 03 27     903.00 A
06620000 2017 03 28     836.00 A
06620000 2017 03 29     798.00 A
06620000 2017 03 30     751.00 A
06620000 2017 03 31     703.00 A
06620000 2017 04 01     668.00 A
06620000 2017 04 02     648.00 A
06620000 2017 04 03     647.00 A
06620000 2017 04 04     611.00 A
06620000 2017 04 05     551.00 A
06620000 2017 04 06     530.00 A
06620000 2017 04 07     529.00 A
06620000 2017 04 08     590.00 A
06620000 2017 04 09     734.00 A
06620000 2017 04 10     766.00 A
06620000 2017 04 11     656.00 A
06620000 2017 04 12     586.00 A
06620000 2017 04 13     573.00 A
06620000 2017 04 14     659.00 A
06620000 2017 04 15     784.00 A
06620000 2017 04 16     850.00 A
06620000 2017 04 17     840.00 A
06620000 2017 04 18     815.00 A
06620000 2017 04 19     820.00 A
06620000 2017 04 20     898.00 A
06620000 2017 04 21     952.00 A
06620000 2017 04 22     942.00 A
06620000 2017 04 23     807.00 A
06620000 2017 04 24     742.00 A
06620000 2017 04 25     888.00 A
06620000 2017 04 26     1010.00 A
06620000 2017 04 27     922.00 A
06620000 2017 04 28     842.00 A
06620000 2017 04 29     764.00 A
06620000 2017 04 30     655.00 A
06620000 2017 05 01     613.00 A
06620000 2017 05 02     590.00 A
06620000 2017 05 03     552.00 A
06620000 2017 05 04     511.00 A
06620000 2017 05 05     466.00 A
06620000 2017 05 06     472.00 A
06620000 2017 05 07     559.00 A
06620000 2017 05 08     685.00 A
06620000 2017 05 09     767.00 A
06620000 2017 05 10     845.00 A
06620000 2017 05 11     1040.00 A
06620000 2017 05 12     1130.00 A
06620000 2017 05 13     1060.00 A
06620000 2017 05 14     1100.00 A
06620000 2017 05 15     1220.00 A
06620000 2017 05 16     1290.00 A
06620000 2017 05 17     1300.00 A
06620000 2017 05 18     1280.00 A
06620000 2017 05 19     1370.00 A
06620000 2017 05 20     1490.00 A
06620000 2017 05 21     1470.00 A
06620000 2017 05 22     1360.00 A
06620000 2017 05 23     1290.00 A
06620000 2017 05 24     1110.00 A
06620000 2017 05 25     936.00 A
06620000 2017 05 26     989.00 A
06620000 2017 05 27     1230.00 A
06620000 2017 05 28     1450.00 A
06620000 2017 05 29     1440.00 A
06620000 2017 05 30     1320.00 A
06620000 2017 05 31     1170.00 A
06620000 2017 06 01     1140.00 A
06620000 2017 06 02     1220.00 A
06620000 2017 06 03     1370.00 A
06620000 2017 06 04     1580.00 A
06620000 2017 06 05     1760.00 A
06620000 2017 06 06     1920.00 A
06620000 2017 06 07     2120.00 A
06620000 2017 06 08     2350.00 A
06620000 2017 06 09     2390.00 A
06620000 2017 06 10     2430.00 A
06620000 2017 06 11     2390.00 A
06620000 2017 06 12     2390.00 A
06620000 2017 06 13     2400.00 A
06620000 2017 06 14     2170.00 A
06620000 2017 06 15     1700.00 A
06620000 2017 06 16     1410.00 A
06620000 2017 06 17     1340.00 A
06620000 2017 06 18     1490.00 A
06620000 2017 06 19     1610.00 A
06620000 2017 06 20     1590.00 A
06620000 2017 06 21     1550.00 A
06620000 2017 06 22     1500.00 A
06620000 2017 06 23     1480.00 A
06620000 2017 06 24     1400.00 A
06620000 2017 06 25     1180.00 A
06620000 2017 06 26     1020.00 A
06620000 2017 06 27     915.00 A
06620000 2017 06 28     858.00 A
06620000 2017 06 29     825.00 A
06620000 2017 06 30     787.00 A
06620000 2017 07 01     741.00 A
06620000 2017 07 02     695.00 A
06620000 2017 07 03     639.00 A
06620000 2017 07 04     595.00 A
06620000 2017 07 05     600.00 A
06620000 2017 07 06     568.00 A
06620000 2017 07 07     530.00 A
06620000 2017 07 08     547.00 A
06620000 2017 07 09     532.00 A
06620000 2017 07 10     525.00 A
06620000 2017 07 11     528.00 A
06620000 2017 07 12     537.00 A
06620000 2017 07 13     543.00 A
06620000 2017 07 14     497.00 A
06620000 2017 07 15     477.00 A
06620000 2017 07 16     450.00 A
06620000 2017 07 17     452.00 A
06620000 2017 07 18     466.00 A
06620000 2017 07 19     446.00 A
06620000 2017 07 20     432.00 A
06620000 2017 07 21     425.00 A
06620000 2017 07 22     504.00 A
06620000 2017 07 23     598.00 A
06620000 2017 07 24     516.00 A
06620000 2017 07 25     422.00 A
06620000 2017 07 26     477.00 A
06620000 2017 07 27     560.00 A
06620000 2017 07 28     526.00 A
06620000 2017 07 29     452.00 A
06620000 2017 07 30     409.00 A
06620000 2017 07 31     385.00 A
06620000 2017 08 01     351.00 A
06620000 2017 08 02     308.00 A
06620000 2017 08 03     289.00 A
06620000 2017 08 04     277.00 A
06620000 2017 08 05     261.00 A
06620000 2017 08 06     247.00 A
06620000 2017 08 07     239.00 A
06620000 2017 08 08     270.00 A
06620000 2017 08 09     293.00 A
06620000 2017 08 10     316.00 A
06620000 2017 08 11     323.00 A
06620000 2017 08 12     275.00 A
06620000 2017 08 13     240.00 A
06620000 2017 08 14     221.00 A
06620000 2017 08 15     225.00 A
06620000 2017 08 16     238.00 A
06620000 2017 08 17     232.00 A
06620000 2017 08 18     213.00 A
06620000 2017 08 19     186.00 A
06620000 2017 08 20     161.00 A
06620000 2017 08 21     147.00 A
06620000 2017 08 22     138.00 A
06620000 2017 08 23     135.00 A
06620000 2017 08 24     140.00 A
06620000 2017 08 25     135.00 A
06620000 2017 08 26     117.00 A
06620000 2017 08 27     109.00 A
06620000 2017 08 28     103.00 A
06620000 2017 08 29     96.70 A
06620000 2017 08 30     90.40 A
06620000 2017 08 31     83.60 A
06620000 2017 09 01     90.60 A
06620000 2017 09 02     95.60 A
06620000 2017 09 03     87.60 A
06620000 2017 09 04     79.00 A
06620000 2017 09 05     72.30 A
06620000 2017 09 06     69.30 A
06620000 2017 09 07     66.90 A
06620000 2017 09 08     64.90 A
06620000 2017 09 09     64.10 A
06620000 2017 09 10     64.70 A
06620000 2017 09 11     67.00 A
06620000 2017 09 12     71.60 A
06620000 2017 09 13     72.40 A
06620000 2017 09 14     71.10 A
06620000 2017 09 15     75.90 A
06620000 2017 09 16     106.00 A
06620000 2017 09 17     114.00 A
06620000 2017 09 18     108.00 A
06620000 2017 09 19     94.20 A
06620000 2017 09 20     87.00 A
06620000 2017 09 21     84.40 A
06620000 2017 09 22     80.20 A
06620000 2017 09 23     78.50 A
06620000 2017 09 24     91.70 A
06620000 2017 09 25     111.00 A
06620000 2017 09 26     118.00 A
06620000 2017 09 27     112.00 A
06620000 2017 09 28     113.00 A
06620000 2017 09 29     123.00 A
06620000 2017 09 30     143.00 A
06620000 2017 10 01     163.00 A
06620000 2017 10 02     248.00 A
06620000 2017 10 03     282.00 A
06620000 2017 10 04     251.00 A
06620000 2017 10 05     278.00 A
06620000 2017 10 06     316.00 A
06620000 2017 10 07     289.00 A
06620000 2017 10 08     242.00 A
06620000 2017 10 09     221.00 A
06620000 2017 10 10     217.00 A
06620000 2017 10 11     229.00 A
06620000 2017 10 12     255.00 A
06620000 2017 10 13     260.00 A
06620000 2017 10 14     233.00 A
06620000 2017 10 15     205.00 A
06620000 2017 10 16     190.00 A
06620000 2017 10 17     192.00 A
06620000 2017 10 18     192.00 A
06620000 2017 10 19     186.00 A
06620000 2017 10 20     183.00 A
06620000 2017 10 21     195.00 A
06620000 2017 10 22     206.00 A
06620000 2017 10 23     206.00 A
06620000 2017 10 24     209.00 A
06620000 2017 10 25     209.00 A
06620000 2017 10 26     198.00 A
06620000 2017 10 27     195.00 A
06620000 2017 10 28     186.00 A
06620000 2017 10 29     191.00 A
06620000 2017 10 30     199.00 A
06620000 2017 10 31     204.00 A
06620000 2017 11 01     191.00 A
06620000 2017 11 02     180.00 A
06620000 2017 11 03     186.00 A
06620000 2017 11 04     188.00 A
06620000 2017 11 05     228.00 A
06620000 2017 11 06     269.00 A
06620000 2017 11 07     268.00 A
06620000 2017 11 08     242.00 A
06620000 2017 11 09     221.00 A
06620000 2017 11 10     235.00 A
06620000 2017 11 11     247.00 A
06620000 2017 11 12     245.00 A
06620000 2017 11 13     245.00 A
06620000 2017 11 14     257.00 A
06620000 2017 11 15     251.00 A
06620000 2017 11 16     234.00 A
06620000 2017 11 17     256.00 A
06620000 2017 11 18     282.00 A
06620000 2017 11 19     174.00 A
06620000 2017 11 20     270.00 A
06620000 2017 11 21     319.00 A
06620000 2017 11 22     311.00 A
06620000 2017 11 23     307.00 A
06620000 2017 11 24     327.00 A
06620000 2017 11 25     316.00 A
06620000 2017 11 26     282.00 A
06620000 2017 11 27     262.00 A
06620000 2017 11 28     252.00 A
06620000 2017 11 29     227.00 A
06620000 2017 11 30     198.00 A
06620000 2017 12 01     174.00 A
06620000 2017 12 02     200.00 A
06620000 2017 12 03     240.00 A
06620000 2017 12 04     206.00 A
06620000 2017 12 05     89.30 A
06620000 2017 12 06     81.70 A
06620000 2017 12 07     80.90 A
06620000 2017 12 08     80.40 A
06620000 2017 12 09     85.00 A
06620000 2017 12 10     93.00 A
06620000 2017 12 11     102.00 A
06620000 2017 12 12     112.00 A
06620000 2017 12 13     124.00 A
06620000 2017 12 14     127.00 A
06620000 2017 12 15     126.00 A
06620000 2017 12 16     131.00 A
06620000 2017 12 17     134.00 A
06620000 2017 12 18     127.00 A
06620000 2017 12 19     129.00 A
06620000 2017 12 20     135.00 A
06620000 2017 12 21     139.00 A
06620000 2017 12 22     135.00 A
06620000 2017 12 23     129.00 A
06620000 2017 12 24     122.00 A
06620000 2017 12 25     119.00 A
06620000 2017 12 26     121.00 A
06620000 2017 12 27     124.00 A
06620000 2017 12 28     127.00 A
06620000 2017 12 29     134.00 A
06620000 2017 12 30     139.00 A
06620000 2017 12 31     142.00 A
06620000 2018 01 01     132.00 A
06620000 2018 01 02     122.00 A
06620000 2018 01 03     118.00 A
06620000 2018 01 04     120.00 A
06620000 2018 01 05     124.00 A
06620000 2018 01 06     130.00 A
06620000 2018 01 07     135.00 A
06620000 2018 01 08     136.00 A
06620000 2018 01 09     138.00 A
06620000 2018 01 10     145.00 A
06620000 2018 01 11     138.00 A
06620000 2018 01 12     132.00 A
06620000 2018 01 13     128.00 A
06620000 2018 01 14     126.00 A
06620000 2018 01 15     124.00 A
06620000 2018 01 16     123.00 A
06620000 2018 01 17     125.00 A
06620000 2018 01 18     128.00 A
06620000 2018 01 19     127.00 A
06620000 2018 01 20     127.00 A
06620000 2018 01 21     127.00 A
06620000 2018 01 22     127.00 A
06620000 2018 01 23     127.00 A
06620000 2018 01 24     127.00 A
06620000 2018 01 25     127.00 A
06620000 2018 01 26     127.00 A
06620000 2018 01 27     125.00 A
06620000 2018 01 28     121.00 A
06620000 2018 01 29     117.00 A
06620000 2018 01 30     113.00 A
06620000 2018 01 31     110.00 A
06620000 2018 02 01     109.00 A
06620000 2018 02 02     108.00 A
06620000 2018 02 03     107.00 A
06620000 2018 02 04     106.00 A
06620000 2018 02 05     106.00 A
06620000 2018 02 06     104.00 A
06620000 2018 02 07     102.00 A
06620000 2018 02 08     102.00 A
06620000 2018 02 09     101.00 A
06620000 2018 02 10     101.00 A
06620000 2018 02 11     101.00 A
06620000 2018 02 12     101.00 A
06620000 2018 02 13     101.00 A
06620000 2018 02 14     101.00 A
06620000 2018 02 15     102.00 A
06620000 2018 02 16     102.00 A
06620000 2018 02 17     104.00 A
06620000 2018 02 18     109.00 A
06620000 2018 02 19     114.00 A
06620000 2018 02 20     118.00 A
06620000 2018 02 21     123.00 A
06620000 2018 02 22     125.00 A
06620000 2018 02 23     126.00 A
06620000 2018 02 24     127.00 A
06620000 2018 02 25     127.00 A
06620000 2018 02 26     127.00 A
06620000 2018 02 27     127.00 A
06620000 2018 02 28     126.00 A
06620000 2018 03 01     123.00 A
06620000 2018 03 02     121.00 A
06620000 2018 03 03     122.00 A
06620000 2018 03 04     134.00 A
06620000 2018 03 05     146.00 A
06620000 2018 03 06     161.00 A
06620000 2018 03 07     176.00 A
06620000 2018 03 08     188.00 A
06620000 2018 03 09     198.00 A
06620000 2018 03 10     203.00 A
06620000 2018 03 11     212.00 A
06620000 2018 03 12     215.00 A
06620000 2018 03 13     212.00 A
06620000 2018 03 14     212.00 A
06620000 2018 03 15     186.00 A
06620000 2018 03 16     204.00 A
06620000 2018 03 17     163.00 A
06620000 2018 03 18     168.00 A
06620000 2018 03 19     180.00 A
06620000 2018 03 20     204.00 A
06620000 2018 03 21     173.00 A
06620000 2018 03 22     155.00 A
06620000 2018 03 23     266.00 A
06620000 2018 03 24     329.00 A
06620000 2018 03 25     428.00 A
06620000 2018 03 26     436.00 A
06620000 2018 03 27     389.00 A
06620000 2018 03 28     344.00 A
06620000 2018 03 29     293.00 A
06620000 2018 03 30     253.00 A
06620000 2018 03 31     245.00 A
06620000 2018 04 01     266.00 A
06620000 2018 04 02     306.00 A
06620000 2018 04 03     351.00 A
06620000 2018 04 04     323.00 A
06620000 2018 04 05     265.00 A
06620000 2018 04 06     340.00 A
06620000 2018 04 07     337.00 A
06620000 2018 04 08     382.00 A
06620000 2018 04 09     462.00 A
06620000 2018 04 10     435.00 A
06620000 2018 04 11     398.00 A
06620000 2018 04 12     430.00 A
06620000 2018 04 13     447.00 A
06620000 2018 04 14     383.00 A
06620000 2018 04 15     328.00 A
06620000 2018 04 16     318.00 A
06620000 2018 04 17     322.00 A
06620000 2018 04 18     319.00 A
06620000 2018 04 19     288.00 A
06620000 2018 04 20     286.00 A
06620000 2018 04 21     291.00 A
06620000 2018 04 22     305.00 A
06620000 2018 04 23     325.00 A
06620000 2018 04 24     372.00 A
06620000 2018 04 25     427.00 A
06620000 2018 04 26     367.00 A
06620000 2018 04 27     348.00 A
06620000 2018 04 28     368.00 A
06620000 2018 04 29     426.00 A
06620000 2018 04 30     476.00 A
06620000 2018 05 01     537.00 A
06620000 2018 05 02     564.00 A
06620000 2018 05 03     570.00 A
06620000 2018 05 04     580.00 A
06620000 2018 05 05     580.00 A
06620000 2018 05 06     532.00 A
06620000 2018 05 07     572.00 A
06620000 2018 05 08     651.00 A
06620000 2018 05 09     685.00 A
06620000 2018 05 10     741.00 A
06620000 2018 05 11     770.00 A
06620000 2018 05 12     834.00 A
06620000 2018 05 13     950.00 A
06620000 2018 05 14     992.00 A
06620000 2018 05 15     954.00 A
06620000 2018 05 16     856.00 A
06620000 2018 05 17     795.00 A
06620000 2018 05 18     795.00 A
06620000 2018 05 19     848.00 A
06620000 2018 05 20     916.00 A
06620000 2018 05 21     895.00 A
06620000 2018 05 22     831.00 A
06620000 2018 05 23     840.00 A
06620000 2018 05 24     879.00 A
06620000 2018 05 25     897.00 A
06620000 2018 05 26     916.00 A
06620000 2018 05 27     942.00 A
06620000 2018 05 28     1030.00 A
06620000 2018 05 29     1170.00 A
06620000 2018 05 30     1180.00 A
06620000 2018 05 31     1040.00 A
06620000 2018 06 01     914.00 A
06620000 2018 06 02     800.00 A
06620000 2018 06 03     713.00 A
06620000 2018 06 04     688.00 A
06620000 2018 06 05     666.00 A
06620000 2018 06 06     679.00 A
06620000 2018 06 07     692.00 A
06620000 2018 06 08     635.00 A
06620000 2018 06 09     615.00 A
06620000 2018 06 10     596.00 A
06620000 2018 06 11     555.00 A
06620000 2018 06 12     521.00 A
06620000 2018 06 13     488.00 A
06620000 2018 06 14     459.00 A
06620000 2018 06 15     436.00 A
06620000 2018 06 16     430.00 A
06620000 2018 06 17     536.00 A
06620000 2018 06 18     928.00 A
06620000 2018 06 19     982.00 A
06620000 2018 06 20     732.00 A
06620000 2018 06 21     587.00 A
06620000 2018 06 22     507.00 A
06620000 2018 06 23     436.00 A
06620000 2018 06 24     402.00 A
06620000 2018 06 25     419.00 A
06620000 2018 06 26     406.00 A
06620000 2018 06 27     355.00 A
06620000 2018 06 28     313.00 A
06620000 2018 06 29     269.00 A
06620000 2018 06 30     218.00 A
06620000 2018 07 01     245.00 A
06620000 2018 07 02     251.00 A
06620000 2018 07 03     249.00 A
06620000 2018 07 04     215.00 A
06620000 2018 07 05     190.00 A
06620000 2018 07 06     210.00 A
06620000 2018 07 07     221.00 A
06620000 2018 07 08     212.00 A
06620000 2018 07 09     213.00 A
06620000 2018 07 10     233.00 A
06620000 2018 07 11     216.00 A
06620000 2018 07 12     300.00 A
06620000 2018 07 13     288.00 A
06620000 2018 07 14     263.00 A
06620000 2018 07 15     285.00 A
06620000 2018 07 16     369.00 A
06620000 2018 07 17     361.00 A
06620000 2018 07 18     289.00 A
06620000 2018 07 19     236.00 A
06620000 2018 07 20     205.00 A
06620000 2018 07 21     191.00 A
06620000 2018 07 22     182.00 A
06620000 2018 07 23     201.00 A
06620000 2018 07 24     222.00 A
06620000 2018 07 25     188.00 A
06620000 2018 07 26     169.00 A
06620000 2018 07 27     159.00 A
06620000 2018 07 28     149.00 A
06620000 2018 07 29     137.00 A
06620000 2018 07 30     126.00 A
06620000 2018 07 31     117.00 A
06620000 2018 08 01     116.00 A
06620000 2018 08 02     114.00 A
06620000 2018 08 03     128.00 A
06620000 2018 08 04     138.00 A
06620000 2018 08 05     130.00 A
06620000 2018 08 06     117.00 A
06620000 2018 08 07     107.00 A
06620000 2018 08 08     101.00 A
06620000 2018 08 09     95.10 A
06620000 2018 08 10     89.90 A
06620000 2018 08 11     87.30 A
06620000 2018 08 12     85.30 A
06620000 2018 08 13     88.20 A
06620000 2018 08 14     84.50 A
06620000 2018 08 15     85.60 A
06620000 2018 08 16     86.20 A
06620000 2018 08 17     94.50 A
06620000 2018 08 18     101.00 A
06620000 2018 08 19     98.50 A
06620000 2018 08 20     103.00 A
06620000 2018 08 21     111.00 A
06620000 2018 08 22     153.00 A
06620000 2018 08 23     161.00 A
06620000 2018 08 24     146.00 A
06620000 2018 08 25     131.00 A
06620000 2018 08 26     121.00 A
06620000 2018 08 27     119.00 A
06620000 2018 08 28     113.00 A
06620000 2018 08 29     103.00 A
06620000 2018 08 30     94.10 A
06620000 2018 08 31     85.10 A
06620000 2018 09 01     76.90 A
06620000 2018 09 02     69.60 A
06620000 2018 09 03     64.20 A
06620000 2018 09 04     58.20 A
06620000 2018 09 05     53.70 A
06620000 2018 09 06     48.30 A
06620000 2018 09 07     44.30 A
06620000 2018 09 08     41.70 A
06620000 2018 09 09     40.00 A
06620000 2018 09 10     38.90 A
06620000 2018 09 11     42.50 A
06620000 2018 09 12     41.30 A
06620000 2018 09 13     39.80 A
06620000 2018 09 14     39.50 A
06620000 2018 09 15     39.30 A
06620000 2018 09 16     39.10 A
06620000 2018 09 17     39.10 A
06620000 2018 09 18     39.00 A
06620000 2018 09 19     38.80 A
06620000 2018 09 20     39.10 A
06620000 2018 09 21     38.80 A
06620000 2018 09 22     37.60 A
06620000 2018 09 23     37.90 A
06620000 2018 09 24     43.00 A
06620000 2018 09 25     46.40 A
06620000 2018 09 26     53.90 A
06620000 2018 09 27     51.30 A
06620000 2018 09 28     51.00 A
06620000 2018 09 29     50.20 A
06620000 2018 09 30     49.60 A
06620000 2018 10 01     50.20 A
06620000 2018 10 02     50.20 A
06620000 2018 10 03     53.60 A
06620000 2018 10 04     61.80 A
06620000 2018 10 05     79.70 A
06620000 2018 10 06     101.00 A
06620000 2018 10 07     113.00 A
06620000 2018 10 08     122.00 A
06620000 2018 10 09     125.00 A
06620000 2018 10 10     128.00 A
06620000 2018 10 11     127.00 A
06620000 2018 10 12     119.00 A
06620000 2018 10 13     114.00 A
06620000 2018 10 14     109.00 A
06620000 2018 10 15     94.60 A
06620000 2018 10 16     93.10 A
06620000 2018 10 17     98.70 A
06620000 2018 10 18     101.00 A
06620000 2018 10 19     104.00 A
06620000 2018 10 20     105.00 A
06620000 2018 10 21     100.00 A
06620000 2018 10 22     101.00 A
06620000 2018 10 23     102.00 A
06620000 2018 10 24     108.00 A
06620000 2018 10 25     116.00 A
06620000 2018 10 26     118.00 A
06620000 2018 10 27     112.00 A
06620000 2018 10 28     107.00 A
06620000 2018 10 29     101.00 A
06620000 2018 10 30     103.00 A
06620000 2018 10 31     106.00 A
06620000 2018 11 01     109.00 A
06620000 2018 11 02     116.00 A
06620000 2018 11 03     135.00 A
06620000 2018 11 04     153.00 A
06620000 2018 11 05     155.00 A
06620000 2018 11 06     148.00 A
06620000 2018 11 07     138.00 A
06620000 2018 11 08     106.00 A
06620000 2018 11 09     88.20 A
06620000 2018 11 10     108.00 A
06620000 2018 11 11     101.00 A
06620000 2018 11 12     102.00 A
06620000 2018 11 13     103.00 A
06620000 2018 11 14     104.00 A
06620000 2018 11 15     103.00 A
06620000 2018 11 16     103.00 A
06620000 2018 11 17     101.00 A
06620000 2018 11 18     100.00 A
06620000 2018 11 19     100.00 A
06620000 2018 11 20     99.30 A
06620000 2018 11 21     98.60 A
06620000 2018 11 22     97.60 A
06620000 2018 11 23     97.60 A
06620000 2018 11 24     97.50 A
06620000 2018 11 25     97.00 A
06620000 2018 11 26     96.40 A
06620000 2018 11 27     95.70 A
06620000 2018 11 28     95.40 A
06620000 2018 11 29     95.30 A
06620000 2018 11 30     94.80 A
06620000 2018 12 01     94.30 A
06620000 2018 12 02     94.00 A
06620000 2018 12 03     93.70 A
06620000 2018 12 04     93.30 A
06620000 2018 12 05     93.30 A
06620000 2018 12 06     93.30 A
06620000 2018 12 07     93.30 A
06620000 2018 12 08     93.30 A
06620000 2018 12 09     93.30 A
06620000 2018 12 10     93.30 A
06620000 2018 12 11     93.30 A
06620000 2018 12 12     93.30 A
06620000 2018 12 13     93.30 A
06620000 2018 12 14     93.30 A
06620000 2018 12 15     93.30 A
06620000 2018 12 16     93.30 A
06620000 2018 12 17     93.30 A
06620000 2018 12 18     93.20 A
06620000 2018 12 19     92.90 A
06620000 2018 12 20     92.60 A
06620000 2018 12 21     92.20 A
06620000 2018 12 22     91.90 A
06620000 2018 12 23     91.50 A
06620000 2018 12 24     91.20 A
06620000 2018 12 25     90.90 A
06620000 2018 12 26     90.70 A
06620000 2018 12 27     90.50 A
06620000 2018 12 28     90.30 A
06620000 2018 12 29     90.00 A
06620000 2018 12 30     89.80 A
06620000 2018 12 31     89.50 A
06620000 2019 01 01     89.20 A
06620000 2019 01 02     88.90 A
06620000 2019 01 03     88.60 A
06620000 2019 01 04     88.30 A
06620000 2019 01 05     88.00 A
06620000 2019 01 06     87.80 A
06620000 2019 01 07     87.80 A
06620000 2019 01 08     87.80 A
06620000 2019 01 09     87.80 A
06620000 2019 01 10     87.50 A
06620000 2019 01 11     87.20 A
06620000 2019 01 12     86.90 A
06620000 2019 01 13     85.90 A
06620000 2019 01 14     84.70 A
06620000 2019 01 15     84.00 A
06620000 2019 01 16     83.50 A
06620000 2019 01 17     82.90 A
06620000 2019 01 18     82.50 A
06620000 2019 01 19     82.40 A
06620000 2019 01 20     82.40 A
06620000 2019 01 21     82.40 A
06620000 2019 01 22     81.90 A
06620000 2019 01 23     80.90 A
06620000 2019 01 24     80.30 A
06620000 2019 01 25     79.80 A
06620000 2019 01 26     79.30 A
06620000 2019 01 27     78.90 A
06620000 2019 01 28     78.50 A
06620000 2019 01 29     78.10 A
06620000 2019 01 30     77.60 A
06620000 2019 01 31     77.10 A
06620000 2019 02 01     77.00 A
06620000 2019 02 02     77.00 A
06620000 2019 02 03     77.00 A
06620000 2019 02 04     77.00 A
06620000 2019 02 05     77.00 A
06620000 2019 02 06     76.80 A
06620000 2019 02 07     77.20 A
06620000 2019 02 08     77.00 A
06620000 2019 02 09     77.10 A
06620000 2019 02 10     77.30 A
06620000 2019 02 11     77.60 A
06620000 2019 02 12     77.90 A
06620000 2019 02 13     78.40 A
06620000 2019 02 14     78.90 A
06620000 2019 02 15     79.60 A
06620000 2019 02 16     80.30 A
06620000 2019 02 17     80.50 A
06620000 2019 02 18     80.50 A
06620000 2019 02 19     80.50 A
06620000 2019 02 20     80.50 A
06620000 2019 02 21     80.50 A
06620000 2019 02 22     80.50 A
06620000 2019 02 23     80.50 A
06620000 2019 02 24     80.70 A
06620000 2019 02 25     81.20 A
06620000 2019 02 26     82.00 A
06620000 2019 02 27     82.90 A
06620000 2019 02 28     83.80 A
06620000 2019 03 01     83.90 A
06620000 2019 03 02     84.40 A
06620000 2019 03 03     84.70 A
06620000 2019 03 04     85.00 A
06620000 2019 03 05     85.40 A
06620000 2019 03 06     85.80 A
06620000 2019 03 07     86.30 A
06620000 2019 03 08     86.90 A
06620000 2019 03 09     87.40 A
06620000 2019 03 10     87.90 A
06620000 2019 03 11     88.40 A
06620000 2019 03 12     88.90 A
06620000 2019 03 13     89.40 A
06620000 2019 03 14     90.00 A
06620000 2019 03 15     90.60 A
06620000 2019 03 16     91.00 A
06620000 2019 03 17     91.70 A
06620000 2019 03 18     92.20 A
06620000 2019 03 19     92.60 A
06620000 2019 03 20     92.90 A
06620000 2019 03 21     93.40 A
06620000 2019 03 22     94.30 A
06620000 2019 03 23     95.50 A
06620000 2019 03 24     97.20 A
06620000 2019 03 25     106.00 A
06620000 2019 03 26     126.00 A
06620000 2019 03 27     194.00 A
06620000 2019 03 28     308.00 A
06620000 2019 03 29     246.00 A
06620000 2019 03 30     233.00 A
06620000 2019 03 31     237.00 A
06620000 2019 04 01     253.00 A
06620000 2019 04 02     273.00 A
06620000 2019 04 03     295.00 A
06620000 2019 04 04     336.00 A
06620000 2019 04 05     380.00 A
06620000 2019 04 06     448.00 A
06620000 2019 04 07     526.00 A
06620000 2019 04 08     619.00 A
06620000 2019 04 09     739.00 A
06620000 2019 04 10     916.00 A
06620000 2019 04 11     916.00 A
06620000 2019 04 12     889.00 A
06620000 2019 04 13     862.00 A
06620000 2019 04 14     805.00 A
06620000 2019 04 15     710.00 A
06620000 2019 04 16     837.00 A
06620000 2019 04 17     1030.00 A
06620000 2019 04 18     1180.00 A
06620000 2019 04 19     1260.00 A
06620000 2019 04 20     1370.00 A
06620000 2019 04 21     1470.00 A
06620000 2019 04 22     1600.00 A
06620000 2019 04 23     1540.00 A
06620000 2019 04 24     1430.00 A
06620000 2019 04 25     1490.00 A
06620000 2019 04 26     1590.00 A
06620000 2019 04 27     1780.00 A
06620000 2019 04 28     2070.00 A
06620000 2019 04 29     2080.00 A
06620000 2019 04 30     2150.00 A
06620000 2019 05 01     2080.00 A
06620000 2019 05 02     1950.00 A
06620000 2019 05 03     1500.00 A
06620000 2019 05 04     1210.00 A
06620000 2019 05 05     1040.00 A
06620000 2019 05 06     970.00 A
06620000 2019 05 07     953.00 A
06620000 2019 05 08     1020.00 A
06620000 2019 05 09     1020.00 A
06620000 2019 05 10     975.00 A
06620000 2019 05 11     797.00 A
06620000 2019 05 12     658.00 A
06620000 2019 05 13     586.00 A
06620000 2019 05 14     605.00 A
06620000 2019 05 15     677.00 A
06620000 2019 05 16     828.00 A
06620000 2019 05 17     1040.00 A
06620000 2019 05 18     1160.00 A
06620000 2019 05 19     1140.00 A
06620000 2019 05 20     1030.00 A
06620000 2019 05 21     937.00 A
06620000 2019 05 22     967.00 A
06620000 2019 05 23     853.00 A
06620000 2019 05 24     720.00 A
06620000 2019 05 25     634.00 A
06620000 2019 05 26     531.00 A
06620000 2019 05 27     511.00 A
06620000 2019 05 28     679.00 A
06620000 2019 05 29     1070.00 A
06620000 2019 05 30     1230.00 A
06620000 2019 05 31     1110.00 A
06620000 2019 06 01     913.00 A
06620000 2019 06 02     810.00 A
06620000 2019 06 03     843.00 A
06620000 2019 06 04     999.00 A
06620000 2019 06 05     1120.00 A
06620000 2019 06 06     1270.00 A
06620000 2019 06 07     1550.00 A
06620000 2019 06 08     1860.00 A
06620000 2019 06 09     2130.00 A
06620000 2019 06 10     2350.00 A
06620000 2019 06 11     2230.00 A
06620000 2019 06 12     1930.00 A
06620000 2019 06 13     1800.00 A
06620000 2019 06 14     1820.00 A
06620000 2019 06 15     2000.00 A
06620000 2019 06 16     2320.00 A
06620000 2019 06 17     2490.00 A
06620000 2019 06 18     2670.00 A
06620000 2019 06 19     2770.00 A
06620000 2019 06 20     2910.00 A
06620000 2019 06 21     3360.00 A
06620000 2019 06 22     5430.00 A
06620000 2019 06 23     7820.00 A
06620000 2019 06 24     6340.00 A
06620000 2019 06 25     4660.00 A
06620000 2019 06 26     3510.00 A
06620000 2019 06 27     2750.00 A
06620000 2019 06 28     2420.00 A
06620000 2019 06 29     2300.00 A
06620000 2019 06 30     2380.00 A
06620000 2019 07 01     2700.00 A
06620000 2019 07 02     2920.00 A
06620000 2019 07 03     3120.00 A
06620000 2019 07 04     3120.00 A
06620000 2019 07 05     2890.00 A
06620000 2019 07 06     2590.00 A
06620000 2019 07 07     2360.00 A
06620000 2019 07 08     2210.00 A
06620000 2019 07 09     2170.00 A
06620000 2019 07 10     2030.00 A
06620000 2019 07 11     1840.00 A
06620000 2019 07 12     1630.00 A
06620000 2019 07 13     1490.00 A
06620000 2019 07 14     1410.00 A
06620000 2019 07 15     1320.00 A
06620000 2019 07 16     1320.00 A
06620000 2019 07 17     1240.00 A
06620000 2019 07 18     1120.00 A
06620000 2019 07 19     1020.00 A
06620000 2019 07 20     936.00 A
06620000 2019 07 21     904.00 A
06620000 2019 07 22     894.00 A
06620000 2019 07 23     910.00 A
06620000 2019 07 24     880.00 A
06620000 2019 07 25     829.00 A
06620000 2019 07 26     827.00 A
06620000 2019 07 27     853.00 A
06620000 2019 07 28     818.00 A
06620000 2019 07 29     843.00 A
06620000 2019 07 30     750.00 A
06620000 2019 07 31     653.00 A
06620000 2019 08 01     613.00 A
06620000 2019 08 02     602.00 A
06620000 2019 08 03     580.00 A
06620000 2019 08 04     518.00 A
06620000 2019 08 05     597.00 A
06620000 2019 08 06     598.00 A
06620000 2019 08 07     536.00 A
06620000 2019 08 08     488.00 A
06620000 2019 08 09     462.00 A
06620000 2019 08 10     427.00 A
06620000 2019 08 11     403.00 A
06620000 2019 08 12     393.00 A
06620000 2019 08 13     372.00 A
06620000 2019 08 14     341.00 A
06620000 2019 08 15     323.00 A
06620000 2019 08 16     305.00 A
06620000 2019 08 17     288.00 A
06620000 2019 08 18     270.00 A
06620000 2019 08 19     243.00 A
06620000 2019 08 20     238.00 A
06620000 2019 08 21     223.00 A
06620000 2019 08 22     209.00 A
06620000 2019 08 23     195.00 A
06620000 2019 08 24     187.00 A
06620000 2019 08 25     175.00 A
06620000 2019 08 26     163.00 A
06620000 2019 08 27     151.00 A
06620000 2019 08 28     146.00 A
06620000 2019 08 29     140.00 A
06620000 2019 08 30     135.00 A
06620000 2019 08 31     132.00 A
06620000 2019 09 01     128.00 A
06620000 2019 09 02     124.00 A
06620000 2019 09 03     119.00 A
06620000 2019 09 04     115.00 A
06620000 2019 09 05     113.00 A
06620000 2019 09 06     112.00 A
06620000 2019 09 07     120.00 A
06620000 2019 09 08     128.00 A
06620000 2019 09 09     138.00 A
06620000 2019 09 10     151.00 A
06620000 2019 09 11     135.00 A
06620000 2019 09 12     134.00 A
06620000 2019 09 13     139.00 A
06620000 2019 09 14     130.00 A
06620000 2019 09 15     120.00 A
06620000 2019 09 16     112.00 A
06620000 2019 09 17     107.00 A
06620000 2019 09 18     105.00 A
06620000 2019 09 19     103.00 A
06620000 2019 09 20     99.30 A
06620000 2019 09 21     97.10 A
06620000 2019 09 22     96.00 A
06620000 2019 09 23     99.10 A
06620000 2019 09 24     99.70 A
06620000 2019 09 25     101.00 A
06620000 2019 09 26     102.00 A
06620000 2019 09 27     99.00 A
06620000 2019 09 28     99.20 A
06620000 2019 09 29     98.60 A
06620000 2019 09 30     95.30 A
06620000 2019 10 01     92.90 A
06620000 2019 10 02     98.20 A
06620000 2019 10 03     95.40 A
06620000 2019 10 04     93.00 A
06620000 2019 10 05     93.50 A
06620000 2019 10 06     92.90 A
06620000 2019 10 07     92.50 A
06620000 2019 10 08     94.50 A
06620000 2019 10 09     96.80 A
06620000 2019 10 10     105.00 A
06620000 2019 10 11     104.00 A
06620000 2019 10 12     108.00 A
06620000 2019 10 13     123.00 A
06620000 2019 10 14     129.00 A
06620000 2019 10 15     125.00 A
06620000 2019 10 16     119.00 A
06620000 2019 10 17     118.00 A
06620000 2019 10 18     117.00 A
06620000 2019 10 19     124.00 A
06620000 2019 10 20     124.00 A
06620000 2019 10 21     125.00 A
06620000 2019 10 22     130.00 A
06620000 2019 10 23     141.00 A
06620000 2019 10 24     134.00 A
06620000 2019 10 25     124.00 A
06620000 2019 10 26     124.00 A
06620000 2019 10 27     121.00 A
06620000 2019 10 28     83.20 A
06620000 2019 10 29     60.40 A
06620000 2019 10 30     84.00 A
06620000 2019 10 31     124.00 A
06620000 2019 11 01     145.00 A
06620000 2019 11 02     149.00 A
06620000 2019 11 03     149.00 A
06620000 2019 11 04     146.00 A
06620000 2019 11 05     144.00 A
06620000 2019 11 06     141.00 A
06620000 2019 11 07     141.00 A
06620000 2019 11 08     140.00 A
06620000 2019 11 09     140.00 A
06620000 2019 11 10     139.00 A
06620000 2019 11 11     139.00 A
06620000 2019 11 12     139.00 A
06620000 2019 11 13     139.00 A
06620000 2019 11 14     139.00 A
06620000 2019 11 15     139.00 A
06620000 2019 11 16     139.00 A
06620000 2019 11 17     139.00 A
06620000 2019 11 18     139.00 A
06620000 2019 11 19     139.00 A
06620000 2019 11 20     140.00 A
06620000 2019 11 21     140.00 A
06620000 2019 11 22     140.00 A
06620000 2019 11 23     140.00 A
06620000 2019 11 24     140.00 A
06620000 2019 11 25     140.00 A
06620000 2019 11 26     140.00 A
06620000 2019 11 27     140.00 A
06620000 2019 11 28     140.00 A
06620000 2019 11 29     140.00 A
06620000 2019 11 30     141.00 A
06620000 2019 12 01     141.00 A
06620000 2019 12 02     141.00 A
06620000 2019 12 03     140.00 A
06620000 2019 12 04     140.00 A
06620000 2019 12 05     140.00 A
06620000 2019 12 06     140.00 A
06620000 2019 12 07     140.00 A
06620000 2019 12 08     140.00 A
06620000 2019 12 09     140.00 A
06620000 2019 12 10     139.00 A
06620000 2019 12 11     139.00 A
06620000 2019 12 12     139.00 A
06620000 2019 12 13     139.00 A
06620000 2019 12 14     139.00 A
06620000 2019 12 15     139.00 A
06620000 2019 12 16     139.00 A
06620000 2019 12 17     139.00 A
06620000 2019 12 18     139.00 A
06620000 2019 12 19     139.00 A
06620000 2019 12 20     139.00 A
06620000 2019 12 21     139.00 A
06620000 2019 12 22     139.00 A
06620000 2019 12 23     138.00 A
06620000 2019 12 24     138.00 A
06620000 2019 12 25     138.00 A
06620000 2019 12 26     139.00 A
06620000 2019 12 27     141.00 A
06620000 2019 12 28     142.00 A
06620000 2019 12 29     142.00 A
06620000 2019 12 30     143.00 A
06620000 2019 12 31     144.00 A
06620000 2020 01 01     144.00 A
06620000 2020 01 02     145.00 A
06620000 2020 01 03     146.00 A
06620000 2020 01 04     146.00 A
06620000 2020 01 05     147.00 A
06620000 2020 01 06     147.00 A
06620000 2020 01 07     148.00 A
06620000 2020 01 08     149.00 A
06620000 2020 01 09     150.00 A
06620000 2020 01 10     149.00 A
06620000 2020 01 11     144.00 A
06620000 2020 01 12     142.00 A
06620000 2020 01 13     140.00 A
06620000 2020 01 14     137.00 A
06620000 2020 01 15     135.00 A
06620000 2020 01 16     133.00 A
06620000 2020 01 17     132.00 A
06620000 2020 01 18     132.00 A
06620000 2020 01 19     132.00 A
06620000 2020 01 20     132.00 A
06620000 2020 01 21     132.00 A
06620000 2020 01 22     131.00 A
06620000 2020 01 23     129.00 A
06620000 2020 01 24     127.00 A
06620000 2020 01 25     126.00 A
06620000 2020 01 26     129.00 A
06620000 2020 01 27     131.00 A
06620000 2020 01 28     133.00 A
06620000 2020 01 29     134.00 A
06620000 2020 01 30     131.00 A
06620000 2020 01 31     130.00 A
06620000 2020 02 01     131.00 A
06620000 2020 02 02     132.00 A
06620000 2020 02 03     128.00 A
06620000 2020 02 04     126.00 A
06620000 2020 02 05     125.00 A
06620000 2020 02 06     124.00 A
06620000 2020 02 07     124.00 A
06620000 2020 02 08     124.00 A
06620000 2020 02 09     122.00 A
06620000 2020 02 10     121.00 A
06620000 2020 02 11     120.00 A
06620000 2020 02 12     118.00 A
06620000 2020 02 13     116.00 A
06620000 2020 02 14     115.00 A
06620000 2020 02 15     114.00 A
06620000 2020 02 16     114.00 A
06620000 2020 02 17     115.00 A
06620000 2020 02 18     118.00 A
06620000 2020 02 19     118.00 A
06620000 2020 02 20     118.00 A
06620000 2020 02 21     118.00 A
06620000 2020 02 22     118.00 A
06620000 2020 02 23     118.00 A
06620000 2020 02 24     118.00 A
06620000 2020 02 25     120.00 A
06620000 2020 02 26     123.00 A
06620000 2020 02 27     126.00 A
06620000 2020 02 28     129.00 A
06620000 2020 02 29     131.00 A
06620000 2020 03 01     133.00 A
06620000 2020 03 02     138.00 A
06620000 2020 03 03     146.00 A
06620000 2020 03 04     154.00 A
06620000 2020 03 05     166.00 A
06620000 2020 03 06     177.00 A
06620000 2020 03 07     178.00 A
06620000 2020 03 08     178.00 A
06620000 2020 03 09     178.00 A
06620000 2020 03 10     178.00 A
06620000 2020 03 11     176.00 A
06620000 2020 03 12     173.00 A
06620000 2020 03 13     174.00 A
06620000 2020 03 14     176.00 A
06620000 2020 03 15     178.00 A
06620000 2020 03 16     178.00 A
06620000 2020 03 17     178.00 A
06620000 2020 03 18     179.00 A
06620000 2020 03 19     187.00 A
06620000 2020 03 20     198.00 A
06620000 2020 03 21     217.00 A
06620000 2020 03 22     235.00 A
06620000 2020 03 23     254.00 A
06620000 2020 03 24     286.00 A
06620000 2020 03 25     341.00 A
06620000 2020 03 26     366.00 A
06620000 2020 03 27     368.00 A
06620000 2020 03 28     370.00 A
06620000 2020 03 29     379.00 A
06620000 2020 03 30     380.00 A
06620000 2020 03 31     401.00 A
06620000 2020 04 01     416.00 A
06620000 2020 04 02     480.00 A
06620000 2020 04 03     448.00 A
06620000 2020 04 04     432.00 A
06620000 2020 04 05     433.00 A
06620000 2020 04 06     489.00 A
06620000 2020 04 07     575.00 A
06620000 2020 04 08     642.00 A
06620000 2020 04 09     649.00 A
06620000 2020 04 10     698.00 A
06620000 2020 04 11     724.00 A
06620000 2020 04 12     676.00 A
06620000 2020 04 13     564.00 A
06620000 2020 04 14     437.00 A
06620000 2020 04 15     447.00 A
06620000 2020 04 16     435.00 A
06620000 2020 04 17     400.00 A
06620000 2020 04 18     406.00 A
06620000 2020 04 19     444.00 A
06620000 2020 04 20     472.00 A
06620000 2020 04 21     497.00 A
06620000 2020 04 22     509.00 A
06620000 2020 04 23     560.00 A
06620000 2020 04 24     620.00 A
06620000 2020 04 25     641.00 A
06620000 2020 04 26     611.00 A
06620000 2020 04 27     645.00 A
06620000 2020 04 28     758.00 A
06620000 2020 04 29     883.00 A
06620000 2020 04 30     942.00 A
06620000 2020 05 01     998.00 A
06620000 2020 05 02     1160.00 A
06620000 2020 05 03     1370.00 A
06620000 2020 05 04     1550.00 A
06620000 2020 05 05     1710.00 A
06620000 2020 05 06     1580.00 A
06620000 2020 05 07     1220.00 A
06620000 2020 05 08     950.00 A
06620000 2020 05 09     838.00 A
06620000 2020 05 10     768.00 A
06620000 2020 05 11     753.00 A
06620000 2020 05 12     832.00 A
06620000 2020 05 13     901.00 A
06620000 2020 05 14     995.00 A
06620000 2020 05 15     1100.00 A
06620000 2020 05 16     1130.00 A
06620000 2020 05 17     1090.00 A
06620000 2020 05 18     997.00 A
06620000 2020 05 19     946.00 A
06620000 2020 05 20     1040.00 A
06620000 2020 05 21     1160.00 A
06620000 2020 05 22     1210.00 A
06620000 2020 05 23     1140.00 A
06620000 2020 05 24     1040.00 A
06620000 2020 05 25     1050.00 A
06620000 2020 05 26     918.00 A
06620000 2020 05 27     731.00 A
06620000 2020 05 28     737.00 A
06620000 2020 05 29     883.00 A
06620000 2020 05 30     1040.00 A
06620000 2020 05 31     1260.00 A
06620000 2020 06 01     1570.00 A
06620000 2020 06 02     1740.00 A
06620000 2020 06 03     1780.00 A
06620000 2020 06 04     1620.00 A
06620000 2020 06 05     1410.00 A
06620000 2020 06 06     1260.00 A
06620000 2020 06 07     1430.00 A
06620000 2020 06 08     1510.00 A
06620000 2020 06 09     1370.00 A
06620000 2020 06 10     1400.00 A
06620000 2020 06 11     1200.00 A
06620000 2020 06 12     977.00 A
06620000 2020 06 13     806.00 A
06620000 2020 06 14     742.00 A
06620000 2020 06 15     751.00 A
06620000 2020 06 16     772.00 A
06620000 2020 06 17     693.00 A
06620000 2020 06 18     656.00 A
06620000 2020 06 19     707.00 A
06620000 2020 06 20     710.00 A
06620000 2020 06 21     683.00 A
06620000 2020 06 22     695.00 A
06620000 2020 06 23     720.00 A
06620000 2020 06 24     674.00 A
06620000 2020 06 25     627.00 A
06620000 2020 06 26     593.00 A
06620000 2020 06 27     578.00 A
06620000 2020 06 28     577.00 A
06620000 2020 06 29     537.00 A
06620000 2020 06 30     485.00 A
06620000 2020 07 01     462.00 A
06620000 2020 07 02     442.00 A
06620000 2020 07 03     420.00 A
06620000 2020 07 04     391.00 A
06620000 2020 07 05     391.00 A
06620000 2020 07 06     399.00 A
06620000 2020 07 07     364.00 A
06620000 2020 07 08     333.00 A
06620000 2020 07 09     338.00 A
06620000 2020 07 10     297.00 A
06620000 2020 07 11     261.00 A
06620000 2020 07 12     244.00 A
06620000 2020 07 13     240.00 A
06620000 2020 07 14     243.00 A
06620000 2020 07 15     248.00 A
06620000 2020 07 16     221.00 A
06620000 2020 07 17     231.00 A
06620000 2020 07 18     230.00 A
06620000 2020 07 19     226.00 A
06620000 2020 07 20     211.00 A
06620000 2020 07 21     182.00 A
06620000 2020 07 22     175.00 A
06620000 2020 07 23     200.00 A
06620000 2020 07 24     212.00 A
06620000 2020 07 25     235.00 A
06620000 2020 07 26     240.00 A
06620000 2020 07 27     223.00 A
06620000 2020 07 28     203.00 A
06620000 2020 07 29     212.00 A
06620000 2020 07 30     196.00 A
06620000 2020 07 31     169.00 A
06620000 2020 08 01     151.00 A
06620000 2020 08 02     147.00 A
06620000 2020 08 03     144.00 A
06620000 2020 08 04     138.00 A
06620000 2020 08 05     127.00 A
06620000 2020 08 06     121.00 A
06620000 2020 08 07     113.00 A
06620000 2020 08 08     97.80 A
06620000 2020 08 09     93.40 A
06620000 2020 08 10     80.30 A
06620000 2020 08 11     67.90 A
06620000 2020 08 12     63.90 A
06620000 2020 08 13     61.80 A
06620000 2020 08 14     59.50 A
06620000 2020 08 15     57.60 A
06620000 2020 08 16     56.20 A
06620000 2020 08 17     54.60 A
06620000 2020 08 18     53.90 A
06620000 2020 08 19     54.60 A
06620000 2020 08 20     55.80 A
06620000 2020 08 21     56.10 A
06620000 2020 08 22     55.30 A
06620000 2020 08 23     54.60 A
06620000 2020 08 24     56.00 A
06620000 2020 08 25     57.10 A
06620000 2020 08 26     56.80 A
06620000 2020 08 27     56.90 A
06620000 2020 08 28     54.50 A
06620000 2020 08 29     54.00 A
06620000 2020 08 30     57.40 A
06620000 2020 08 31     64.30 A
06620000 2020 09 01     62.40 A
06620000 2020 09 02     60.60 A
06620000 2020 09 03     58.50 A
06620000 2020 09 04     56.40 A
06620000 2020 09 05     54.20 A
06620000 2020 09 06     52.00 A
06620000 2020 09 07     49.20 A
06620000 2020 09 08     50.90 A
06620000 2020 09 09     60.10 A
06620000 2020 09 10     74.60 A
06620000 2020 09 11     97.70 A
06620000 2020 09 12     101.00 A
06620000 2020 09 13     97.40 A
06620000 2020 09 14     95.40 A
06620000 2020 09 15     90.10 A
06620000 2020 09 16     85.00 A
06620000 2020 09 17     80.80 A
06620000 2020 09 18     80.10 A
06620000 2020 09 19     78.70 A
06620000 2020 09 20     77.60 A
06620000 2020 09 21     76.10 A
06620000 2020 09 22     74.80 A
06620000 2020 09 23     75.20 A
06620000 2020 09 24     73.40 A
06620000 2020 09 25     70.60 A
06620000 2020 09 26     69.20 A
06620000 2020 09 27     67.50 A
06620000 2020 09 28     66.80 A
06620000 2020 09 29     68.00 A
06620000 2020 09 30     71.00 A
06620000 2020 10 01     69.90 A
06620000 2020 10 02     66.60 A
06620000 2020 10 03     66.00 A
06620000 2020 10 04     66.60 A
06620000 2020 10 05     66.90 A
06620000 2020 10 06     66.20 A
06620000 2020 10 07     65.90 A
06620000 2020 10 08     66.40 A
06620000 2020 10 09     68.50 A
06620000 2020 10 10     71.50 A
06620000 2020 10 11     70.90 A
06620000 2020 10 12     72.80 A
06620000 2020 10 13     76.00 A
06620000 2020 10 14     74.60 A
06620000 2020 10 15     74.90 A
06620000 2020 10 16     73.00 A
06620000 2020 10 17     74.60 A
06620000 2020 10 18     77.40 A
06620000 2020 10 19     75.20 A
06620000 2020 10 20     74.70 A
06620000 2020 10 21     77.70 A
06620000 2020 10 22     76.00 A
06620000 2020 10 23     75.50 A
06620000 2020 10 24     79.00 A
06620000 2020 10 25     59.00 A
06620000 2020 10 26     68.90 A
06620000 2020 10 27     94.40 A
06620000 2020 10 28     127.00 A
06620000 2020 10 29     151.00 A
06620000 2020 10 30     170.00 A
06620000 2020 10 31     174.00 A
06620000 2020 11 01     178.00 A
06620000 2020 11 02     158.00 A
06620000 2020 11 03     148.00 A
06620000 2020 11 04     159.00 A
06620000 2020 11 05     150.00 A
06620000 2020 11 06     137.00 A
06620000 2020 11 07     151.00 A
06620000 2020 11 08     153.00 A
06620000 2020 11 09     158.00 A
06620000 2020 11 10     125.00 A
06620000 2020 11 11     116.00 A
06620000 2020 11 12     127.00 A
06620000 2020 11 13     135.00 A
06620000 2020 11 14     135.00 A
06620000 2020 11 15     138.00 A
06620000 2020 11 16     135.00 A
06620000 2020 11 17     132.00 A
06620000 2020 11 18     131.00 A
06620000 2020 11 19     131.00 A
06620000 2020 11 20     131.00 A
06620000 2020 11 21     131.00 A
06620000 2020 11 22     131.00 A
06620000 2020 11 23     131.00 A
06620000 2020 11 24     130.00 A
06620000 2020 11 25     129.00 A
06620000 2020 11 26     128.00 A
06620000 2020 11 27     128.00 A
06620000 2020 11 28     128.00 A
06620000 2020 11 29     128.00 A
06620000 2020 11 30     128.00 A
06620000 2020 12 01     128.00 A
06620000 2020 12 02     128.00 A
06620000 2020 12 03     127.00 A
06620000 2020 12 04     123.00 A
06620000 2020 12 05     119.00 A
06620000 2020 12 06     116.00 A
06620000 2020 12 07     116.00 A
06620000 2020 12 08     114.00 A
06620000 2020 12 09     111.00 A
06620000 2020 12 10     111.00 A
06620000 2020 12 11     110.00 A
06620000 2020 12 12     109.00 A
06620000 2020 12 13     106.00 A
06620000 2020 12 14     104.00 A
06620000 2020 12 15     101.00 A
06620000 2020 12 16     95.50 A
06620000 2020 12 17     90.90 A
06620000 2020 12 18     88.70 A
06620000 2020 12 19     88.10 A
06620000 2020 12 20     87.00 A
06620000 2020 12 21     82.10 A
06620000 2020 12 22     79.30 A
06620000 2020 12 23     76.70 A
06620000 2020 12 24     75.10 A
06620000 2020 12 25     72.90 A
06620000 2020 12 26     71.20 A
06620000 2020 12 27     69.80 A
06620000 2020 12 28     68.40 A
06620000 2020 12 29     66.50 A
06620000 2020 12 30     64.10 A
06620000 2020 12 31     63.40 A
06620000 2021 01 01     63.20 A
06620000 2021 01 02     62.20 A
06620000 2021 01 03     61.80 A
06620000 2021 01 04     61.50 A
06620000 2021 01 05     61.00 A
06620000 2021 01 06     61.00 A
06620000 2021 01 07     59.90 A
06620000 2021 01 08     58.10 A
06620000 2021 01 09     58.00 A
06620000 2021 01 10     58.00 A
06620000 2021 01 11     58.00 A
06620000 2021 01 12     57.70 A
06620000 2021 01 13     57.20 A
06620000 2021 01 14     57.10 A
06620000 2021 01 15     57.20 A
06620000 2021 01 16     57.30 A
06620000 2021 01 17     57.40 A
06620000 2021 01 18     57.40 A
06620000 2021 01 19     57.50 A
06620000 2021 01 20     57.70 A
06620000 2021 01 21     57.90 A
06620000 2021 01 22     58.00 A
06620000 2021 01 23     58.10 A
06620000 2021 01 24     58.40 A
06620000 2021 01 25     58.70 A
06620000 2021 01 26     59.00 A
06620000 2021 01 27     59.60 A
06620000 2021 01 28     60.00 A
06620000 2021 01 29     60.40 A
06620000 2021 01 30     60.90 A
06620000 2021 01 31     61.70 A
06620000 2021 02 01     62.60 A
06620000 2021 02 02     63.30 A
06620000 2021 02 03     64.10 A
06620000 2021 02 04     64.80 A
06620000 2021 02 05     65.50 A
06620000 2021 02 06     66.50 A
06620000 2021 02 07     68.00 A
06620000 2021 02 08     70.00 A
06620000 2021 02 09     71.70 A
06620000 2021 02 10     75.00 A
06620000 2021 02 11     77.80 A
06620000 2021 02 12     80.30 A
06620000 2021 02 13     82.50 A
06620000 2021 02 14     85.40 A
06620000 2021 02 15     88.40 A
06620000 2021 02 16     93.20 A
06620000 2021 02 17     98.10 A
06620000 2021 02 18     102.00 A
06620000 2021 02 19     105.00 A
06620000 2021 02 20     114.00 A
06620000 2021 02 21     123.00 A
06620000 2021 02 22     135.00 A
06620000 2021 02 23     138.00 A
06620000 2021 02 24     145.00 A
06620000 2021 02 25     149.00 A
06620000 2021 02 26     149.00 A
06620000 2021 02 27     151.00 A
06620000 2021 02 28     156.00 A
06620000 2021 03 01     161.00 A
06620000 2021 03 02     162.00 A
06620000 2021 03 03     167.00 A
06620000 2021 03 04     166.00 A
06620000 2021 03 05     166.00 A
06620000 2021 03 06     165.00 A
06620000 2021 03 07     163.00 A
06620000 2021 03 08     169.00 A
06620000 2021 03 09     181.00 A
06620000 2021 03 10     191.00 A
06620000 2021 03 11     203.00 A
06620000 2021 03 12     212.00 A
06620000 2021 03 13     215.00 A
06620000 2021 03 14     221.00 A
06620000 2021 03 15     231.00 A
06620000 2021 03 16     231.00 A
06620000 2021 03 17     231.00 A
06620000 2021 03 18     230.00 A
06620000 2021 03 19     230.00 A
06620000 2021 03 20     231.00 A
06620000 2021 03 21     236.00 A
06620000 2021 03 22     241.00 A
06620000 2021 03 23     253.00 A
06620000 2021 03 24     257.00 A
06620000 2021 03 25     260.00 A
06620000 2021 03 26     259.00 A
06620000 2021 03 27     262.00 A
06620000 2021 03 28     281.00 A
06620000 2021 03 29     291.00 A
06620000 2021 03 30     300.00 A
06620000 2021 03 31     308.00 A
06620000 2021 04 01     334.00 A
06620000 2021 04 02     367.00 A
06620000 2021 04 03     378.00 A
06620000 2021 04 04     397.00 A
06620000 2021 04 05     448.00 A
06620000 2021 04 06     506.00 A
06620000 2021 04 07     553.00 A
06620000 2021 04 08     603.00 A
06620000 2021 04 09     578.00 A
06620000 2021 04 10     530.00 A
06620000 2021 04 11     492.00 A
06620000 2021 04 12     485.00 A
06620000 2021 04 13     449.00 A
06620000 2021 04 14     429.00 A
06620000 2021 04 15     444.00 A
06620000 2021 04 16     444.00 A
06620000 2021 04 17     395.00 A
06620000 2021 04 18     366.00 A
06620000 2021 04 19     356.00 A
06620000 2021 04 20     318.00 A
06620000 2021 04 21     321.00 A
06620000 2021 04 22     303.00 A
06620000 2021 04 23     291.00 A
06620000 2021 04 24     289.00 A
06620000 2021 04 25     280.00 A
06620000 2021 04 26     301.00 A
06620000 2021 04 27     345.00 A
06620000 2021 04 28     342.00 A
06620000 2021 04 29     316.00 A
06620000 2021 04 30     318.00 A
06620000 2021 05 01     363.00 A
06620000 2021 05 02     450.00 A
06620000 2021 05 03     516.00 A
06620000 2021 05 04     511.00 A
06620000 2021 05 05     470.00 A
06620000 2021 05 06     423.00 A
06620000 2021 05 07     330.00 A
06620000 2021 05 08     312.00 A
06620000 2021 05 09     336.00 A
06620000 2021 05 10     358.00 A
06620000 2021 05 11     361.00 A
06620000 2021 05 12     372.00 A
06620000 2021 05 13     314.00 A
06620000 2021 05 14     261.00 A
06620000 2021 05 15     257.00 A
06620000 2021 05 16     298.00 A
06620000 2021 05 17     352.00 A
06620000 2021 05 18     429.00 A
06620000 2021 05 19     466.00 A
06620000 2021 05 20     493.00 A
06620000 2021 05 21     529.00 A
06620000 2021 05 22     574.00 A
06620000 2021 05 23     567.00 A
06620000 2021 05 24     622.00 A
06620000 2021 05 25     575.00 A
06620000 2021 05 26     530.00 A
06620000 2021 05 27     483.00 A
06620000 2021 05 28     458.00 A
06620000 2021 05 29     471.00 A
06620000 2021 05 30     516.00 A
06620000 2021 05 31     611.00 A
06620000 2021 06 01     621.00 A
06620000 2021 06 02     570.00 A
06620000 2021 06 03     540.00 A
06620000 2021 06 04     510.00 A
06620000 2021 06 05     558.00 A
06620000 2021 06 06     664.00 A
06620000 2021 06 07     756.00 A
06620000 2021 06 08     916.00 A
06620000 2021 06 09     735.00 A
06620000 2021 06 10     563.00 A
06620000 2021 06 11     474.00 A
06620000 2021 06 12     442.00 A
06620000 2021 06 13     422.00 A
06620000 2021 06 14     401.00 A
06620000 2021 06 15     377.00 A
06620000 2021 06 16     368.00 A
06620000 2021 06 17     351.00 A
06620000 2021 06 18     328.00 A
06620000 2021 06 19     309.00 A
06620000 2021 06 20     320.00 A
06620000 2021 06 21     299.00 A
06620000 2021 06 22     271.00 A
06620000 2021 06 23     256.00 A
06620000 2021 06 24     244.00 A
06620000 2021 06 25     283.00 A
06620000 2021 06 26     338.00 A
06620000 2021 06 27     359.00 A
06620000 2021 06 28     393.00 A
06620000 2021 06 29     364.00 A
06620000 2021 06 30     330.00 A
06620000 2021 07 01     318.00 A
06620000 2021 07 02     355.00 A
06620000 2021 07 03     398.00 A
06620000 2021 07 04     344.00 A
06620000 2021 07 05     280.00 A
06620000 2021 07 06     249.00 A
06620000 2021 07 07     231.00 A
06620000 2021 07 08     200.00 A
06620000 2021 07 09     170.00 A
06620000 2021 07 10     143.00 A
06620000 2021 07 11     128.00 A
06620000 2021 07 12     123.00 A
06620000 2021 07 13     119.00 A
06620000 2021 07 14     123.00 A
06620000 2021 07 15     126.00 A
06620000 2021 07 16     147.00 A
06620000 2021 07 17     134.00 A
06620000 2021 07 18     123.00 A
06620000 2021 07 19     109.00 A
06620000 2021 07 20     101.00 A
06620000 2021 07 21     110.00 A
06620000 2021 07 22     109.00 A
06620000 2021 07 23     150.00 A
06620000 2021 07 24     130.00 A
06620000 2021 07 25     118.00 A
06620000 2021 07 26     113.00 A
06620000 2021 07 27     110.00 A
06620000 2021 07 28     96.70 A
06620000 2021 07 29     87.80 A
06620000 2021 07 30     123.00 A
06620000 2021 07 31     224.00 A
06620000 2021 08 01     167.00 A
06620000 2021 08 02     126.00 A
06620000 2021 08 03     120.00 A
06620000 2021 08 04     161.00 A
06620000 2021 08 05     140.00 A
06620000 2021 08 06     122.00 A
06620000 2021 08 07     126.00 A
06620000 2021 08 08     127.00 A
06620000 2021 08 09     111.00 A
06620000 2021 08 10     91.00 A
06620000 2021 08 11     80.20 A
06620000 2021 08 12     72.80 A
06620000 2021 08 13     68.60 A
06620000 2021 08 14     65.80 A
06620000 2021 08 15     66.30 A
06620000 2021 08 16     66.20 A
06620000 2021 08 17     63.00 A
06620000 2021 08 18     60.40 A
06620000 2021 08 19     63.90 A
06620000 2021 08 20     71.00 A
06620000 2021 08 21     72.40 A
06620000 2021 08 22     72.30 A
06620000 2021 08 23     68.00 A
06620000 2021 08 24     64.10 A
06620000 2021 08 25     60.30 A
06620000 2021 08 26     57.50 A
06620000 2021 08 27     59.30 A
06620000 2021 08 28     64.30 A
06620000 2021 08 29     60.60 A
06620000 2021 08 30     56.60 A
06620000 2021 08 31     53.70 A
06620000 2021 09 01     54.30 A
06620000 2021 09 02     73.00 A
06620000 2021 09 03     81.10 A
06620000 2021 09 04     74.40 A
06620000 2021 09 05     71.10 A
06620000 2021 09 06     66.50 A
06620000 2021 09 07     63.60 A
06620000 2021 09 08     60.40 A
06620000 2021 09 09     59.10 A
06620000 2021 09 10     58.10 A
06620000 2021 09 11     55.80 A
06620000 2021 09 12     56.30 A
06620000 2021 09 13     58.00 A
06620000 2021 09 14     59.80 A
06620000 2021 09 15     65.80 A
06620000 2021 09 16     61.80 A
06620000 2021 09 17     51.90 A
06620000 2021 09 18     45.00 A
06620000 2021 09 19     43.80 A
06620000 2021 09 20     47.40 A
06620000 2021 09 21     59.10 A
06620000 2021 09 22     61.20 A
06620000 2021 09 23     62.60 A
06620000 2021 09 24     63.80 A
06620000 2021 09 25     61.90 A
06620000 2021 09 26     58.30 A
06620000 2021 09 27     57.30 A
06620000 2021 09 28     58.60 A
06620000 2021 09 29     73.00 A
06620000 2021 09 30     99.80 A
06620000 2021 10 01     105.00 A
06620000 2021 10 02     98.70 A
06620000 2021 10 03     94.60 A
06620000 2021 10 04     90.10 A
06620000 2021 10 05     86.70 A
06620000 2021 10 06     82.90 A
06620000 2021 10 07     83.00 A
06620000 2021 10 08     86.40 A
06620000 2021 10 09     95.40 A
06620000 2021 10 10     111.00 A
06620000 2021 10 11     114.00 A
06620000 2021 10 12     107.00 A
06620000 2021 10 13     106.00 A
06620000 2021 10 14     117.00 A
06620000 2021 10 15     118.00 A
06620000 2021 10 16     120.00 A
06620000 2021 10 17     115.00 A
06620000 2021 10 18     118.00 A
06620000 2021 10 19     121.00 A
06620000 2021 10 20     119.00 A
06620000 2021 10 21     115.00 A
06620000 2021 10 22     111.00 A
06620000 2021 10 23     109.00 A
06620000 2021 10 24     108.00 A
06620000 2021 10 25     113.00 A
06620000 2021 10 26     119.00 A
06620000 2021 10 27     118.00 A
06620000 2021 10 28     123.00 A
06620000 2021 10 29     124.00 A
06620000 2021 10 30     121.00 A
06620000 2021 10 31     120.00 A
06620000 2021 11 01     126.00 A
06620000 2021 11 02     145.00 A
06620000 2021 11 03     159.00 A
06620000 2021 11 04     161.00 A
06620000 2021 11 05     146.00 A
06620000 2021 11 06     136.00 A
06620000 2021 11 07     128.00 A
06620000 2021 11 08     123.00 A
06620000 2021 11 09     126.00 A
06620000 2021 11 10     125.00 A
06620000 2021 11 11     110.00 A
06620000 2021 11 12     118.00 A
06620000 2021 11 13     125.00 A
06620000 2021 11 14     135.00 A
06620000 2021 11 15     134.00 A
06620000 2021 11 16     132.00 A
06620000 2021 11 17     127.00 A
06620000 2021 11 18     97.60 A
06620000 2021 11 19     94.40 A
06620000 2021 11 20     96.60 A
06620000 2021 11 21     69.70 A
06620000 2021 11 22     92.50 A
06620000 2021 11 23     96.60 A
06620000 2021 11 24     91.10 A
06620000 2021 11 25     82.30 A
06620000 2021 11 26     84.30 A
06620000 2021 11 27     85.10 A
06620000 2021 11 28     83.50 A
06620000 2021 11 29     77.50 A
06620000 2021 11 30     70.60 A
06620000 2021 12 01     66.20 A
06620000 2021 12 02     64.90 A
06620000 2021 12 03     64.10 A
06620000 2021 12 04     63.80 A
06620000 2021 12 05     63.30 A
06620000 2021 12 06     62.00 A
06620000 2021 12 07     61.90 A
06620000 2021 12 08     62.90 A
06620000 2021 12 09     63.80 A
06620000 2021 12 10     64.30 A
06620000 2021 12 11     64.50 A
06620000 2021 12 12     64.50 A
06620000 2021 12 13     64.50 A
06620000 2021 12 14     64.50 A
06620000 2021 12 15     64.30 A
06620000 2021 12 16     64.10 A
06620000 2021 12 17     64.00 A
06620000 2021 12 18     63.90 A
06620000 2021 12 19     63.80 A
06620000 2021 12 20     63.80 A
06620000 2021 12 21     63.80 A
06620000 2021 12 22     63.70 A
06620000 2021 12 23     63.60 A
06620000 2021 12 24     63.60 A
06620000 2021 12 25     63.50 A
06620000 2021 12 26     63.40 A
06620000 2021 12 27     63.30 A
06620000 2021 12 28     63.30 A
06620000 2021 12 29     63.20 A
06620000 2021 12 30     63.20 A
06620000 2021 12 31     63.20 A
06620000 2022 01 01     63.30 A
06620000 2022 01 02     63.60 A
06620000 2022 01 03     63.90 A
06620000 2022 01 04     64.00 A
06620000 2022 01 05     64.10 A
06620000 2022 01 06     64.10 A
06620000 2022 01 07     64.10 A
06620000 2022 01 08     64.20 A
06620000 2022 01 09     64.30 A
06620000 2022 01 10     64.30 A
06620000 2022 01 11     64.30 A
06620000 2022 01 12     64.40 A
06620000 2022 01 13     64.70 A
06620000 2022 01 14     64.80 A
06620000 2022 01 15     65.20 A
06620000 2022 01 16     65.70 A
06620000 2022 01 17     66.40 A
06620000 2022 01 18     66.80 A
06620000 2022 01 19     66.90 A
06620000 2022 01 20     66.90 A
06620000 2022 01 21     66.70 A
06620000 2022 01 22     66.70 A
06620000 2022 01 23     66.50 A
06620000 2022 01 24     66.10 A
06620000 2022 01 25     65.50 A
06620000 2022 01 26     64.80 A
06620000 2022 01 27     64.60 A
06620000 2022 01 28     64.50 A
06620000 2022 01 29     64.50 A
06620000 2022 01 30     64.50 A
06620000 2022 01 31     64.50 A
06620000 2022 02 01     64.50 A
06620000 2022 02 02     64.50 A
06620000 2022 02 03     64.60 A
06620000 2022 02 04     64.80 A
06620000 2022 02 05     64.90 A
06620000 2022 02 06     65.10 A
06620000 2022 02 07     65.60 A
06620000 2022 02 08     66.30 A
06620000 2022 02 09     67.10 A
06620000 2022 02 10     67.70 A
06620000 2022 02 11     68.30 A
06620000 2022 02 12     69.40 A
06620000 2022 02 13     70.90 A
06620000 2022 02 14     73.20 A
06620000 2022 02 15     75.00 A
06620000 2022 02 16     76.80 A
06620000 2022 02 17     78.20 A
06620000 2022 02 18     80.40 A
06620000 2022 02 19     82.90 A
06620000 2022 02 20     84.20 A
06620000 2022 02 21     85.10 A
06620000 2022 02 22     85.50 A
06620000 2022 02 23     85.80 A
06620000 2022 02 24     85.80 A
06620000 2022 02 25     86.00 A
06620000 2022 02 26     86.20 A
06620000 2022 02 27     86.10 A
06620000 2022 02 28     85.90 A
06620000 2022 03 01     85.50 A
06620000 2022 03 02     85.20 A
06620000 2022 03 03     85.10 A
06620000 2022 03 04     85.10 A
06620000 2022 03 05     84.90 A
06620000 2022 03 06     83.70 A
06620000 2022 03 07     83.30 A
06620000 2022 03 08     82.90 A
06620000 2022 03 09     82.60 A
06620000 2022 03 10     82.80 A
06620000 2022 03 11     83.70 A
06620000 2022 03 12     84.30 A
06620000 2022 03 13     84.70 A
06620000 2022 03 14     85.00 A
06620000 2022 03 15     85.20 A
06620000 2022 03 16     85.60 A
06620000 2022 03 17     88.00 A
06620000 2022 03 18     91.70 A
06620000 2022 03 19     95.30 A
06620000 2022 03 20     100.00 A
06620000 2022 03 21     105.00 A
06620000 2022 03 22     109.00 A
06620000 2022 03 23     118.00 A
06620000 2022 03 24     133.00 A
06620000 2022 03 25     156.00 A
06620000 2022 03 26     198.00 A
06620000 2022 03 27     253.00 A
06620000 2022 03 28     333.00 A
06620000 2022 03 29     428.00 A
06620000 2022 03 30     518.00 A
06620000 2022 03 31     599.00 A
06620000 2022 04 01     654.00 A
06620000 2022 04 02     675.00 A
06620000 2022 04 03     675.00 A
06620000 2022 04 04     662.00 A
06620000 2022 04 05     639.00 A
06620000 2022 04 06     610.00 A
06620000 2022 04 07     591.00 A
06620000 2022 04 08     588.00 A
06620000 2022 04 09     617.00 A
06620000 2022 04 10     669.00 A
06620000 2022 04 11     552.00 A
06620000 2022 04 12     505.00 A
06620000 2022 04 13     372.00 A
06620000 2022 04 14     279.00 A
06620000 2022 04 15     318.00 A
06620000 2022 04 16     387.00 A
06620000 2022 04 17     462.00 A
06620000 2022 04 18     483.00 A
06620000 2022 04 19     563.00 A
06620000 2022 04 20     771.00 A
06620000 2022 04 21     854.00 A
06620000 2022 04 22     862.00 A
06620000 2022 04 23     995.00 A
06620000 2022 04 24     928.00 A
06620000 2022 04 25     740.00 A
06620000 2022 04 26     608.00 A
06620000 2022 04 27     574.00 A
06620000 2022 04 28     593.00 A
06620000 2022 04 29     630.00 A
06620000 2022 04 30     661.00 A
06620000 2022 05 01     580.00 A
06620000 2022 05 02     571.00 A
06620000 2022 05 03     590.00 A
06620000 2022 05 04     542.00 A
06620000 2022 05 05     583.00 A
06620000 2022 05 06     569.00 A
06620000 2022 05 07     608.00 A
06620000 2022 05 08     741.00 A
06620000 2022 05 09     933.00 A
06620000 2022 05 10     983.00 A
06620000 2022 05 11     901.00 A
06620000 2022 05 12     788.00 A
06620000 2022 05 13     877.00 A
06620000 2022 05 14     768.00 A
06620000 2022 05 15     673.00 A
06620000 2022 05 16     730.00 A
06620000 2022 05 17     903.00 A
06620000 2022 05 18     1040.00 A
06620000 2022 05 19     1200.00 A
06620000 2022 05 20     1490.00 A
06620000 2022 05 21     1800.00 A
06620000 2022 05 22     1690.00 A
06620000 2022 05 23     1450.00 A
06620000 2022 05 24     1210.00 A
06620000 2022 05 25     1020.00 A
06620000 2022 05 26     832.00 A
06620000 2022 05 27     689.00 A
06620000 2022 05 28     705.00 A
06620000 2022 05 29     934.00 A
06620000 2022 05 30     1320.00 A
06620000 2022 05 31     1410.00 A
06620000 2022 06 01     1120.00 A
06620000 2022 06 02     911.00 A
06620000 2022 06 03     783.00 A
06620000 2022 06 04     751.00 A
06620000 2022 06 05     792.00 A
06620000 2022 06 06     1020.00 A
06620000 2022 06 07     1380.00 A
06620000 2022 06 08     1680.00 A
06620000 2022 06 09     1800.00 A
06620000 2022 06 10     1800.00 A
06620000 2022 06 11     1850.00 A
06620000 2022 06 12     1900.00 A
06620000 2022 06 13     2010.00 A
06620000 2022 06 14     2130.00 A
06620000 2022 06 15     1990.00 A
06620000 2022 06 16     1500.00 A
06620000 2022 06 17     1200.00 A
06620000 2022 06 18     1080.00 A
06620000 2022 06 19     1140.00 A
06620000 2022 06 20     1160.00 A
06620000 2022 06 21     1050.00 A
06620000 2022 06 22     922.00 A
06620000 2022 06 23     843.00 A
06620000 2022 06 24     861.00 A
06620000 2022 06 25     960.00 A
06620000 2022 06 26     991.00 A
06620000 2022 06 27     945.00 A
06620000 2022 06 28     963.00 A
06620000 2022 06 29     859.00 A
06620000 2022 06 30     786.00 A
06620000 2022 07 01     923.00 A
06620000 2022 07 02     859.00 A
06620000 2022 07 03     750.00 A
06620000 2022 07 04     654.00 A
06620000 2022 07 05     612.00 A
06620000 2022 07 06     645.00 A
06620000 2022 07 07     674.00 A
06620000 2022 07 08     636.00 A
06620000 2022 07 09     545.00 A
06620000 2022 07 10     424.00 A
06620000 2022 07 11     356.00 A
06620000 2022 07 12     302.00 A
06620000 2022 07 13     271.00 A
06620000 2022 07 14     240.00 A
06620000 2022 07 15     286.00 A
06620000 2022 07 16     339.00 A
06620000 2022 07 17     409.00 A
06620000 2022 07 18     362.00 A
06620000 2022 07 19     324.00 A
06620000 2022 07 20     301.00 A
06620000 2022 07 21     302.00 A
06620000 2022 07 22     278.00 A
06620000 2022 07 23     284.00 A
06620000 2022 07 24     299.00 A
06620000 2022 07 25     330.00 A
06620000 2022 07 26     301.00 A
06620000 2022 07 27     254.00 A
06620000 2022 07 28     231.00 A
06620000 2022 07 29     223.00 A
06620000 2022 07 30     226.00 A
06620000 2022 07 31     212.00 A
06620000 2022 08 01     199.00 A
06620000 2022 08 02     191.00 A
06620000 2022 08 03     186.00 A
06620000 2022 08 04     177.00 A
06620000 2022 08 05     168.00 A
06620000 2022 08 06     160.00 A
06620000 2022 08 07     159.00 A
06620000 2022 08 08     149.00 A
06620000 2022 08 09     168.00 A
06620000 2022 08 10     150.00 A
06620000 2022 08 11     134.00 A
06620000 2022 08 12     139.00 A
06620000 2022 08 13     138.00 A
06620000 2022 08 14     162.00 A
06620000 2022 08 15     175.00 A
06620000 2022 08 16     197.00 A
06620000 2022 08 17     191.00 A
06620000 2022 08 18     169.00 A
06620000 2022 08 19     144.00 A
06620000 2022 08 20     134.00 A
06620000 2022 08 21     133.00 A
06620000 2022 08 22     137.00 A
06620000 2022 08 23     142.00 A
06620000 2022 08 24     133.00 A
06620000 2022 08 25     127.00 A
06620000 2022 08 26     119.00 A
06620000 2022 08 27     118.00 A
06620000 2022 08 28     125.00 A
06620000 2022 08 29     114.00 A
06620000 2022 08 30     106.00 A
06620000 2022 08 31     99.20 A
06620000 2022 09 01     92.20 A
06620000 2022 09 02     88.20 A
06620000 2022 09 03     83.40 A
06620000 2022 09 04     80.20 A
06620000 2022 09 05     76.90 A
06620000 2022 09 06     77.30 A
06620000 2022 09 07     76.20 A
06620000 2022 09 08     73.40 A
06620000 2022 09 09     70.80 A
06620000 2022 09 10     68.80 A
06620000 2022 09 11     64.00 A
06620000 2022 09 12     63.10 A
06620000 2022 09 13     62.50 A
06620000 2022 09 14     62.20 A
06620000 2022 09 15     62.90 A
06620000 2022 09 16     66.90 A
06620000 2022 09 17     77.70 A
06620000 2022 09 18     91.40 A
06620000 2022 09 19     93.80 A
06620000 2022 09 20     88.50 A
06620000 2022 09 21     88.80 A
06620000 2022 09 22     101.00 A
06620000 2022 09 23     114.00 A
06620000 2022 09 24     105.00 A
06620000 2022 09 25     103.00 A
06620000 2022 09 26     92.40 A
06620000 2022 09 27     84.00 A
06620000 2022 09 28     84.30 A
06620000 2022 09 29     82.40 A
06620000 2022 09 30     86.90 A
06620000 2022 10 01     99.60 A
06620000 2022 10 02     113.00 A
06620000 2022 10 03     110.00 A
06620000 2022 10 04     108.00 A
06620000 2022 10 05     105.00 A
06620000 2022 10 06     104.00 A
06620000 2022 10 07     99.90 A
06620000 2022 10 08     96.10 A
06620000 2022 10 09     90.70 A
06620000 2022 10 10     86.60 A
06620000 2022 10 11     86.00 A
06620000 2022 10 12     84.70 A
06620000 2022 10 13     82.40 A
06620000 2022 10 14     79.80 A
06620000 2022 10 15     76.70 A
06620000 2022 10 16     77.70 A
06620000 2022 10 17     78.10 A
06620000 2022 10 18     79.50 A
06620000 2022 10 19     82.80 A
06620000 2022 10 20     87.30 A
06620000 2022 10 21     89.40 A
06620000 2022 10 22     85.70 A
06620000 2022 10 23     85.50 A
06620000 2022 10 24     87.80 A
06620000 2022 10 25     78.70 A
06620000 2022 10 26     83.70 A
06620000 2022 10 27     85.20 A
06620000 2022 10 28     86.00 A
06620000 2022 10 29     84.10 A
06620000 2022 10 30     93.10 A
06620000 2022 10 31     98.50 A
06620000 2022 11 01     96.30 A
06620000 2022 11 02     95.40 A
06620000 2022 11 03     93.60 A
06620000 2022 11 04     69.20 A
06620000 2022 11 05     74.30 A
06620000 2022 11 06     86.00 A
06620000 2022 11 07     96.30 A
06620000 2022 11 08     97.70 A
06620000 2022 11 09     95.80 A
06620000 2022 11 10     66.60 A
06620000 2022 11 11     64.00 A
06620000 2022 11 12     83.70 A
06620000 2022 11 13     85.00 A
06620000 2022 11 14     82.40 A
06620000 2022 11 15     80.00 A
06620000 2022 11 16     79.40 A
06620000 2022 11 17     78.50 A
06620000 2022 11 18     75.30 A
06620000 2022 11 19     73.40 A
06620000 2022 11 20     79.20 A
06620000 2022 11 21     79.50 A
06620000 2022 11 22     81.40 A
06620000 2022 11 23     79.00 A
06620000 2022 11 24     78.40 A
06620000 2022 11 25     79.90 A
06620000 2022 11 26     78.60 A
06620000 2022 11 27     77.80 A
06620000 2022 11 28     77.80 A
06620000 2022 11 29     78.50 A
06620000 2022 11 30     80.60 A
06620000 2022 12 01     82.50 A
06620000 2022 12 02     85.70 A
06620000 2022 12 03     92.80 A
06620000 2022 12 04     98.40 A
06620000 2022 12 05     102.00 A
06620000 2022 12 06     104.00 A
06620000 2022 12 07     105.00 A
06620000 2022 12 08     105.00 A
06620000 2022 12 09     105.00 A
06620000 2022 12 10     105.00 A
06620000 2022 12 11     104.00 A
06620000 2022 12 12     102.00 A
06620000 2022 12 13     99.80 A
06620000 2022 12 14     97.70 A
06620000 2022 12 15     95.10 A
06620000 2022 12 16     93.50 A
06620000 2022 12 17     93.00 A
06620000 2022 12 18     92.30 A
06620000 2022 12 19     89.10 A
06620000 2022 12 20     86.30 A
06620000 2022 12 21     66.80 A
06620000 2022 12 22     52.10 A
06620000 2022 12 23     70.70 A
06620000 2022 12 24     93.50 A
06620000 2022 12 25     102.00 A
06620000 2022 12 26     105.00 A
06620000 2022 12 27     107.00 A
06620000 2022 12 28     106.00 A
06620000 2022 12 29     104.00 A
06620000 2022 12 30     104.00 A
06620000 2022 12 31     106.00 A
06620000 2023 01 01     107.00 A
06620000 2023 01 02     107.00 A
06620000 2023 01 03     107.00 A
06620000 2023 01 04     105.00 A
06620000 2023 01 05     104.00 A
06620000 2023 01 06     104.00 A
06620000 2023 01 07     104.00 A
06620000 2023 01 08     106.00 A
06620000 2023 01 09     107.00 A
06620000 2023 01 10     107.00 A
06620000 2023 01 11     107.00 A
06620000 2023 01 12     106.00 A
06620000 2023 01 13     105.00 A
06620000 2023 01 14     104.00 A
06620000 2023 01 15     104.00 A
06620000 2023 01 16     105.00 A
06620000 2023 01 17     107.00 A
06620000 2023 01 18     110.00 A
06620000 2023 01 19     111.00 A
06620000 2023 01 20     111.00 A
06620000 2023 01 21     112.00 A
06620000 2023 01 22     111.00 A
06620000 2023 01 23     111.00 A
06620000 2023 01 24     110.00 A
06620000 2023 01 25     109.00 A
06620000 2023 01 26     110.00 A
06620000 2023 01 27     114.00 A
06620000 2023 01 28     113.00 A
06620000 2023 01 29     90.30 A
06620000 2023 01 30     54.80 A
06620000 2023 01 31     44.40 A
06620000 2023 02 01     70.10 A
06620000 2023 02 02     81.00 A
06620000 2023 02 03     78.30 A
06620000 2023 02 04     78.20 A
06620000 2023 02 05     78.50 A
06620000 2023 02 06     81.80 A
06620000 2023 02 07     78.00 A
06620000 2023 02 08     78.50 A
06620000 2023 02 09     60.50 A
06620000 2023 02 10     45.20 A
06620000 2023 02 11     90.20 A
06620000 2023 02 12     96.00 A
06620000 2023 02 13     90.90 A
06620000 2023 02 14     84.20 A
06620000 2023 02 15     55.70 A
06620000 2023 02 16     48.90 A
06620000 2023 02 17     57.70 A
06620000 2023 02 18     113.00 A
06620000 2023 02 19     141.00 A
06620000 2023 02 20     133.00 A
06620000 2023 02 21     103.00 A
06620000 2023 02 22     58.40 A
06620000 2023 02 23     49.40 A
06620000 2023 02 24     78.80 A
06620000 2023 02 25     117.00 A
06620000 2023 02 26     137.00 A
06620000 2023 02 27     140.00 A
06620000 2023 02 28     142.00 A
06620000 2023 03 01     131.00 A
06620000 2023 03 02     96.50 A
06620000 2023 03 03     57.00 A
06620000 2023 03 04     67.40 A
06620000 2023 03 05     86.30 A
06620000 2023 03 06     68.10 A
06620000 2023 03 07     49.10 A
06620000 2023 03 08     48.90 A
06620000 2023 03 09     69.20 A
06620000 2023 03 10     85.20 A
06620000 2023 03 11     56.80 A
06620000 2023 03 12     49.60 A
06620000 2023 03 13     68.30 A
06620000 2023 03 14     102.00 A
06620000 2023 03 15     86.80 A
06620000 2023 03 16     57.10 A
06620000 2023 03 17     48.90 A
06620000 2023 03 18     50.60 A
06620000 2023 03 19     58.00 A
06620000 2023 03 20     117.00 A
06620000 2023 03 21     143.00 A
06620000 2023 03 22     139.00 A
06620000 2023 03 23     118.00 A
06620000 2023 03 24     58.70 A
06620000 2023 03 25     48.90 A
06620000 2023 03 26     46.20 A
06620000 2023 03 27     59.80 A
06620000 2023 03 28     63.90 A
06620000 2023 03 29     121.00 A
06620000 2023 03 30     139.00 A
06620000 2023 03 31     155.00 A
06620000 2023 04 01     173.00 A
06620000 2023 04 02     191.00 A
06620000 2023 04 03     251.00 A
06620000 2023 04 04     291.00 A
06620000 2023 04 05     344.00 A
06620000 2023 04 06     381.00 A
06620000 2023 04 07     431.00 A
06620000 2023 04 08     476.00 A
06620000 2023 04 09     550.00 A
06620000 2023 04 10     641.00 A
06620000 2023 04 11     912.00 A
06620000 2023 04 12     1170.00 A
06620000 2023 04 13     1080.00 A
06620000 2023 04 14     1060.00 A
06620000 2023 04 15     1340.00 A
06620000 2023 04 16     1340.00 A
06620000 2023 04 17     1160.00 A
06620000 2023 04 18     1180.00 A
06620000 2023 04 19     1200.00 A
06620000 2023 04 20     1020.00 A
06620000 2023 04 21     773.00 A
06620000 2023 04 22     646.00 A
06620000 2023 04 23     630.00 A
06620000 2023 04 24     603.00 A
06620000 2023 04 25     748.00 A
06620000 2023 04 26     910.00 A
06620000 2023 04 27     981.00 A
06620000 2023 04 28     1090.00 A
06620000 2023 04 29     1110.00 A
06620000 2023 04 30     1120.00 A
06620000 2023 05 01     1310.00 A
06620000 2023 05 02     1490.00 A
06620000 2023 05 03     1670.00 A
06620000 2023 05 04     1810.00 A
06620000 2023 05 05     1950.00 A
06620000 2023 05 06     1960.00 A
06620000 2023 05 07     1850.00 A
06620000 2023 05 08     1690.00 A
06620000 2023 05 09     1440.00 A
06620000 2023 05 10     1330.00 A
06620000 2023 05 11     1430.00 A
06620000 2023 05 12     1640.00 A
06620000 2023 05 13     1730.00 A
06620000 2023 05 14     1780.00 A
06620000 2023 05 15     1830.00 A
06620000 2023 05 16     1990.00 A
06620000 2023 05 17     2240.00 A
06620000 2023 05 18     2440.00 A
06620000 2023 05 19     2450.00 A
06620000 2023 05 20     2390.00 A
06620000 2023 05 21     2210.00 A
06620000 2023 05 22     2090.00 A
06620000 2023 05 23     2050.00 A
06620000 2023 05 24     2060.00 A
06620000 2023 05 25     2170.00 A
06620000 2023 05 26     2190.00 A
06620000 2023 05 27     2190.00 A
06620000 2023 05 28     2150.00 A
06620000 2023 05 29     2100.00 A
06620000 2023 05 30     1970.00 A
06620000 2023 05 31     1870.00 A
06620000 2023 06 01     1790.00 A
06620000 2023 06 02     1730.00 A
06620000 2023 06 03     1730.00 A
06620000 2023 06 04     1770.00 A
06620000 2023 06 05     1850.00 A
06620000 2023 06 06     1830.00 A
06620000 2023 06 07     1850.00 A
06620000 2023 06 08     2010.00 A
06620000 2023 06 09     2140.00 A
06620000 2023 06 10     2180.00 A
06620000 2023 06 11     2000.00 A
06620000 2023 06 12     1960.00 A
06620000 2023 06 13     2140.00 A
06620000 2023 06 14     2200.00 A
06620000 2023 06 15     2060.00 A
06620000 2023 06 16     2070.00 A
06620000 2023 06 17     2170.00 A
06620000 2023 06 18     2030.00 A
06620000 2023 06 19     1710.00 A
06620000 2023 06 20     1400.00 A
06620000 2023 06 21     1230.00 A
06620000 2023 06 22     1130.00 A
06620000 2023 06 23     1060.00 A
06620000 2023 06 24     984.00 A
06620000 2023 06 25     892.00 A
06620000 2023 06 26     835.00 A
06620000 2023 06 27     758.00 A
06620000 2023 06 28     696.00 A
06620000 2023 06 29     657.00 A
06620000 2023 06 30     639.00 A
06620000 2023 07 01     700.00 A
06620000 2023 07 02     760.00 A
06620000 2023 07 03     703.00 A
06620000 2023 07 04     664.00 A
06620000 2023 07 05     734.00 A
06620000 2023 07 06     736.00 A
06620000 2023 07 07     725.00 A
06620000 2023 07 08     803.00 A
06620000 2023 07 09     794.00 A
06620000 2023 07 10     694.00 A
06620000 2023 07 11     592.00 A
06620000 2023 07 12     503.00 A
06620000 2023 07 13     439.00 A
06620000 2023 07 14     397.00 A
06620000 2023 07 15     364.00 A
06620000 2023 07 16     334.00 A
06620000 2023 07 17     310.00 A
06620000 2023 07 18     300.00 A
06620000 2023 07 19     313.00 A
06620000 2023 07 20     351.00 A
06620000 2023 07 21     380.00 A
06620000 2023 07 22     376.00 A
06620000 2023 07 23     360.00 A
06620000 2023 07 24     346.00 A
06620000 2023 07 25     316.00 A
06620000 2023 07 26     284.00 A
06620000 2023 07 27     261.00 A
06620000 2023 07 28     257.00 A
06620000 2023 07 29     260.00 A
06620000 2023 07 30     248.00 A
06620000 2023 07 31     237.00 A
06620000 2023 08 01     282.00 A
06620000 2023 08 02     279.00 A
06620000 2023 08 03     292.00 A
06620000 2023 08 04     303.00 A
06620000 2023 08 05     278.00 A
06620000 2023 08 06     259.00 A
06620000 2023 08 07     249.00 A
06620000 2023 08 08     244.00 A
06620000 2023 08 09     257.00 A
06620000 2023 08 10     229.00 A
06620000 2023 08 11     209.00 A
06620000 2023 08 12     194.00 A
06620000 2023 08 13     187.00 A
06620000 2023 08 14     178.00 A
06620000 2023 08 15     174.00 A
06620000 2023 08 16     166.00 A
06620000 2023 08 17     157.00 A
06620000 2023 08 18     149.00 A
06620000 2023 08 19     142.00 A
06620000 2023 08 20     141.00 A
06620000 2023 08 21     141.00 A
06620000 2023 08 22     133.00 A
06620000 2023 08 23     129.00 A
06620000 2023 08 24     133.00 A
06620000 2023 08 25     164.00 A
06620000 2023 08 26     230.00 A
06620000 2023 08 27     280.00 A
06620000 2023 08 28     260.00 A
06620000 2023 08 29     227.00 A
06620000 2023 08 30     199.00 A
06620000 2023 08 31     170.00 A
06620000 2023 09 01     151.00 A
06620000 2023 09 02     147.00 A
06620000 2023 09 03     146.00 A
06620000 2023 09 04     147.00 A
06620000 2023 09 05     150.00 A
06620000 2023 09 06     151.00 A
06620000 2023 09 07     137.00 A
06620000 2023 09 08     124.00 A
06620000 2023 09 09     113.00 A
06620000 2023 09 10     109.00 A
06620000 2023 09 11     109.00 A
06620000 2023 09 12     110.00 A
06620000 2023 09 13     108.00 A
06620000 2023 09 14     106.00 A
06620000 2023 09 15     115.00 A
06620000 2023 09 16     122.00 A
06620000 2023 09 17     123.00 A
06620000 2023 09 18     118.00 A
06620000 2023 09 19     110.00 A
06620000 2023 09 20     109.00 A
06620000 2023 09 21     110.00 A
06620000 2023 09 22     104.00 A
06620000 2023 09 23     98.80 A
06620000 2023 09 24     94.50 A
06620000 2023 09 25     88.50 A
06620000 2023 09 26     85.10 A
06620000 2023 09 27     81.00 A
06620000 2023 09 28     80.90 A
06620000 2023 09 29     81.50 A
06620000 2023 09 30     77.40 A
06620000 2023 10 01     74.40 A
06620000 2023 10 02     73.60 A
06620000 2023 10 03     75.00 A
06620000 2023 10 04     78.10 A
06620000 2023 10 05     81.20 A
06620000 2023 10 06     82.90 A
06620000 2023 10 07     82.30 A
06620000 2023 10 08     80.10 A
06620000 2023 10 09     81.80 A
06620000 2023 10 10     78.50 A
06620000 2023 10 11     82.00 A
06620000 2023 10 12     94.70 A
06620000 2023 10 13     107.00 A
06620000 2023 10 14     105.00 A
06620000 2023 10 15     104.00 A
06620000 2023 10 16     107.00 A
06620000 2023 10 17     108.00 A
06620000 2023 10 18     112.00 A
06620000 2023 10 19     110.00 A
06620000 2023 10 20     107.00 A
06620000 2023 10 21     104.00 A
06620000 2023 10 22     101.00 A
06620000 2023 10 23     98.00 A
06620000 2023 10 24     104.00 A
06620000 2023 10 25     117.00 A
06620000 2023 10 26     122.00 A
06620000 2023 10 27     119.00 A
06620000 2023 10 28     122.00 A
06620000 2023 10 29     112.00 A
06620000 2023 10 30     74.50 A
06620000 2023 10 31     83.10 A
06620000 2023 11 01     120.00 A
06620000 2023 11 02     181.00 A
06620000 2023 11 03     166.00 A
06620000 2023 11 04     159.00 A
06620000 2023 11 05     152.00 A
06620000 2023 11 06     145.00 A
06620000 2023 11 07     139.00 A
06620000 2023 11 08     136.00 A
06620000 2023 11 09     56.40 A
06620000 2023 11 10     43.80 A
06620000 2023 11 11     59.50 A
06620000 2023 11 12     50.10 A
06620000 2023 11 13     38.20 A
06620000 2023 11 14     58.00 A
06620000 2023 11 15     74.70 A
06620000 2023 11 16     84.60 A
06620000 2023 11 17     89.70 A
06620000 2023 11 18     87.90 A
06620000 2023 11 19     83.10 A
06620000 2023 11 20     79.00 A
06620000 2023 11 21     74.60 A
06620000 2023 11 22     67.00 A
06620000 2023 11 23     70.30 A
06620000 2023 11 24     62.70 A
06620000 2023 11 25     50.70 A
06620000 2023 11 26     68.10 A
06620000 2023 11 27     73.00 A
06620000 2023 11 28     75.90 A
06620000 2023 11 29     80.70 A
06620000 2023 11 30     87.30 A
06620000 2023 12 01     92.60 A
06620000 2023 12 02     94.40 A
06620000 2023 12 03     97.50 A
06620000 2023 12 04     101.00 A
06620000 2023 12 05     104.00 A
06620000 2023 12 06     114.00 A
06620000 2023 12 07     118.00 A
06620000 2023 12 08     95.00 A
06620000 2023 12 09     82.60 A
06620000 2023 12 10     80.80 A
06620000 2023 12 11     85.80 A
06620000 2023 12 12     85.80 A
06620000 2023 12 13     85.30 A
06620000 2023 12 14     88.90 A
06620000 2023 12 15     83.00 A
06620000 2023 12 16     77.60 A
06620000 2023 12 17     83.90 A
06620000 2023 12 18     88.20 A
06620000 2023 12 19     81.40 A
06620000 2023 12 20     90.00 A
06620000 2023 12 21     95.10 A
06620000 2023 12 22     97.70 A
06620000 2023 12 23     93.90 A
06620000 2023 12 24     101.00 A
06620000 2023 12 25     101.00 A
06620000 2023 12 26     90.50 A
06620000 2023 12 27     101.00 A
06620000 2023 12 28     104.00 A
06620000 2023 12 29     101.00 A
06620000 2023 12 30     90.80 A
06620000 2023 12 31     99.40 A
06620000 2024 01 01     81.00 A
06620000 2024 01 02     80.90 A
06620000 2024 01 03     71.60 A
06620000 2024 01 04     64.40 A
06620000 2024 01 05     69.10 A
06620000 2024 01 06     52.30 A
06620000 2024 01 07     69.90 A
06620000 2024 01 08     68.40 A
06620000 2024 01 09     67.30 A
06620000 2024 01 10     68.30 A
06620000 2024 01 11     73.70 A
06620000 2024 01 12     74.30 A
06620000 2024 01 13     76.80 A
06620000 2024 01 14     77.60 A
06620000 2024 01 15     49.20 A
06620000 2024 01 16     46.80 A
06620000 2024 01 17     67.60 A
06620000 2024 01 18     63.50 A
06620000 2024 01 19     70.90 A
06620000 2024 01 20     75.00 A
06620000 2024 01 21     64.10 A
06620000 2024 01 22     67.40 A
06620000 2024 01 23     62.90 A
06620000 2024 01 24     62.40 A
06620000 2024 01 25     57.10 A
06620000 2024 01 26     75.50 A
06620000 2024 01 27     65.40 A
06620000 2024 01 28     66.10 A
06620000 2024 01 29     46.70 A
06620000 2024 01 30     49.30 A
06620000 2024 01 31     62.20 A
06620000 2024 02 01     64.40 A
06620000 2024 02 02     80.60 A
06620000 2024 02 03     71.60 A
06620000 2024 02 04     70.40 A
06620000 2024 02 05     59.90 A
06620000 2024 02 06     55.50 A
06620000 2024 02 07     62.00 A
06620000 2024 02 08     81.80 A
06620000 2024 02 09     81.30 A
06620000 2024 02 10     94.00 A
06620000 2024 02 11     106.00 A
06620000 2024 02 12     105.00 A
06620000 2024 02 13     109.00 A
06620000 2024 02 14     118.00 A
06620000 2024 02 15     131.00 A
06620000 2024 02 16     135.00 A
06620000 2024 02 17     119.00 A
06620000 2024 02 18     107.00 A
06620000 2024 02 19     111.00 A
06620000 2024 02 20     116.00 A
06620000 2024 02 21     113.00 A
06620000 2024 02 22     109.00 A
06620000 2024 02 23     109.00 A
06620000 2024 02 24     104.00 A
06620000 2024 02 25     92.40 A
06620000 2024 02 26     101.00 A
06620000 2024 02 27     89.80 A
06620000 2024 02 28     111.00 A
06620000 2024 02 29     109.00 A
06620000 2024 03 01     100.00 A
06620000 2024 03 02     120.00 A
06620000 2024 03 03     88.20 A
06620000 2024 03 04     117.00 A
06620000 2024 03 05     114.00 A
06620000 2024 03 06     165.00 A
06620000 2024 03 07     182.00 A
06620000 2024 03 08     153.00 A
06620000 2024 03 09     142.00 A
06620000 2024 03 10     160.00 A
06620000 2024 03 11     156.00 A
06620000 2024 03 12     165.00 A
06620000 2024 03 13     200.00 A
06620000 2024 03 14     182.00 A
06620000 2024 03 15     127.00 A
06620000 2024 03 16     160.00 A
06620000 2024 03 17     291.00 A
06620000 2024 03 18     304.00 A
06620000 2024 03 19     332.00 A
06620000 2024 03 20     334.00 A
06620000 2024 03 21     333.00 A
06620000 2024 03 22     318.00 A
06620000 2024 03 23     379.00 A
06620000 2024 03 24     372.00 A
06620000 2024 03 25     238.00 A
06620000 2024 03 26     278.00 A
06620000 2024 03 27     307.00 A
06620000 2024 03 28     347.00 A
06620000 2024 03 29     396.00 A
06620000 2024 03 30     410.00 A
06620000 2024 03 31     427.00 A
06620000 2024 04 01     422.00 A
06620000 2024 04 02     443.00 A
06620000 2024 04 03     493.00 A
06620000 2024 04 04     470.00 A
06620000 2024 04 05     472.00 A
06620000 2024 04 06     533.00 A
06620000 2024 04 07     574.00 A
06620000 2024 04 08     548.00 A
06620000 2024 04 09     565.00 A
06620000 2024 04 10     624.00 A
06620000 2024 04 11     630.00 A
06620000 2024 04 12     703.00 A
06620000 2024 04 13     897.00 A
06620000 2024 04 14     1180.00 A
06620000 2024 04 15     1350.00 A
06620000 2024 04 16     1390.00 A
06620000 2024 04 17     1290.00 A
06620000 2024 04 18     1290.00 A
06620000 2024 04 19     1190.00 A
06620000 2024 04 20     1040.00 A
06620000 2024 04 21     917.00 A
06620000 2024 04 22     870.00 A
06620000 2024 04 23     927.00 A
06620000 2024 04 24     1040.00 A
06620000 2024 04 25     1150.00 A
06620000 2024 04 26     1240.00 A
06620000 2024 04 27     1340.00 A
06620000 2024 04 28     1280.00 A
06620000 2024 04 29     1080.00 A
06620000 2024 04 30     876.00 A
06620000 2024 05 01     836.00 A
06620000 2024 05 02     755.00 A
06620000 2024 05 03     617.00 A
06620000 2024 05 04     491.00 A
06620000 2024 05 05     371.00 A
06620000 2024 05 06     406.00 A
06620000 2024 05 07     508.00 A
06620000 2024 05 08     505.00 A
06620000 2024 05 09     469.00 A
06620000 2024 05 10     426.00 A
06620000 2024 05 11     368.00 A
06620000 2024 05 12     363.00 A
06620000 2024 05 13     385.00 A
06620000 2024 05 14     378.00 A
06620000 2024 05 15     455.00 A
06620000 2024 05 16     548.00 A
06620000 2024 05 17     530.00 A
06620000 2024 05 18     546.00 A
06620000 2024 05 19     616.00 A
06620000 2024 05 20     765.00 A
06620000 2024 05 21     939.00 A
06620000 2024 05 22     1010.00 A
06620000 2024 05 23     881.00 A
06620000 2024 05 24     639.00 A
06620000 2024 05 25     541.00 A
06620000 2024 05 26     519.00 A
06620000 2024 05 27     530.00 A
06620000 2024 05 28     484.00 A
06620000 2024 05 29     487.00 A
06620000 2024 05 30     554.00 A
06620000 2024 05 31     597.00 A
06620000 2024 06 01     650.00 A
06620000 2024 06 02     726.00 A
06620000 2024 06 03     885.00 A
06620000 2024 06 04     987.00 A
06620000 2024 06 05     1210.00 A
06620000 2024 06 06     1390.00 A
06620000 2024 06 07     1470.00 A
06620000 2024 06 08     1630.00 A
06620000 2024 06 09     1790.00 A
06620000 2024 06 10     1860.00 A
06620000 2024 06 11     1820.00 A
06620000 2024 06 12     1750.00 A
06620000 2024 06 13     1620.00 A
06620000 2024 06 14     1510.00 A
06620000 2024 06 15     1500.00 A
06620000 2024 06 16     1380.00 A
06620000 2024 06 17     1200.00 A
06620000 2024 06 18     1010.00 A
06620000 2024 06 19     851.00 A
06620000 2024 06 20     732.00 A
06620000 2024 06 21     756.00 A
06620000 2024 06 22     800.00 A
06620000 2024 06 23     831.00 A
06620000 2024 06 24     774.00 A
06620000 2024 06 25     692.00 A
06620000 2024 06 26     712.00 A
06620000 2024 06 27     718.00 A
06620000 2024 06 28     763.00 A
06620000 2024 06 29     881.00 A
06620000 2024 06 30     840.00 A
06620000 2024 07 01     693.00 A
06620000 2024 07 02     678.00 A
06620000 2024 07 03     601.00 A
06620000 2024 07 04     504.00 A
06620000 2024 07 05     445.00 A
06620000 2024 07 06     386.00 A
06620000 2024 07 07     352.00 A
06620000 2024 07 08     344.00 A
06620000 2024 07 09     342.00 A
06620000 2024 07 10     329.00 A
06620000 2024 07 11     316.00 A
06620000 2024 07 12     297.00 A
06620000 2024 07 13     264.00 A
06620000 2024 07 14     236.00 A
06620000 2024 07 15     230.00 A
06620000 2024 07 16     231.00 A
06620000 2024 07 17     241.00 A
06620000 2024 07 18     253.00 A
06620000 2024 07 19     279.00 A
06620000 2024 07 20     311.00 A
06620000 2024 07 21     295.00 A
06620000 2024 07 22     300.00 A
06620000 2024 07 23     291.00 A
06620000 2024 07 24     275.00 A
06620000 2024 07 25     265.00 A
06620000 2024 07 26     267.00 A
06620000 2024 07 27     246.00 A
06620000 2024 07 28     276.00 A
06620000 2024 07 29     272.00 A
06620000 2024 07 30     231.00 A
06620000 2024 07 31     201.00 A
06620000 2024 08 01     181.00 A
06620000 2024 08 02     169.00 A
06620000 2024 08 03     157.00 A
06620000 2024 08 04     147.00 A
06620000 2024 08 05     145.00 A
06620000 2024 08 06     142.00 A
06620000 2024 08 07     140.00 A
06620000 2024 08 08     141.00 A
06620000 2024 08 09     142.00 A
06620000 2024 08 10     154.00 A
06620000 2024 08 11     160.00 A
06620000 2024 08 12     159.00 A
06620000 2024 08 13     152.00 A
06620000 2024 08 14     151.00 A
06620000 2024 08 15     160.00 A
06620000 2024 08 16     160.00 A
06620000 2024 08 17     147.00 A
06620000 2024 08 18     135.00 A
06620000 2024 08 19     127.00 A
06620000 2024 08 20     126.00 A
06620000 2024 08 21     124.00 A
06620000 2024 08 22     126.00 A
06620000 2024 08 23     140.00 A
06620000 2024 08 24     141.00 A
06620000 2024 08 25     135.00 A
06620000 2024 08 26     128.00 A
06620000 2024 08 27     124.00 A
06620000 2024 08 28     113.00 A
06620000 2024 08 29     103.00 A
06620000 2024 08 30     96.60 A
06620000 2024 08 31     90.60 A
06620000 2024 09 01     85.40 A
06620000 2024 09 02     81.80 A
06620000 2024 09 03     77.80 A
06620000 2024 09 04     77.50 A
06620000 2024 09 05     84.50 A
06620000 2024 09 06     94.80 A
06620000 2024 09 07     91.00 A
06620000 2024 09 08     84.30 A
06620000 2024 09 09     80.00 A
06620000 2024 09 10     77.10 A
06620000 2024 09 11     75.60 A
06620000 2024 09 12     73.30 A
06620000 2024 09 13     66.70 A
06620000 2024 09 14     62.20 A
06620000 2024 09 15     59.10 A
06620000 2024 09 16     57.30 A
06620000 2024 09 17     58.30 A
06620000 2024 09 18     60.60 A
06620000 2024 09 19     63.80 A
06620000 2024 09 20     59.40 A
06620000 2024 09 21     56.70 A
06620000 2024 09 22     56.90 A
06620000 2024 09 23     62.30 A
06620000 2024 09 24     63.20 A
06620000 2024 09 25     62.90 A
06620000 2024 09 26     62.50 A
06620000 2024 09 27     61.90 A
06620000 2024 09 28     59.90 A
06620000 2024 09 29     59.80 A
06620000 2024 09 30     58.10 A
06620000 2024 10 01     54.50 A
06620000 2024 10 02     50.70 A
06620000 2024 10 03     50.40 A
06620000 2024 10 04     49.80 A
06620000 2024 10 05     48.30 A
06620000 2024 10 06     48.20 A
06620000 2024 10 07     48.30 A
06620000 2024 10 08     48.80 A
06620000 2024 10 09     50.10 A
06620000 2024 10 10     51.60 A
06620000 2024 10 11     53.30 A
06620000 2024 10 12     53.60 A
06620000 2024 10 13     54.10 A
06620000 2024 10 14     54.20 A
06620000 2024 10 15     54.90 A
06620000 2024 10 16     55.50 A
06620000 2024 10 17     53.30 A
06620000 2024 10 18     55.20 A
06620000 2024 10 19     60.80 A
06620000 2024 10 20     63.00 A
06620000 2024 10 21     70.30 A
06620000 2024 10 22     81.50 A
06620000 2024 10 23     81.00 A
06620000 2024 10 24     77.10 A
06620000 2024 10 25     76.70 A
06620000 2024 10 26     75.50 A
06620000 2024 10 27     73.10 A
06620000 2024 10 28     70.30 A
06620000 2024 10 29     77.60 A
06620000 2024 10 30     92.40 A
06620000 2024 10 31     93.70 A
06620000 2024 11 01     93.80 A
06620000 2024 11 02     92.30 A
06620000 2024 11 03     90.40 A
06620000 2024 11 04     90.00 A
06620000 2024 11 05     89.40 A
06620000 2024 11 06     81.20 A
06620000 2024 11 07     66.60 A
06620000 2024 11 08     58.70 A
06620000 2024 11 09     57.30 A
06620000 2024 11 10     63.80 A
06620000 2024 11 11     63.50 A
06620000 2024 11 12     55.90 A
06620000 2024 11 13     62.20 A
06620000 2024 11 14     95.90 A
06620000 2024 11 15     90.80 A
06620000 2024 11 16     67.10 A
06620000 2024 11 17     72.70 A
06620000 2024 11 18     76.20 A
06620000 2024 11 19     67.50 A
06620000 2024 11 20     79.70 A
06620000 2024 11 21     77.40 A
06620000 2024 11 22     78.90 A
06620000 2024 11 23     84.40 A
06620000 2024 11 24     80.90 A
06620000 2024 11 25     58.00 A
06620000 2024 11 26     84.70 A
06620000 2024 11 27     77.90 A
06620000 2024 11 28     88.10 A
06620000 2024 11 29     118.00 A
06620000 2024 11 30     142.00 A
06620000 2024 12 01     123.00 A
06620000 2024 12 02     118.00 A
06620000 2024 12 03     108.00 A
06620000 2024 12 04     115.00 A
06620000 2024 12 05     91.60 A
06620000 2024 12 06     95.30 A
06620000 2024 12 07     77.80 A
06620000 2024 12 08     83.00 A
06620000 2024 12 09     86.10 A
06620000 2024 12 10     112.00 A
06620000 2024 12 11     110.00 A
06620000 2024 12 12     109.00 A
06620000 2024 12 13     71.30 A
06620000 2024 12 14     113.00 A
06620000 2024 12 15     111.00 A
06620000 2024 12 16     128.00 A
06620000 2024 12 17     119.00 A
06620000 2024 12 18     91.80 A
06620000 2024 12 19     122.00 A
06620000 2024 12 20     87.40 A
06620000 2024 12 21     97.60 A
06620000 2024 12 22     108.00 A
06620000 2024 12 23     110.00 A
06620000 2024 12 24     69.40 A
06620000 2024 12 25     88.20 A
06620000 2024 12 26     126.00 A
06620000 2024 12 27     129.00 A
06620000 2024 12 28     165.00 A
06620000 2024 12 29     186.00 A
06620000 2024 12 30     144.00 A
06620000 2024 12 31     83.90 A
