06622700 1980 01 01     8.10 A
06622700 1980 01 02     8.20 A
06622700 1980 01 03     8.40 A
06622700 1980 01 04     8.50 A
06622700 1980 01 05     8.60 A
06622700 1980 01 06     8.70 A
06622700 1980 01 07     8.80 A
06622700 1980 01 08     8.90 A
06622700 1980 01 09     9.00 A
06622700 1980 01 10     9.10 A
06622700 1980 01 11     9.20 A
06622700 1980 01 12     9.30 A
06622700 1980 01 13     9.40 A
06622700 1980 01 14     9.40 A
06622700 1980 01 15     9.30 A
06622700 1980 01 16     9.20 A
06622700 1980 01 17     9.10 A
06622700 1980 01 18     8.90 A
06622700 1980 01 19     8.70 A
06622700 1980 01 20     8.60 A
06622700 1980 01 21     8.40 A
06622700 1980 01 22     8.30 A
06622700 1980 01 23     8.10 A
06622700 1980 01 24     8.00 A
06622700 1980 01 25     7.80 A
06622700 1980 01 26     7.60 A
06622700 1980 01 27     7.10 A
06622700 1980 01 28     6.40 A
06622700 1980 01 29     5.80 A
06622700 1980 01 30     5.50 A
06622700 1980 01 31     5.40 A
06622700 1980 02 01     5.50 A
06622700 1980 02 02     5.70 A
06622700 1980 02 03     5.90 A
06622700 1980 02 04     6.20 A
06622700 1980 02 05     6.50 A
06622700 1980 02 06     6.70 A
06622700 1980 02 07     6.60 A
06622700 1980 02 08     5.90 A
06622700 1980 02 09     5.60 A
06622700 1980 02 10     5.80 A
06622700 1980 02 11     6.00 A
06622700 1980 02 12     6.20 A
06622700 1980 02 13     6.40 A
06622700 1980 02 14     6.60 A
06622700 1980 02 15     6.80 A
06622700 1980 02 16     7.00 A
06622700 1980 02 17     7.20 A
06622700 1980 02 18     7.40 A
06622700 1980 02 19     7.60 A
06622700 1980 02 20     7.80 A
06622700 1980 02 21     8.10 A
06622700 1980 02 22     8.30 A
06622700 1980 02 23     8.60 A
06622700 1980 02 24     8.80 A
06622700 1980 02 25     9.00 A
06622700 1980 02 26     9.20 A
06622700 1980 02 27     9.20 A
06622700 1980 02 28     9.30 A
06622700 1980 02 29     9.30 A
06622700 1980 03 01     9.30 A
06622700 1980 03 02     9.30 A
06622700 1980 03 03     9.20 A
06622700 1980 03 04     9.20 A
06622700 1980 03 05     9.20 A
06622700 1980 03 06     9.10 A
06622700 1980 03 07     9.10 A
06622700 1980 03 08     9.00 A
06622700 1980 03 09     8.90 A
06622700 1980 03 10     8.80 A
06622700 1980 03 11     8.90 A
06622700 1980 03 12     8.90 A
06622700 1980 03 13     9.00 A
06622700 1980 03 14     9.10 A
06622700 1980 03 15     9.20 A
06622700 1980 03 16     9.30 A
06622700 1980 03 17     9.40 A
06622700 1980 03 18     9.60 A
06622700 1980 03 19     9.80 A
06622700 1980 03 20     9.90 A
06622700 1980 03 21     10.00 A
06622700 1980 03 22     10.00 A
06622700 1980 03 23     10.00 A
06622700 1980 03 24     10.00 A
06622700 1980 03 25     9.90 A
06622700 1980 03 26     9.80 A
06622700 1980 03 27     9.80 A
06622700 1980 03 28     9.70 A
06622700 1980 03 29     9.70 A
06622700 1980 03 30     9.70 A
06622700 1980 03 31     9.60 A
06622700 1980 04 01     9.60 A
06622700 1980 04 02     9.60 A
06622700 1980 04 03     9.70 A
06622700 1980 04 04     9.90 A
06622700 1980 04 05     10.00 A
06622700 1980 04 06     10.00 A
06622700 1980 04 07     9.90 A
06622700 1980 04 08     9.90 A
06622700 1980 04 09     10.00 A
06622700 1980 04 10     10.00 A
06622700 1980 04 11     11.00 A
06622700 1980 04 12     11.00 A
06622700 1980 04 13     12.00 A
06622700 1980 04 14     12.00 A
06622700 1980 04 15     13.00 A
06622700 1980 04 16     14.00 A
06622700 1980 04 17     16.00 A
06622700 1980 04 18     18.00 A
06622700 1980 04 19     20.00 A
06622700 1980 04 20     25.00 A
06622700 1980 04 21     33.00 A
06622700 1980 04 22     41.00 A
06622700 1980 04 23     45.00 A
06622700 1980 04 24     49.00 A
06622700 1980 04 25     43.00 A
06622700 1980 04 26     44.00 A
06622700 1980 04 27     59.00 A
06622700 1980 04 28     58.00 A
06622700 1980 04 29     55.00 A
06622700 1980 04 30     64.00 A
06622700 1980 05 01     69.00 A
06622700 1980 05 02     73.00 A
06622700 1980 05 03     74.00 A
06622700 1980 05 04     74.00 A
06622700 1980 05 05     86.00 A
06622700 1980 05 06     98.00 A
06622700 1980 05 07     104.00 A
06622700 1980 05 08     110.00 A
06622700 1980 05 09     128.00 A
06622700 1980 05 10     127.00 A
06622700 1980 05 11     130.00 A
06622700 1980 05 12     120.00 A
06622700 1980 05 13     104.00 A
06622700 1980 05 14     96.00 A
06622700 1980 05 15     100.00 A
06622700 1980 05 16     107.00 A
06622700 1980 05 17     106.00 A
06622700 1980 05 18     101.00 A
06622700 1980 05 19     110.00 A
06622700 1980 05 20     130.00 A
06622700 1980 05 21     184.00 A
06622700 1980 05 22     304.00 A
06622700 1980 05 23     396.00 A
06622700 1980 05 24     381.00 A
06622700 1980 05 25     300.00 A
06622700 1980 05 26     208.00 A
06622700 1980 05 27     248.00 A
06622700 1980 05 28     325.00 A
06622700 1980 05 29     272.00 A
06622700 1980 05 30     268.00 A
06622700 1980 05 31     256.00 A
06622700 1980 06 01     220.00 A
06622700 1980 06 02     256.00 A
06622700 1980 06 03     334.00 A
06622700 1980 06 04     406.00 A
06622700 1980 06 05     415.00 A
06622700 1980 06 06     415.00 A
06622700 1980 06 07     401.00 A
06622700 1980 06 08     391.00 A
06622700 1980 06 09     386.00 A
06622700 1980 06 10     391.00 A
06622700 1980 06 11     391.00 A
06622700 1980 06 12     386.00 A
06622700 1980 06 13     343.00 A
06622700 1980 06 14     295.00 A
06622700 1980 06 15     224.00 A
06622700 1980 06 16     182.00 A
06622700 1980 06 17     199.00 A
06622700 1980 06 18     187.00 A
06622700 1980 06 19     172.00 A
06622700 1980 06 20     164.00 A
06622700 1980 06 21     177.00 A
06622700 1980 06 22     158.00 A
06622700 1980 06 23     154.00 A
06622700 1980 06 24     141.00 A
06622700 1980 06 25     128.00 A
06622700 1980 06 26     123.00 A
06622700 1980 06 27     107.00 A
06622700 1980 06 28     92.00 A
06622700 1980 06 29     85.00 A
06622700 1980 06 30     86.00 A
06622700 1980 07 01     94.00 A
06622700 1980 07 02     128.00 A
06622700 1980 07 03     96.00 A
06622700 1980 07 04     75.00 A
06622700 1980 07 05     60.00 A
06622700 1980 07 06     51.00 A
06622700 1980 07 07     51.00 A
06622700 1980 07 08     50.00 A
06622700 1980 07 09     40.00 A
06622700 1980 07 10     35.00 A
06622700 1980 07 11     31.00 A
06622700 1980 07 12     30.00 A
06622700 1980 07 13     32.00 A
06622700 1980 07 14     29.00 A
06622700 1980 07 15     24.00 A
06622700 1980 07 16     21.00 A
06622700 1980 07 17     19.00 A
06622700 1980 07 18     18.00 A
06622700 1980 07 19     22.00 A
06622700 1980 07 20     17.00 A
06622700 1980 07 21     14.00 A
06622700 1980 07 22     13.00 A
06622700 1980 07 23     12.00 A
06622700 1980 07 24     12.00 A
06622700 1980 07 25     12.00 A
06622700 1980 07 26     12.00 A
06622700 1980 07 27     12.00 A
06622700 1980 07 28     11.00 A
06622700 1980 07 29     11.00 A
06622700 1980 07 30     12.00 A
06622700 1980 07 31     11.00 A
06622700 1980 08 01     12.00 A
06622700 1980 08 02     11.00 A
06622700 1980 08 03     10.00 A
06622700 1980 08 04     9.80 A
06622700 1980 08 05     9.50 A
06622700 1980 08 06     8.90 A
06622700 1980 08 07     8.60 A
06622700 1980 08 08     8.60 A
06622700 1980 08 09     11.00 A
06622700 1980 08 10     10.00 A
06622700 1980 08 11     8.60 A
06622700 1980 08 12     14.00 A
06622700 1980 08 13     14.00 A
06622700 1980 08 14     12.00 A
06622700 1980 08 15     25.00 A
06622700 1980 08 16     19.00 A
06622700 1980 08 17     19.00 A
06622700 1980 08 18     14.00 A
06622700 1980 08 19     12.00 A
06622700 1980 08 20     13.00 A
06622700 1980 08 21     12.00 A
06622700 1980 08 22     11.00 A
06622700 1980 08 23     12.00 A
06622700 1980 08 24     12.00 A
06622700 1980 08 25     14.00 A
06622700 1980 08 26     28.00 A
06622700 1980 08 27     15.00 A
06622700 1980 08 28     12.00 A
06622700 1980 08 29     9.80 A
06622700 1980 08 30     9.50 A
06622700 1980 08 31     10.00 A
06622700 1980 09 01     10.00 A
06622700 1980 09 02     9.20 A
06622700 1980 09 03     8.00 A
06622700 1980 09 04     8.00 A
06622700 1980 09 05     7.80 A
06622700 1980 09 06     7.60 A
06622700 1980 09 07     7.80 A
06622700 1980 09 08     9.80 A
06622700 1980 09 09     12.00 A
06622700 1980 09 10     10.00 A
06622700 1980 09 11     14.00 A
06622700 1980 09 12     86.00 A
06622700 1980 09 13     28.00 A
06622700 1980 09 14     14.00 A
06622700 1980 09 15     11.00 A
06622700 1980 09 16     10.00 A
06622700 1980 09 17     9.50 A
06622700 1980 09 18     9.20 A
06622700 1980 09 19     9.20 A
06622700 1980 09 20     16.00 A
06622700 1980 09 21     14.00 A
06622700 1980 09 22     12.00 A
06622700 1980 09 23     11.00 A
06622700 1980 09 24     10.00 A
06622700 1980 09 25     10.00 A
06622700 1980 09 26     10.00 A
06622700 1980 09 27     9.80 A
06622700 1980 09 28     9.50 A
06622700 1980 09 29     9.50 A
06622700 1980 09 30     9.20 A
06622700 1980 10 01     8.50 A
06622700 1980 10 02     8.50 A
06622700 1980 10 03     8.50 A
06622700 1980 10 04     8.50 A
06622700 1980 10 05     8.30 A
06622700 1980 10 06     8.30 A
06622700 1980 10 07     8.30 A
06622700 1980 10 08     8.30 A
06622700 1980 10 09     8.30 A
06622700 1980 10 10     8.30 A
06622700 1980 10 11     8.30 A
06622700 1980 10 12     8.00 A
06622700 1980 10 13     8.80 A
06622700 1980 10 14     10.00 A
06622700 1980 10 15     12.00 A
06622700 1980 10 16     13.00 A
06622700 1980 10 17     14.00 A
06622700 1980 10 18     13.00 A
06622700 1980 10 19     14.00 A
06622700 1980 10 20     15.00 A
06622700 1980 10 21     14.00 A
06622700 1980 10 22     13.00 A
06622700 1980 10 23     12.00 A
06622700 1980 10 24     12.00 A
06622700 1980 10 25     11.00 A
06622700 1980 10 26     11.00 A
06622700 1980 10 27     11.00 A
06622700 1980 10 28     11.00 A
06622700 1980 10 29     11.00 A
06622700 1980 10 30     11.00 A
06622700 1980 10 31     11.00 A
06622700 1980 11 01     12.00 A
06622700 1980 11 02     12.00 A
06622700 1980 11 03     11.00 A
06622700 1980 11 04     11.00 A
06622700 1980 11 05     11.00 A
06622700 1980 11 06     11.00 A
06622700 1980 11 07     13.00 A
06622700 1980 11 08     14.00 A
06622700 1980 11 09     12.00 A
06622700 1980 11 10     11.00 A
06622700 1980 11 11     11.00 A
06622700 1980 11 12     11.00 A
06622700 1980 11 13     11.00 A
06622700 1980 11 14     11.00 A
06622700 1980 11 15     7.70 A
06622700 1980 11 16     6.70 A
06622700 1980 11 17     6.20 A
06622700 1980 11 18     6.40 A
06622700 1980 11 19     6.70 A
06622700 1980 11 20     6.90 A
06622700 1980 11 21     7.20 A
06622700 1980 11 22     7.50 A
06622700 1980 11 23     7.90 A
06622700 1980 11 24     8.20 A
06622700 1980 11 25     8.60 A
06622700 1980 11 26     9.20 A
06622700 1980 11 27     9.70 A
06622700 1980 11 28     10.00 A
06622700 1980 11 29     11.00 A
06622700 1980 11 30     11.00 A
06622700 1980 12 01     11.00 A
06622700 1980 12 02     11.00 A
06622700 1980 12 03     11.00 A
06622700 1980 12 04     11.00 A
06622700 1980 12 05     11.00 A
06622700 1980 12 06     11.00 A
06622700 1980 12 07     11.00 A
06622700 1980 12 08     11.00 A
06622700 1980 12 09     10.00 A
06622700 1980 12 10     10.00 A
06622700 1980 12 11     10.00 A
06622700 1980 12 12     11.00 A
06622700 1980 12 13     11.00 A
06622700 1980 12 14     11.00 A
06622700 1980 12 15     11.00 A
06622700 1980 12 16     12.00 A
06622700 1980 12 17     12.00 A
06622700 1980 12 18     12.00 A
06622700 1980 12 19     12.00 A
06622700 1980 12 20     12.00 A
06622700 1980 12 21     12.00 A
06622700 1980 12 22     12.00 A
06622700 1980 12 23     12.00 A
06622700 1980 12 24     12.00 A
06622700 1980 12 25     12.00 A
06622700 1980 12 26     12.00 A
06622700 1980 12 27     11.00 A
06622700 1980 12 28     11.00 A
06622700 1980 12 29     10.00 A
06622700 1980 12 30     10.00 A
06622700 1980 12 31     9.80 A
06622700 1981 01 01     9.50 A
06622700 1981 01 02     9.10 A
06622700 1981 01 03     8.80 A
06622700 1981 01 04     8.50 A
06622700 1981 01 05     8.20 A
06622700 1981 01 06     7.90 A
06622700 1981 01 07     7.60 A
06622700 1981 01 08     7.40 A
06622700 1981 01 09     7.10 A
06622700 1981 01 10     6.90 A
06622700 1981 01 11     6.70 A
06622700 1981 01 12     6.60 A
06622700 1981 01 13     6.70 A
06622700 1981 01 14     6.80 A
06622700 1981 01 15     7.00 A
06622700 1981 01 16     7.20 A
06622700 1981 01 17     7.40 A
06622700 1981 01 18     7.60 A
06622700 1981 01 19     7.70 A
06622700 1981 01 20     7.90 A
06622700 1981 01 21     8.10 A
06622700 1981 01 22     8.50 A
06622700 1981 01 23     8.80 A
06622700 1981 01 24     9.00 A
06622700 1981 01 25     8.90 A
06622700 1981 01 26     8.40 A
06622700 1981 01 27     8.50 A
06622700 1981 01 28     8.60 A
06622700 1981 01 29     8.60 A
06622700 1981 01 30     8.40 A
06622700 1981 01 31     7.70 A
06622700 1981 02 01     7.00 A
06622700 1981 02 02     6.20 A
06622700 1981 02 03     5.40 A
06622700 1981 02 04     5.50 A
06622700 1981 02 05     5.80 A
06622700 1981 02 06     6.10 A
06622700 1981 02 07     6.20 A
06622700 1981 02 08     6.10 A
06622700 1981 02 09     5.70 A
06622700 1981 02 10     5.30 A
06622700 1981 02 11     5.50 A
06622700 1981 02 12     5.80 A
06622700 1981 02 13     6.10 A
06622700 1981 02 14     6.30 A
06622700 1981 02 15     6.50 A
06622700 1981 02 16     6.70 A
06622700 1981 02 17     6.90 A
06622700 1981 02 18     7.10 A
06622700 1981 02 19     7.30 A
06622700 1981 02 20     7.40 A
06622700 1981 02 21     7.50 A
06622700 1981 02 22     7.60 A
06622700 1981 02 23     7.80 A
06622700 1981 02 24     7.60 A
06622700 1981 02 25     7.50 A
06622700 1981 02 26     7.50 A
06622700 1981 02 27     7.40 A
06622700 1981 02 28     7.40 A
06622700 1981 03 01     7.40 A
06622700 1981 03 02     7.30 A
06622700 1981 03 03     7.30 A
06622700 1981 03 04     7.30 A
06622700 1981 03 05     7.30 A
06622700 1981 03 06     7.20 A
06622700 1981 03 07     7.20 A
06622700 1981 03 08     7.10 A
06622700 1981 03 09     7.10 A
06622700 1981 03 10     7.10 A
06622700 1981 03 11     7.30 A
06622700 1981 03 12     7.50 A
06622700 1981 03 13     7.70 A
06622700 1981 03 14     8.00 A
06622700 1981 03 15     8.20 A
06622700 1981 03 16     8.30 A
06622700 1981 03 17     8.50 A
06622700 1981 03 18     8.70 A
06622700 1981 03 19     8.90 A
06622700 1981 03 20     9.00 A
06622700 1981 03 21     9.20 A
06622700 1981 03 22     9.40 A
06622700 1981 03 23     9.60 A
06622700 1981 03 24     10.00 A
06622700 1981 03 25     11.00 A
06622700 1981 03 26     11.00 A
06622700 1981 03 27     12.00 A
06622700 1981 03 28     12.00 A
06622700 1981 03 29     12.00 A
06622700 1981 03 30     12.00 A
06622700 1981 03 31     12.00 A
06622700 1981 04 01     12.00 A
06622700 1981 04 02     13.00 A
06622700 1981 04 03     13.00 A
06622700 1981 04 04     14.00 A
06622700 1981 04 05     15.00 A
06622700 1981 04 06     17.00 A
06622700 1981 04 07     18.00 A
06622700 1981 04 08     19.00 A
06622700 1981 04 09     21.00 A
06622700 1981 04 10     22.00 A
06622700 1981 04 11     23.00 A
06622700 1981 04 12     24.00 A
06622700 1981 04 13     25.00 A
06622700 1981 04 14     27.00 A
06622700 1981 04 15     28.00 A
06622700 1981 04 16     30.00 A
06622700 1981 04 17     32.00 A
06622700 1981 04 18     33.00 A
06622700 1981 04 19     35.00 A
06622700 1981 04 20     37.00 A
06622700 1981 04 21     39.00 A
06622700 1981 04 22     44.00 A
06622700 1981 04 23     50.00 A
06622700 1981 04 24     58.00 A
06622700 1981 04 25     69.00 A
06622700 1981 04 26     85.00 A
06622700 1981 04 27     86.00 A
06622700 1981 04 28     89.00 A
06622700 1981 04 29     94.00 A
06622700 1981 04 30     100.00 A
06622700 1981 05 01     103.00 A
06622700 1981 05 02     106.00 A
06622700 1981 05 03     120.00 A
06622700 1981 05 04     130.00 A
06622700 1981 05 05     123.00 A
06622700 1981 05 06     112.00 A
06622700 1981 05 07     99.00 A
06622700 1981 05 08     82.00 A
06622700 1981 05 09     74.00 A
06622700 1981 05 10     74.00 A
06622700 1981 05 11     70.00 A
06622700 1981 05 12     60.00 A
06622700 1981 05 13     59.00 A
06622700 1981 05 14     69.00 A
06622700 1981 05 15     75.00 A
06622700 1981 05 16     78.00 A
06622700 1981 05 17     79.00 A
06622700 1981 05 18     82.00 A
06622700 1981 05 19     89.00 A
06622700 1981 05 20     104.00 A
06622700 1981 05 21     118.00 A
06622700 1981 05 22     99.00 A
06622700 1981 05 23     141.00 A
06622700 1981 05 24     145.00 A
06622700 1981 05 25     149.00 A
06622700 1981 05 26     234.00 A
06622700 1981 05 27     325.00 A
06622700 1981 05 28     295.00 A
06622700 1981 05 29     263.00 A
06622700 1981 05 30     252.00 A
06622700 1981 05 31     283.00 A
06622700 1981 06 01     263.00 A
06622700 1981 06 02     248.00 A
06622700 1981 06 03     259.00 A
06622700 1981 06 04     291.00 A
06622700 1981 06 05     263.00 A
06622700 1981 06 06     267.00 A
06622700 1981 06 07     291.00 A
06622700 1981 06 08     299.00 A
06622700 1981 06 09     238.00 A
06622700 1981 06 10     172.00 A
06622700 1981 06 11     174.00 A
06622700 1981 06 12     155.00 A
06622700 1981 06 13     126.00 A
06622700 1981 06 14     104.00 A
06622700 1981 06 15     85.00 A
06622700 1981 06 16     77.00 A
06622700 1981 06 17     74.00 A
06622700 1981 06 18     70.00 A
06622700 1981 06 19     66.00 A
06622700 1981 06 20     67.00 A
06622700 1981 06 21     65.00 A
06622700 1981 06 22     60.00 A
06622700 1981 06 23     53.00 A
06622700 1981 06 24     44.00 A
06622700 1981 06 25     40.00 A
06622700 1981 06 26     45.00 A
06622700 1981 06 27     42.00 A
06622700 1981 06 28     55.00 A
06622700 1981 06 29     48.00 A
06622700 1981 06 30     34.00 A
06622700 1981 07 01     29.00 A
06622700 1981 07 02     34.00 A
06622700 1981 07 03     59.00 A
06622700 1981 07 04     38.00 A
06622700 1981 07 05     25.00 A
06622700 1981 07 06     21.00 A
06622700 1981 07 07     18.00 A
06622700 1981 07 08     16.00 A
06622700 1981 07 09     15.00 A
06622700 1981 07 10     15.00 A
06622700 1981 07 11     15.00 A
06622700 1981 07 12     34.00 A
06622700 1981 07 13     44.00 A
06622700 1981 07 14     23.00 A
06622700 1981 07 15     16.00 A
06622700 1981 07 16     14.00 A
06622700 1981 07 17     15.00 A
06622700 1981 07 18     17.00 A
06622700 1981 07 19     16.00 A
06622700 1981 07 20     13.00 A
06622700 1981 07 21     12.00 A
06622700 1981 07 22     11.00 A
06622700 1981 07 23     10.00 A
06622700 1981 07 24     13.00 A
06622700 1981 07 25     19.00 A
06622700 1981 07 26     31.00 A
06622700 1981 07 27     35.00 A
06622700 1981 07 28     17.00 A
06622700 1981 07 29     13.00 A
06622700 1981 07 30     12.00 A
06622700 1981 07 31     11.00 A
06622700 1981 08 01     11.00 A
06622700 1981 08 02     10.00 A
06622700 1981 08 03     9.70 A
06622700 1981 08 04     9.70 A
06622700 1981 08 05     8.80 A
06622700 1981 08 06     8.80 A
06622700 1981 08 07     8.80 A
06622700 1981 08 08     8.50 A
06622700 1981 08 09     12.00 A
06622700 1981 08 10     12.00 A
06622700 1981 08 11     10.00 A
06622700 1981 08 12     12.00 A
06622700 1981 08 13     19.00 A
06622700 1981 08 14     11.00 A
06622700 1981 08 15     10.00 A
06622700 1981 08 16     10.00 A
06622700 1981 08 17     10.00 A
06622700 1981 08 18     8.80 A
06622700 1981 08 19     8.30 A
06622700 1981 08 20     8.00 A
06622700 1981 08 21     8.00 A
06622700 1981 08 22     7.80 A
06622700 1981 08 23     7.60 A
06622700 1981 08 24     7.40 A
06622700 1981 08 25     7.60 A
06622700 1981 08 26     7.20 A
06622700 1981 08 27     7.20 A
06622700 1981 08 28     7.60 A
06622700 1981 08 29     7.40 A
06622700 1981 08 30     8.50 A
06622700 1981 08 31     13.00 A
06622700 1981 09 01     8.30 A
06622700 1981 09 02     7.80 A
06622700 1981 09 03     7.80 A
06622700 1981 09 04     7.40 A
06622700 1981 09 05     7.80 A
06622700 1981 09 06     19.00 A
06622700 1981 09 07     10.00 A
06622700 1981 09 08     8.50 A
06622700 1981 09 09     7.80 A
06622700 1981 09 10     7.60 A
06622700 1981 09 11     7.80 A
06622700 1981 09 12     7.40 A
06622700 1981 09 13     7.60 A
06622700 1981 09 14     8.30 A
06622700 1981 09 15     8.00 A
06622700 1981 09 16     7.60 A
06622700 1981 09 17     7.00 A
06622700 1981 09 18     7.00 A
06622700 1981 09 19     6.80 A
06622700 1981 09 20     6.60 A
06622700 1981 09 21     6.60 A
06622700 1981 09 22     7.00 A
06622700 1981 09 23     7.00 A
06622700 1981 09 24     7.00 A
06622700 1981 09 25     8.00 A
06622700 1981 09 26     10.00 A
06622700 1981 09 27     8.50 A
06622700 1981 09 28     7.40 A
06622700 1981 09 29     7.00 A
06622700 1981 09 30     7.00 A
06622700 1981 10 01     7.00 A
06622700 1981 10 02     7.20 A
06622700 1981 10 03     10.00 A
06622700 1981 10 04     41.00 A
06622700 1981 10 05     22.00 A
06622700 1981 10 06     14.00 A
06622700 1981 10 07     13.00 A
06622700 1981 10 08     17.00 A
06622700 1981 10 09     15.00 A
06622700 1981 10 10     11.00 A
06622700 1981 10 11     10.00 A
06622700 1981 10 12     11.00 A
06622700 1981 10 13     13.00 A
06622700 1981 10 14     15.00 A
06622700 1981 10 15     11.00 A
06622700 1981 10 16     11.00 A
06622700 1981 10 17     11.00 A
06622700 1981 10 18     11.00 A
06622700 1981 10 19     11.00 A
06622700 1981 10 20     11.00 A
06622700 1981 10 21     10.00 A
06622700 1981 10 22     9.70 A
06622700 1981 10 23     9.40 A
06622700 1981 10 24     7.60 A
06622700 1981 10 25     11.00 A
06622700 1981 10 26     12.00 A
06622700 1981 10 27     11.00 A
06622700 1981 10 28     11.00 A
06622700 1981 10 29     11.00 A
06622700 1981 10 30     11.00 A
06622700 1981 10 31     12.00 A
06622700 1981 11 01     12.00 A
06622700 1981 11 02     11.00 A
06622700 1981 11 03     10.00 A
06622700 1981 11 04     10.00 A
06622700 1981 11 05     10.00 A
06622700 1981 11 06     9.70 A
06622700 1981 11 07     9.40 A
06622700 1981 11 08     9.10 A
06622700 1981 11 09     9.10 A
06622700 1981 11 10     10.00 A
06622700 1981 11 11     11.00 A
06622700 1981 11 12     13.00 A
06622700 1981 11 13     11.00 A
06622700 1981 11 14     8.60 A
06622700 1981 11 15     8.60 A
06622700 1981 11 16     8.80 A
06622700 1981 11 17     8.80 A
06622700 1981 11 18     6.40 A
06622700 1981 11 19     6.00 A
06622700 1981 11 20     5.80 A
06622700 1981 11 21     5.80 A
06622700 1981 11 22     5.80 A
06622700 1981 11 23     5.90 A
06622700 1981 11 24     6.00 A
06622700 1981 11 25     6.20 A
06622700 1981 11 26     6.40 A
06622700 1981 11 27     6.60 A
06622700 1981 11 28     6.80 A
06622700 1981 11 29     7.00 A
06622700 1981 11 30     7.30 A
06622700 1981 12 01     7.50 A
06622700 1981 12 02     7.70 A
06622700 1981 12 03     8.00 A
06622700 1981 12 04     8.20 A
06622700 1981 12 05     8.50 A
06622700 1981 12 06     8.70 A
06622700 1981 12 07     9.10 A
06622700 1981 12 08     9.50 A
06622700 1981 12 09     9.80 A
06622700 1981 12 10     10.00 A
06622700 1981 12 11     10.00 A
06622700 1981 12 12     11.00 A
06622700 1981 12 13     11.00 A
06622700 1981 12 14     11.00 A
06622700 1981 12 15     11.00 A
06622700 1981 12 16     11.00 A
06622700 1981 12 17     11.00 A
06622700 1981 12 18     11.00 A
06622700 1981 12 19     11.00 A
06622700 1981 12 20     11.00 A
06622700 1981 12 21     11.00 A
06622700 1981 12 22     11.00 A
06622700 1981 12 23     11.00 A
06622700 1981 12 24     11.00 A
06622700 1981 12 25     11.00 A
06622700 1981 12 26     10.00 A
06622700 1981 12 27     10.00 A
06622700 1981 12 28     10.00 A
06622700 1981 12 29     10.00 A
06622700 1981 12 30     10.00 A
06622700 1981 12 31     10.00 A
06622700 1982 01 01     10.00 A
06622700 1982 01 02     10.00 A
06622700 1982 01 03     10.00 A
06622700 1982 01 04     10.00 A
06622700 1982 01 05     10.00 A
06622700 1982 01 06     10.00 A
06622700 1982 01 07     10.00 A
06622700 1982 01 08     10.00 A
06622700 1982 01 09     10.00 A
06622700 1982 01 10     10.00 A
06622700 1982 01 11     11.00 A
06622700 1982 01 12     11.00 A
06622700 1982 01 13     11.00 A
06622700 1982 01 14     11.00 A
06622700 1982 01 15     11.00 A
06622700 1982 01 16     12.00 A
06622700 1982 01 17     12.00 A
06622700 1982 01 18     12.00 A
06622700 1982 01 19     12.00 A
06622700 1982 01 20     13.00 A
06622700 1982 01 21     13.00 A
06622700 1982 01 22     13.00 A
06622700 1982 01 23     13.00 A
06622700 1982 01 24     13.00 A
06622700 1982 01 25     13.00 A
06622700 1982 01 26     13.00 A
06622700 1982 01 27     13.00 A
06622700 1982 01 28     13.00 A
06622700 1982 01 29     13.00 A
06622700 1982 01 30     13.00 A
06622700 1982 01 31     13.00 A
06622700 1982 02 01     12.00 A
06622700 1982 02 02     12.00 A
06622700 1982 02 03     11.00 A
06622700 1982 02 04     10.00 A
06622700 1982 02 05     9.00 A
06622700 1982 02 06     8.40 A
06622700 1982 02 07     8.20 A
06622700 1982 02 08     8.00 A
06622700 1982 02 09     8.10 A
06622700 1982 02 10     8.20 A
06622700 1982 02 11     8.40 A
06622700 1982 02 12     8.60 A
06622700 1982 02 13     8.70 A
06622700 1982 02 14     8.90 A
06622700 1982 02 15     9.10 A
06622700 1982 02 16     9.40 A
06622700 1982 02 17     10.00 A
06622700 1982 02 18     10.00 A
06622700 1982 02 19     10.00 A
06622700 1982 02 20     10.00 A
06622700 1982 02 21     10.00 A
06622700 1982 02 22     10.00 A
06622700 1982 02 23     10.00 A
06622700 1982 02 24     10.00 A
06622700 1982 02 25     10.00 A
06622700 1982 02 26     10.00 A
06622700 1982 02 27     10.00 A
06622700 1982 02 28     10.00 A
06622700 1982 03 01     10.00 A
06622700 1982 03 02     10.00 A
06622700 1982 03 03     10.00 A
06622700 1982 03 04     10.00 A
06622700 1982 03 05     10.00 A
06622700 1982 03 06     10.00 A
06622700 1982 03 07     10.00 A
06622700 1982 03 08     10.00 A
06622700 1982 03 09     10.00 A
06622700 1982 03 10     10.00 A
06622700 1982 03 11     10.00 A
06622700 1982 03 12     10.00 A
06622700 1982 03 13     10.00 A
06622700 1982 03 14     10.00 A
06622700 1982 03 15     10.00 A
06622700 1982 03 16     10.00 A
06622700 1982 03 17     10.00 A
06622700 1982 03 18     10.00 A
06622700 1982 03 19     10.00 A
06622700 1982 03 20     10.00 A
06622700 1982 03 21     10.00 A
06622700 1982 03 22     10.00 A
06622700 1982 03 23     10.00 A
06622700 1982 03 24     10.00 A
06622700 1982 03 25     10.00 A
06622700 1982 03 26     10.00 A
06622700 1982 03 27     10.00 A
06622700 1982 03 28     10.00 A
06622700 1982 03 29     10.00 A
06622700 1982 03 30     10.00 A
06622700 1982 03 31     10.00 A
06622700 1982 04 01     11.00 A
06622700 1982 04 02     11.00 A
06622700 1982 04 03     12.00 A
06622700 1982 04 04     12.00 A
06622700 1982 04 05     13.00 A
06622700 1982 04 06     14.00 A
06622700 1982 04 07     14.00 A
06622700 1982 04 08     15.00 A
06622700 1982 04 09     16.00 A
06622700 1982 04 10     17.00 A
06622700 1982 04 11     18.00 A
06622700 1982 04 12     19.00 A
06622700 1982 04 13     20.00 A
06622700 1982 04 14     21.00 A
06622700 1982 04 15     22.00 A
06622700 1982 04 16     23.00 A
06622700 1982 04 17     24.00 A
06622700 1982 04 18     25.00 A
06622700 1982 04 19     27.00 A
06622700 1982 04 20     29.00 A
06622700 1982 04 21     30.00 A
06622700 1982 04 22     32.00 A
06622700 1982 04 23     33.00 A
06622700 1982 04 24     34.00 A
06622700 1982 04 25     37.00 A
06622700 1982 04 26     39.00 A
06622700 1982 04 27     41.00 A
06622700 1982 04 28     44.00 A
06622700 1982 04 29     46.00 A
06622700 1982 04 30     48.00 A
06622700 1982 05 01     51.00 A
06622700 1982 05 02     59.00 A
06622700 1982 05 03     79.00 A
06622700 1982 05 04     113.00 A
06622700 1982 05 05     101.00 A
06622700 1982 05 06     91.00 A
06622700 1982 05 07     86.00 A
06622700 1982 05 08     78.00 A
06622700 1982 05 09     79.00 A
06622700 1982 05 10     86.00 A
06622700 1982 05 11     84.00 A
06622700 1982 05 12     82.00 A
06622700 1982 05 13     77.00 A
06622700 1982 05 14     71.00 A
06622700 1982 05 15     68.00 A
06622700 1982 05 16     67.00 A
06622700 1982 05 17     68.00 A
06622700 1982 05 18     79.00 A
06622700 1982 05 19     96.00 A
06622700 1982 05 20     113.00 A
06622700 1982 05 21     120.00 A
06622700 1982 05 22     134.00 A
06622700 1982 05 23     155.00 A
06622700 1982 05 24     160.00 A
06622700 1982 05 25     151.00 A
06622700 1982 05 26     149.00 A
06622700 1982 05 27     201.00 A
06622700 1982 05 28     252.00 A
06622700 1982 05 29     268.00 A
06622700 1982 05 30     242.00 A
06622700 1982 05 31     194.00 A
06622700 1982 06 01     208.00 A
06622700 1982 06 02     207.00 A
06622700 1982 06 03     183.00 A
06622700 1982 06 04     215.00 A
06622700 1982 06 05     286.00 A
06622700 1982 06 06     332.00 A
06622700 1982 06 07     276.00 A
06622700 1982 06 08     292.00 A
06622700 1982 06 09     240.00 A
06622700 1982 06 10     317.00 A
06622700 1982 06 11     354.00 A
06622700 1982 06 12     393.00 A
06622700 1982 06 13     433.00 A
06622700 1982 06 14     423.00 A
06622700 1982 06 15     415.00 A
06622700 1982 06 16     447.00 A
06622700 1982 06 17     495.00 A
06622700 1982 06 18     530.00 A
06622700 1982 06 19     495.00 A
06622700 1982 06 20     463.00 A
06622700 1982 06 21     427.00 A
06622700 1982 06 22     500.00 A
06622700 1982 06 23     555.00 A
06622700 1982 06 24     485.00 A
06622700 1982 06 25     500.00 A
06622700 1982 06 26     500.00 A
06622700 1982 06 27     455.00 A
06622700 1982 06 28     505.00 A
06622700 1982 06 29     515.00 A
06622700 1982 06 30     501.00 A
06622700 1982 07 01     500.00 A
06622700 1982 07 02     448.00 A
06622700 1982 07 03     402.00 A
06622700 1982 07 04     386.00 A
06622700 1982 07 05     323.00 A
06622700 1982 07 06     250.00 A
06622700 1982 07 07     200.00 A
06622700 1982 07 08     208.00 A
06622700 1982 07 09     242.00 A
06622700 1982 07 10     208.00 A
06622700 1982 07 11     174.00 A
06622700 1982 07 12     173.00 A
06622700 1982 07 13     207.00 A
06622700 1982 07 14     201.00 A
06622700 1982 07 15     152.00 A
06622700 1982 07 16     134.00 A
06622700 1982 07 17     123.00 A
06622700 1982 07 18     111.00 A
06622700 1982 07 19     102.00 A
06622700 1982 07 20     92.00 A
06622700 1982 07 21     84.00 A
06622700 1982 07 22     80.00 A
06622700 1982 07 23     73.00 A
06622700 1982 07 24     70.00 A
06622700 1982 07 25     77.00 A
06622700 1982 07 26     60.00 A
06622700 1982 07 27     65.00 A
06622700 1982 07 28     69.00 A
06622700 1982 07 29     65.00 A
06622700 1982 07 30     43.00 A
06622700 1982 07 31     33.00 A
06622700 1982 08 01     25.00 A
06622700 1982 08 02     22.00 A
06622700 1982 08 03     21.00 A
06622700 1982 08 04     17.00 A
06622700 1982 08 05     15.00 A
06622700 1982 08 06     13.00 A
06622700 1982 08 07     12.00 A
06622700 1982 08 08     11.00 A
06622700 1982 08 09     12.00 A
06622700 1982 08 10     10.00 A
06622700 1982 08 11     9.70 A
06622700 1982 08 12     9.30 A
06622700 1982 08 13     8.90 A
06622700 1982 08 14     8.50 A
06622700 1982 08 15     7.80 A
06622700 1982 08 16     7.80 A
06622700 1982 08 17     8.60 A
06622700 1982 08 18     7.60 A
06622700 1982 08 19     7.20 A
06622700 1982 08 20     7.20 A
06622700 1982 08 21     9.40 A
06622700 1982 08 22     7.00 A
06622700 1982 08 23     6.80 A
06622700 1982 08 24     8.80 A
06622700 1982 08 25     11.00 A
06622700 1982 08 26     12.00 A
06622700 1982 08 27     12.00 A
06622700 1982 08 28     11.00 A
06622700 1982 08 29     15.00 A
06622700 1982 08 30     14.00 A
06622700 1982 08 31     13.00 A
06622700 1982 09 01     13.00 A
06622700 1982 09 02     12.00 A
06622700 1982 09 03     12.00 A
06622700 1982 09 04     11.00 A
06622700 1982 09 05     11.00 A
06622700 1982 09 06     11.00 A
06622700 1982 09 07     11.00 A
06622700 1982 09 08     11.00 A
06622700 1982 09 09     11.00 A
06622700 1982 09 10     9.80 A
06622700 1982 09 11     21.00 A
06622700 1982 09 12     21.00 A
06622700 1982 09 13     16.00 A
06622700 1982 09 14     24.00 A
06622700 1982 09 15     30.00 A
06622700 1982 09 16     29.00 A
06622700 1982 09 17     19.00 A
06622700 1982 09 18     16.00 A
06622700 1982 09 19     13.00 A
06622700 1982 09 20     13.00 A
06622700 1982 09 21     14.00 A
06622700 1982 09 22     13.00 A
06622700 1982 09 23     11.00 A
06622700 1982 09 24     11.00 A
06622700 1982 09 25     11.00 A
06622700 1982 09 26     14.00 A
06622700 1982 09 27     14.00 A
06622700 1982 09 28     15.00 A
06622700 1982 09 29     17.00 A
06622700 1982 09 30     19.00 A
06622700 1982 10 01     30.00 A
06622700 1982 10 02     20.00 A
06622700 1982 10 03     16.00 A
06622700 1982 10 04     16.00 A
06622700 1982 10 05     15.00 A
06622700 1982 10 06     15.00 A
06622700 1982 10 07     15.00 A
06622700 1982 10 08     14.00 A
06622700 1982 10 09     11.00 A
06622700 1982 10 10     20.00 A
06622700 1982 10 11     20.00 A
06622700 1982 10 12     20.00 A
06622700 1982 10 13     17.00 A
06622700 1982 10 14     18.00 A
06622700 1982 10 15     22.00 A
06622700 1982 10 16     25.00 A
06622700 1982 10 17     20.00 A
06622700 1982 10 18     18.00 A
06622700 1982 10 19     16.00 A
06622700 1982 10 20     17.00 A
06622700 1982 10 21     17.00 A
06622700 1982 10 22     15.00 A
06622700 1982 10 23     15.00 A
06622700 1982 10 24     15.00 A
06622700 1982 10 25     15.00 A
06622700 1982 10 26     15.00 A
06622700 1982 10 27     19.00 A
06622700 1982 10 28     13.00 A
06622700 1982 10 29     17.00 A
06622700 1982 10 30     15.00 A
06622700 1982 10 31     15.00 A
06622700 1982 11 01     14.00 A
06622700 1982 11 02     11.00 A
06622700 1982 11 03     9.60 A
06622700 1982 11 04     10.00 A
06622700 1982 11 05     11.00 A
06622700 1982 11 06     12.00 A
06622700 1982 11 07     11.00 A
06622700 1982 11 08     12.00 A
06622700 1982 11 09     13.00 A
06622700 1982 11 10     13.00 A
06622700 1982 11 11     12.00 A
06622700 1982 11 12     12.00 A
06622700 1982 11 13     12.00 A
06622700 1982 11 14     11.00 A
06622700 1982 11 15     12.00 A
06622700 1982 11 16     12.00 A
06622700 1982 11 17     12.00 A
06622700 1982 11 18     13.00 A
06622700 1982 11 19     13.00 A
06622700 1982 11 20     13.00 A
06622700 1982 11 21     13.00 A
06622700 1982 11 22     13.00 A
06622700 1982 11 23     12.00 A
06622700 1982 11 24     11.00 A
06622700 1982 11 25     11.00 A
06622700 1982 11 26     11.00 A
06622700 1982 11 27     11.00 A
06622700 1982 11 28     12.00 A
06622700 1982 11 29     12.00 A
06622700 1982 11 30     12.00 A
06622700 1982 12 01     12.00 A
06622700 1982 12 02     12.00 A
06622700 1982 12 03     12.00 A
06622700 1982 12 04     12.00 A
06622700 1982 12 05     12.00 A
06622700 1982 12 06     12.00 A
06622700 1982 12 07     11.00 A
06622700 1982 12 08     11.00 A
06622700 1982 12 09     11.00 A
06622700 1982 12 10     11.00 A
06622700 1982 12 11     11.00 A
06622700 1982 12 12     11.00 A
06622700 1982 12 13     10.00 A
06622700 1982 12 14     10.00 A
06622700 1982 12 15     11.00 A
06622700 1982 12 16     11.00 A
06622700 1982 12 17     11.00 A
06622700 1982 12 18     10.00 A
06622700 1982 12 19     10.00 A
06622700 1982 12 20     9.60 A
06622700 1982 12 21     9.40 A
06622700 1982 12 22     8.80 A
06622700 1982 12 23     8.60 A
06622700 1982 12 24     8.60 A
06622700 1982 12 25     8.60 A
06622700 1982 12 26     8.60 A
06622700 1982 12 27     8.60 A
06622700 1982 12 28     8.50 A
06622700 1982 12 29     8.50 A
06622700 1982 12 30     8.50 A
06622700 1982 12 31     8.50 A
06622700 1983 01 01     8.40 A
06622700 1983 01 02     8.50 A
06622700 1983 01 03     8.60 A
06622700 1983 01 04     9.00 A
06622700 1983 01 05     9.90 A
06622700 1983 01 06     11.00 A
06622700 1983 01 07     11.00 A
06622700 1983 01 08     11.00 A
06622700 1983 01 09     11.00 A
06622700 1983 01 10     10.00 A
06622700 1983 01 11     10.00 A
06622700 1983 01 12     9.60 A
06622700 1983 01 13     9.40 A
06622700 1983 01 14     9.10 A
06622700 1983 01 15     9.00 A
06622700 1983 01 16     9.00 A
06622700 1983 01 17     9.00 A
06622700 1983 01 18     9.00 A
06622700 1983 01 19     9.10 A
06622700 1983 01 20     9.20 A
06622700 1983 01 21     9.00 A
06622700 1983 01 22     8.90 A
06622700 1983 01 23     9.00 A
06622700 1983 01 24     8.90 A
06622700 1983 01 25     8.90 A
06622700 1983 01 26     8.90 A
06622700 1983 01 27     8.90 A
06622700 1983 01 28     8.80 A
06622700 1983 01 29     8.70 A
06622700 1983 01 30     8.50 A
06622700 1983 01 31     8.20 A
06622700 1983 02 01     8.60 A
06622700 1983 02 02     8.70 A
06622700 1983 02 03     8.60 A
06622700 1983 02 04     8.80 A
06622700 1983 02 05     8.90 A
06622700 1983 02 06     9.00 A
06622700 1983 02 07     9.20 A
06622700 1983 02 08     9.50 A
06622700 1983 02 09     9.70 A
06622700 1983 02 10     9.80 A
06622700 1983 02 11     9.50 A
06622700 1983 02 12     9.60 A
06622700 1983 02 13     10.00 A
06622700 1983 02 14     9.50 A
06622700 1983 02 15     9.90 A
06622700 1983 02 16     10.00 A
06622700 1983 02 17     11.00 A
06622700 1983 02 18     10.00 A
06622700 1983 02 19     10.00 A
06622700 1983 02 20     11.00 A
06622700 1983 02 21     12.00 A
06622700 1983 02 22     12.00 A
06622700 1983 02 23     12.00 A
06622700 1983 02 24     12.00 A
06622700 1983 02 25     13.00 A
06622700 1983 02 26     13.00 A
06622700 1983 02 27     13.00 A
06622700 1983 02 28     14.00 A
06622700 1983 03 01     14.00 A
06622700 1983 03 02     14.00 A
06622700 1983 03 03     14.00 A
06622700 1983 03 04     14.00 A
06622700 1983 03 05     14.00 A
06622700 1983 03 06     13.00 A
06622700 1983 03 07     13.00 A
06622700 1983 03 08     13.00 A
06622700 1983 03 09     14.00 A
06622700 1983 03 10     15.00 A
06622700 1983 03 11     16.00 A
06622700 1983 03 12     16.00 A
06622700 1983 03 13     16.00 A
06622700 1983 03 14     15.00 A
06622700 1983 03 15     14.00 A
06622700 1983 03 16     13.00 A
06622700 1983 03 17     13.00 A
06622700 1983 03 18     14.00 A
06622700 1983 03 19     13.00 A
06622700 1983 03 20     13.00 A
06622700 1983 03 21     13.00 A
06622700 1983 03 22     13.00 A
06622700 1983 03 23     14.00 A
06622700 1983 03 24     13.00 A
06622700 1983 03 25     13.00 A
06622700 1983 03 26     13.00 A
06622700 1983 03 27     14.00 A
06622700 1983 03 28     14.00 A
06622700 1983 03 29     13.00 A
06622700 1983 03 30     15.00 A
06622700 1983 03 31     16.00 A
06622700 1983 04 01     17.00 A
06622700 1983 04 02     17.00 A
06622700 1983 04 03     16.00 A
06622700 1983 04 04     16.00 A
06622700 1983 04 05     15.00 A
06622700 1983 04 06     16.00 A
06622700 1983 04 07     16.00 A
06622700 1983 04 08     16.00 A
06622700 1983 04 09     16.00 A
06622700 1983 04 10     15.00 A
06622700 1983 04 11     15.00 A
06622700 1983 04 12     15.00 A
06622700 1983 04 13     15.00 A
06622700 1983 04 14     16.00 A
06622700 1983 04 15     18.00 A
06622700 1983 04 16     19.00 A
06622700 1983 04 17     20.00 A
06622700 1983 04 18     21.00 A
06622700 1983 04 19     22.00 A
06622700 1983 04 20     23.00 A
06622700 1983 04 21     22.00 A
06622700 1983 04 22     21.00 A
06622700 1983 04 23     20.00 A
06622700 1983 04 24     20.00 A
06622700 1983 04 25     21.00 A
06622700 1983 04 26     21.00 A
06622700 1983 04 27     21.00 A
06622700 1983 04 28     22.00 A
06622700 1983 04 29     24.00 A
06622700 1983 04 30     25.00 A
06622700 1983 05 01     26.00 A
06622700 1983 05 02     27.00 A
06622700 1983 05 03     27.00 A
06622700 1983 05 04     28.00 A
06622700 1983 05 05     30.00 A
06622700 1983 05 06     34.00 A
06622700 1983 05 07     35.00 A
06622700 1983 05 08     36.00 A
06622700 1983 05 09     47.00 A
06622700 1983 05 10     60.00 A
06622700 1983 05 11     80.00 A
06622700 1983 05 12     77.00 A
06622700 1983 05 13     70.00 A
06622700 1983 05 14     59.00 A
06622700 1983 05 15     56.00 A
06622700 1983 05 16     54.00 A
06622700 1983 05 17     52.00 A
06622700 1983 05 18     50.00 A
06622700 1983 05 19     49.00 A
06622700 1983 05 20     47.00 A
06622700 1983 05 21     48.00 A
06622700 1983 05 22     54.00 A
06622700 1983 05 23     62.00 A
06622700 1983 05 24     78.00 A
06622700 1983 05 25     117.00 A
06622700 1983 05 26     147.00 A
06622700 1983 05 27     177.00 A
06622700 1983 05 28     224.00 A
06622700 1983 05 29     325.00 A
06622700 1983 05 30     338.00 A
06622700 1983 05 31     295.00 A
06622700 1983 06 01     256.00 A
06622700 1983 06 02     220.00 A
06622700 1983 06 03     241.00 A
06622700 1983 06 04     308.00 A
06622700 1983 06 05     325.00 A
06622700 1983 06 06     308.00 A
06622700 1983 06 07     299.00 A
06622700 1983 06 08     333.00 A
06622700 1983 06 09     363.00 A
06622700 1983 06 10     445.00 A
06622700 1983 06 11     546.00 A
06622700 1983 06 12     580.00 A
06622700 1983 06 13     456.00 A
06622700 1983 06 14     322.00 A
06622700 1983 06 15     349.00 A
06622700 1983 06 16     426.00 A
06622700 1983 06 17     485.00 A
06622700 1983 06 18     614.00 A
06622700 1983 06 19     917.00 A
06622700 1983 06 20     941.00 A
06622700 1983 06 21     846.00 A
06622700 1983 06 22     826.00 A
06622700 1983 06 23     834.00 A
06622700 1983 06 24     864.00 A
06622700 1983 06 25     955.00 A
06622700 1983 06 26     725.00 A
06622700 1983 06 27     606.00 A
06622700 1983 06 28     560.00 A
06622700 1983 06 29     538.00 A
06622700 1983 06 30     544.00 A
06622700 1983 07 01     513.00 A
06622700 1983 07 02     494.00 A
06622700 1983 07 03     630.00 A
06622700 1983 07 04     423.00 A
06622700 1983 07 05     375.00 A
06622700 1983 07 06     379.00 A
06622700 1983 07 07     397.00 A
06622700 1983 07 08     424.00 A
06622700 1983 07 09     427.00 A
06622700 1983 07 10     363.00 A
06622700 1983 07 11     259.00 A
06622700 1983 07 12     206.00 A
06622700 1983 07 13     187.00 A
06622700 1983 07 14     176.00 A
06622700 1983 07 15     158.00 A
06622700 1983 07 16     137.00 A
06622700 1983 07 17     116.00 A
06622700 1983 07 18     105.00 A
06622700 1983 07 19     107.00 A
06622700 1983 07 20     93.00 A
06622700 1983 07 21     95.00 A
06622700 1983 07 22     80.00 A
06622700 1983 07 23     114.00 A
06622700 1983 07 24     76.00 A
06622700 1983 07 25     93.00 A
06622700 1983 07 26     210.00 A
06622700 1983 07 27     119.00 A
06622700 1983 07 28     62.00 A
06622700 1983 07 29     47.00 A
06622700 1983 07 30     42.00 A
06622700 1983 07 31     41.00 A
06622700 1983 08 01     43.00 A
06622700 1983 08 02     42.00 A
06622700 1983 08 03     61.00 A
06622700 1983 08 04     49.00 A
06622700 1983 08 05     44.00 A
06622700 1983 08 06     39.00 A
06622700 1983 08 07     32.00 A
06622700 1983 08 08     29.00 A
06622700 1983 08 09     27.00 A
06622700 1983 08 10     28.00 A
06622700 1983 08 11     25.00 A
06622700 1983 08 12     35.00 A
06622700 1983 08 13     32.00 A
06622700 1983 08 14     26.00 A
06622700 1983 08 15     24.00 A
06622700 1983 08 16     24.00 A
06622700 1983 08 17     22.00 A
06622700 1983 08 18     36.00 A
06622700 1983 08 19     46.00 A
06622700 1983 08 20     35.00 A
06622700 1983 08 21     32.00 A
06622700 1983 08 22     23.00 A
06622700 1983 08 23     21.00 A
06622700 1983 08 24     19.00 A
06622700 1983 08 25     18.00 A
06622700 1983 08 26     18.00 A
06622700 1983 08 27     16.00 A
06622700 1983 08 28     16.00 A
06622700 1983 08 29     17.00 A
06622700 1983 08 30     17.00 A
06622700 1983 08 31     17.00 A
06622700 1983 09 01     16.00 A
06622700 1983 09 02     15.00 A
06622700 1983 09 03     16.00 A
06622700 1983 09 04     30.00 A
06622700 1983 09 05     23.00 A
06622700 1983 09 06     17.00 A
06622700 1983 09 07     15.00 A
06622700 1983 09 08     16.00 A
06622700 1983 09 09     16.00 A
06622700 1983 09 10     16.00 A
06622700 1983 09 11     14.00 A
06622700 1983 09 12     13.00 A
06622700 1983 09 13     13.00 A
06622700 1983 09 14     14.00 A
06622700 1983 09 15     14.00 A
06622700 1983 09 16     13.00 A
06622700 1983 09 17     12.00 A
06622700 1983 09 18     12.00 A
06622700 1983 09 19     12.00 A
06622700 1983 09 20     13.00 A
06622700 1983 09 21     14.00 A
06622700 1983 09 22     14.00 A
06622700 1983 09 23     14.00 A
06622700 1983 09 24     15.00 A
06622700 1983 09 25     15.00 A
06622700 1983 09 26     13.00 A
06622700 1983 09 27     13.00 A
06622700 1983 09 28     13.00 A
06622700 1983 09 29     12.00 A
06622700 1983 09 30     13.00 A
06622700 1983 10 01     16.30 A
06622700 1983 10 02     21.10 A
06622700 1983 10 03     23.40 A
06622700 1983 10 04     22.30 A
06622700 1983 10 05     29.00 A
06622700 1983 10 06     25.30 A
06622700 1983 10 07     22.20 A
06622700 1983 10 08     20.20 A
06622700 1983 10 09     21.10 A
06622700 1983 10 10     31.70 A
06622700 1983 10 11     27.30 A
06622700 1983 10 12     22.20 A
06622700 1983 10 13     21.10 A
06622700 1983 10 14     22.40 A
06622700 1983 10 15     19.70 A
06622700 1983 10 16     17.80 A
06622700 1983 10 17     18.40 A
06622700 1983 10 18     21.90 A
06622700 1983 10 19     21.70 A
06622700 1983 10 20     20.80 A
06622700 1983 10 21     20.60 A
06622700 1983 10 22     19.60 A
06622700 1983 10 23     19.80 A
06622700 1983 10 24     19.30 A
06622700 1983 10 25     16.90 A
06622700 1983 10 26     13.70 A
06622700 1983 10 27     15.00 A
06622700 1983 10 28     14.30 A
06622700 1983 10 29     16.10 A
06622700 1983 10 30     13.50 A
06622700 1983 10 31     16.10 A
06622700 1983 11 01     16.10 A
06622700 1983 11 02     15.60 A
06622700 1983 11 03     16.00 A
06622700 1983 11 04     15.30 A
06622700 1983 11 05     14.80 A
06622700 1983 11 06     15.10 A
06622700 1983 11 07     14.80 A
06622700 1983 11 08     15.00 A
06622700 1983 11 09     14.00 A
06622700 1983 11 10     16.00 A
06622700 1983 11 11     16.00 A
06622700 1983 11 12     14.00 A
06622700 1983 11 13     9.20 A
06622700 1983 11 14     14.00 A
06622700 1983 11 15     16.00 A
06622700 1983 11 16     19.00 A
06622700 1983 11 17     20.00 A
06622700 1983 11 18     19.00 A
06622700 1983 11 19     17.00 A
06622700 1983 11 20     15.00 A
06622700 1983 11 21     16.00 A
06622700 1983 11 22     15.00 A
06622700 1983 11 23     14.00 A
06622700 1983 11 24     15.00 A
06622700 1983 11 25     17.00 A
06622700 1983 11 26     16.00 A
06622700 1983 11 27     15.00 A
06622700 1983 11 28     15.00 A
06622700 1983 11 29     14.00 A
06622700 1983 11 30     15.00 A
06622700 1983 12 01     16.00 A
06622700 1983 12 02     17.00 A
06622700 1983 12 03     17.00 A
06622700 1983 12 04     16.00 A
06622700 1983 12 05     16.00 A
06622700 1983 12 06     16.00 A
06622700 1983 12 07     17.00 A
06622700 1983 12 08     17.00 A
06622700 1983 12 09     17.00 A
06622700 1983 12 10     16.00 A
06622700 1983 12 11     16.00 A
06622700 1983 12 12     16.00 A
06622700 1983 12 13     15.00 A
06622700 1983 12 14     15.00 A
06622700 1983 12 15     15.00 A
06622700 1983 12 16     15.00 A
06622700 1983 12 17     15.00 A
06622700 1983 12 18     15.00 A
06622700 1983 12 19     15.00 A
06622700 1983 12 20     15.00 A
06622700 1983 12 21     13.00 A
06622700 1983 12 22     13.00 A
06622700 1983 12 23     14.00 A
06622700 1983 12 24     14.00 A
06622700 1983 12 25     14.00 A
06622700 1983 12 26     14.00 A
06622700 1983 12 27     15.00 A
06622700 1983 12 28     14.00 A
06622700 1983 12 29     13.00 A
06622700 1983 12 30     14.00 A
06622700 1983 12 31     14.00 A
06622700 1984 01 01     13.00 A
06622700 1984 01 02     12.00 A
06622700 1984 01 03     12.00 A
06622700 1984 01 04     13.00 A
06622700 1984 01 05     13.00 A
06622700 1984 01 06     13.00 A
06622700 1984 01 07     13.00 A
06622700 1984 01 08     13.00 A
06622700 1984 01 09     13.00 A
06622700 1984 01 10     13.00 A
06622700 1984 01 11     13.00 A
06622700 1984 01 12     12.00 A
06622700 1984 01 13     12.00 A
06622700 1984 01 14     11.00 A
06622700 1984 01 15     11.00 A
06622700 1984 01 16     9.90 A
06622700 1984 01 17     9.20 A
06622700 1984 01 18     8.60 A
06622700 1984 01 19     8.90 A
06622700 1984 01 20     9.00 A
06622700 1984 01 21     9.30 A
06622700 1984 01 22     9.70 A
06622700 1984 01 23     9.70 A
06622700 1984 01 24     9.70 A
06622700 1984 01 25     9.80 A
06622700 1984 01 26     9.80 A
06622700 1984 01 27     9.80 A
06622700 1984 01 28     9.80 A
06622700 1984 01 29     9.80 A
06622700 1984 01 30     9.80 A
06622700 1984 01 31     9.90 A
06622700 1984 02 01     10.00 A
06622700 1984 02 02     10.00 A
06622700 1984 02 03     10.00 A
06622700 1984 02 04     10.00 A
06622700 1984 02 05     11.00 A
06622700 1984 02 06     11.00 A
06622700 1984 02 07     11.00 A
06622700 1984 02 08     11.00 A
06622700 1984 02 09     11.00 A
06622700 1984 02 10     11.00 A
06622700 1984 02 11     11.00 A
06622700 1984 02 12     12.00 A
06622700 1984 02 13     12.00 A
06622700 1984 02 14     12.00 A
06622700 1984 02 15     12.00 A
06622700 1984 02 16     11.00 A
06622700 1984 02 17     11.00 A
06622700 1984 02 18     11.00 A
06622700 1984 02 19     11.00 A
06622700 1984 02 20     11.00 A
06622700 1984 02 21     11.00 A
06622700 1984 02 22     12.00 A
06622700 1984 02 23     11.00 A
06622700 1984 02 24     11.00 A
06622700 1984 02 25     12.00 A
06622700 1984 02 26     11.00 A
06622700 1984 02 27     11.00 A
06622700 1984 02 28     11.00 A
06622700 1984 02 29     11.00 A
06622700 1984 03 01     12.00 A
06622700 1984 03 02     12.00 A
06622700 1984 03 03     12.00 A
06622700 1984 03 04     11.00 A
06622700 1984 03 05     11.00 A
06622700 1984 03 06     11.00 A
06622700 1984 03 07     11.00 A
06622700 1984 03 08     12.00 A
06622700 1984 03 09     12.00 A
06622700 1984 03 10     12.00 A
06622700 1984 03 11     13.00 A
06622700 1984 03 12     13.00 A
06622700 1984 03 13     13.00 A
06622700 1984 03 14     14.00 A
06622700 1984 03 15     14.00 A
06622700 1984 03 16     14.00 A
06622700 1984 03 17     14.00 A
06622700 1984 03 18     13.00 A
06622700 1984 03 19     13.00 A
06622700 1984 03 20     13.00 A
06622700 1984 03 21     14.00 A
06622700 1984 03 22     14.00 A
06622700 1984 03 23     13.00 A
06622700 1984 03 24     13.00 A
06622700 1984 03 25     13.00 A
06622700 1984 03 26     12.00 A
06622700 1984 03 27     12.00 A
06622700 1984 03 28     12.00 A
06622700 1984 03 29     12.00 A
06622700 1984 03 30     13.00 A
06622700 1984 03 31     13.00 A
06622700 1984 04 01     13.00 A
06622700 1984 04 02     13.00 A
06622700 1984 04 03     13.00 A
06622700 1984 04 04     13.00 A
06622700 1984 04 05     14.00 A
06622700 1984 04 06     15.00 A
06622700 1984 04 07     16.00 A
06622700 1984 04 08     17.00 A
06622700 1984 04 09     18.00 A
06622700 1984 04 10     17.00 A
06622700 1984 04 11     16.00 A
06622700 1984 04 12     15.00 A
06622700 1984 04 13     15.00 A
06622700 1984 04 14     15.00 A
06622700 1984 04 15     16.00 A
06622700 1984 04 16     17.00 A
06622700 1984 04 17     19.00 A
06622700 1984 04 18     20.00 A
06622700 1984 04 19     19.00 A
06622700 1984 04 20     17.00 A
06622700 1984 04 21     16.00 A
06622700 1984 04 22     16.00 A
06622700 1984 04 23     15.00 A
06622700 1984 04 24     16.00 A
06622700 1984 04 25     18.00 A
06622700 1984 04 26     17.00 A
06622700 1984 04 27     16.00 A
06622700 1984 04 28     15.00 A
06622700 1984 04 29     16.00 A
06622700 1984 04 30     18.00 A
06622700 1984 05 01     19.00 A
06622700 1984 05 02     18.00 A
06622700 1984 05 03     18.00 A
06622700 1984 05 04     20.00 A
06622700 1984 05 05     22.00 A
06622700 1984 05 06     22.00 A
06622700 1984 05 07     20.00 A
06622700 1984 05 08     23.00 A
06622700 1984 05 09     28.00 A
06622700 1984 05 10     33.10 A
06622700 1984 05 11     46.30 A
06622700 1984 05 12     63.50 A
06622700 1984 05 13     90.70 A
06622700 1984 05 14     129.00 A
06622700 1984 05 15     238.00 A
06622700 1984 05 16     300.00 A
06622700 1984 05 17     320.00 A
06622700 1984 05 18     313.00 A
06622700 1984 05 19     306.00 A
06622700 1984 05 20     364.00 A
06622700 1984 05 21     397.00 A
06622700 1984 05 22     361.00 A
06622700 1984 05 23     403.00 A
06622700 1984 05 24     514.00 A
06622700 1984 05 25     491.00 A
06622700 1984 05 26     416.00 A
06622700 1984 05 27     424.00 A
06622700 1984 05 28     442.00 A
06622700 1984 05 29     497.00 A
06622700 1984 05 30     579.00 A
06622700 1984 05 31     612.00 A
06622700 1984 06 01     626.00 A
06622700 1984 06 02     582.00 A
06622700 1984 06 03     589.00 A
06622700 1984 06 04     554.00 A
06622700 1984 06 05     530.00 A
06622700 1984 06 06     479.00 A
06622700 1984 06 07     436.00 A
06622700 1984 06 08     365.00 A
06622700 1984 06 09     321.00 A
06622700 1984 06 10     291.00 A
06622700 1984 06 11     400.00 A
06622700 1984 06 12     457.00 A
06622700 1984 06 13     524.00 A
06622700 1984 06 14     611.00 A
06622700 1984 06 15     616.00 A
06622700 1984 06 16     513.00 A
06622700 1984 06 17     470.00 A
06622700 1984 06 18     447.00 A
06622700 1984 06 19     405.00 A
06622700 1984 06 20     389.00 A
06622700 1984 06 21     389.00 A
06622700 1984 06 22     385.00 A
06622700 1984 06 23     373.00 A
06622700 1984 06 24     336.00 A
06622700 1984 06 25     309.00 A
06622700 1984 06 26     299.00 A
06622700 1984 06 27     274.00 A
06622700 1984 06 28     252.00 A
06622700 1984 06 29     237.00 A
06622700 1984 06 30     232.00 A
06622700 1984 07 01     220.00 A
06622700 1984 07 02     194.00 A
06622700 1984 07 03     167.00 A
06622700 1984 07 04     146.00 A
06622700 1984 07 05     130.00 A
06622700 1984 07 06     116.00 A
06622700 1984 07 07     106.00 A
06622700 1984 07 08     102.00 A
06622700 1984 07 09     107.00 A
06622700 1984 07 10     117.00 A
06622700 1984 07 11     90.40 A
06622700 1984 07 12     73.10 A
06622700 1984 07 13     74.20 A
06622700 1984 07 14     87.20 A
06622700 1984 07 15     59.90 A
06622700 1984 07 16     51.40 A
06622700 1984 07 17     46.50 A
06622700 1984 07 18     42.10 A
06622700 1984 07 19     38.30 A
06622700 1984 07 20     37.50 A
06622700 1984 07 21     43.10 A
06622700 1984 07 22     40.60 A
06622700 1984 07 23     54.40 A
06622700 1984 07 24     42.30 A
06622700 1984 07 25     39.20 A
06622700 1984 07 26     32.70 A
06622700 1984 07 27     29.60 A
06622700 1984 07 28     31.00 A
06622700 1984 07 29     29.50 A
06622700 1984 07 30     26.80 A
06622700 1984 07 31     33.10 A
06622700 1984 08 01     44.10 A
06622700 1984 08 02     28.80 A
06622700 1984 08 03     27.00 A
06622700 1984 08 04     23.00 A
06622700 1984 08 05     22.00 A
06622700 1984 08 06     24.00 A
06622700 1984 08 07     20.00 A
06622700 1984 08 08     17.00 A
06622700 1984 08 09     16.00 A
06622700 1984 08 10     17.00 A
06622700 1984 08 11     15.00 A
06622700 1984 08 12     15.00 A
06622700 1984 08 13     19.00 A
06622700 1984 08 14     15.00 A
06622700 1984 08 15     19.00 A
06622700 1984 08 16     34.00 A
06622700 1984 08 17     21.00 A
06622700 1984 08 18     16.00 A
06622700 1984 08 19     14.00 A
06622700 1984 08 20     33.00 A
06622700 1984 08 21     23.00 A
06622700 1984 08 22     17.00 A
06622700 1984 08 23     16.00 A
06622700 1984 08 24     14.00 A
06622700 1984 08 25     14.00 A
06622700 1984 08 26     13.00 A
06622700 1984 08 27     12.00 A
06622700 1984 08 28     11.00 A
06622700 1984 08 29     10.00 A
06622700 1984 08 30     9.10 A
06622700 1984 08 31     9.10 A
06622700 1984 09 01     13.00 A
06622700 1984 09 02     12.00 A
06622700 1984 09 03     10.00 A
06622700 1984 09 04     9.10 A
06622700 1984 09 05     8.70 A
06622700 1984 09 06     8.70 A
06622700 1984 09 07     22.00 A
06622700 1984 09 08     18.00 A
06622700 1984 09 09     16.00 A
06622700 1984 09 10     11.00 A
06622700 1984 09 11     13.00 A
06622700 1984 09 12     28.00 A
06622700 1984 09 13     25.00 A
06622700 1984 09 14     28.00 A
06622700 1984 09 15     15.00 A
06622700 1984 09 16     13.00 A
06622700 1984 09 17     13.00 A
06622700 1984 09 18     11.00 A
06622700 1984 09 19     10.00 A
06622700 1984 09 20     10.00 A
06622700 1984 09 21     22.00 A
06622700 1984 09 22     27.00 A
06622700 1984 09 23     18.00 A
06622700 1984 09 24     15.00 A
06622700 1984 09 25     22.00 A
06622700 1984 09 26     25.00 A
06622700 1984 09 27     28.00 A
06622700 1984 09 28     21.00 A
06622700 1984 09 29     16.00 A
06622700 1984 09 30     15.00 A
06622700 1984 10 01     16.00 A
06622700 1984 10 02     17.00 A
06622700 1984 10 03     15.00 A
06622700 1984 10 04     17.00 A
06622700 1984 10 05     17.00 A
06622700 1984 10 06     16.00 A
06622700 1984 10 07     14.00 A
06622700 1984 10 08     13.00 A
06622700 1984 10 09     13.00 A
06622700 1984 10 10     13.00 A
06622700 1984 10 11     13.00 A
06622700 1984 10 12     13.00 A
06622700 1984 10 13     13.00 A
06622700 1984 10 14     14.00 A
06622700 1984 10 15     12.00 A
06622700 1984 10 16     14.00 A
06622700 1984 10 17     13.00 A
06622700 1984 10 18     13.00 A
06622700 1984 10 19     12.00 A
06622700 1984 10 20     11.00 A
06622700 1984 10 21     9.70 A
06622700 1984 10 22     10.00 A
06622700 1984 10 23     11.00 A
06622700 1984 10 24     12.00 A
06622700 1984 10 25     12.00 A
06622700 1984 10 26     13.00 A
06622700 1984 10 27     13.00 A
06622700 1984 10 28     14.00 A
06622700 1984 10 29     14.00 A
06622700 1984 10 30     15.00 A
06622700 1984 10 31     15.00 A
06622700 1984 11 01     13.00 A
06622700 1984 11 02     14.00 A
06622700 1984 11 03     14.00 A
06622700 1984 11 04     14.00 A
06622700 1984 11 05     13.00 A
06622700 1984 11 06     15.00 A
06622700 1984 11 07     14.00 A
06622700 1984 11 08     14.00 A
06622700 1984 11 09     13.00 A
06622700 1984 11 10     11.00 A
06622700 1984 11 11     11.00 A
06622700 1984 11 12     12.00 A
06622700 1984 11 13     12.00 A
06622700 1984 11 14     12.00 A
06622700 1984 11 15     11.00 A
06622700 1984 11 16     11.00 A
06622700 1984 11 17     11.00 A
06622700 1984 11 18     11.00 A
06622700 1984 11 19     11.00 A
06622700 1984 11 20     12.00 A
06622700 1984 11 21     12.00 A
06622700 1984 11 22     13.00 A
06622700 1984 11 23     13.00 A
06622700 1984 11 24     13.00 A
06622700 1984 11 25     13.00 A
06622700 1984 11 26     12.00 A
06622700 1984 11 27     12.00 A
06622700 1984 11 28     12.00 A
06622700 1984 11 29     12.00 A
06622700 1984 11 30     11.00 A
06622700 1984 12 01     11.00 A
06622700 1984 12 02     11.00 A
06622700 1984 12 03     11.00 A
06622700 1984 12 04     11.00 A
06622700 1984 12 05     11.00 A
06622700 1984 12 06     11.00 A
06622700 1984 12 07     11.00 A
06622700 1984 12 08     11.00 A
06622700 1984 12 09     11.00 A
06622700 1984 12 10     11.00 A
06622700 1984 12 11     11.00 A
06622700 1984 12 12     11.00 A
06622700 1984 12 13     11.00 A
06622700 1984 12 14     11.00 A
06622700 1984 12 15     11.00 A
06622700 1984 12 16     11.00 A
06622700 1984 12 17     11.00 A
06622700 1984 12 18     11.00 A
06622700 1984 12 19     11.00 A
06622700 1984 12 20     11.00 A
06622700 1984 12 21     11.00 A
06622700 1984 12 22     11.00 A
06622700 1984 12 23     11.00 A
06622700 1984 12 24     11.00 A
06622700 1984 12 25     11.00 A
06622700 1984 12 26     11.00 A
06622700 1984 12 27     11.00 A
06622700 1984 12 28     11.00 A
06622700 1984 12 29     11.00 A
06622700 1984 12 30     11.00 A
06622700 1984 12 31     11.00 A
06622700 1985 01 01     10.00 A
06622700 1985 01 02     11.00 A
06622700 1985 01 03     11.00 A
06622700 1985 01 04     11.00 A
06622700 1985 01 05     11.00 A
06622700 1985 01 06     11.00 A
06622700 1985 01 07     11.00 A
06622700 1985 01 08     11.00 A
06622700 1985 01 09     11.00 A
06622700 1985 01 10     11.00 A
06622700 1985 01 11     11.00 A
06622700 1985 01 12     10.00 A
06622700 1985 01 13     10.00 A
06622700 1985 01 14     10.00 A
06622700 1985 01 15     10.00 A
06622700 1985 01 16     10.00 A
06622700 1985 01 17     10.00 A
06622700 1985 01 18     10.00 A
06622700 1985 01 19     10.00 A
06622700 1985 01 20     9.80 A
06622700 1985 01 21     9.80 A
06622700 1985 01 22     10.00 A
06622700 1985 01 23     9.80 A
06622700 1985 01 24     10.00 A
06622700 1985 01 25     10.00 A
06622700 1985 01 26     10.00 A
06622700 1985 01 27     9.80 A
06622700 1985 01 28     9.80 A
06622700 1985 01 29     9.80 A
06622700 1985 01 30     9.40 A
06622700 1985 01 31     9.40 A
06622700 1985 02 01     9.00 A
06622700 1985 02 02     9.00 A
06622700 1985 02 03     9.00 A
06622700 1985 02 04     9.00 A
06622700 1985 02 05     9.00 A
06622700 1985 02 06     9.00 A
06622700 1985 02 07     9.00 A
06622700 1985 02 08     8.60 A
06622700 1985 02 09     8.60 A
06622700 1985 02 10     9.00 A
06622700 1985 02 11     9.40 A
06622700 1985 02 12     9.40 A
06622700 1985 02 13     9.40 A
06622700 1985 02 14     9.40 A
06622700 1985 02 15     9.40 A
06622700 1985 02 16     9.40 A
06622700 1985 02 17     9.40 A
06622700 1985 02 18     9.00 A
06622700 1985 02 19     9.40 A
06622700 1985 02 20     9.40 A
06622700 1985 02 21     9.40 A
06622700 1985 02 22     9.40 A
06622700 1985 02 23     9.40 A
06622700 1985 02 24     9.40 A
06622700 1985 02 25     9.40 A
06622700 1985 02 26     9.40 A
06622700 1985 02 27     9.40 A
06622700 1985 02 28     9.80 A
06622700 1985 03 01     9.80 A
06622700 1985 03 02     9.40 A
06622700 1985 03 03     9.40 A
06622700 1985 03 04     9.40 A
06622700 1985 03 05     9.80 A
06622700 1985 03 06     9.80 A
06622700 1985 03 07     9.80 A
06622700 1985 03 08     10.00 A
06622700 1985 03 09     10.00 A
06622700 1985 03 10     10.00 A
06622700 1985 03 11     10.00 A
06622700 1985 03 12     10.00 A
06622700 1985 03 13     9.10 A
06622700 1985 03 14     9.20 A
06622700 1985 03 15     9.40 A
06622700 1985 03 16     9.60 A
06622700 1985 03 17     9.70 A
06622700 1985 03 18     9.80 A
06622700 1985 03 19     9.81 A
06622700 1985 03 20     9.70 A
06622700 1985 03 21     9.80 A
06622700 1985 03 22     9.80 A
06622700 1985 03 23     9.81 A
06622700 1985 03 24     11.00 A
06622700 1985 03 25     11.00 A
06622700 1985 03 26     11.00 A
06622700 1985 03 27     11.00 A
06622700 1985 03 28     10.00 A
06622700 1985 03 29     9.50 A
06622700 1985 03 30     9.10 A
06622700 1985 03 31     10.00 A
06622700 1985 04 01     11.00 A
06622700 1985 04 02     12.00 A
06622700 1985 04 03     15.00 A
06622700 1985 04 04     14.00 A
06622700 1985 04 05     12.00 A
06622700 1985 04 06     11.00 A
06622700 1985 04 07     12.00 A
06622700 1985 04 08     15.00 A
06622700 1985 04 09     18.00 A
06622700 1985 04 10     19.00 A
06622700 1985 04 11     23.00 A
06622700 1985 04 12     24.00 A
06622700 1985 04 13     24.00 A
06622700 1985 04 14     30.90 A
06622700 1985 04 15     39.90 A
06622700 1985 04 16     48.90 A
06622700 1985 04 17     53.00 A
06622700 1985 04 18     64.90 A
06622700 1985 04 19     66.00 A
06622700 1985 04 20     54.10 A
06622700 1985 04 21     46.10 A
06622700 1985 04 22     40.10 A
06622700 1985 04 23     38.00 A
06622700 1985 04 24     34.00 A
06622700 1985 04 25     33.00 A
06622700 1985 04 26     29.00 A
06622700 1985 04 27     33.00 A
06622700 1985 04 28     37.00 A
06622700 1985 04 29     48.90 A
06622700 1985 04 30     60.90 A
06622700 1985 05 01     69.90 A
06622700 1985 05 02     91.80 A
06622700 1985 05 03     118.00 A
06622700 1985 05 04     158.00 A
06622700 1985 05 05     184.00 A
06622700 1985 05 06     179.00 A
06622700 1985 05 07     208.00 A
06622700 1985 05 08     258.00 A
06622700 1985 05 09     301.00 A
06622700 1985 05 10     353.00 A
06622700 1985 05 11     277.00 A
06622700 1985 05 12     192.00 A
06622700 1985 05 13     147.00 A
06622700 1985 05 14     128.00 A
06622700 1985 05 15     124.00 A
06622700 1985 05 16     128.00 A
06622700 1985 05 17     150.00 A
06622700 1985 05 18     163.00 A
06622700 1985 05 19     166.00 A
06622700 1985 05 20     180.00 A
06622700 1985 05 21     221.00 A
06622700 1985 05 22     247.00 A
06622700 1985 05 23     297.00 A
06622700 1985 05 24     333.00 A
06622700 1985 05 25     338.00 A
06622700 1985 05 26     337.00 A
06622700 1985 05 27     357.00 A
06622700 1985 05 28     365.00 A
06622700 1985 05 29     349.00 A
06622700 1985 05 30     280.00 A
06622700 1985 05 31     191.00 A
06622700 1985 06 01     187.00 A
06622700 1985 06 02     197.00 A
06622700 1985 06 03     202.00 A
06622700 1985 06 04     227.00 A
06622700 1985 06 05     232.00 A
06622700 1985 06 06     246.00 A
06622700 1985 06 07     318.00 A
06622700 1985 06 08     376.00 A
06622700 1985 06 09     326.00 A
06622700 1985 06 10     259.00 A
06622700 1985 06 11     197.00 A
06622700 1985 06 12     174.00 A
06622700 1985 06 13     174.00 A
06622700 1985 06 14     180.00 A
06622700 1985 06 15     172.00 A
06622700 1985 06 16     168.00 A
06622700 1985 06 17     146.00 A
06622700 1985 06 18     122.00 A
06622700 1985 06 19     105.00 A
06622700 1985 06 20     102.00 A
06622700 1985 06 21     95.60 A
06622700 1985 06 22     78.50 A
06622700 1985 06 23     69.50 A
06622700 1985 06 24     66.20 A
06622700 1985 06 25     106.00 A
06622700 1985 06 26     110.00 A
06622700 1985 06 27     91.20 A
06622700 1985 06 28     70.30 A
06622700 1985 06 29     54.10 A
06622700 1985 06 30     48.30 A
06622700 1985 07 01     44.40 A
06622700 1985 07 02     43.10 A
06622700 1985 07 03     46.30 A
06622700 1985 07 04     43.30 A
06622700 1985 07 05     40.40 A
06622700 1985 07 06     36.70 A
06622700 1985 07 07     34.30 A
06622700 1985 07 08     32.60 A
06622700 1985 07 09     29.60 A
06622700 1985 07 10     27.20 A
06622700 1985 07 11     25.30 A
06622700 1985 07 12     43.80 A
06622700 1985 07 13     26.90 A
06622700 1985 07 14     20.50 A
06622700 1985 07 15     17.20 A
06622700 1985 07 16     16.10 A
06622700 1985 07 17     15.90 A
06622700 1985 07 18     34.00 A
06622700 1985 07 19     39.70 A
06622700 1985 07 20     24.80 A
06622700 1985 07 21     22.00 A
06622700 1985 07 22     19.40 A
06622700 1985 07 23     20.70 A
06622700 1985 07 24     21.70 A
06622700 1985 07 25     17.70 A
06622700 1985 07 26     16.00 A
06622700 1985 07 27     15.50 A
06622700 1985 07 28     14.00 A
06622700 1985 07 29     18.10 A
06622700 1985 07 30     25.30 A
06622700 1985 07 31     29.70 A
06622700 1985 08 01     17.50 A
06622700 1985 08 02     14.80 A
06622700 1985 08 03     15.90 A
06622700 1985 08 04     12.70 A
06622700 1985 08 05     11.40 A
06622700 1985 08 06     11.20 A
06622700 1985 08 07     10.60 A
06622700 1985 08 08     9.95 A
06622700 1985 08 09     10.40 A
06622700 1985 08 10     10.60 A
06622700 1985 08 11     11.10 A
06622700 1985 08 12     16.80 A
06622700 1985 08 13     11.70 A
06622700 1985 08 14     10.70 A
06622700 1985 08 15     9.74 A
06622700 1985 08 16     9.17 A
06622700 1985 08 17     9.23 A
06622700 1985 08 18     9.08 A
06622700 1985 08 19     9.57 A
06622700 1985 08 20     8.90 A
06622700 1985 08 21     8.43 A
06622700 1985 08 22     8.33 A
06622700 1985 08 23     8.21 A
06622700 1985 08 24     8.08 A
06622700 1985 08 25     7.95 A
06622700 1985 08 26     7.81 A
06622700 1985 08 27     7.95 A
06622700 1985 08 28     9.26 A
06622700 1985 08 29     8.94 A
06622700 1985 08 30     8.00 A
06622700 1985 08 31     7.52 A
06622700 1985 09 01     7.75 A
06622700 1985 09 02     9.83 A
06622700 1985 09 03     15.50 A
06622700 1985 09 04     11.10 A
06622700 1985 09 05     9.42 A
06622700 1985 09 06     8.29 A
06622700 1985 09 07     9.56 A
06622700 1985 09 08     15.70 A
06622700 1985 09 09     12.10 A
06622700 1985 09 10     9.73 A
06622700 1985 09 11     9.71 A
06622700 1985 09 12     14.70 A
06622700 1985 09 13     10.80 A
06622700 1985 09 14     9.59 A
06622700 1985 09 15     9.02 A
06622700 1985 09 16     8.91 A
06622700 1985 09 17     8.32 A
06622700 1985 09 18     8.16 A
06622700 1985 09 19     9.94 A
06622700 1985 09 20     9.95 A
06622700 1985 09 21     9.41 A
06622700 1985 09 22     10.90 A
06622700 1985 09 23     12.40 A
06622700 1985 09 24     11.70 A
06622700 1985 09 25     12.50 A
06622700 1985 09 26     14.10 A
06622700 1985 09 27     17.10 A
06622700 1985 09 28     20.00 A
06622700 1985 09 29     13.60 A
06622700 1985 09 30     13.00 A
06622700 1985 10 01     19.60 A
06622700 1985 10 02     14.30 A
06622700 1985 10 03     14.80 A
06622700 1985 10 04     12.70 A
06622700 1985 10 05     13.30 A
06622700 1985 10 06     12.50 A
06622700 1985 10 07     22.90 A
06622700 1985 10 08     21.30 A
06622700 1985 10 09     20.40 A
06622700 1985 10 10     21.30 A
06622700 1985 10 11     25.80 A
06622700 1985 10 12     21.40 A
06622700 1985 10 13     19.10 A
06622700 1985 10 14     18.20 A
06622700 1985 10 15     18.60 A
06622700 1985 10 16     17.70 A
06622700 1985 10 17     16.90 A
06622700 1985 10 18     16.40 A
06622700 1985 10 19     16.00 A
06622700 1985 10 20     16.10 A
06622700 1985 10 21     16.00 A
06622700 1985 10 22     15.60 A
06622700 1985 10 23     14.20 A
06622700 1985 10 24     14.20 A
06622700 1985 10 25     14.80 A
06622700 1985 10 26     16.60 A
06622700 1985 10 27     16.70 A
06622700 1985 10 28     17.50 A
06622700 1985 10 29     18.10 A
06622700 1985 10 30     16.10 A
06622700 1985 10 31     16.50 A
06622700 1985 11 01     18.90 A
06622700 1985 11 02     16.00 A
06622700 1985 11 03     13.60 A
06622700 1985 11 04     14.50 A
06622700 1985 11 05     13.40 A
06622700 1985 11 06     12.00 A
06622700 1985 11 07     12.00 A
06622700 1985 11 08     12.00 A
06622700 1985 11 09     12.00 A
06622700 1985 11 10     10.00 A
06622700 1985 11 11     11.00 A
06622700 1985 11 12     12.00 A
06622700 1985 11 13     11.00 A
06622700 1985 11 14     9.80 A
06622700 1985 11 15     11.00 A
06622700 1985 11 16     11.00 A
06622700 1985 11 17     10.00 A
06622700 1985 11 18     9.90 A
06622700 1985 11 19     9.40 A
06622700 1985 11 20     9.40 A
06622700 1985 11 21     9.40 A
06622700 1985 11 22     9.40 A
06622700 1985 11 23     11.30 A
06622700 1985 11 24     12.00 A
06622700 1985 11 25     11.80 A
06622700 1985 11 26     12.00 A
06622700 1985 11 27     11.80 A
06622700 1985 11 28     12.00 A
06622700 1985 11 29     11.90 A
06622700 1985 11 30     11.80 A
06622700 1985 12 01     11.60 A
06622700 1985 12 02     12.50 A
06622700 1985 12 03     12.00 A
06622700 1985 12 04     12.00 A
06622700 1985 12 05     13.00 A
06622700 1985 12 06     13.00 A
06622700 1985 12 07     13.00 A
06622700 1985 12 08     12.00 A
06622700 1985 12 09     11.90 A
06622700 1985 12 10     11.00 A
06622700 1985 12 11     11.00 A
06622700 1985 12 12     11.00 A
06622700 1985 12 13     11.00 A
06622700 1985 12 14     11.30 A
06622700 1985 12 15     11.10 A
06622700 1985 12 16     11.00 A
06622700 1985 12 17     11.00 A
06622700 1985 12 18     11.00 A
06622700 1985 12 19     11.00 A
06622700 1985 12 20     11.00 A
06622700 1985 12 21     11.00 A
06622700 1985 12 22     11.00 A
06622700 1985 12 23     12.00 A
06622700 1985 12 24     12.00 A
06622700 1985 12 25     11.00 A
06622700 1985 12 26     11.00 A
06622700 1985 12 27     11.00 A
06622700 1985 12 28     11.00 A
06622700 1985 12 29     11.00 A
06622700 1985 12 30     11.00 A
06622700 1985 12 31     11.00 A
06622700 1986 01 01     11.00 A
06622700 1986 01 02     10.00 A
06622700 1986 01 03     9.80 A
06622700 1986 01 04     9.80 A
06622700 1986 01 05     9.40 A
06622700 1986 01 06     9.80 A
06622700 1986 01 07     10.00 A
06622700 1986 01 08     9.80 A
06622700 1986 01 09     9.80 A
06622700 1986 01 10     9.80 A
06622700 1986 01 11     9.40 A
06622700 1986 01 12     9.40 A
06622700 1986 01 13     9.40 A
06622700 1986 01 14     9.80 A
06622700 1986 01 15     9.90 A
06622700 1986 01 16     10.00 A
06622700 1986 01 17     10.00 A
06622700 1986 01 18     10.00 A
06622700 1986 01 19     10.00 A
06622700 1986 01 20     10.00 A
06622700 1986 01 21     10.00 A
06622700 1986 01 22     10.00 A
06622700 1986 01 23     10.00 A
06622700 1986 01 24     10.00 A
06622700 1986 01 25     9.90 A
06622700 1986 01 26     9.70 A
06622700 1986 01 27     10.00 A
06622700 1986 01 28     10.00 A
06622700 1986 01 29     11.00 A
06622700 1986 01 30     11.00 A
06622700 1986 01 31     11.00 A
06622700 1986 02 01     11.00 A
06622700 1986 02 02     11.30 A
06622700 1986 02 03     11.10 A
06622700 1986 02 04     11.50 A
06622700 1986 02 05     10.00 A
06622700 1986 02 06     9.00 A
06622700 1986 02 07     9.00 A
06622700 1986 02 08     9.00 A
06622700 1986 02 09     9.00 A
06622700 1986 02 10     9.00 A
06622700 1986 02 11     9.60 A
06622700 1986 02 12     10.00 A
06622700 1986 02 13     11.00 A
06622700 1986 02 14     11.00 A
06622700 1986 02 15     11.30 A
06622700 1986 02 16     11.00 A
06622700 1986 02 17     11.00 A
06622700 1986 02 18     11.30 A
06622700 1986 02 19     11.20 A
06622700 1986 02 20     11.00 A
06622700 1986 02 21     11.00 A
06622700 1986 02 22     11.20 A
06622700 1986 02 23     11.00 A
06622700 1986 02 24     11.40 A
06622700 1986 02 25     11.00 A
06622700 1986 02 26     10.00 A
06622700 1986 02 27     9.60 A
06622700 1986 02 28     9.40 A
06622700 1986 03 01     9.40 A
06622700 1986 03 02     9.40 A
06622700 1986 03 03     9.40 A
06622700 1986 03 04     9.40 A
06622700 1986 03 05     9.40 A
06622700 1986 03 06     9.80 A
06622700 1986 03 07     10.50 A
06622700 1986 03 08     10.00 A
06622700 1986 03 09     9.60 A
06622700 1986 03 10     9.60 A
06622700 1986 03 11     9.20 A
06622700 1986 03 12     9.00 A
06622700 1986 03 13     8.80 A
06622700 1986 03 14     9.20 A
06622700 1986 03 15     9.60 A
06622700 1986 03 16     9.40 A
06622700 1986 03 17     9.20 A
06622700 1986 03 18     9.20 A
06622700 1986 03 19     9.20 A
06622700 1986 03 20     9.60 A
06622700 1986 03 21     10.00 A
06622700 1986 03 22     11.00 A
06622700 1986 03 23     11.00 A
06622700 1986 03 24     12.00 A
06622700 1986 03 25     13.40 A
06622700 1986 03 26     13.00 A
06622700 1986 03 27     15.00 A
06622700 1986 03 28     18.00 A
06622700 1986 03 29     23.00 A
06622700 1986 03 30     27.00 A
06622700 1986 03 31     32.20 A
06622700 1986 04 01     27.00 A
06622700 1986 04 02     28.70 A
06622700 1986 04 03     26.40 A
06622700 1986 04 04     29.50 A
06622700 1986 04 05     28.50 A
06622700 1986 04 06     26.50 A
06622700 1986 04 07     28.40 A
06622700 1986 04 08     28.30 A
06622700 1986 04 09     28.20 A
06622700 1986 04 10     27.40 A
06622700 1986 04 11     25.80 A
06622700 1986 04 12     28.70 A
06622700 1986 04 13     27.80 A
06622700 1986 04 14     26.00 A
06622700 1986 04 15     25.00 A
06622700 1986 04 16     28.30 A
06622700 1986 04 17     27.30 A
06622700 1986 04 18     26.20 A
06622700 1986 04 19     25.00 A
06622700 1986 04 20     23.40 A
06622700 1986 04 21     27.70 A
06622700 1986 04 22     37.80 A
06622700 1986 04 23     51.70 A
06622700 1986 04 24     57.00 A
06622700 1986 04 25     57.60 A
06622700 1986 04 26     50.90 A
06622700 1986 04 27     44.70 A
06622700 1986 04 28     42.60 A
06622700 1986 04 29     41.50 A
06622700 1986 04 30     44.60 A
06622700 1986 05 01     52.10 A
06622700 1986 05 02     71.60 A
06622700 1986 05 03     106.00 A
06622700 1986 05 04     164.00 A
06622700 1986 05 05     172.00 A
06622700 1986 05 06     133.00 A
06622700 1986 05 07     116.00 A
06622700 1986 05 08     98.90 A
06622700 1986 05 09     85.40 A
06622700 1986 05 10     76.20 A
06622700 1986 05 11     77.90 A
06622700 1986 05 12     86.30 A
06622700 1986 05 13     91.40 A
06622700 1986 05 14     102.00 A
06622700 1986 05 15     104.00 A
06622700 1986 05 16     106.00 A
06622700 1986 05 17     99.40 A
06622700 1986 05 18     120.00 A
06622700 1986 05 19     168.00 A
06622700 1986 05 20     232.00 A
06622700 1986 05 21     318.00 A
06622700 1986 05 22     331.00 A
06622700 1986 05 23     229.00 A
06622700 1986 05 24     217.00 A
06622700 1986 05 25     263.00 A
06622700 1986 05 26     328.00 A
06622700 1986 05 27     371.00 A
06622700 1986 05 28     401.00 A
06622700 1986 05 29     420.00 A
06622700 1986 05 30     434.00 A
06622700 1986 05 31     475.00 A
06622700 1986 06 01     515.00 A
06622700 1986 06 02     534.00 A
06622700 1986 06 03     545.00 A
06622700 1986 06 04     524.00 A
06622700 1986 06 05     490.00 A
06622700 1986 06 06     536.00 A
06622700 1986 06 07     474.00 A
06622700 1986 06 08     409.00 A
06622700 1986 06 09     478.00 A
06622700 1986 06 10     754.00 A
06622700 1986 06 11     413.00 A
06622700 1986 06 12     350.00 A
06622700 1986 06 13     339.00 A
06622700 1986 06 14     316.00 A
06622700 1986 06 15     327.00 A
06622700 1986 06 16     347.00 A
06622700 1986 06 17     349.00 A
06622700 1986 06 18     343.00 A
06622700 1986 06 19     320.00 A
06622700 1986 06 20     277.00 A
06622700 1986 06 21     256.00 A
06622700 1986 06 22     232.00 A
06622700 1986 06 23     227.00 A
06622700 1986 06 24     218.00 A
06622700 1986 06 25     199.00 A
06622700 1986 06 26     196.00 A
06622700 1986 06 27     191.00 A
06622700 1986 06 28     183.00 A
06622700 1986 06 29     185.00 A
06622700 1986 06 30     167.00 A
06622700 1986 07 01     136.00 A
06622700 1986 07 02     122.00 A
06622700 1986 07 03     118.00 A
06622700 1986 07 04     113.00 A
06622700 1986 07 05     170.00 A
06622700 1986 07 06     98.60 A
06622700 1986 07 07     81.10 A
06622700 1986 07 08     69.50 A
06622700 1986 07 09     67.10 A
06622700 1986 07 10     64.20 A
06622700 1986 07 11     59.90 A
06622700 1986 07 12     57.70 A
06622700 1986 07 13     45.30 A
06622700 1986 07 14     43.80 A
06622700 1986 07 15     46.40 A
06622700 1986 07 16     79.90 A
06622700 1986 07 17     52.10 A
06622700 1986 07 18     39.60 A
06622700 1986 07 19     35.70 A
06622700 1986 07 20     34.50 A
06622700 1986 07 21     40.80 A
06622700 1986 07 22     34.20 A
06622700 1986 07 23     37.30 A
06622700 1986 07 24     48.60 A
06622700 1986 07 25     53.00 A
06622700 1986 07 26     32.90 A
06622700 1986 07 27     27.70 A
06622700 1986 07 28     24.00 A
06622700 1986 07 29     21.40 A
06622700 1986 07 30     19.80 A
06622700 1986 07 31     19.10 A
06622700 1986 08 01     18.20 A
06622700 1986 08 02     17.40 A
06622700 1986 08 03     16.50 A
06622700 1986 08 04     16.10 A
06622700 1986 08 05     15.30 A
06622700 1986 08 06     14.70 A
06622700 1986 08 07     14.40 A
06622700 1986 08 08     14.80 A
06622700 1986 08 09     15.20 A
06622700 1986 08 10     13.90 A
06622700 1986 08 11     12.80 A
06622700 1986 08 12     17.80 A
06622700 1986 08 13     18.80 A
06622700 1986 08 14     13.60 A
06622700 1986 08 15     12.30 A
06622700 1986 08 16     11.30 A
06622700 1986 08 17     11.60 A
06622700 1986 08 18     11.30 A
06622700 1986 08 19     11.00 A
06622700 1986 08 20     13.50 A
06622700 1986 08 21     19.20 A
06622700 1986 08 22     14.30 A
06622700 1986 08 23     12.00 A
06622700 1986 08 24     12.80 A
06622700 1986 08 25     12.60 A
06622700 1986 08 26     12.50 A
06622700 1986 08 27     11.00 A
06622700 1986 08 28     10.80 A
06622700 1986 08 29     9.98 A
06622700 1986 08 30     11.90 A
06622700 1986 08 31     15.90 A
06622700 1986 09 01     15.60 A
06622700 1986 09 02     12.60 A
06622700 1986 09 03     11.80 A
06622700 1986 09 04     10.80 A
06622700 1986 09 05     10.20 A
06622700 1986 09 06     9.87 A
06622700 1986 09 07     9.89 A
06622700 1986 09 08     9.85 A
06622700 1986 09 09     10.40 A
06622700 1986 09 10     27.70 A
06622700 1986 09 11     20.00 A
06622700 1986 09 12     14.20 A
06622700 1986 09 13     11.20 A
06622700 1986 09 14     10.00 A
06622700 1986 09 15     9.59 A
06622700 1986 09 16     16.70 A
06622700 1986 09 17     18.00 A
06622700 1986 09 18     18.40 A
06622700 1986 09 19     21.30 A
06622700 1986 09 20     18.70 A
06622700 1986 09 21     23.50 A
06622700 1986 09 22     23.50 A
06622700 1986 09 23     21.30 A
06622700 1986 09 24     20.60 A
06622700 1986 09 25     21.90 A
06622700 1986 09 26     19.00 A
06622700 1986 09 27     18.50 A
06622700 1986 09 28     19.90 A
06622700 1986 09 29     18.50 A
06622700 1986 09 30     17.40 A
06622700 1986 10 01     18.00 A
06622700 1986 10 02     21.00 A
06622700 1986 10 03     24.00 A
06622700 1986 10 04     20.00 A
06622700 1986 10 05     19.00 A
06622700 1986 10 06     19.00 A
06622700 1986 10 07     21.00 A
06622700 1986 10 08     24.00 A
06622700 1986 10 09     23.00 A
06622700 1986 10 10     22.00 A
06622700 1986 10 11     19.00 A
06622700 1986 10 12     18.00 A
06622700 1986 10 13     20.00 A
06622700 1986 10 14     16.00 A
06622700 1986 10 15     15.00 A
06622700 1986 10 16     15.00 A
06622700 1986 10 17     14.00 A
06622700 1986 10 18     15.00 A
06622700 1986 10 19     15.00 A
06622700 1986 10 20     17.00 A
06622700 1986 10 21     16.00 A
06622700 1986 10 22     18.00 A
06622700 1986 10 23     18.00 A
06622700 1986 10 24     20.00 A
06622700 1986 10 25     18.00 A
06622700 1986 10 26     17.00 A
06622700 1986 10 27     17.00 A
06622700 1986 10 28     18.00 A
06622700 1986 10 29     16.00 A
06622700 1986 10 30     17.00 A
06622700 1986 10 31     18.00 A
06622700 1986 11 01     16.00 A
06622700 1986 11 02     15.00 A
06622700 1986 11 03     16.00 A
06622700 1986 11 04     17.00 A
06622700 1986 11 05     18.00 A
06622700 1986 11 06     17.00 A
06622700 1986 11 07     16.00 A
06622700 1986 11 08     15.00 A
06622700 1986 11 09     14.00 A
06622700 1986 11 10     11.00 A
06622700 1986 11 11     12.00 A
06622700 1986 11 12     12.00 A
06622700 1986 11 13     13.00 A
06622700 1986 11 14     15.00 A
06622700 1986 11 15     17.00 A
06622700 1986 11 16     18.00 A
06622700 1986 11 17     16.00 A
06622700 1986 11 18     14.00 A
06622700 1986 11 19     15.00 A
06622700 1986 11 20     14.00 A
06622700 1986 11 21     14.00 A
06622700 1986 11 22     13.00 A
06622700 1986 11 23     12.00 A
06622700 1986 11 24     14.00 A
06622700 1986 11 25     13.00 A
06622700 1986 11 26     12.00 A
06622700 1986 11 27     13.00 A
06622700 1986 11 28     14.00 A
06622700 1986 11 29     13.00 A
06622700 1986 11 30     12.00 A
06622700 1986 12 01     10.00 A
06622700 1986 12 02     11.00 A
06622700 1986 12 03     12.00 A
06622700 1986 12 04     11.00 A
06622700 1986 12 05     12.00 A
06622700 1986 12 06     13.00 A
06622700 1986 12 07     12.00 A
06622700 1986 12 08     11.00 A
06622700 1986 12 09     10.00 A
06622700 1986 12 10     9.20 A
06622700 1986 12 11     9.50 A
06622700 1986 12 12     10.00 A
06622700 1986 12 13     10.00 A
06622700 1986 12 14     11.00 A
06622700 1986 12 15     11.00 A
06622700 1986 12 16     11.00 A
06622700 1986 12 17     10.00 A
06622700 1986 12 18     9.70 A
06622700 1986 12 19     10.00 A
06622700 1986 12 20     11.00 A
06622700 1986 12 21     11.00 A
06622700 1986 12 22     11.00 A
06622700 1986 12 23     11.00 A
06622700 1986 12 24     11.00 A
06622700 1986 12 25     11.00 A
06622700 1986 12 26     10.00 A
06622700 1986 12 27     11.00 A
06622700 1986 12 28     11.00 A
06622700 1986 12 29     11.00 A
06622700 1986 12 30     11.00 A
06622700 1986 12 31     10.00 A
06622700 1987 01 01     9.70 A
06622700 1987 01 02     11.00 A
06622700 1987 01 03     10.00 A
06622700 1987 01 04     11.00 A
06622700 1987 01 05     12.00 A
06622700 1987 01 06     11.00 A
06622700 1987 01 07     10.00 A
06622700 1987 01 08     9.70 A
06622700 1987 01 09     9.20 A
06622700 1987 01 10     9.60 A
06622700 1987 01 11     10.00 A
06622700 1987 01 12     10.00 A
06622700 1987 01 13     11.00 A
06622700 1987 01 14     11.00 A
06622700 1987 01 15     9.90 A
06622700 1987 01 16     9.30 A
06622700 1987 01 17     9.50 A
06622700 1987 01 18     9.80 A
06622700 1987 01 19     10.00 A
06622700 1987 01 20     9.60 A
06622700 1987 01 21     9.60 A
06622700 1987 01 22     9.70 A
06622700 1987 01 23     10.00 A
06622700 1987 01 24     10.00 A
06622700 1987 01 25     11.00 A
06622700 1987 01 26     11.00 A
06622700 1987 01 27     11.00 A
06622700 1987 01 28     11.00 A
06622700 1987 01 29     11.00 A
06622700 1987 01 30     10.00 A
06622700 1987 01 31     10.00 A
06622700 1987 02 01     10.00 A
06622700 1987 02 02     10.00 A
06622700 1987 02 03     10.00 A
06622700 1987 02 04     10.00 A
06622700 1987 02 05     9.90 A
06622700 1987 02 06     9.70 A
06622700 1987 02 07     9.70 A
06622700 1987 02 08     9.80 A
06622700 1987 02 09     9.80 A
06622700 1987 02 10     9.80 A
06622700 1987 02 11     10.00 A
06622700 1987 02 12     9.80 A
06622700 1987 02 13     10.00 A
06622700 1987 02 14     10.00 A
06622700 1987 02 15     9.90 A
06622700 1987 02 16     9.80 A
06622700 1987 02 17     9.90 A
06622700 1987 02 18     9.60 A
06622700 1987 02 19     9.30 A
06622700 1987 02 20     9.40 A
06622700 1987 02 21     9.00 A
06622700 1987 02 22     9.10 A
06622700 1987 02 23     9.20 A
06622700 1987 02 24     9.20 A
06622700 1987 02 25     9.20 A
06622700 1987 02 26     9.20 A
06622700 1987 02 27     9.20 A
06622700 1987 02 28     8.90 A
06622700 1987 03 01     8.80 A
06622700 1987 03 02     9.00 A
06622700 1987 03 03     8.90 A
06622700 1987 03 04     8.80 A
06622700 1987 03 05     9.40 A
06622700 1987 03 06     10.00 A
06622700 1987 03 07     11.00 A
06622700 1987 03 08     10.00 A
06622700 1987 03 09     10.00 A
06622700 1987 03 10     10.00 A
06622700 1987 03 11     9.70 A
06622700 1987 03 12     9.90 A
06622700 1987 03 13     9.90 A
06622700 1987 03 14     9.60 A
06622700 1987 03 15     10.00 A
06622700 1987 03 16     10.00 A
06622700 1987 03 17     10.00 A
06622700 1987 03 18     9.80 A
06622700 1987 03 19     9.80 A
06622700 1987 03 20     9.30 A
06622700 1987 03 21     9.70 A
06622700 1987 03 22     9.60 A
06622700 1987 03 23     9.30 A
06622700 1987 03 24     9.20 A
06622700 1987 03 25     9.20 A
06622700 1987 03 26     9.20 A
06622700 1987 03 27     9.20 A
06622700 1987 03 28     9.20 A
06622700 1987 03 29     9.10 A
06622700 1987 03 30     8.90 A
06622700 1987 03 31     9.20 A
06622700 1987 04 01     9.60 A
06622700 1987 04 02     9.50 A
06622700 1987 04 03     9.90 A
06622700 1987 04 04     11.00 A
06622700 1987 04 05     11.00 A
06622700 1987 04 06     11.00 A
06622700 1987 04 07     13.00 A
06622700 1987 04 08     14.00 A
06622700 1987 04 09     13.00 A
06622700 1987 04 10     13.00 A
06622700 1987 04 11     12.00 A
06622700 1987 04 12     11.00 A
06622700 1987 04 13     10.00 A
06622700 1987 04 14     13.00 A
06622700 1987 04 15     17.00 A
06622700 1987 04 16     23.00 A
06622700 1987 04 17     29.00 A
06622700 1987 04 18     37.00 A
06622700 1987 04 19     42.00 A
06622700 1987 04 20     34.00 A
06622700 1987 04 21     35.00 A
06622700 1987 04 22     38.00 A
06622700 1987 04 23     47.00 A
06622700 1987 04 24     62.00 A
06622700 1987 04 25     68.00 A
06622700 1987 04 26     75.00 A
06622700 1987 04 27     84.00 A
06622700 1987 04 28     101.00 A
06622700 1987 04 29     113.00 A
06622700 1987 04 30     128.00 A
06622700 1987 05 01     145.00 A
06622700 1987 05 02     134.00 A
06622700 1987 05 03     95.00 A
06622700 1987 05 04     78.00 A
06622700 1987 05 05     97.00 A
06622700 1987 05 06     143.00 A
06622700 1987 05 07     168.00 A
06622700 1987 05 08     175.00 A
06622700 1987 05 09     181.00 A
06622700 1987 05 10     192.00 A
06622700 1987 05 11     213.00 A
06622700 1987 05 12     331.00 A
06622700 1987 05 13     242.00 A
06622700 1987 05 14     223.00 A
06622700 1987 05 15     204.00 A
06622700 1987 05 16     223.00 A
06622700 1987 05 17     249.00 A
06622700 1987 05 18     214.00 A
06622700 1987 05 19     176.00 A
06622700 1987 05 20     167.00 A
06622700 1987 05 21     173.00 A
06622700 1987 05 22     129.00 A
06622700 1987 05 23     115.00 A
06622700 1987 05 24     119.00 A
06622700 1987 05 25     115.00 A
06622700 1987 05 26     103.00 A
06622700 1987 05 27     96.00 A
06622700 1987 05 28     86.00 A
06622700 1987 05 29     81.00 A
06622700 1987 05 30     88.00 A
06622700 1987 05 31     87.00 A
06622700 1987 06 01     92.00 A
06622700 1987 06 02     81.00 A
06622700 1987 06 03     76.00 A
06622700 1987 06 04     76.00 A
06622700 1987 06 05     75.00 A
06622700 1987 06 06     73.00 A
06622700 1987 06 07     104.00 A
06622700 1987 06 08     160.00 A
06622700 1987 06 09     140.00 A
06622700 1987 06 10     98.00 A
06622700 1987 06 11     76.00 A
06622700 1987 06 12     65.00 A
06622700 1987 06 13     57.00 A
06622700 1987 06 14     50.00 A
06622700 1987 06 15     46.00 A
06622700 1987 06 16     52.00 A
06622700 1987 06 17     39.00 A
06622700 1987 06 18     35.00 A
06622700 1987 06 19     30.00 A
06622700 1987 06 20     29.00 A
06622700 1987 06 21     28.00 A
06622700 1987 06 22     25.00 A
06622700 1987 06 23     23.00 A
06622700 1987 06 24     22.00 A
06622700 1987 06 25     29.00 A
06622700 1987 06 26     29.00 A
06622700 1987 06 27     27.00 A
06622700 1987 06 28     26.00 A
06622700 1987 06 29     30.00 A
06622700 1987 06 30     30.00 A
06622700 1987 07 01     33.00 A
06622700 1987 07 02     33.00 A
06622700 1987 07 03     22.00 A
06622700 1987 07 04     19.00 A
06622700 1987 07 05     18.00 A
06622700 1987 07 06     16.00 A
06622700 1987 07 07     15.00 A
06622700 1987 07 08     14.00 A
06622700 1987 07 09     14.00 A
06622700 1987 07 10     14.00 A
06622700 1987 07 11     18.00 A
06622700 1987 07 12     32.00 A
06622700 1987 07 13     25.00 A
06622700 1987 07 14     17.00 A
06622700 1987 07 15     15.00 A
06622700 1987 07 16     13.00 A
06622700 1987 07 17     21.00 A
06622700 1987 07 18     35.00 A
06622700 1987 07 19     17.00 A
06622700 1987 07 20     14.00 A
06622700 1987 07 21     13.00 A
06622700 1987 07 22     13.00 A
06622700 1987 07 23     13.00 A
06622700 1987 07 24     11.00 A
06622700 1987 07 25     10.00 A
06622700 1987 07 26     11.00 A
06622700 1987 07 27     13.00 A
06622700 1987 07 28     16.00 A
06622700 1987 07 29     21.00 A
06622700 1987 07 30     15.00 A
06622700 1987 07 31     18.00 A
06622700 1987 08 01     16.00 A
06622700 1987 08 02     12.00 A
06622700 1987 08 03     11.00 A
06622700 1987 08 04     9.60 A
06622700 1987 08 05     9.30 A
06622700 1987 08 06     11.00 A
06622700 1987 08 07     21.00 A
06622700 1987 08 08     29.00 A
06622700 1987 08 09     15.00 A
06622700 1987 08 10     12.00 A
06622700 1987 08 11     11.00 A
06622700 1987 08 12     11.00 A
06622700 1987 08 13     9.90 A
06622700 1987 08 14     10.00 A
06622700 1987 08 15     11.00 A
06622700 1987 08 16     19.00 A
06622700 1987 08 17     12.00 A
06622700 1987 08 18     9.80 A
06622700 1987 08 19     9.20 A
06622700 1987 08 20     8.90 A
06622700 1987 08 21     9.10 A
06622700 1987 08 22     15.00 A
06622700 1987 08 23     14.00 A
06622700 1987 08 24     15.00 A
06622700 1987 08 25     17.00 A
06622700 1987 08 26     13.00 A
06622700 1987 08 27     11.00 A
06622700 1987 08 28     10.00 A
06622700 1987 08 29     9.60 A
06622700 1987 08 30     9.00 A
06622700 1987 08 31     8.50 A
06622700 1987 09 01     8.30 A
06622700 1987 09 02     8.10 A
06622700 1987 09 03     7.90 A
06622700 1987 09 04     10.00 A
06622700 1987 09 05     12.00 A
06622700 1987 09 06     9.40 A
06622700 1987 09 07     8.50 A
06622700 1987 09 08     8.30 A
06622700 1987 09 09     8.10 A
06622700 1987 09 10     7.60 A
06622700 1987 09 11     7.60 A
06622700 1987 09 12     7.60 A
06622700 1987 09 13     7.30 A
06622700 1987 09 14     7.40 A
06622700 1987 09 15     9.10 A
06622700 1987 09 16     9.30 A
06622700 1987 09 17     8.50 A
06622700 1987 09 18     8.20 A
06622700 1987 09 19     7.80 A
06622700 1987 09 20     7.80 A
06622700 1987 09 21     7.60 A
06622700 1987 09 22     7.50 A
06622700 1987 09 23     7.40 A
06622700 1987 09 24     6.90 A
06622700 1987 09 25     7.00 A
06622700 1987 09 26     7.00 A
06622700 1987 09 27     6.90 A
06622700 1987 09 28     6.80 A
06622700 1987 09 29     6.80 A
06622700 1987 09 30     7.00 A
06622700 1987 10 01     6.90 A
06622700 1987 10 02     6.80 A
06622700 1987 10 03     6.80 A
06622700 1987 10 04     6.80 A
06622700 1987 10 05     6.80 A
06622700 1987 10 06     6.80 A
06622700 1987 10 07     6.80 A
06622700 1987 10 08     6.80 A
06622700 1987 10 09     6.90 A
06622700 1987 10 10     6.90 A
06622700 1987 10 11     6.90 A
06622700 1987 10 12     7.30 A
06622700 1987 10 13     9.80 A
06622700 1987 10 14     13.00 A
06622700 1987 10 15     12.00 A
06622700 1987 10 16     11.00 A
06622700 1987 10 17     9.30 A
06622700 1987 10 18     9.50 A
06622700 1987 10 19     9.20 A
06622700 1987 10 20     9.80 A
06622700 1987 10 21     11.00 A
06622700 1987 10 22     11.00 A
06622700 1987 10 23     11.00 A
06622700 1987 10 24     9.70 A
06622700 1987 10 25     13.00 A
06622700 1987 10 26     11.00 A
06622700 1987 10 27     10.00 A
06622700 1987 10 28     9.80 A
06622700 1987 10 29     9.50 A
06622700 1987 10 30     10.00 A
06622700 1987 10 31     11.00 A
06622700 1987 11 01     11.00 A
06622700 1987 11 02     14.00 A
06622700 1987 11 03     13.00 A
06622700 1987 11 04     12.00 A
06622700 1987 11 05     11.00 A
06622700 1987 11 06     11.00 A
06622700 1987 11 07     10.00 A
06622700 1987 11 08     10.00 A
06622700 1987 11 09     9.30 A
06622700 1987 11 10     9.30 A
06622700 1987 11 11     9.90 A
06622700 1987 11 12     11.00 A
06622700 1987 11 13     11.00 A
06622700 1987 11 14     10.00 A
06622700 1987 11 15     9.50 A
06622700 1987 11 16     9.00 A
06622700 1987 11 17     9.40 A
06622700 1987 11 18     9.00 A
06622700 1987 11 19     9.30 A
06622700 1987 11 20     9.60 A
06622700 1987 11 21     9.90 A
06622700 1987 11 22     10.00 A
06622700 1987 11 23     10.00 A
06622700 1987 11 24     10.00 A
06622700 1987 11 25     10.00 A
06622700 1987 11 26     10.00 A
06622700 1987 11 27     9.80 A
06622700 1987 11 28     9.50 A
06622700 1987 11 29     9.00 A
06622700 1987 11 30     9.30 A
06622700 1987 12 01     9.60 A
06622700 1987 12 02     10.00 A
06622700 1987 12 03     11.00 A
06622700 1987 12 04     11.00 A
06622700 1987 12 05     11.00 A
06622700 1987 12 06     12.00 A
06622700 1987 12 07     12.00 A
06622700 1987 12 08     10.00 A
06622700 1987 12 09     11.00 A
06622700 1987 12 10     11.00 A
06622700 1987 12 11     10.00 A
06622700 1987 12 12     10.00 A
06622700 1987 12 13     10.00 A
06622700 1987 12 14     9.60 A
06622700 1987 12 15     9.00 A
06622700 1987 12 16     10.00 A
06622700 1987 12 17     11.00 A
06622700 1987 12 18     12.00 A
06622700 1987 12 19     11.00 A
06622700 1987 12 20     10.00 A
06622700 1987 12 21     10.00 A
06622700 1987 12 22     10.00 A
06622700 1987 12 23     10.00 A
06622700 1987 12 24     9.40 A
06622700 1987 12 25     9.00 A
06622700 1987 12 26     9.00 A
06622700 1987 12 27     9.00 A
06622700 1987 12 28     9.20 A
06622700 1987 12 29     9.40 A
06622700 1987 12 30     9.60 A
06622700 1987 12 31     10.00 A
06622700 1988 01 01     10.00 A
06622700 1988 01 02     10.00 A
06622700 1988 01 03     10.00 A
06622700 1988 01 04     10.00 A
06622700 1988 01 05     10.00 A
06622700 1988 01 06     10.00 A
06622700 1988 01 07     10.00 A
06622700 1988 01 08     10.00 A
06622700 1988 01 09     10.00 A
06622700 1988 01 10     10.00 A
06622700 1988 01 11     10.00 A
06622700 1988 01 12     10.00 A
06622700 1988 01 13     10.00 A
06622700 1988 01 14     10.00 A
06622700 1988 01 15     10.00 A
06622700 1988 01 16     10.00 A
06622700 1988 01 17     10.00 A
06622700 1988 01 18     10.00 A
06622700 1988 01 19     10.00 A
06622700 1988 01 20     9.80 A
06622700 1988 01 21     10.00 A
06622700 1988 01 22     10.00 A
06622700 1988 01 23     10.00 A
06622700 1988 01 24     10.00 A
06622700 1988 01 25     9.80 A
06622700 1988 01 26     9.90 A
06622700 1988 01 27     10.00 A
06622700 1988 01 28     10.00 A
06622700 1988 01 29     10.00 A
06622700 1988 01 30     10.00 A
06622700 1988 01 31     10.00 A
06622700 1988 02 01     10.00 A
06622700 1988 02 02     10.00 A
06622700 1988 02 03     9.50 A
06622700 1988 02 04     9.80 A
06622700 1988 02 05     10.00 A
06622700 1988 02 06     9.70 A
06622700 1988 02 07     9.90 A
06622700 1988 02 08     10.00 A
06622700 1988 02 09     9.60 A
06622700 1988 02 10     9.50 A
06622700 1988 02 11     9.30 A
06622700 1988 02 12     9.30 A
06622700 1988 02 13     9.30 A
06622700 1988 02 14     9.40 A
06622700 1988 02 15     9.60 A
06622700 1988 02 16     9.60 A
06622700 1988 02 17     9.30 A
06622700 1988 02 18     9.10 A
06622700 1988 02 19     9.00 A
06622700 1988 02 20     9.20 A
06622700 1988 02 21     9.10 A
06622700 1988 02 22     9.20 A
06622700 1988 02 23     9.00 A
06622700 1988 02 24     9.00 A
06622700 1988 02 25     9.10 A
06622700 1988 02 26     9.10 A
06622700 1988 02 27     9.20 A
06622700 1988 02 28     9.00 A
06622700 1988 02 29     9.20 A
06622700 1988 03 01     9.00 A
06622700 1988 03 02     8.80 A
06622700 1988 03 03     8.80 A
06622700 1988 03 04     8.70 A
06622700 1988 03 05     8.80 A
06622700 1988 03 06     8.90 A
06622700 1988 03 07     8.50 A
06622700 1988 03 08     8.70 A
06622700 1988 03 09     8.80 A
06622700 1988 03 10     8.20 A
06622700 1988 03 11     8.30 A
06622700 1988 03 12     9.30 A
06622700 1988 03 13     8.70 A
06622700 1988 03 14     8.70 A
06622700 1988 03 15     8.60 A
06622700 1988 03 16     8.50 A
06622700 1988 03 17     8.00 A
06622700 1988 03 18     7.90 A
06622700 1988 03 19     8.30 A
06622700 1988 03 20     8.60 A
06622700 1988 03 21     9.40 A
06622700 1988 03 22     9.60 A
06622700 1988 03 23     9.00 A
06622700 1988 03 24     8.90 A
06622700 1988 03 25     8.60 A
06622700 1988 03 26     9.20 A
06622700 1988 03 27     10.00 A
06622700 1988 03 28     9.90 A
06622700 1988 03 29     9.70 A
06622700 1988 03 30     9.60 A
06622700 1988 03 31     9.20 A
06622700 1988 04 01     9.20 A
06622700 1988 04 02     9.40 A
06622700 1988 04 03     10.00 A
06622700 1988 04 04     11.00 A
06622700 1988 04 05     11.00 A
06622700 1988 04 06     13.00 A
06622700 1988 04 07     17.00 A
06622700 1988 04 08     19.00 A
06622700 1988 04 09     16.00 A
06622700 1988 04 10     14.00 A
06622700 1988 04 11     16.00 A
06622700 1988 04 12     18.00 A
06622700 1988 04 13     20.00 A
06622700 1988 04 14     22.00 A
06622700 1988 04 15     26.00 A
06622700 1988 04 16     28.00 A
06622700 1988 04 17     33.00 A
06622700 1988 04 18     37.00 A
06622700 1988 04 19     39.00 A
06622700 1988 04 20     37.00 A
06622700 1988 04 21     36.00 A
06622700 1988 04 22     31.00 A
06622700 1988 04 23     28.00 A
06622700 1988 04 24     26.00 A
06622700 1988 04 25     23.00 A
06622700 1988 04 26     22.00 A
06622700 1988 04 27     20.00 A
06622700 1988 04 28     21.00 A
06622700 1988 04 29     26.00 A
06622700 1988 04 30     36.00 A
06622700 1988 05 01     43.00 A
06622700 1988 05 02     37.00 A
06622700 1988 05 03     36.00 A
06622700 1988 05 04     35.00 A
06622700 1988 05 05     40.00 A
06622700 1988 05 06     45.00 A
06622700 1988 05 07     38.00 A
06622700 1988 05 08     35.00 A
06622700 1988 05 09     34.00 A
06622700 1988 05 10     33.00 A
06622700 1988 05 11     37.00 A
06622700 1988 05 12     54.00 A
06622700 1988 05 13     81.00 A
06622700 1988 05 14     113.00 A
06622700 1988 05 15     130.00 A
06622700 1988 05 16     177.00 A
06622700 1988 05 17     221.00 A
06622700 1988 05 18     286.00 A
06622700 1988 05 19     273.00 A
06622700 1988 05 20     175.00 A
06622700 1988 05 21     136.00 A
06622700 1988 05 22     118.00 A
06622700 1988 05 23     129.00 A
06622700 1988 05 24     181.00 A
06622700 1988 05 25     235.00 A
06622700 1988 05 26     291.00 A
06622700 1988 05 27     336.00 A
06622700 1988 05 28     366.00 A
06622700 1988 05 29     421.00 A
06622700 1988 05 30     372.00 A
06622700 1988 05 31     195.00 A
06622700 1988 06 01     179.00 A
06622700 1988 06 02     190.00 A
06622700 1988 06 03     268.00 A
06622700 1988 06 04     377.00 A
06622700 1988 06 05     418.00 A
06622700 1988 06 06     422.00 A
06622700 1988 06 07     390.00 A
06622700 1988 06 08     342.00 A
06622700 1988 06 09     301.00 A
06622700 1988 06 10     281.00 A
06622700 1988 06 11     239.00 A
06622700 1988 06 12     183.00 A
06622700 1988 06 13     183.00 A
06622700 1988 06 14     178.00 A
06622700 1988 06 15     162.00 A
06622700 1988 06 16     161.00 A
06622700 1988 06 17     158.00 A
06622700 1988 06 18     147.00 A
06622700 1988 06 19     148.00 A
06622700 1988 06 20     143.00 A
06622700 1988 06 21     138.00 A
06622700 1988 06 22     128.00 A
06622700 1988 06 23     113.00 A
06622700 1988 06 24     102.00 A
06622700 1988 06 25     93.00 A
06622700 1988 06 26     84.00 A
06622700 1988 06 27     72.00 A
06622700 1988 06 28     69.00 A
06622700 1988 06 29     86.00 A
06622700 1988 06 30     55.00 A
06622700 1988 07 01     43.00 A
06622700 1988 07 02     37.00 A
06622700 1988 07 03     35.00 A
06622700 1988 07 04     35.00 A
06622700 1988 07 05     30.00 A
06622700 1988 07 06     26.00 A
06622700 1988 07 07     25.00 A
06622700 1988 07 08     30.00 A
06622700 1988 07 09     29.00 A
06622700 1988 07 10     29.00 A
06622700 1988 07 11     29.00 A
06622700 1988 07 12     27.00 A
06622700 1988 07 13     23.00 A
06622700 1988 07 14     21.00 A
06622700 1988 07 15     19.00 A
06622700 1988 07 16     16.00 A
06622700 1988 07 17     14.00 A
06622700 1988 07 18     13.00 A
06622700 1988 07 19     13.00 A
06622700 1988 07 20     12.00 A
06622700 1988 07 21     11.00 A
06622700 1988 07 22     11.00 A
06622700 1988 07 23     10.00 A
06622700 1988 07 24     10.00 A
06622700 1988 07 25     9.70 A
06622700 1988 07 26     9.80 A
06622700 1988 07 27     10.00 A
06622700 1988 07 28     9.90 A
06622700 1988 07 29     10.00 A
06622700 1988 07 30     9.30 A
06622700 1988 07 31     8.90 A
06622700 1988 08 01     9.00 A
06622700 1988 08 02     8.60 A
06622700 1988 08 03     8.60 A
06622700 1988 08 04     9.40 A
06622700 1988 08 05     8.50 A
06622700 1988 08 06     8.20 A
06622700 1988 08 07     8.30 A
06622700 1988 08 08     8.40 A
06622700 1988 08 09     8.10 A
06622700 1988 08 10     7.70 A
06622700 1988 08 11     7.20 A
06622700 1988 08 12     7.20 A
06622700 1988 08 13     7.20 A
06622700 1988 08 14     6.70 A
06622700 1988 08 15     6.50 A
06622700 1988 08 16     9.40 A
06622700 1988 08 17     8.20 A
06622700 1988 08 18     7.80 A
06622700 1988 08 19     7.20 A
06622700 1988 08 20     6.70 A
06622700 1988 08 21     12.00 A
06622700 1988 08 22     15.00 A
06622700 1988 08 23     8.70 A
06622700 1988 08 24     7.50 A
06622700 1988 08 25     7.00 A
06622700 1988 08 26     6.90 A
06622700 1988 08 27     6.60 A
06622700 1988 08 28     6.60 A
06622700 1988 08 29     6.50 A
06622700 1988 08 30     6.30 A
06622700 1988 08 31     6.10 A
06622700 1988 09 01     6.10 A
06622700 1988 09 02     6.10 A
06622700 1988 09 03     5.90 A
06622700 1988 09 04     5.90 A
06622700 1988 09 05     5.80 A
06622700 1988 09 06     5.90 A
06622700 1988 09 07     5.70 A
06622700 1988 09 08     5.50 A
06622700 1988 09 09     5.50 A
06622700 1988 09 10     5.60 A
06622700 1988 09 11     11.00 A
06622700 1988 09 12     12.00 A
06622700 1988 09 13     12.00 A
06622700 1988 09 14     13.00 A
06622700 1988 09 15     13.00 A
06622700 1988 09 16     11.00 A
06622700 1988 09 17     9.50 A
06622700 1988 09 18     8.30 A
06622700 1988 09 19     8.10 A
06622700 1988 09 20     8.00 A
06622700 1988 09 21     7.80 A
06622700 1988 09 22     10.00 A
06622700 1988 09 23     11.00 A
06622700 1988 09 24     9.50 A
06622700 1988 09 25     8.70 A
06622700 1988 09 26     8.10 A
06622700 1988 09 27     8.40 A
06622700 1988 09 28     12.00 A
06622700 1988 09 29     11.00 A
06622700 1988 09 30     13.00 A
06622700 1988 10 01     15.00 A
06622700 1988 10 02     13.00 A
06622700 1988 10 03     12.00 A
06622700 1988 10 04     10.00 A
06622700 1988 10 05     9.70 A
06622700 1988 10 06     9.40 A
06622700 1988 10 07     9.10 A
06622700 1988 10 08     8.80 A
06622700 1988 10 09     8.70 A
06622700 1988 10 10     8.80 A
06622700 1988 10 11     8.80 A
06622700 1988 10 12     8.50 A
06622700 1988 10 13     8.60 A
06622700 1988 10 14     8.40 A
06622700 1988 10 15     8.40 A
06622700 1988 10 16     8.30 A
06622700 1988 10 17     8.30 A
06622700 1988 10 18     8.40 A
06622700 1988 10 19     10.00 A
06622700 1988 10 20     12.00 A
06622700 1988 10 21     10.00 A
06622700 1988 10 22     9.70 A
06622700 1988 10 23     8.90 A
06622700 1988 10 24     8.80 A
06622700 1988 10 25     8.50 A
06622700 1988 10 26     8.50 A
06622700 1988 10 27     8.10 A
06622700 1988 10 28     7.80 A
06622700 1988 10 29     8.00 A
06622700 1988 10 30     8.10 A
06622700 1988 10 31     7.90 A
06622700 1988 11 01     8.20 A
06622700 1988 11 02     8.30 A
06622700 1988 11 03     9.20 A
06622700 1988 11 04     8.90 A
06622700 1988 11 05     8.20 A
06622700 1988 11 06     9.50 A
06622700 1988 11 07     8.40 A
06622700 1988 11 08     8.80 A
06622700 1988 11 09     9.50 A
06622700 1988 11 10     10.00 A
06622700 1988 11 11     9.40 A
06622700 1988 11 12     9.00 A
06622700 1988 11 13     9.60 A
06622700 1988 11 14     10.00 A
06622700 1988 11 15     9.40 A
06622700 1988 11 16     9.00 A
06622700 1988 11 17     8.80 A
06622700 1988 11 18     8.40 A
06622700 1988 11 19     8.30 A
06622700 1988 11 20     8.40 A
06622700 1988 11 21     8.60 A
06622700 1988 11 22     8.90 A
06622700 1988 11 23     9.10 A
06622700 1988 11 24     9.20 A
06622700 1988 11 25     9.50 A
06622700 1988 11 26     9.40 A
06622700 1988 11 27     9.30 A
06622700 1988 11 28     9.20 A
06622700 1988 11 29     8.80 A
06622700 1988 11 30     9.00 A
06622700 1988 12 01     9.00 A
06622700 1988 12 02     9.10 A
06622700 1988 12 03     9.00 A
06622700 1988 12 04     8.90 A
06622700 1988 12 05     8.80 A
06622700 1988 12 06     8.70 A
06622700 1988 12 07     9.00 A
06622700 1988 12 08     8.50 A
06622700 1988 12 09     8.40 A
06622700 1988 12 10     8.80 A
06622700 1988 12 11     8.80 A
06622700 1988 12 12     8.60 A
06622700 1988 12 13     8.70 A
06622700 1988 12 14     8.70 A
06622700 1988 12 15     8.10 A
06622700 1988 12 16     8.10 A
06622700 1988 12 17     8.30 A
06622700 1988 12 18     8.30 A
06622700 1988 12 19     8.70 A
06622700 1988 12 20     8.70 A
06622700 1988 12 21     8.60 A
06622700 1988 12 22     8.50 A
06622700 1988 12 23     8.40 A
06622700 1988 12 24     8.20 A
06622700 1988 12 25     8.40 A
06622700 1988 12 26     8.30 A
06622700 1988 12 27     7.90 A
06622700 1988 12 28     8.20 A
06622700 1988 12 29     8.20 A
06622700 1988 12 30     8.20 A
06622700 1988 12 31     8.30 A
06622700 1989 01 01     8.40 A
06622700 1989 01 02     8.10 A
06622700 1989 01 03     8.20 A
06622700 1989 01 04     8.20 A
06622700 1989 01 05     8.40 A
06622700 1989 01 06     8.40 A
06622700 1989 01 07     8.10 A
06622700 1989 01 08     8.10 A
06622700 1989 01 09     8.10 A
06622700 1989 01 10     8.20 A
06622700 1989 01 11     8.10 A
06622700 1989 01 12     7.80 A
06622700 1989 01 13     7.90 A
06622700 1989 01 14     8.30 A
06622700 1989 01 15     8.30 A
06622700 1989 01 16     8.30 A
06622700 1989 01 17     8.40 A
06622700 1989 01 18     8.40 A
06622700 1989 01 19     8.60 A
06622700 1989 01 20     8.70 A
06622700 1989 01 21     8.90 A
06622700 1989 01 22     9.20 A
06622700 1989 01 23     9.60 A
06622700 1989 01 24     9.60 A
06622700 1989 01 25     9.10 A
06622700 1989 01 26     8.90 A
06622700 1989 01 27     9.30 A
06622700 1989 01 28     9.60 A
06622700 1989 01 29     9.50 A
06622700 1989 01 30     9.50 A
06622700 1989 01 31     9.50 A
06622700 1989 02 01     9.60 A
06622700 1989 02 02     9.30 A
06622700 1989 02 03     9.20 A
06622700 1989 02 04     8.90 A
06622700 1989 02 05     8.60 A
06622700 1989 02 06     8.40 A
06622700 1989 02 07     8.10 A
06622700 1989 02 08     8.10 A
06622700 1989 02 09     7.90 A
06622700 1989 02 10     8.10 A
06622700 1989 02 11     8.40 A
06622700 1989 02 12     8.20 A
06622700 1989 02 13     8.10 A
06622700 1989 02 14     7.90 A
06622700 1989 02 15     7.80 A
06622700 1989 02 16     8.10 A
06622700 1989 02 17     8.40 A
06622700 1989 02 18     8.60 A
06622700 1989 02 19     8.70 A
06622700 1989 02 20     8.80 A
06622700 1989 02 21     8.50 A
06622700 1989 02 22     8.00 A
06622700 1989 02 23     8.60 A
06622700 1989 02 24     9.30 A
06622700 1989 02 25     10.00 A
06622700 1989 02 26     9.40 A
06622700 1989 02 27     8.70 A
06622700 1989 02 28     9.00 A
06622700 1989 03 01     9.30 A
06622700 1989 03 02     8.80 A
06622700 1989 03 03     8.40 A
06622700 1989 03 04     8.10 A
06622700 1989 03 05     7.90 A
06622700 1989 03 06     8.30 A
06622700 1989 03 07     8.10 A
06622700 1989 03 08     8.70 A
06622700 1989 03 09     11.00 A
06622700 1989 03 10     14.00 A
06622700 1989 03 11     15.00 A
06622700 1989 03 12     14.00 A
06622700 1989 03 13     13.00 A
06622700 1989 03 14     11.00 A
06622700 1989 03 15     9.30 A
06622700 1989 03 16     11.00 A
06622700 1989 03 17     12.00 A
06622700 1989 03 18     11.00 A
06622700 1989 03 19     10.00 A
06622700 1989 03 20     10.00 A
06622700 1989 03 21     10.00 A
06622700 1989 03 22     10.00 A
06622700 1989 03 23     9.60 A
06622700 1989 03 24     9.90 A
06622700 1989 03 25     11.00 A
06622700 1989 03 26     12.00 A
06622700 1989 03 27     11.00 A
06622700 1989 03 28     10.00 A
06622700 1989 03 29     10.00 A
06622700 1989 03 30     10.00 A
06622700 1989 03 31     9.40 A
06622700 1989 04 01     11.00 A
06622700 1989 04 02     9.60 A
06622700 1989 04 03     9.80 A
06622700 1989 04 04     9.90 A
06622700 1989 04 05     10.00 A
06622700 1989 04 06     9.50 A
06622700 1989 04 07     10.00 A
06622700 1989 04 08     10.00 A
06622700 1989 04 09     10.00 A
06622700 1989 04 10     10.00 A
06622700 1989 04 11     11.00 A
06622700 1989 04 12     12.00 A
06622700 1989 04 13     13.00 A
06622700 1989 04 14     15.00 A
06622700 1989 04 15     17.00 A
06622700 1989 04 16     21.00 A
06622700 1989 04 17     25.00 A
06622700 1989 04 18     32.00 A
06622700 1989 04 19     37.00 A
06622700 1989 04 20     46.00 A
06622700 1989 04 21     58.00 A
06622700 1989 04 22     76.00 A
06622700 1989 04 23     95.00 A
06622700 1989 04 24     102.00 A
06622700 1989 04 25     101.00 A
06622700 1989 04 26     101.00 A
06622700 1989 04 27     85.00 A
06622700 1989 04 28     60.00 A
06622700 1989 04 29     47.00 A
06622700 1989 04 30     41.00 A
06622700 1989 05 01     41.00 A
06622700 1989 05 02     41.00 A
06622700 1989 05 03     38.00 A
06622700 1989 05 04     36.00 A
06622700 1989 05 05     42.00 A
06622700 1989 05 06     68.00 A
06622700 1989 05 07     101.00 A
06622700 1989 05 08     131.00 A
06622700 1989 05 09     163.00 A
06622700 1989 05 10     196.00 A
06622700 1989 05 11     210.00 A
06622700 1989 05 12     196.00 A
06622700 1989 05 13     138.00 A
06622700 1989 05 14     117.00 A
06622700 1989 05 15     101.00 A
06622700 1989 05 16     110.00 A
06622700 1989 05 17     120.00 A
06622700 1989 05 18     175.00 A
06622700 1989 05 19     189.00 A
06622700 1989 05 20     164.00 A
06622700 1989 05 21     169.00 A
06622700 1989 05 22     184.00 A
06622700 1989 05 23     214.00 A
06622700 1989 05 24     192.00 A
06622700 1989 05 25     133.00 A
06622700 1989 05 26     111.00 A
06622700 1989 05 27     122.00 A
06622700 1989 05 28     154.00 A
06622700 1989 05 29     187.00 A
06622700 1989 05 30     180.00 A
06622700 1989 05 31     148.00 A
06622700 1989 06 01     126.00 A
06622700 1989 06 02     128.00 A
06622700 1989 06 03     121.00 A
06622700 1989 06 04     107.00 A
06622700 1989 06 05     110.00 A
06622700 1989 06 06     111.00 A
06622700 1989 06 07     108.00 A
06622700 1989 06 08     107.00 A
06622700 1989 06 09     90.00 A
06622700 1989 06 10     88.00 A
06622700 1989 06 11     118.00 A
06622700 1989 06 12     97.00 A
06622700 1989 06 13     80.00 A
06622700 1989 06 14     73.00 A
06622700 1989 06 15     69.00 A
06622700 1989 06 16     74.00 A
06622700 1989 06 17     79.00 A
06622700 1989 06 18     62.00 A
06622700 1989 06 19     58.00 A
06622700 1989 06 20     54.00 A
06622700 1989 06 21     46.00 A
06622700 1989 06 22     37.00 A
06622700 1989 06 23     33.00 A
06622700 1989 06 24     44.00 A
06622700 1989 06 25     33.00 A
06622700 1989 06 26     30.00 A
06622700 1989 06 27     26.00 A
06622700 1989 06 28     24.00 A
06622700 1989 06 29     22.00 A
06622700 1989 06 30     21.00 A
06622700 1989 07 01     19.00 A
06622700 1989 07 02     18.00 A
06622700 1989 07 03     16.00 A
06622700 1989 07 04     15.00 A
06622700 1989 07 05     15.00 A
06622700 1989 07 06     21.00 A
06622700 1989 07 07     20.00 A
06622700 1989 07 08     19.00 A
06622700 1989 07 09     18.00 A
06622700 1989 07 10     17.00 A
06622700 1989 07 11     17.00 A
06622700 1989 07 12     16.00 A
06622700 1989 07 13     17.00 A
06622700 1989 07 14     15.00 A
06622700 1989 07 15     12.00 A
06622700 1989 07 16     10.00 A
06622700 1989 07 17     9.60 A
06622700 1989 07 18     9.40 A
06622700 1989 07 19     9.10 A
06622700 1989 07 20     8.80 A
06622700 1989 07 21     8.80 A
06622700 1989 07 22     8.70 A
06622700 1989 07 23     9.90 A
06622700 1989 07 24     17.00 A
06622700 1989 07 25     13.00 A
06622700 1989 07 26     13.00 A
06622700 1989 07 27     10.00 A
06622700 1989 07 28     9.90 A
06622700 1989 07 29     12.00 A
06622700 1989 07 30     12.00 A
06622700 1989 07 31     9.40 A
06622700 1989 08 01     8.50 A
06622700 1989 08 02     10.00 A
06622700 1989 08 03     8.70 A
06622700 1989 08 04     7.80 A
06622700 1989 08 05     7.60 A
06622700 1989 08 06     7.40 A
06622700 1989 08 07     7.20 A
06622700 1989 08 08     7.30 A
06622700 1989 08 09     7.20 A
06622700 1989 08 10     7.20 A
06622700 1989 08 11     7.20 A
06622700 1989 08 12     14.00 A
06622700 1989 08 13     13.00 A
06622700 1989 08 14     9.20 A
06622700 1989 08 15     8.40 A
06622700 1989 08 16     7.70 A
06622700 1989 08 17     7.40 A
06622700 1989 08 18     7.90 A
06622700 1989 08 19     8.00 A
06622700 1989 08 20     8.50 A
06622700 1989 08 21     7.80 A
06622700 1989 08 22     7.30 A
06622700 1989 08 23     6.90 A
06622700 1989 08 24     6.50 A
06622700 1989 08 25     6.20 A
06622700 1989 08 26     6.10 A
06622700 1989 08 27     6.00 A
06622700 1989 08 28     5.90 A
06622700 1989 08 29     5.90 A
06622700 1989 08 30     5.70 A
06622700 1989 08 31     5.60 A
06622700 1989 09 01     5.40 A
06622700 1989 09 02     5.50 A
06622700 1989 09 03     5.40 A
06622700 1989 09 04     5.40 A
06622700 1989 09 05     5.50 A
06622700 1989 09 06     5.50 A
06622700 1989 09 07     5.50 A
06622700 1989 09 08     9.60 A
06622700 1989 09 09     16.00 A
06622700 1989 09 10     15.00 A
06622700 1989 09 11     11.00 A
06622700 1989 09 12     8.50 A
06622700 1989 09 13     7.10 A
06622700 1989 09 14     6.50 A
06622700 1989 09 15     6.20 A
06622700 1989 09 16     5.90 A
06622700 1989 09 17     5.80 A
06622700 1989 09 18     5.70 A
06622700 1989 09 19     5.60 A
06622700 1989 09 20     5.70 A
06622700 1989 09 21     6.40 A
06622700 1989 09 22     6.90 A
06622700 1989 09 23     7.20 A
06622700 1989 09 24     7.10 A
06622700 1989 09 25     7.10 A
06622700 1989 09 26     7.00 A
06622700 1989 09 27     7.00 A
06622700 1989 09 28     7.10 A
06622700 1989 09 29     7.00 A
06622700 1989 09 30     6.90 A
06622700 1989 10 01     7.20 A
06622700 1989 10 02     8.10 A
06622700 1989 10 03     7.90 A
06622700 1989 10 04     8.30 A
06622700 1989 10 05     7.90 A
06622700 1989 10 06     7.50 A
06622700 1989 10 07     7.50 A
06622700 1989 10 08     7.40 A
06622700 1989 10 09     7.40 A
06622700 1989 10 10     7.30 A
06622700 1989 10 11     7.10 A
06622700 1989 10 12     6.90 A
06622700 1989 10 13     6.80 A
06622700 1989 10 14     6.80 A
06622700 1989 10 15     6.90 A
06622700 1989 10 16     7.20 A
06622700 1989 10 17     7.60 A
06622700 1989 10 18     7.70 A
06622700 1989 10 19     7.00 A
06622700 1989 10 20     8.00 A
06622700 1989 10 21     8.20 A
06622700 1989 10 22     8.10 A
06622700 1989 10 23     8.20 A
06622700 1989 10 24     7.90 A
06622700 1989 10 25     7.80 A
06622700 1989 10 26     8.90 A
06622700 1989 10 27     9.50 A
06622700 1989 10 28     9.20 A
06622700 1989 10 29     8.50 A
06622700 1989 10 30     8.00 A
06622700 1989 10 31     8.00 A
06622700 1989 11 01     7.00 A
06622700 1989 11 02     7.00 A
06622700 1989 11 03     8.00 A
06622700 1989 11 04     9.00 A
06622700 1989 11 05     9.40 A
06622700 1989 11 06     8.60 A
06622700 1989 11 07     8.70 A
06622700 1989 11 08     8.40 A
06622700 1989 11 09     8.60 A
06622700 1989 11 10     9.30 A
06622700 1989 11 11     9.40 A
06622700 1989 11 12     9.90 A
06622700 1989 11 13     10.00 A
06622700 1989 11 14     9.00 A
06622700 1989 11 15     8.00 A
06622700 1989 11 16     8.00 A
06622700 1989 11 17     9.00 A
06622700 1989 11 18     9.50 A
06622700 1989 11 19     10.00 A
06622700 1989 11 20     10.00 A
06622700 1989 11 21     10.00 A
06622700 1989 11 22     9.50 A
06622700 1989 11 23     9.50 A
06622700 1989 11 24     9.50 A
06622700 1989 11 25     9.50 A
06622700 1989 11 26     9.00 A
06622700 1989 11 27     8.50 A
06622700 1989 11 28     8.50 A
06622700 1989 11 29     8.00 A
06622700 1989 11 30     8.00 A
06622700 1989 12 01     8.50 A
06622700 1989 12 02     9.00 A
06622700 1989 12 03     9.50 A
06622700 1989 12 04     10.00 A
06622700 1989 12 05     10.00 A
06622700 1989 12 06     10.00 A
06622700 1989 12 07     10.00 A
06622700 1989 12 08     10.00 A
06622700 1989 12 09     10.00 A
06622700 1989 12 10     9.50 A
06622700 1989 12 11     8.70 A
06622700 1989 12 12     8.70 A
06622700 1989 12 13     9.00 A
06622700 1989 12 14     9.10 A
06622700 1989 12 15     9.50 A
06622700 1989 12 16     9.30 A
06622700 1989 12 17     9.10 A
06622700 1989 12 18     9.30 A
06622700 1989 12 19     9.30 A
06622700 1989 12 20     9.40 A
06622700 1989 12 21     9.30 A
06622700 1989 12 22     9.10 A
06622700 1989 12 23     9.30 A
06622700 1989 12 24     9.30 A
06622700 1989 12 25     9.10 A
06622700 1989 12 26     9.40 A
06622700 1989 12 27     9.50 A
06622700 1989 12 28     10.00 A
06622700 1989 12 29     10.00 A
06622700 1989 12 30     9.80 A
06622700 1989 12 31     9.60 A
06622700 1990 01 01     9.50 A
06622700 1990 01 02     9.50 A
06622700 1990 01 03     9.20 A
06622700 1990 01 04     9.30 A
06622700 1990 01 05     9.80 A
06622700 1990 01 06     9.40 A
06622700 1990 01 07     9.80 A
06622700 1990 01 08     9.80 A
06622700 1990 01 09     9.70 A
06622700 1990 01 10     9.70 A
06622700 1990 01 11     9.60 A
06622700 1990 01 12     9.60 A
06622700 1990 01 13     9.70 A
06622700 1990 01 14     9.60 A
06622700 1990 01 15     10.00 A
06622700 1990 01 16     9.70 A
06622700 1990 01 17     9.70 A
06622700 1990 01 18     9.50 A
06622700 1990 01 19     9.50 A
06622700 1990 01 20     9.50 A
06622700 1990 01 21     10.00 A
06622700 1990 01 22     10.00 A
06622700 1990 01 23     10.00 A
06622700 1990 01 24     9.50 A
06622700 1990 01 25     9.50 A
06622700 1990 01 26     10.00 A
06622700 1990 01 27     9.50 A
06622700 1990 01 28     9.70 A
06622700 1990 01 29     9.70 A
06622700 1990 01 30     9.60 A
06622700 1990 01 31     9.50 A
06622700 1990 02 01     9.30 A
06622700 1990 02 02     9.20 A
06622700 1990 02 03     9.00 A
06622700 1990 02 04     9.20 A
06622700 1990 02 05     8.90 A
06622700 1990 02 06     9.20 A
06622700 1990 02 07     9.50 A
06622700 1990 02 08     9.30 A
06622700 1990 02 09     9.20 A
06622700 1990 02 10     9.20 A
06622700 1990 02 11     9.50 A
06622700 1990 02 12     9.40 A
06622700 1990 02 13     9.50 A
06622700 1990 02 14     9.00 A
06622700 1990 02 15     9.00 A
06622700 1990 02 16     9.50 A
06622700 1990 02 17     9.90 A
06622700 1990 02 18     9.70 A
06622700 1990 02 19     9.80 A
06622700 1990 02 20     9.70 A
06622700 1990 02 21     9.50 A
06622700 1990 02 22     9.50 A
06622700 1990 02 23     9.40 A
06622700 1990 02 24     9.50 A
06622700 1990 02 25     9.70 A
06622700 1990 02 26     9.80 A
06622700 1990 02 27     9.30 A
06622700 1990 02 28     9.00 A
06622700 1990 03 01     9.00 A
06622700 1990 03 02     9.50 A
06622700 1990 03 03     9.50 A
06622700 1990 03 04     9.50 A
06622700 1990 03 05     10.00 A
06622700 1990 03 06     11.00 A
06622700 1990 03 07     10.00 A
06622700 1990 03 08     10.00 A
06622700 1990 03 09     10.00 A
06622700 1990 03 10     10.00 A
06622700 1990 03 11     10.00 A
06622700 1990 03 12     9.50 A
06622700 1990 03 13     9.10 A
06622700 1990 03 14     10.00 A
06622700 1990 03 15     12.00 A
06622700 1990 03 16     12.00 A
06622700 1990 03 17     11.00 A
06622700 1990 03 18     10.00 A
06622700 1990 03 19     10.00 A
06622700 1990 03 20     10.00 A
06622700 1990 03 21     10.00 A
06622700 1990 03 22     10.00 A
06622700 1990 03 23     11.00 A
06622700 1990 03 24     11.00 A
06622700 1990 03 25     10.00 A
06622700 1990 03 26     11.00 A
06622700 1990 03 27     10.00 A
06622700 1990 03 28     10.00 A
06622700 1990 03 29     9.70 A
06622700 1990 03 30     9.50 A
06622700 1990 03 31     9.50 A
06622700 1990 04 01     9.90 A
06622700 1990 04 02     12.00 A
06622700 1990 04 03     14.00 A
06622700 1990 04 04     15.00 A
06622700 1990 04 05     16.00 A
06622700 1990 04 06     15.00 A
06622700 1990 04 07     15.00 A
06622700 1990 04 08     16.00 A
06622700 1990 04 09     16.00 A
06622700 1990 04 10     15.00 A
06622700 1990 04 11     15.00 A
06622700 1990 04 12     16.00 A
06622700 1990 04 13     15.00 A
06622700 1990 04 14     16.00 A
06622700 1990 04 15     23.00 A
06622700 1990 04 16     31.00 A
06622700 1990 04 17     34.00 A
06622700 1990 04 18     40.00 A
06622700 1990 04 19     42.00 A
06622700 1990 04 20     46.00 A
06622700 1990 04 21     53.00 A
06622700 1990 04 22     59.00 A
06622700 1990 04 23     64.00 A
06622700 1990 04 24     64.00 A
06622700 1990 04 25     51.00 A
06622700 1990 04 26     43.00 A
06622700 1990 04 27     36.00 A
06622700 1990 04 28     33.00 A
06622700 1990 04 29     32.00 A
06622700 1990 04 30     37.00 A
06622700 1990 05 01     36.00 A
06622700 1990 05 02     32.00 A
06622700 1990 05 03     30.00 A
06622700 1990 05 04     29.00 A
06622700 1990 05 05     33.00 A
06622700 1990 05 06     50.00 A
06622700 1990 05 07     73.00 A
06622700 1990 05 08     65.00 A
06622700 1990 05 09     57.00 A
06622700 1990 05 10     50.00 A
06622700 1990 05 11     54.00 A
06622700 1990 05 12     51.00 A
06622700 1990 05 13     49.00 A
06622700 1990 05 14     47.00 A
06622700 1990 05 15     57.00 A
06622700 1990 05 16     70.00 A
06622700 1990 05 17     65.00 A
06622700 1990 05 18     80.00 A
06622700 1990 05 19     100.00 A
06622700 1990 05 20     100.00 A
06622700 1990 05 21     120.00 A
06622700 1990 05 22     150.00 A
06622700 1990 05 23     180.00 A
06622700 1990 05 24     230.00 A
06622700 1990 05 25     230.00 A
06622700 1990 05 26     210.00 A
06622700 1990 05 27     200.00 A
06622700 1990 05 28     240.00 A
06622700 1990 05 29     270.00 A
06622700 1990 05 30     250.00 A
06622700 1990 05 31     320.00 A
06622700 1990 06 01     283.00 A
06622700 1990 06 02     205.00 A
06622700 1990 06 03     204.00 A
06622700 1990 06 04     307.00 A
06622700 1990 06 05     394.00 A
06622700 1990 06 06     416.00 A
06622700 1990 06 07     406.00 A
06622700 1990 06 08     406.00 A
06622700 1990 06 09     372.00 A
06622700 1990 06 10     418.00 A
06622700 1990 06 11     434.00 A
06622700 1990 06 12     342.00 A
06622700 1990 06 13     321.00 A
06622700 1990 06 14     325.00 A
06622700 1990 06 15     261.00 A
06622700 1990 06 16     222.00 A
06622700 1990 06 17     201.00 A
06622700 1990 06 18     231.00 A
06622700 1990 06 19     247.00 A
06622700 1990 06 20     222.00 A
06622700 1990 06 21     212.00 A
06622700 1990 06 22     197.00 A
06622700 1990 06 23     200.00 A
06622700 1990 06 24     201.00 A
06622700 1990 06 25     186.00 A
06622700 1990 06 26     172.00 A
06622700 1990 06 27     158.00 A
06622700 1990 06 28     136.00 A
06622700 1990 06 29     116.00 A
06622700 1990 06 30     103.00 A
06622700 1990 07 01     93.00 A
06622700 1990 07 02     85.00 A
06622700 1990 07 03     77.00 A
06622700 1990 07 04     77.00 A
06622700 1990 07 05     59.00 A
06622700 1990 07 06     50.00 A
06622700 1990 07 07     43.00 A
06622700 1990 07 08     62.00 A
06622700 1990 07 09     60.00 A
06622700 1990 07 10     57.00 A
06622700 1990 07 11     37.00 A
06622700 1990 07 12     30.00 A
06622700 1990 07 13     27.00 A
06622700 1990 07 14     26.00 A
06622700 1990 07 15     24.00 A
06622700 1990 07 16     22.00 A
06622700 1990 07 17     20.00 A
06622700 1990 07 18     26.00 A
06622700 1990 07 19     27.00 A
06622700 1990 07 20     39.00 A
06622700 1990 07 21     79.00 A
06622700 1990 07 22     37.00 A
06622700 1990 07 23     32.00 A
06622700 1990 07 24     27.00 A
06622700 1990 07 25     29.00 A
06622700 1990 07 26     21.00 A
06622700 1990 07 27     17.00 A
06622700 1990 07 28     15.00 A
06622700 1990 07 29     15.00 A
06622700 1990 07 30     15.00 A
06622700 1990 07 31     14.00 A
06622700 1990 08 01     13.00 A
06622700 1990 08 02     13.00 A
06622700 1990 08 03     12.00 A
06622700 1990 08 04     12.00 A
06622700 1990 08 05     12.00 A
06622700 1990 08 06     11.00 A
06622700 1990 08 07     10.00 A
06622700 1990 08 08     10.00 A
06622700 1990 08 09     11.00 A
06622700 1990 08 10     10.00 A
06622700 1990 08 11     11.00 A
06622700 1990 08 12     19.00 A
06622700 1990 08 13     12.00 A
06622700 1990 08 14     11.00 A
06622700 1990 08 15     10.00 A
06622700 1990 08 16     10.00 A
06622700 1990 08 17     11.00 A
06622700 1990 08 18     12.00 A
06622700 1990 08 19     9.90 A
06622700 1990 08 20     9.30 A
06622700 1990 08 21     9.00 A
06622700 1990 08 22     8.50 A
06622700 1990 08 23     8.70 A
06622700 1990 08 24     8.50 A
06622700 1990 08 25     8.00 A
06622700 1990 08 26     7.50 A
06622700 1990 08 27     7.10 A
06622700 1990 08 28     7.00 A
06622700 1990 08 29     7.00 A
06622700 1990 08 30     7.00 A
06622700 1990 08 31     7.90 A
06622700 1990 09 01     9.00 A
06622700 1990 09 02     9.50 A
06622700 1990 09 03     12.00 A
06622700 1990 09 04     9.00 A
06622700 1990 09 05     8.00 A
06622700 1990 09 06     8.50 A
06622700 1990 09 07     8.10 A
06622700 1990 09 08     7.60 A
06622700 1990 09 09     7.40 A
06622700 1990 09 10     7.20 A
06622700 1990 09 11     6.90 A
06622700 1990 09 12     6.80 A
06622700 1990 09 13     6.70 A
06622700 1990 09 14     6.60 A
06622700 1990 09 15     6.60 A
06622700 1990 09 16     6.80 A
06622700 1990 09 17     13.00 A
06622700 1990 09 18     16.00 A
06622700 1990 09 19     11.00 A
06622700 1990 09 20     11.00 A
06622700 1990 09 21     12.00 A
06622700 1990 09 22     9.70 A
06622700 1990 09 23     8.50 A
06622700 1990 09 24     8.20 A
06622700 1990 09 25     8.10 A
06622700 1990 09 26     8.30 A
06622700 1990 09 27     8.20 A
06622700 1990 09 28     9.00 A
06622700 1990 09 29     9.20 A
06622700 1990 09 30     8.60 A
06622700 1990 10 01     8.00 A
06622700 1990 10 02     7.80 A
06622700 1990 10 03     7.50 A
06622700 1990 10 04     7.60 A
06622700 1990 10 05     7.30 A
06622700 1990 10 06     7.40 A
06622700 1990 10 07     9.90 A
06622700 1990 10 08     9.80 A
06622700 1990 10 09     9.50 A
06622700 1990 10 10     10.00 A
06622700 1990 10 11     12.00 A
06622700 1990 10 12     11.00 A
06622700 1990 10 13     9.90 A
06622700 1990 10 14     9.10 A
06622700 1990 10 15     10.00 A
06622700 1990 10 16     12.00 A
06622700 1990 10 17     13.00 A
06622700 1990 10 18     14.00 A
06622700 1990 10 19     13.00 A
06622700 1990 10 20     12.00 A
06622700 1990 10 21     12.00 A
06622700 1990 10 22     11.00 A
06622700 1990 10 23     10.00 A
06622700 1990 10 24     10.00 A
06622700 1990 10 25     10.00 A
06622700 1990 10 26     11.00 A
06622700 1990 10 27     12.00 A
06622700 1990 10 28     11.00 A
06622700 1990 10 29     12.00 A
06622700 1990 10 30     11.00 A
06622700 1990 10 31     11.00 A
06622700 1990 11 01     11.00 A
06622700 1990 11 02     11.00 A
06622700 1990 11 03     9.40 A
06622700 1990 11 04     7.90 A
06622700 1990 11 05     8.30 A
06622700 1990 11 06     7.60 A
06622700 1990 11 07     7.80 A
06622700 1990 11 08     8.00 A
06622700 1990 11 09     8.40 A
06622700 1990 11 10     12.00 A
06622700 1990 11 11     11.00 A
06622700 1990 11 12     11.00 A
06622700 1990 11 13     10.00 A
06622700 1990 11 14     9.80 A
06622700 1990 11 15     9.70 A
06622700 1990 11 16     8.80 A
06622700 1990 11 17     8.80 A
06622700 1990 11 18     8.80 A
06622700 1990 11 19     8.80 A
06622700 1990 11 20     8.80 A
06622700 1990 11 21     8.20 A
06622700 1990 11 22     8.60 A
06622700 1990 11 23     9.60 A
06622700 1990 11 24     9.10 A
06622700 1990 11 25     8.50 A
06622700 1990 11 26     8.40 A
06622700 1990 11 27     8.20 A
06622700 1990 11 28     7.80 A
06622700 1990 11 29     7.80 A
06622700 1990 11 30     7.80 A
06622700 1990 12 01     7.80 A
06622700 1990 12 02     7.80 A
06622700 1990 12 03     7.80 A
06622700 1990 12 04     7.80 A
06622700 1990 12 05     7.70 A
06622700 1990 12 06     7.40 A
06622700 1990 12 07     7.40 A
06622700 1990 12 08     7.40 A
06622700 1990 12 09     7.20 A
06622700 1990 12 10     7.00 A
06622700 1990 12 11     7.00 A
06622700 1990 12 12     7.20 A
06622700 1990 12 13     7.00 A
06622700 1990 12 14     6.40 A
06622700 1990 12 15     6.80 A
06622700 1990 12 16     7.20 A
06622700 1990 12 17     7.20 A
06622700 1990 12 18     6.80 A
06622700 1990 12 19     6.40 A
06622700 1990 12 20     5.60 A
06622700 1990 12 21     4.30 A
06622700 1990 12 22     5.00 A
06622700 1990 12 23     4.40 A
06622700 1990 12 24     5.50 A
06622700 1990 12 25     6.20 A
06622700 1990 12 26     6.20 A
06622700 1990 12 27     6.20 A
06622700 1990 12 28     6.40 A
06622700 1990 12 29     6.50 A
06622700 1990 12 30     6.50 A
06622700 1990 12 31     6.60 A
06622700 1991 01 01     6.90 A
06622700 1991 01 02     7.10 A
06622700 1991 01 03     7.00 A
06622700 1991 01 04     6.80 A
06622700 1991 01 05     6.80 A
06622700 1991 01 06     6.80 A
06622700 1991 01 07     6.80 A
06622700 1991 01 08     6.80 A
06622700 1991 01 09     6.90 A
06622700 1991 01 10     7.10 A
06622700 1991 01 11     7.10 A
06622700 1991 01 12     7.10 A
06622700 1991 01 13     7.10 A
06622700 1991 01 14     7.10 A
06622700 1991 01 15     7.30 A
06622700 1991 01 16     8.10 A
06622700 1991 01 17     8.10 A
06622700 1991 01 18     8.00 A
06622700 1991 01 19     8.00 A
06622700 1991 01 20     8.00 A
06622700 1991 01 21     8.00 A
06622700 1991 01 22     7.90 A
06622700 1991 01 23     8.00 A
06622700 1991 01 24     8.30 A
06622700 1991 01 25     8.30 A
06622700 1991 01 26     8.30 A
06622700 1991 01 27     8.30 A
06622700 1991 01 28     8.50 A
06622700 1991 01 29     8.40 A
06622700 1991 01 30     8.40 A
06622700 1991 01 31     8.40 A
06622700 1991 02 01     8.50 A
06622700 1991 02 02     8.40 A
06622700 1991 02 03     8.50 A
06622700 1991 02 04     8.60 A
06622700 1991 02 05     8.40 A
06622700 1991 02 06     8.30 A
06622700 1991 02 07     8.30 A
06622700 1991 02 08     8.30 A
06622700 1991 02 09     8.30 A
06622700 1991 02 10     8.60 A
06622700 1991 02 11     8.60 A
06622700 1991 02 12     8.70 A
06622700 1991 02 13     8.60 A
06622700 1991 02 14     8.80 A
06622700 1991 02 15     8.90 A
06622700 1991 02 16     8.90 A
06622700 1991 02 17     8.90 A
06622700 1991 02 18     8.80 A
06622700 1991 02 19     8.80 A
06622700 1991 02 20     8.90 A
06622700 1991 02 21     8.90 A
06622700 1991 02 22     9.00 A
06622700 1991 02 23     9.30 A
06622700 1991 02 24     8.80 A
06622700 1991 02 25     9.00 A
06622700 1991 02 26     9.20 A
06622700 1991 02 27     9.60 A
06622700 1991 02 28     9.60 A
06622700 1991 03 01     9.80 A
06622700 1991 03 02     9.80 A
06622700 1991 03 03     9.60 A
06622700 1991 03 04     9.80 A
06622700 1991 03 05     9.90 A
06622700 1991 03 06     9.50 A
06622700 1991 03 07     9.70 A
06622700 1991 03 08     9.30 A
06622700 1991 03 09     8.40 A
06622700 1991 03 10     9.60 A
06622700 1991 03 11     9.60 A
06622700 1991 03 12     9.50 A
06622700 1991 03 13     9.30 A
06622700 1991 03 14     9.50 A
06622700 1991 03 15     9.60 A
06622700 1991 03 16     9.50 A
06622700 1991 03 17     9.50 A
06622700 1991 03 18     9.80 A
06622700 1991 03 19     11.00 A
06622700 1991 03 20     10.00 A
06622700 1991 03 21     11.00 A
06622700 1991 03 22     9.90 A
06622700 1991 03 23     9.90 A
06622700 1991 03 24     9.80 A
06622700 1991 03 25     10.00 A
06622700 1991 03 26     10.00 A
06622700 1991 03 27     9.70 A
06622700 1991 03 28     9.30 A
06622700 1991 03 29     8.70 A
06622700 1991 03 30     8.90 A
06622700 1991 03 31     9.00 A
06622700 1991 04 01     9.40 A
06622700 1991 04 02     10.00 A
06622700 1991 04 03     11.00 A
06622700 1991 04 04     12.00 A
06622700 1991 04 05     13.00 A
06622700 1991 04 06     15.00 A
06622700 1991 04 07     18.00 A
06622700 1991 04 08     16.00 A
06622700 1991 04 09     15.00 A
06622700 1991 04 10     14.00 A
06622700 1991 04 11     14.00 A
06622700 1991 04 12     13.00 A
06622700 1991 04 13     14.00 A
06622700 1991 04 14     15.00 A
06622700 1991 04 15     17.00 A
06622700 1991 04 16     18.00 A
06622700 1991 04 17     18.00 A
06622700 1991 04 18     19.00 A
06622700 1991 04 19     19.00 A
06622700 1991 04 20     17.00 A
06622700 1991 04 21     17.00 A
06622700 1991 04 22     16.00 A
06622700 1991 04 23     16.00 A
06622700 1991 04 24     16.00 A
06622700 1991 04 25     17.00 A
06622700 1991 04 26     16.00 A
06622700 1991 04 27     16.00 A
06622700 1991 04 28     15.00 A
06622700 1991 04 29     14.00 A
06622700 1991 04 30     15.00 A
06622700 1991 05 01     15.00 A
06622700 1991 05 02     17.00 A
06622700 1991 05 03     18.00 A
06622700 1991 05 04     15.00 A
06622700 1991 05 05     14.00 A
06622700 1991 05 06     15.00 A
06622700 1991 05 07     18.00 A
06622700 1991 05 08     25.00 A
06622700 1991 05 09     43.00 A
06622700 1991 05 10     59.00 A
06622700 1991 05 11     71.00 A
06622700 1991 05 12     69.00 A
06622700 1991 05 13     67.00 A
06622700 1991 05 14     91.00 A
06622700 1991 05 15     90.00 A
06622700 1991 05 16     69.00 A
06622700 1991 05 17     76.00 A
06622700 1991 05 18     133.00 A
06622700 1991 05 19     208.00 A
06622700 1991 05 20     253.00 A
06622700 1991 05 21     265.00 A
06622700 1991 05 22     338.00 A
06622700 1991 05 23     343.00 A
06622700 1991 05 24     243.00 A
06622700 1991 05 25     251.00 A
06622700 1991 05 26     337.00 A
06622700 1991 05 27     339.00 A
06622700 1991 05 28     268.00 A
06622700 1991 05 29     210.00 A
06622700 1991 05 30     176.00 A
06622700 1991 05 31     198.00 A
06622700 1991 06 01     357.00 A
06622700 1991 06 02     470.00 A
06622700 1991 06 03     330.00 A
06622700 1991 06 04     356.00 A
06622700 1991 06 05     316.00 A
06622700 1991 06 06     265.00 A
06622700 1991 06 07     251.00 A
06622700 1991 06 08     242.00 A
06622700 1991 06 09     226.00 A
06622700 1991 06 10     200.00 A
06622700 1991 06 11     193.00 A
06622700 1991 06 12     200.00 A
06622700 1991 06 13     197.00 A
06622700 1991 06 14     191.00 A
06622700 1991 06 15     193.00 A
06622700 1991 06 16     146.00 A
06622700 1991 06 17     130.00 A
06622700 1991 06 18     119.00 A
06622700 1991 06 19     120.00 A
06622700 1991 06 20     114.00 A
06622700 1991 06 21     98.00 A
06622700 1991 06 22     91.00 A
06622700 1991 06 23     79.00 A
06622700 1991 06 24     71.00 A
06622700 1991 06 25     67.00 A
06622700 1991 06 26     61.00 A
06622700 1991 06 27     54.00 A
06622700 1991 06 28     50.00 A
06622700 1991 06 29     52.00 A
06622700 1991 06 30     61.00 A
06622700 1991 07 01     47.00 A
06622700 1991 07 02     40.00 A
06622700 1991 07 03     36.00 A
06622700 1991 07 04     33.00 A
06622700 1991 07 05     30.00 A
06622700 1991 07 06     28.00 A
06622700 1991 07 07     26.00 A
06622700 1991 07 08     29.00 A
06622700 1991 07 09     33.00 A
06622700 1991 07 10     28.00 A
06622700 1991 07 11     28.00 A
06622700 1991 07 12     23.00 A
06622700 1991 07 13     19.00 A
06622700 1991 07 14     18.00 A
06622700 1991 07 15     18.00 A
06622700 1991 07 16     16.00 A
06622700 1991 07 17     16.00 A
06622700 1991 07 18     16.00 A
06622700 1991 07 19     22.00 A
06622700 1991 07 20     17.00 A
06622700 1991 07 21     15.00 A
06622700 1991 07 22     15.00 A
06622700 1991 07 23     17.00 A
06622700 1991 07 24     20.00 A
06622700 1991 07 25     17.00 A
06622700 1991 07 26     20.00 A
06622700 1991 07 27     16.00 A
06622700 1991 07 28     13.00 A
06622700 1991 07 29     12.00 A
06622700 1991 07 30     11.00 A
06622700 1991 07 31     11.00 A
06622700 1991 08 01     12.00 A
06622700 1991 08 02     16.00 A
06622700 1991 08 03     12.00 A
06622700 1991 08 04     13.00 A
06622700 1991 08 05     12.00 A
06622700 1991 08 06     11.00 A
06622700 1991 08 07     11.00 A
06622700 1991 08 08     11.00 A
06622700 1991 08 09     9.90 A
06622700 1991 08 10     9.30 A
06622700 1991 08 11     9.00 A
06622700 1991 08 12     9.90 A
06622700 1991 08 13     12.00 A
06622700 1991 08 14     9.80 A
06622700 1991 08 15     9.90 A
06622700 1991 08 16     12.00 A
06622700 1991 08 17     17.00 A
06622700 1991 08 18     11.00 A
06622700 1991 08 19     9.30 A
06622700 1991 08 20     11.00 A
06622700 1991 08 21     12.00 A
06622700 1991 08 22     9.00 A
06622700 1991 08 23     8.10 A
06622700 1991 08 24     8.00 A
06622700 1991 08 25     7.70 A
06622700 1991 08 26     7.50 A
06622700 1991 08 27     7.90 A
06622700 1991 08 28     8.70 A
06622700 1991 08 29     8.00 A
06622700 1991 08 30     7.20 A
06622700 1991 08 31     7.20 A
06622700 1991 09 01     7.80 A
06622700 1991 09 02     8.40 A
06622700 1991 09 03     7.40 A
06622700 1991 09 04     7.10 A
06622700 1991 09 05     6.90 A
06622700 1991 09 06     7.00 A
06622700 1991 09 07     8.00 A
06622700 1991 09 08     17.00 A
06622700 1991 09 09     19.00 A
06622700 1991 09 10     10.00 A
06622700 1991 09 11     10.00 A
06622700 1991 09 12     9.00 A
06622700 1991 09 13     8.80 A
06622700 1991 09 14     9.60 A
06622700 1991 09 15     12.00 A
06622700 1991 09 16     12.00 A
06622700 1991 09 17     13.00 A
06622700 1991 09 18     9.90 A
06622700 1991 09 19     8.70 A
06622700 1991 09 20     8.30 A
06622700 1991 09 21     8.00 A
06622700 1991 09 22     7.50 A
06622700 1991 09 23     8.00 A
06622700 1991 09 24     8.00 A
06622700 1991 09 25     8.10 A
06622700 1991 09 26     8.00 A
06622700 1991 09 27     7.80 A
06622700 1991 09 28     7.80 A
06622700 1991 09 29     12.00 A
06622700 1991 09 30     22.00 A
06622700 1991 10 01     12.00 A
06622700 1991 10 02     9.50 A
06622700 1991 10 03     8.90 A
06622700 1991 10 04     8.80 A
06622700 1991 10 05     9.70 A
06622700 1991 10 06     9.60 A
06622700 1991 10 07     9.60 A
06622700 1991 10 08     9.40 A
06622700 1991 10 09     9.10 A
06622700 1991 10 10     8.90 A
06622700 1991 10 11     8.70 A
06622700 1991 10 12     8.80 A
06622700 1991 10 13     8.90 A
06622700 1991 10 14     8.90 A
06622700 1991 10 15     9.00 A
06622700 1991 10 16     8.90 A
06622700 1991 10 17     8.60 A
06622700 1991 10 18     8.40 A
06622700 1991 10 19     8.40 A
06622700 1991 10 20     8.70 A
06622700 1991 10 21     8.80 A
06622700 1991 10 22     8.80 A
06622700 1991 10 23     9.20 A
06622700 1991 10 24     9.70 A
06622700 1991 10 25     10.00 A
06622700 1991 10 26     11.00 A
06622700 1991 10 27     12.00 A
06622700 1991 10 28     11.00 A
06622700 1991 10 29     9.30 A
06622700 1991 10 30     8.60 A
06622700 1991 10 31     8.00 A
06622700 1991 11 01     7.00 A
06622700 1991 11 02     6.00 A
06622700 1991 11 03     7.00 A
06622700 1991 11 04     8.00 A
06622700 1991 11 05     9.00 A
06622700 1991 11 06     10.00 A
06622700 1991 11 07     11.00 A
06622700 1991 11 08     12.00 A
06622700 1991 11 09     12.00 A
06622700 1991 11 10     12.00 A
06622700 1991 11 11     11.00 A
06622700 1991 11 12     11.00 A
06622700 1991 11 13     10.00 A
06622700 1991 11 14     9.50 A
06622700 1991 11 15     9.60 A
06622700 1991 11 16     9.40 A
06622700 1991 11 17     9.50 A
06622700 1991 11 18     9.40 A
06622700 1991 11 19     9.40 A
06622700 1991 11 20     8.90 A
06622700 1991 11 21     9.80 A
06622700 1991 11 22     9.60 A
06622700 1991 11 23     9.30 A
06622700 1991 11 24     9.40 A
06622700 1991 11 25     9.60 A
06622700 1991 11 26     9.60 A
06622700 1991 11 27     9.60 A
06622700 1991 11 28     9.80 A
06622700 1991 11 29     9.50 A
06622700 1991 11 30     8.70 A
06622700 1991 12 01     8.00 A
06622700 1991 12 02     8.30 A
06622700 1991 12 03     8.70 A
06622700 1991 12 04     9.00 A
06622700 1991 12 05     9.20 A
06622700 1991 12 06     9.30 A
06622700 1991 12 07     9.30 A
06622700 1991 12 08     9.20 A
06622700 1991 12 09     8.40 A
06622700 1991 12 10     8.90 A
06622700 1991 12 11     9.20 A
06622700 1991 12 12     8.30 A
06622700 1991 12 13     8.90 A
06622700 1991 12 14     8.70 A
06622700 1991 12 15     8.40 A
06622700 1991 12 16     7.60 A
06622700 1991 12 17     7.90 A
06622700 1991 12 18     9.10 A
06622700 1991 12 19     9.30 A
06622700 1991 12 20     9.20 A
06622700 1991 12 21     8.40 A
06622700 1991 12 22     8.00 A
06622700 1991 12 23     8.90 A
06622700 1991 12 24     7.00 A
06622700 1991 12 25     7.80 A
06622700 1991 12 26     7.80 A
06622700 1991 12 27     7.80 A
06622700 1991 12 28     7.80 A
06622700 1991 12 29     7.10 A
06622700 1991 12 30     6.40 A
06622700 1991 12 31     6.80 A
06622700 1992 01 01     7.90 A
06622700 1992 01 02     6.40 A
06622700 1992 01 03     7.10 A
06622700 1992 01 04     8.20 A
06622700 1992 01 05     7.40 A
06622700 1992 01 06     8.30 A
06622700 1992 01 07     8.00 A
06622700 1992 01 08     8.40 A
06622700 1992 01 09     9.40 A
06622700 1992 01 10     6.90 A
06622700 1992 01 11     8.50 A
06622700 1992 01 12     8.60 A
06622700 1992 01 13     8.60 A
06622700 1992 01 14     8.50 A
06622700 1992 01 15     7.00 A
06622700 1992 01 16     8.60 A
06622700 1992 01 17     8.50 A
06622700 1992 01 18     8.60 A
06622700 1992 01 19     8.60 A
06622700 1992 01 20     8.30 A
06622700 1992 01 21     6.40 A
06622700 1992 01 22     8.60 A
06622700 1992 01 23     8.50 A
06622700 1992 01 24     8.60 A
06622700 1992 01 25     8.50 A
06622700 1992 01 26     8.60 A
06622700 1992 01 27     7.70 A
06622700 1992 01 28     8.70 A
06622700 1992 01 29     8.00 A
06622700 1992 01 30     8.20 A
06622700 1992 01 31     8.90 A
06622700 1992 02 01     8.40 A
06622700 1992 02 02     9.20 A
06622700 1992 02 03     9.00 A
06622700 1992 02 04     8.60 A
06622700 1992 02 05     8.30 A
06622700 1992 02 06     7.90 A
06622700 1992 02 07     7.60 A
06622700 1992 02 08     8.60 A
06622700 1992 02 09     9.20 A
06622700 1992 02 10     9.60 A
06622700 1992 02 11     8.90 A
06622700 1992 02 12     8.70 A
06622700 1992 02 13     8.30 A
06622700 1992 02 14     8.30 A
06622700 1992 02 15     8.30 A
06622700 1992 02 16     8.40 A
06622700 1992 02 17     7.90 A
06622700 1992 02 18     8.20 A
06622700 1992 02 19     8.30 A
06622700 1992 02 20     8.20 A
06622700 1992 02 21     8.40 A
06622700 1992 02 22     8.20 A
06622700 1992 02 23     8.10 A
06622700 1992 02 24     8.00 A
06622700 1992 02 25     8.40 A
06622700 1992 02 26     8.30 A
06622700 1992 02 27     8.20 A
06622700 1992 02 28     8.60 A
06622700 1992 02 29     9.20 A
06622700 1992 03 01     9.40 A
06622700 1992 03 02     9.50 A
06622700 1992 03 03     9.40 A
06622700 1992 03 04     9.10 A
06622700 1992 03 05     8.80 A
06622700 1992 03 06     8.60 A
06622700 1992 03 07     8.70 A
06622700 1992 03 08     8.60 A
06622700 1992 03 09     8.70 A
06622700 1992 03 10     8.90 A
06622700 1992 03 11     8.90 A
06622700 1992 03 12     8.80 A
06622700 1992 03 13     9.40 A
06622700 1992 03 14     9.80 A
06622700 1992 03 15     10.00 A
06622700 1992 03 16     9.80 A
06622700 1992 03 17     9.40 A
06622700 1992 03 18     9.30 A
06622700 1992 03 19     8.90 A
06622700 1992 03 20     8.60 A
06622700 1992 03 21     8.30 A
06622700 1992 03 22     7.80 A
06622700 1992 03 23     8.20 A
06622700 1992 03 24     8.40 A
06622700 1992 03 25     8.60 A
06622700 1992 03 26     9.10 A
06622700 1992 03 27     9.50 A
06622700 1992 03 28     9.80 A
06622700 1992 03 29     9.50 A
06622700 1992 03 30     10.00 A
06622700 1992 03 31     9.90 A
06622700 1992 04 01     9.40 A
06622700 1992 04 02     10.00 A
06622700 1992 04 03     11.00 A
06622700 1992 04 04     15.00 A
06622700 1992 04 05     17.00 A
06622700 1992 04 06     16.00 A
06622700 1992 04 07     14.00 A
06622700 1992 04 08     14.00 A
06622700 1992 04 09     15.00 A
06622700 1992 04 10     18.00 A
06622700 1992 04 11     17.00 A
06622700 1992 04 12     22.00 A
06622700 1992 04 13     29.00 A
06622700 1992 04 14     31.00 A
06622700 1992 04 15     34.00 A
06622700 1992 04 16     33.00 A
06622700 1992 04 17     31.00 A
06622700 1992 04 18     30.00 A
06622700 1992 04 19     25.00 A
06622700 1992 04 20     21.00 A
06622700 1992 04 21     21.00 A
06622700 1992 04 22     22.00 A
06622700 1992 04 23     21.00 A
06622700 1992 04 24     20.00 A
06622700 1992 04 25     22.00 A
06622700 1992 04 26     27.00 A
06622700 1992 04 27     36.00 A
06622700 1992 04 28     48.00 A
06622700 1992 04 29     63.00 A
06622700 1992 04 30     91.00 A
06622700 1992 05 01     113.00 A
06622700 1992 05 02     113.00 A
06622700 1992 05 03     107.00 A
06622700 1992 05 04     122.00 A
06622700 1992 05 05     148.00 A
06622700 1992 05 06     179.00 A
06622700 1992 05 07     210.00 A
06622700 1992 05 08     207.00 A
06622700 1992 05 09     225.00 A
06622700 1992 05 10     219.00 A
06622700 1992 05 11     181.00 A
06622700 1992 05 12     215.00 A
06622700 1992 05 13     251.00 A
06622700 1992 05 14     263.00 A
06622700 1992 05 15     255.00 A
06622700 1992 05 16     246.00 A
06622700 1992 05 17     242.00 A
06622700 1992 05 18     245.00 A
06622700 1992 05 19     238.00 A
06622700 1992 05 20     261.00 A
06622700 1992 05 21     380.00 A
06622700 1992 05 22     310.00 A
06622700 1992 05 23     230.00 A
06622700 1992 05 24     209.00 A
06622700 1992 05 25     198.00 A
06622700 1992 05 26     192.00 A
06622700 1992 05 27     369.00 A
06622700 1992 05 28     237.00 A
06622700 1992 05 29     161.00 A
06622700 1992 05 30     132.00 A
06622700 1992 05 31     151.00 A
06622700 1992 06 01     142.00 A
06622700 1992 06 02     123.00 A
06622700 1992 06 03     130.00 A
06622700 1992 06 04     136.00 A
06622700 1992 06 05     136.00 A
06622700 1992 06 06     117.00 A
06622700 1992 06 07     106.00 A
06622700 1992 06 08     105.00 A
06622700 1992 06 09     110.00 A
06622700 1992 06 10     113.00 A
06622700 1992 06 11     103.00 A
06622700 1992 06 12     91.00 A
06622700 1992 06 13     89.00 A
06622700 1992 06 14     78.00 A
06622700 1992 06 15     65.00 A
06622700 1992 06 16     56.00 A
06622700 1992 06 17     78.00 A
06622700 1992 06 18     77.00 A
06622700 1992 06 19     62.00 A
06622700 1992 06 20     60.00 A
06622700 1992 06 21     60.00 A
06622700 1992 06 22     53.00 A
06622700 1992 06 23     50.00 A
06622700 1992 06 24     53.00 A
06622700 1992 06 25     112.00 A
06622700 1992 06 26     128.00 A
06622700 1992 06 27     68.00 A
06622700 1992 06 28     67.00 A
06622700 1992 06 29     51.00 A
06622700 1992 06 30     43.00 A
06622700 1992 07 01     40.00 A
06622700 1992 07 02     64.00 A
06622700 1992 07 03     55.00 A
06622700 1992 07 04     39.00 A
06622700 1992 07 05     34.00 A
06622700 1992 07 06     28.00 A
06622700 1992 07 07     35.00 A
06622700 1992 07 08     40.00 A
06622700 1992 07 09     33.00 A
06622700 1992 07 10     28.00 A
06622700 1992 07 11     28.00 A
06622700 1992 07 12     46.00 A
06622700 1992 07 13     63.00 A
06622700 1992 07 14     36.00 A
06622700 1992 07 15     28.00 A
06622700 1992 07 16     25.00 A
06622700 1992 07 17     27.00 A
06622700 1992 07 18     22.00 A
06622700 1992 07 19     20.00 A
06622700 1992 07 20     29.00 A
06622700 1992 07 21     36.00 A
06622700 1992 07 22     22.00 A
06622700 1992 07 23     20.00 A
06622700 1992 07 24     19.00 A
06622700 1992 07 25     17.00 A
06622700 1992 07 26     19.00 A
06622700 1992 07 27     14.00 A
06622700 1992 07 28     13.00 A
06622700 1992 07 29     13.00 A
06622700 1992 07 30     12.00 A
06622700 1992 07 31     11.00 A
06622700 1992 08 01     11.00 A
06622700 1992 08 02     10.00 A
06622700 1992 08 03     12.00 A
06622700 1992 08 04     14.00 A
06622700 1992 08 05     11.00 A
06622700 1992 08 06     9.80 A
06622700 1992 08 07     11.00 A
06622700 1992 08 08     9.30 A
06622700 1992 08 09     8.80 A
06622700 1992 08 10     8.60 A
06622700 1992 08 11     9.00 A
06622700 1992 08 12     8.60 A
06622700 1992 08 13     8.20 A
06622700 1992 08 14     7.80 A
06622700 1992 08 15     7.70 A
06622700 1992 08 16     8.70 A
06622700 1992 08 17     16.00 A
06622700 1992 08 18     11.00 A
06622700 1992 08 19     9.20 A
06622700 1992 08 20     8.30 A
06622700 1992 08 21     8.00 A
06622700 1992 08 22     8.30 A
06622700 1992 08 23     12.00 A
06622700 1992 08 24     13.00 A
06622700 1992 08 25     11.00 A
06622700 1992 08 26     11.00 A
06622700 1992 08 27     9.30 A
06622700 1992 08 28     8.60 A
06622700 1992 08 29     8.20 A
06622700 1992 08 30     8.10 A
06622700 1992 08 31     8.10 A
06622700 1992 09 01     10.00 A
06622700 1992 09 02     14.00 A
06622700 1992 09 03     9.60 A
06622700 1992 09 04     8.80 A
06622700 1992 09 05     12.00 A
06622700 1992 09 06     9.80 A
06622700 1992 09 07     13.00 A
06622700 1992 09 08     13.00 A
06622700 1992 09 09     9.00 A
06622700 1992 09 10     8.30 A
06622700 1992 09 11     8.10 A
06622700 1992 09 12     8.00 A
06622700 1992 09 13     7.70 A
06622700 1992 09 14     7.40 A
06622700 1992 09 15     7.60 A
06622700 1992 09 16     7.60 A
06622700 1992 09 17     8.80 A
06622700 1992 09 18     10.00 A
06622700 1992 09 19     8.30 A
06622700 1992 09 20     8.00 A
06622700 1992 09 21     7.90 A
06622700 1992 09 22     7.70 A
06622700 1992 09 23     7.50 A
06622700 1992 09 24     7.40 A
06622700 1992 09 25     13.00 A
06622700 1992 09 26     14.00 A
06622700 1992 09 27     15.00 A
06622700 1992 09 28     14.00 A
06622700 1992 09 29     12.00 A
06622700 1992 09 30     10.00 A
06622700 1992 10 01     9.30 A
06622700 1992 10 02     8.90 A
06622700 1992 10 03     8.40 A
06622700 1992 10 04     8.30 A
06622700 1992 10 05     8.10 A
06622700 1992 10 06     8.40 A
06622700 1992 10 07     9.60 A
06622700 1992 10 08     10.00 A
06622700 1992 10 09     10.00 A
06622700 1992 10 10     9.70 A
06622700 1992 10 11     11.00 A
06622700 1992 10 12     11.00 A
06622700 1992 10 13     10.00 A
06622700 1992 10 14     9.40 A
06622700 1992 10 15     9.20 A
06622700 1992 10 16     8.40 A
06622700 1992 10 17     8.90 A
06622700 1992 10 18     9.00 A
06622700 1992 10 19     9.00 A
06622700 1992 10 20     8.80 A
06622700 1992 10 21     8.60 A
06622700 1992 10 22     8.50 A
06622700 1992 10 23     8.60 A
06622700 1992 10 24     8.50 A
06622700 1992 10 25     8.50 A
06622700 1992 10 26     8.40 A
06622700 1992 10 27     9.20 A
06622700 1992 10 28     11.00 A
06622700 1992 10 29     12.00 A
06622700 1992 10 30     12.00 A
06622700 1992 10 31     13.00 A
06622700 1992 11 01     10.00 A
06622700 1992 11 02     9.90 A
06622700 1992 11 03     9.20 A
06622700 1992 11 04     8.60 A
06622700 1992 11 05     8.00 A
06622700 1992 11 06     8.60 A
06622700 1992 11 07     9.20 A
06622700 1992 11 08     9.30 A
06622700 1992 11 09     8.90 A
06622700 1992 11 10     8.00 A
06622700 1992 11 11     7.40 A
06622700 1992 11 12     8.30 A
06622700 1992 11 13     9.20 A
06622700 1992 11 14     9.00 A
06622700 1992 11 15     8.80 A
06622700 1992 11 16     9.20 A
06622700 1992 11 17     9.00 A
06622700 1992 11 18     9.40 A
06622700 1992 11 19     9.40 A
06622700 1992 11 20     9.00 A
06622700 1992 11 21     8.40 A
06622700 1992 11 22     8.00 A
06622700 1992 11 23     7.80 A
06622700 1992 11 24     7.70 A
06622700 1992 11 25     7.70 A
06622700 1992 11 26     8.00 A
06622700 1992 11 27     8.00 A
06622700 1992 11 28     7.80 A
06622700 1992 11 29     7.50 A
06622700 1992 11 30     7.40 A
06622700 1992 12 01     7.80 A
06622700 1992 12 02     8.00 A
06622700 1992 12 03     8.00 A
06622700 1992 12 04     8.10 A
06622700 1992 12 05     8.00 A
06622700 1992 12 06     8.00 A
06622700 1992 12 07     7.80 A
06622700 1992 12 08     8.00 A
06622700 1992 12 09     8.30 A
06622700 1992 12 10     8.30 A
06622700 1992 12 11     8.40 A
06622700 1992 12 12     8.60 A
06622700 1992 12 13     8.30 A
06622700 1992 12 14     8.30 A
06622700 1992 12 15     8.40 A
06622700 1992 12 16     8.40 A
06622700 1992 12 17     8.30 A
06622700 1992 12 18     8.30 A
06622700 1992 12 19     8.10 A
06622700 1992 12 20     8.10 A
06622700 1992 12 21     8.30 A
06622700 1992 12 22     8.30 A
06622700 1992 12 23     8.30 A
06622700 1992 12 24     8.20 A
06622700 1992 12 25     8.30 A
06622700 1992 12 26     8.00 A
06622700 1992 12 27     8.00 A
06622700 1992 12 28     8.00 A
06622700 1992 12 29     8.30 A
06622700 1992 12 30     8.10 A
06622700 1992 12 31     7.60 A
06622700 1993 01 01     8.00 A
06622700 1993 01 02     8.00 A
06622700 1993 01 03     7.90 A
06622700 1993 01 04     7.50 A
06622700 1993 01 05     8.00 A
06622700 1993 01 06     8.00 A
06622700 1993 01 07     8.00 A
06622700 1993 01 08     8.00 A
06622700 1993 01 09     8.20 A
06622700 1993 01 10     8.30 A
06622700 1993 01 11     8.30 A
06622700 1993 01 12     7.80 A
06622700 1993 01 13     7.90 A
06622700 1993 01 14     8.40 A
06622700 1993 01 15     8.60 A
06622700 1993 01 16     8.50 A
06622700 1993 01 17     8.60 A
06622700 1993 01 18     8.60 A
06622700 1993 01 19     8.70 A
06622700 1993 01 20     8.80 A
06622700 1993 01 21     8.80 A
06622700 1993 01 22     8.60 A
06622700 1993 01 23     8.60 A
06622700 1993 01 24     8.50 A
06622700 1993 01 25     8.90 A
06622700 1993 01 26     8.90 A
06622700 1993 01 27     8.90 A
06622700 1993 01 28     9.00 A
06622700 1993 01 29     9.30 A
06622700 1993 01 30     9.20 A
06622700 1993 01 31     9.30 A
06622700 1993 02 01     9.30 A
06622700 1993 02 02     9.30 A
06622700 1993 02 03     9.30 A
06622700 1993 02 04     9.00 A
06622700 1993 02 05     8.80 A
06622700 1993 02 06     8.80 A
06622700 1993 02 07     8.90 A
06622700 1993 02 08     8.90 A
06622700 1993 02 09     8.90 A
06622700 1993 02 10     8.90 A
06622700 1993 02 11     8.60 A
06622700 1993 02 12     8.90 A
06622700 1993 02 13     9.00 A
06622700 1993 02 14     9.00 A
06622700 1993 02 15     9.20 A
06622700 1993 02 16     9.40 A
06622700 1993 02 17     9.60 A
06622700 1993 02 18     9.60 A
06622700 1993 02 19     9.80 A
06622700 1993 02 20     9.70 A
06622700 1993 02 21     9.60 A
06622700 1993 02 22     9.60 A
06622700 1993 02 23     9.60 A
06622700 1993 02 24     9.60 A
06622700 1993 02 25     9.70 A
06622700 1993 02 26     9.70 A
06622700 1993 02 27     10.00 A
06622700 1993 02 28     10.00 A
06622700 1993 03 01     10.00 A
06622700 1993 03 02     10.00 A
06622700 1993 03 03     10.00 A
06622700 1993 03 04     10.00 A
06622700 1993 03 05     10.00 A
06622700 1993 03 06     9.80 A
06622700 1993 03 07     9.40 A
06622700 1993 03 08     9.60 A
06622700 1993 03 09     9.50 A
06622700 1993 03 10     9.20 A
06622700 1993 03 11     9.60 A
06622700 1993 03 12     8.90 A
06622700 1993 03 13     9.30 A
06622700 1993 03 14     9.00 A
06622700 1993 03 15     8.90 A
06622700 1993 03 16     8.90 A
06622700 1993 03 17     9.00 A
06622700 1993 03 18     9.30 A
06622700 1993 03 19     9.20 A
06622700 1993 03 20     9.10 A
06622700 1993 03 21     9.00 A
06622700 1993 03 22     9.40 A
06622700 1993 03 23     10.00 A
06622700 1993 03 24     11.00 A
06622700 1993 03 25     12.00 A
06622700 1993 03 26     13.00 A
06622700 1993 03 27     14.00 A
06622700 1993 03 28     13.00 A
06622700 1993 03 29     12.00 A
06622700 1993 03 30     11.00 A
06622700 1993 03 31     11.00 A
06622700 1993 04 01     10.00 A
06622700 1993 04 02     11.00 A
06622700 1993 04 03     11.00 A
06622700 1993 04 04     12.00 A
06622700 1993 04 05     12.00 A
06622700 1993 04 06     11.00 A
06622700 1993 04 07     12.00 A
06622700 1993 04 08     10.00 A
06622700 1993 04 09     11.00 A
06622700 1993 04 10     12.00 A
06622700 1993 04 11     11.00 A
06622700 1993 04 12     12.00 A
06622700 1993 04 13     11.00 A
06622700 1993 04 14     10.00 A
06622700 1993 04 15     9.80 A
06622700 1993 04 16     10.00 A
06622700 1993 04 17     10.00 A
06622700 1993 04 18     10.00 A
06622700 1993 04 19     11.00 A
06622700 1993 04 20     13.00 A
06622700 1993 04 21     14.00 A
06622700 1993 04 22     14.00 A
06622700 1993 04 23     14.00 A
06622700 1993 04 24     13.00 A
06622700 1993 04 25     12.00 A
06622700 1993 04 26     13.00 A
06622700 1993 04 27     15.00 A
06622700 1993 04 28     16.00 A
06622700 1993 04 29     19.00 A
06622700 1993 04 30     20.00 A
06622700 1993 05 01     21.00 A
06622700 1993 05 02     17.00 A
06622700 1993 05 03     16.00 A
06622700 1993 05 04     24.00 A
06622700 1993 05 05     31.00 A
06622700 1993 05 06     27.00 A
06622700 1993 05 07     24.00 A
06622700 1993 05 08     21.00 A
06622700 1993 05 09     20.00 A
06622700 1993 05 10     23.00 A
06622700 1993 05 11     35.00 A
06622700 1993 05 12     59.00 A
06622700 1993 05 13     96.00 A
06622700 1993 05 14     123.00 A
06622700 1993 05 15     163.00 A
06622700 1993 05 16     193.00 A
06622700 1993 05 17     236.00 A
06622700 1993 05 18     253.00 A
06622700 1993 05 19     258.00 A
06622700 1993 05 20     282.00 A
06622700 1993 05 21     344.00 A
06622700 1993 05 22     420.00 A
06622700 1993 05 23     358.00 A
06622700 1993 05 24     319.00 A
06622700 1993 05 25     390.00 A
06622700 1993 05 26     465.00 A
06622700 1993 05 27     511.00 A
06622700 1993 05 28     561.00 A
06622700 1993 05 29     525.00 A
06622700 1993 05 30     505.00 A
06622700 1993 05 31     492.00 A
06622700 1993 06 01     487.00 A
06622700 1993 06 02     441.00 A
06622700 1993 06 03     384.00 A
06622700 1993 06 04     266.00 A
06622700 1993 06 05     256.00 A
06622700 1993 06 06     278.00 A
06622700 1993 06 07     257.00 A
06622700 1993 06 08     186.00 A
06622700 1993 06 09     198.00 A
06622700 1993 06 10     203.00 A
06622700 1993 06 11     253.00 A
06622700 1993 06 12     322.00 A
06622700 1993 06 13     332.00 A
06622700 1993 06 14     323.00 A
06622700 1993 06 15     432.00 A
06622700 1993 06 16     442.00 A
06622700 1993 06 17     458.00 A
06622700 1993 06 18     467.00 A
06622700 1993 06 19     368.00 A
06622700 1993 06 20     362.00 A
06622700 1993 06 21     363.00 A
06622700 1993 06 22     343.00 A
06622700 1993 06 23     290.00 A
06622700 1993 06 24     218.00 A
06622700 1993 06 25     204.00 A
06622700 1993 06 26     231.00 A
06622700 1993 06 27     238.00 A
06622700 1993 06 28     228.00 A
06622700 1993 06 29     244.00 A
06622700 1993 06 30     197.00 A
06622700 1993 07 01     167.00 A
06622700 1993 07 02     176.00 A
06622700 1993 07 03     171.00 A
06622700 1993 07 04     109.00 A
06622700 1993 07 05     106.00 A
06622700 1993 07 06     93.00 A
06622700 1993 07 07     80.00 A
06622700 1993 07 08     89.00 A
06622700 1993 07 09     94.00 A
06622700 1993 07 10     97.00 A
06622700 1993 07 11     99.00 A
06622700 1993 07 12     99.00 A
06622700 1993 07 13     113.00 A
06622700 1993 07 14     107.00 A
06622700 1993 07 15     87.00 A
06622700 1993 07 16     77.00 A
06622700 1993 07 17     67.00 A
06622700 1993 07 18     51.00 A
06622700 1993 07 19     46.00 A
06622700 1993 07 20     42.00 A
06622700 1993 07 21     41.00 A
06622700 1993 07 22     37.00 A
06622700 1993 07 23     37.00 A
06622700 1993 07 24     61.00 A
06622700 1993 07 25     47.00 A
06622700 1993 07 26     37.00 A
06622700 1993 07 27     35.00 A
06622700 1993 07 28     30.00 A
06622700 1993 07 29     29.00 A
06622700 1993 07 30     29.00 A
06622700 1993 07 31     25.00 A
06622700 1993 08 01     25.00 A
06622700 1993 08 02     29.00 A
06622700 1993 08 03     30.00 A
06622700 1993 08 04     33.00 A
06622700 1993 08 05     42.00 A
06622700 1993 08 06     32.00 A
06622700 1993 08 07     27.00 A
06622700 1993 08 08     26.00 A
06622700 1993 08 09     25.00 A
06622700 1993 08 10     26.00 A
06622700 1993 08 11     29.00 A
06622700 1993 08 12     31.00 A
06622700 1993 08 13     26.00 A
06622700 1993 08 14     23.00 A
06622700 1993 08 15     23.00 A
06622700 1993 08 16     20.00 A
06622700 1993 08 17     21.00 A
06622700 1993 08 18     20.00 A
06622700 1993 08 19     15.00 A
06622700 1993 08 20     15.00 A
06622700 1993 08 21     18.00 A
06622700 1993 08 22     20.00 A
06622700 1993 08 23     17.00 A
06622700 1993 08 24     15.00 A
06622700 1993 08 25     14.00 A
06622700 1993 08 26     15.00 A
06622700 1993 08 27     16.00 A
06622700 1993 08 28     14.00 A
06622700 1993 08 29     14.00 A
06622700 1993 08 30     13.00 A
06622700 1993 08 31     13.00 A
06622700 1993 09 01     12.00 A
06622700 1993 09 02     19.00 A
06622700 1993 09 03     16.00 A
06622700 1993 09 04     13.00 A
06622700 1993 09 05     13.00 A
06622700 1993 09 06     13.00 A
06622700 1993 09 07     16.00 A
06622700 1993 09 08     17.00 A
06622700 1993 09 09     13.00 A
06622700 1993 09 10     12.00 A
06622700 1993 09 11     11.00 A
06622700 1993 09 12     10.00 A
06622700 1993 09 13     11.00 A
06622700 1993 09 14     13.00 A
06622700 1993 09 15     13.00 A
06622700 1993 09 16     13.00 A
06622700 1993 09 17     27.00 A
06622700 1993 09 18     25.00 A
06622700 1993 09 19     21.00 A
06622700 1993 09 20     16.00 A
06622700 1993 09 21     14.00 A
06622700 1993 09 22     13.00 A
06622700 1993 09 23     12.00 A
06622700 1993 09 24     12.00 A
06622700 1993 09 25     12.00 A
06622700 1993 09 26     13.00 A
06622700 1993 09 27     12.00 A
06622700 1993 09 28     11.00 A
06622700 1993 09 29     11.00 A
06622700 1993 09 30     10.00 A
06622700 1993 10 01     9.50 A
06622700 1993 10 02     9.40 A
06622700 1993 10 03     9.40 A
06622700 1993 10 04     9.60 A
06622700 1993 10 05     9.70 A
06622700 1993 10 06     9.50 A
06622700 1993 10 07     14.00 A
06622700 1993 10 08     24.00 A
06622700 1993 10 09     17.00 A
06622700 1993 10 10     15.00 A
06622700 1993 10 11     16.00 A
06622700 1993 10 12     35.00 A
06622700 1993 10 13     34.00 A
06622700 1993 10 14     29.00 A
06622700 1993 10 15     25.00 A
06622700 1993 10 16     25.00 A
06622700 1993 10 17     23.00 A
06622700 1993 10 18     22.00 A
06622700 1993 10 19     20.00 A
06622700 1993 10 20     19.00 A
06622700 1993 10 21     18.00 A
06622700 1993 10 22     17.00 A
06622700 1993 10 23     16.00 A
06622700 1993 10 24     16.00 A
06622700 1993 10 25     17.00 A
06622700 1993 10 26     14.00 A
06622700 1993 10 27     12.00 A
06622700 1993 10 28     13.00 A
06622700 1993 10 29     11.00 A
06622700 1993 10 30     9.00 A
06622700 1993 10 31     9.70 A
06622700 1993 11 01     11.00 A
06622700 1993 11 02     10.00 A
06622700 1993 11 03     11.00 A
06622700 1993 11 04     10.00 A
06622700 1993 11 05     9.60 A
06622700 1993 11 06     9.10 A
06622700 1993 11 07     9.50 A
06622700 1993 11 08     10.00 A
06622700 1993 11 09     11.00 A
06622700 1993 11 10     11.00 A
06622700 1993 11 11     12.00 A
06622700 1993 11 12     12.00 A
06622700 1993 11 13     12.00 A
06622700 1993 11 14     12.00 A
06622700 1993 11 15     13.00 A
06622700 1993 11 16     14.00 A
06622700 1993 11 17     13.00 A
06622700 1993 11 18     13.00 A
06622700 1993 11 19     13.00 A
06622700 1993 11 20     12.00 A
06622700 1993 11 21     12.00 A
06622700 1993 11 22     12.00 A
06622700 1993 11 23     11.00 A
06622700 1993 11 24     9.70 A
06622700 1993 11 25     9.20 A
06622700 1993 11 26     9.50 A
06622700 1993 11 27     10.00 A
06622700 1993 11 28     11.00 A
06622700 1993 11 29     12.00 A
06622700 1993 11 30     12.00 A
06622700 1993 12 01     11.00 A
06622700 1993 12 02     10.00 A
06622700 1993 12 03     11.00 A
06622700 1993 12 04     12.00 A
06622700 1993 12 05     11.00 A
06622700 1993 12 06     11.00 A
06622700 1993 12 07     12.00 A
06622700 1993 12 08     12.00 A
06622700 1993 12 09     12.00 A
06622700 1993 12 10     12.00 A
06622700 1993 12 11     12.00 A
06622700 1993 12 12     11.00 A
06622700 1993 12 13     11.00 A
06622700 1993 12 14     11.00 A
06622700 1993 12 15     11.00 A
06622700 1993 12 16     11.00 A
06622700 1993 12 17     11.00 A
06622700 1993 12 18     11.00 A
06622700 1993 12 19     11.00 A
06622700 1993 12 20     11.00 A
06622700 1993 12 21     11.00 A
06622700 1993 12 22     11.00 A
06622700 1993 12 23     11.00 A
06622700 1993 12 24     11.00 A
06622700 1993 12 25     11.00 A
06622700 1993 12 26     11.00 A
06622700 1993 12 27     10.00 A
06622700 1993 12 28     10.00 A
06622700 1993 12 29     9.90 A
06622700 1993 12 30     9.90 A
06622700 1993 12 31     9.90 A
06622700 1994 01 01     9.80 A
06622700 1994 01 02     9.80 A
06622700 1994 01 03     9.90 A
06622700 1994 01 04     10.00 A
06622700 1994 01 05     10.00 A
06622700 1994 01 06     9.90 A
06622700 1994 01 07     9.80 A
06622700 1994 01 08     9.80 A
06622700 1994 01 09     9.70 A
06622700 1994 01 10     9.70 A
06622700 1994 01 11     9.70 A
06622700 1994 01 12     9.70 A
06622700 1994 01 13     9.80 A
06622700 1994 01 14     10.00 A
06622700 1994 01 15     10.00 A
06622700 1994 01 16     10.00 A
06622700 1994 01 17     9.90 A
06622700 1994 01 18     10.00 A
06622700 1994 01 19     10.00 A
06622700 1994 01 20     10.00 A
06622700 1994 01 21     10.00 A
06622700 1994 01 22     10.00 A
06622700 1994 01 23     10.00 A
06622700 1994 01 24     10.00 A
06622700 1994 01 25     10.00 A
06622700 1994 01 26     9.90 A
06622700 1994 01 27     9.80 A
06622700 1994 01 28     9.70 A
06622700 1994 01 29     9.70 A
06622700 1994 01 30     9.70 A
06622700 1994 01 31     9.60 A
06622700 1994 02 01     9.70 A
06622700 1994 02 02     9.80 A
06622700 1994 02 03     9.90 A
06622700 1994 02 04     9.90 A
06622700 1994 02 05     9.90 A
06622700 1994 02 06     9.90 A
06622700 1994 02 07     9.90 A
06622700 1994 02 08     9.90 A
06622700 1994 02 09     9.90 A
06622700 1994 02 10     9.90 A
06622700 1994 02 11     9.70 A
06622700 1994 02 12     9.80 A
06622700 1994 02 13     9.90 A
06622700 1994 02 14     9.90 A
06622700 1994 02 15     9.90 A
06622700 1994 02 16     9.70 A
06622700 1994 02 17     9.60 A
06622700 1994 02 18     9.60 A
06622700 1994 02 19     9.40 A
06622700 1994 02 20     9.40 A
06622700 1994 02 21     9.50 A
06622700 1994 02 22     9.30 A
06622700 1994 02 23     9.30 A
06622700 1994 02 24     9.30 A
06622700 1994 02 25     9.30 A
06622700 1994 02 26     9.30 A
06622700 1994 02 27     9.30 A
06622700 1994 02 28     9.40 A
06622700 1994 03 01     9.50 A
06622700 1994 03 02     9.70 A
06622700 1994 03 03     9.80 A
06622700 1994 03 04     9.80 A
06622700 1994 03 05     10.00 A
06622700 1994 03 06     10.00 A
06622700 1994 03 07     10.00 A
06622700 1994 03 08     10.00 A
06622700 1994 03 09     11.00 A
06622700 1994 03 10     12.00 A
06622700 1994 03 11     11.00 A
06622700 1994 03 12     11.00 A
06622700 1994 03 13     11.00 A
06622700 1994 03 14     11.00 A
06622700 1994 03 15     12.00 A
06622700 1994 03 16     12.00 A
06622700 1994 03 17     12.00 A
06622700 1994 03 18     13.00 A
06622700 1994 03 19     13.00 A
06622700 1994 03 20     12.00 A
06622700 1994 03 21     11.00 A
06622700 1994 03 22     12.00 A
06622700 1994 03 23     12.00 A
06622700 1994 03 24     13.00 A
06622700 1994 03 25     14.00 A
06622700 1994 03 26     13.00 A
06622700 1994 03 27     12.00 A
06622700 1994 03 28     13.00 A
06622700 1994 03 29     12.00 A
06622700 1994 03 30     12.00 A
06622700 1994 03 31     12.00 A
06622700 1994 04 01     13.00 A
06622700 1994 04 02     13.00 A
06622700 1994 04 03     13.00 A
06622700 1994 04 04     12.00 A
06622700 1994 04 05     11.00 A
06622700 1994 04 06     11.00 A
06622700 1994 04 07     11.00 A
06622700 1994 04 08     10.00 A
06622700 1994 04 09     11.00 A
06622700 1994 04 10     11.00 A
06622700 1994 04 11     11.00 A
06622700 1994 04 12     10.00 A
06622700 1994 04 13     12.00 A
06622700 1994 04 14     12.00 A
06622700 1994 04 15     16.00 A
06622700 1994 04 16     19.00 A
06622700 1994 04 17     28.00 A
06622700 1994 04 18     37.00 A
06622700 1994 04 19     48.00 A
06622700 1994 04 20     57.00 A
06622700 1994 04 21     65.00 A
06622700 1994 04 22     76.00 A
06622700 1994 04 23     112.00 A
06622700 1994 04 24     139.00 A
06622700 1994 04 25     115.00 A
06622700 1994 04 26     81.00 A
06622700 1994 04 27     71.00 A
06622700 1994 04 28     58.00 A
06622700 1994 04 29     51.00 A
06622700 1994 04 30     49.00 A
06622700 1994 05 01     47.00 A
06622700 1994 05 02     49.00 A
06622700 1994 05 03     46.00 A
06622700 1994 05 04     45.00 A
06622700 1994 05 05     53.00 A
06622700 1994 05 06     87.00 A
06622700 1994 05 07     132.00 A
06622700 1994 05 08     171.00 A
06622700 1994 05 09     190.00 A
06622700 1994 05 10     246.00 A
06622700 1994 05 11     277.00 A
06622700 1994 05 12     348.00 A
06622700 1994 05 13     335.00 A
06622700 1994 05 14     337.00 A
06622700 1994 05 15     325.00 A
06622700 1994 05 16     388.00 A
06622700 1994 05 17     404.00 A
06622700 1994 05 18     357.00 A
06622700 1994 05 19     350.00 A
06622700 1994 05 20     341.00 A
06622700 1994 05 21     290.00 A
06622700 1994 05 22     284.00 A
06622700 1994 05 23     283.00 A
06622700 1994 05 24     273.00 A
06622700 1994 05 25     263.00 A
06622700 1994 05 26     260.00 A
06622700 1994 05 27     252.00 A
06622700 1994 05 28     258.00 A
06622700 1994 05 29     245.00 A
06622700 1994 05 30     258.00 A
06622700 1994 05 31     259.00 A
06622700 1994 06 01     335.00 A
06622700 1994 06 02     231.00 A
06622700 1994 06 03     201.00 A
06622700 1994 06 04     195.00 A
06622700 1994 06 05     172.00 A
06622700 1994 06 06     140.00 A
06622700 1994 06 07     116.00 A
06622700 1994 06 08     94.00 A
06622700 1994 06 09     78.00 A
06622700 1994 06 10     72.00 A
06622700 1994 06 11     71.00 A
06622700 1994 06 12     70.00 A
06622700 1994 06 13     67.00 A
06622700 1994 06 14     65.00 A
06622700 1994 06 15     60.00 A
06622700 1994 06 16     53.00 A
06622700 1994 06 17     47.00 A
06622700 1994 06 18     42.00 A
06622700 1994 06 19     42.00 A
06622700 1994 06 20     51.00 A
06622700 1994 06 21     47.00 A
06622700 1994 06 22     50.00 A
06622700 1994 06 23     43.00 A
06622700 1994 06 24     34.00 A
06622700 1994 06 25     27.00 A
06622700 1994 06 26     23.00 A
06622700 1994 06 27     20.00 A
06622700 1994 06 28     18.00 A
06622700 1994 06 29     17.00 A
06622700 1994 06 30     17.00 A
06622700 1994 07 01     16.00 A
06622700 1994 07 02     15.00 A
06622700 1994 07 03     20.00 A
06622700 1994 07 04     22.00 A
06622700 1994 07 05     17.00 A
06622700 1994 07 06     14.00 A
06622700 1994 07 07     15.00 A
06622700 1994 07 08     16.00 A
06622700 1994 07 09     14.00 A
06622700 1994 07 10     12.00 A
06622700 1994 07 11     12.00 A
06622700 1994 07 12     12.00 A
06622700 1994 07 13     12.00 A
06622700 1994 07 14     11.00 A
06622700 1994 07 15     11.00 A
06622700 1994 07 16     11.00 A
06622700 1994 07 17     11.00 A
06622700 1994 07 18     9.90 A
06622700 1994 07 19     9.30 A
06622700 1994 07 20     9.50 A
06622700 1994 07 21     9.60 A
06622700 1994 07 22     9.20 A
06622700 1994 07 23     8.90 A
06622700 1994 07 24     10.00 A
06622700 1994 07 25     10.00 A
06622700 1994 07 26     9.40 A
06622700 1994 07 27     8.90 A
06622700 1994 07 28     8.70 A
06622700 1994 07 29     8.40 A
06622700 1994 07 30     7.90 A
06622700 1994 07 31     8.60 A
06622700 1994 08 01     12.00 A
06622700 1994 08 02     17.00 A
06622700 1994 08 03     11.00 A
06622700 1994 08 04     9.40 A
06622700 1994 08 05     9.00 A
06622700 1994 08 06     8.10 A
06622700 1994 08 07     7.30 A
06622700 1994 08 08     7.30 A
06622700 1994 08 09     12.00 A
06622700 1994 08 10     15.00 A
06622700 1994 08 11     11.00 A
06622700 1994 08 12     8.90 A
06622700 1994 08 13     9.20 A
06622700 1994 08 14     8.10 A
06622700 1994 08 15     7.70 A
06622700 1994 08 16     7.30 A
06622700 1994 08 17     7.00 A
06622700 1994 08 18     6.50 A
06622700 1994 08 19     6.90 A
06622700 1994 08 20     7.10 A
06622700 1994 08 21     7.10 A
06622700 1994 08 22     7.00 A
06622700 1994 08 23     6.50 A
06622700 1994 08 24     6.10 A
06622700 1994 08 25     6.00 A
06622700 1994 08 26     6.00 A
06622700 1994 08 27     5.80 A
06622700 1994 08 28     13.00 A
06622700 1994 08 29     16.00 A
06622700 1994 08 30     16.00 A
06622700 1994 08 31     14.00 A
06622700 1994 09 01     17.00 A
06622700 1994 09 02     21.00 A
06622700 1994 09 03     15.00 A
06622700 1994 09 04     14.00 A
06622700 1994 09 05     11.00 A
06622700 1994 09 06     8.90 A
06622700 1994 09 07     7.60 A
06622700 1994 09 08     7.20 A
06622700 1994 09 09     6.80 A
06622700 1994 09 10     6.90 A
06622700 1994 09 11     6.80 A
06622700 1994 09 12     6.50 A
06622700 1994 09 13     7.00 A
06622700 1994 09 14     8.50 A
06622700 1994 09 15     10.00 A
06622700 1994 09 16     10.00 A
06622700 1994 09 17     9.20 A
06622700 1994 09 18     8.00 A
06622700 1994 09 19     7.70 A
06622700 1994 09 20     7.70 A
06622700 1994 09 21     8.90 A
06622700 1994 09 22     9.40 A
06622700 1994 09 23     9.60 A
06622700 1994 09 24     9.10 A
06622700 1994 09 25     8.00 A
06622700 1994 09 26     7.90 A
06622700 1994 09 27     7.60 A
06622700 1994 09 28     7.30 A
06622700 1994 09 29     7.10 A
06622700 1994 09 30     7.20 A
06622700 1994 10 01     7.70 A
06622700 1994 10 02     8.30 A
06622700 1994 10 03     10.00 A
06622700 1994 10 04     15.00 A
06622700 1994 10 05     14.00 A
06622700 1994 10 06     13.00 A
06622700 1994 10 07     15.00 A
06622700 1994 10 08     14.00 A
06622700 1994 10 09     14.00 A
06622700 1994 10 10     15.00 A
06622700 1994 10 11     15.00 A
06622700 1994 10 12     14.00 A
06622700 1994 10 13     13.00 A
06622700 1994 10 14     12.00 A
06622700 1994 10 15     13.00 A
06622700 1994 10 16     14.00 A
06622700 1994 10 17     12.00 A
06622700 1994 10 18     13.00 A
06622700 1994 10 19     13.00 A
06622700 1994 10 20     13.00 A
06622700 1994 10 21     13.00 A
06622700 1994 10 22     13.00 A
06622700 1994 10 23     12.00 A
06622700 1994 10 24     13.00 A
06622700 1994 10 25     12.00 A
06622700 1994 10 26     14.00 A
06622700 1994 10 27     12.00 A
06622700 1994 10 28     11.00 A
06622700 1994 10 29     10.00 A
06622700 1994 10 30     9.30 A
06622700 1994 10 31     13.00 A
06622700 1994 11 01     11.00 A
06622700 1994 11 02     10.00 A
06622700 1994 11 03     10.00 A
06622700 1994 11 04     12.00 A
06622700 1994 11 05     14.00 A
06622700 1994 11 06     12.00 A
06622700 1994 11 07     10.00 A
06622700 1994 11 08     10.00 A
06622700 1994 11 09     11.00 A
06622700 1994 11 10     13.00 A
06622700 1994 11 11     12.00 A
06622700 1994 11 12     10.00 A
06622700 1994 11 13     11.00 A
06622700 1994 11 14     10.00 A
06622700 1994 11 15     9.80 A
06622700 1994 11 16     12.00 A
06622700 1994 11 17     10.00 A
06622700 1994 11 18     9.30 A
06622700 1994 11 19     9.10 A
06622700 1994 11 20     9.00 A
06622700 1994 11 21     9.00 A
06622700 1994 11 22     8.90 A
06622700 1994 11 23     9.00 A
06622700 1994 11 24     9.30 A
06622700 1994 11 25     9.60 A
06622700 1994 11 26     10.00 A
06622700 1994 11 27     11.00 A
06622700 1994 11 28     10.00 A
06622700 1994 11 29     9.80 A
06622700 1994 11 30     9.60 A
06622700 1994 12 01     9.60 A
06622700 1994 12 02     9.60 A
06622700 1994 12 03     9.40 A
06622700 1994 12 04     9.30 A
06622700 1994 12 05     9.60 A
06622700 1994 12 06     9.60 A
06622700 1994 12 07     9.60 A
06622700 1994 12 08     9.30 A
06622700 1994 12 09     9.50 A
06622700 1994 12 10     10.00 A
06622700 1994 12 11     9.60 A
06622700 1994 12 12     9.60 A
06622700 1994 12 13     9.60 A
06622700 1994 12 14     9.60 A
06622700 1994 12 15     9.60 A
06622700 1994 12 16     9.60 A
06622700 1994 12 17     9.60 A
06622700 1994 12 18     9.30 A
06622700 1994 12 19     9.10 A
06622700 1994 12 20     8.90 A
06622700 1994 12 21     9.00 A
06622700 1994 12 22     9.30 A
06622700 1994 12 23     9.30 A
06622700 1994 12 24     9.30 A
06622700 1994 12 25     9.30 A
06622700 1994 12 26     9.30 A
06622700 1994 12 27     9.70 A
06622700 1994 12 28     9.60 A
06622700 1994 12 29     9.60 A
06622700 1994 12 30     9.80 A
06622700 1994 12 31     10.00 A
06622700 1995 01 01     10.00 A
06622700 1995 01 02     9.60 A
06622700 1995 01 03     9.60 A
06622700 1995 01 04     9.40 A
06622700 1995 01 05     9.10 A
06622700 1995 01 06     8.90 A
06622700 1995 01 07     8.90 A
06622700 1995 01 08     8.90 A
06622700 1995 01 09     8.90 A
06622700 1995 01 10     8.90 A
06622700 1995 01 11     8.90 A
06622700 1995 01 12     9.00 A
06622700 1995 01 13     9.30 A
06622700 1995 01 14     9.30 A
06622700 1995 01 15     9.30 A
06622700 1995 01 16     9.30 A
06622700 1995 01 17     9.10 A
06622700 1995 01 18     9.30 A
06622700 1995 01 19     9.30 A
06622700 1995 01 20     9.20 A
06622700 1995 01 21     8.60 A
06622700 1995 01 22     9.30 A
06622700 1995 01 23     9.30 A
06622700 1995 01 24     9.30 A
06622700 1995 01 25     9.30 A
06622700 1995 01 26     9.30 A
06622700 1995 01 27     9.30 A
06622700 1995 01 28     9.20 A
06622700 1995 01 29     8.90 A
06622700 1995 01 30     8.90 A
06622700 1995 01 31     8.90 A
06622700 1995 02 01     8.90 A
06622700 1995 02 02     8.90 A
06622700 1995 02 03     8.90 A
06622700 1995 02 04     8.90 A
06622700 1995 02 05     8.90 A
06622700 1995 02 06     8.90 A
06622700 1995 02 07     8.90 A
06622700 1995 02 08     9.20 A
06622700 1995 02 09     9.60 A
06622700 1995 02 10     9.10 A
06622700 1995 02 11     9.00 A
06622700 1995 02 12     8.70 A
06622700 1995 02 13     8.60 A
06622700 1995 02 14     8.60 A
06622700 1995 02 15     8.70 A
06622700 1995 02 16     8.90 A
06622700 1995 02 17     8.90 A
06622700 1995 02 18     8.90 A
06622700 1995 02 19     8.90 A
06622700 1995 02 20     9.10 A
06622700 1995 02 21     9.30 A
06622700 1995 02 22     9.30 A
06622700 1995 02 23     8.90 A
06622700 1995 02 24     9.10 A
06622700 1995 02 25     9.50 A
06622700 1995 02 26     9.00 A
06622700 1995 02 27     8.40 A
06622700 1995 02 28     8.00 A
06622700 1995 03 01     7.70 A
06622700 1995 03 02     8.40 A
06622700 1995 03 03     8.30 A
06622700 1995 03 04     7.70 A
06622700 1995 03 05     7.30 A
06622700 1995 03 06     7.40 A
06622700 1995 03 07     7.40 A
06622700 1995 03 08     7.70 A
06622700 1995 03 09     7.60 A
06622700 1995 03 10     8.50 A
06622700 1995 03 11     10.00 A
06622700 1995 03 12     12.00 A
06622700 1995 03 13     11.00 A
06622700 1995 03 14     11.00 A
06622700 1995 03 15     10.00 A
06622700 1995 03 16     10.00 A
06622700 1995 03 17     10.00 A
06622700 1995 03 18     11.00 A
06622700 1995 03 19     11.00 A
06622700 1995 03 20     11.00 A
06622700 1995 03 21     9.70 A
06622700 1995 03 22     9.30 A
06622700 1995 03 23     9.00 A
06622700 1995 03 24     9.30 A
06622700 1995 03 25     9.00 A
06622700 1995 03 26     8.80 A
06622700 1995 03 27     8.70 A
06622700 1995 03 28     8.60 A
06622700 1995 03 29     8.60 A
06622700 1995 03 30     8.70 A
06622700 1995 03 31     8.90 A
06622700 1995 04 01     9.10 A
06622700 1995 04 02     9.50 A
06622700 1995 04 03     10.00 A
06622700 1995 04 04     11.00 A
06622700 1995 04 05     12.00 A
06622700 1995 04 06     12.00 A
06622700 1995 04 07     14.00 A
06622700 1995 04 08     16.00 A
06622700 1995 04 09     19.00 A
06622700 1995 04 10     17.00 A
06622700 1995 04 11     19.00 A
06622700 1995 04 12     11.00 A
06622700 1995 04 13     14.00 A
06622700 1995 04 14     17.00 A
06622700 1995 04 15     15.00 A
06622700 1995 04 16     13.00 A
06622700 1995 04 17     13.00 A
06622700 1995 04 18     12.00 A
06622700 1995 04 19     12.00 A
06622700 1995 04 20     12.00 A
06622700 1995 04 21     12.00 A
06622700 1995 04 22     12.00 A
06622700 1995 04 23     12.00 A
06622700 1995 04 24     11.00 A
06622700 1995 04 25     11.00 A
06622700 1995 04 26     11.00 A
06622700 1995 04 27     11.00 A
06622700 1995 04 28     11.00 A
06622700 1995 04 29     11.00 A
06622700 1995 04 30     12.00 A
06622700 1995 05 01     13.00 A
06622700 1995 05 02     15.00 A
06622700 1995 05 03     16.00 A
06622700 1995 05 04     15.00 A
06622700 1995 05 05     16.00 A
06622700 1995 05 06     18.00 A
06622700 1995 05 07     17.00 A
06622700 1995 05 08     14.00 A
06622700 1995 05 09     20.00 A
06622700 1995 05 10     23.00 A
06622700 1995 05 11     23.00 A
06622700 1995 05 12     25.00 A
06622700 1995 05 13     22.00 A
06622700 1995 05 14     21.00 A
06622700 1995 05 15     33.00 A
06622700 1995 05 16     47.00 A
06622700 1995 05 17     48.00 A
06622700 1995 05 18     46.00 A
06622700 1995 05 19     58.00 A
06622700 1995 05 20     65.00 A
06622700 1995 05 21     73.00 A
06622700 1995 05 22     132.00 A
06622700 1995 05 23     164.00 A
06622700 1995 05 24     108.00 A
06622700 1995 05 25     98.00 A
06622700 1995 05 26     91.00 A
06622700 1995 05 27     84.00 A
06622700 1995 05 28     77.00 A
06622700 1995 05 29     73.00 A
06622700 1995 05 30     83.00 A
06622700 1995 05 31     120.00 A
06622700 1995 06 01     182.00 A
06622700 1995 06 02     231.00 A
06622700 1995 06 03     278.00 A
06622700 1995 06 04     322.00 A
06622700 1995 06 05     415.00 A
06622700 1995 06 06     457.00 A
06622700 1995 06 07     456.00 A
06622700 1995 06 08     485.00 A
06622700 1995 06 09     459.00 A
06622700 1995 06 10     329.00 A
06622700 1995 06 11     323.00 A
06622700 1995 06 12     471.00 A
06622700 1995 06 13     634.00 A
06622700 1995 06 14     744.00 A
06622700 1995 06 15     681.00 A
06622700 1995 06 16     711.00 A
06622700 1995 06 17     601.00 A
06622700 1995 06 18     473.00 A
06622700 1995 06 19     478.00 A
06622700 1995 06 20     458.00 A
06622700 1995 06 21     435.00 A
06622700 1995 06 22     406.00 A
06622700 1995 06 23     363.00 A
06622700 1995 06 24     303.00 A
06622700 1995 06 25     253.00 A
06622700 1995 06 26     262.00 A
06622700 1995 06 27     313.00 A
06622700 1995 06 28     378.00 A
06622700 1995 06 29     301.00 A
06622700 1995 06 30     236.00 A
06622700 1995 07 01     224.00 A
06622700 1995 07 02     237.00 A
06622700 1995 07 03     265.00 A
06622700 1995 07 04     281.00 A
06622700 1995 07 05     212.00 A
06622700 1995 07 06     224.00 A
06622700 1995 07 07     234.00 A
06622700 1995 07 08     216.00 A
06622700 1995 07 09     214.00 A
06622700 1995 07 10     207.00 A
06622700 1995 07 11     186.00 A
06622700 1995 07 12     166.00 A
06622700 1995 07 13     176.00 A
06622700 1995 07 14     162.00 A
06622700 1995 07 15     128.00 A
06622700 1995 07 16     109.00 A
06622700 1995 07 17     94.00 A
06622700 1995 07 18     88.00 A
06622700 1995 07 19     103.00 A
06622700 1995 07 20     89.00 A
06622700 1995 07 21     73.00 A
06622700 1995 07 22     64.00 A
06622700 1995 07 23     55.00 A
06622700 1995 07 24     50.00 A
06622700 1995 07 25     46.00 A
06622700 1995 07 26     41.00 A
06622700 1995 07 27     37.00 A
06622700 1995 07 28     34.00 A
06622700 1995 07 29     32.00 A
06622700 1995 07 30     30.00 A
06622700 1995 07 31     30.00 A
06622700 1995 08 01     27.00 A
06622700 1995 08 02     24.00 A
06622700 1995 08 03     22.00 A
06622700 1995 08 04     22.00 A
06622700 1995 08 05     21.00 A
06622700 1995 08 06     20.00 A
06622700 1995 08 07     18.00 A
06622700 1995 08 08     17.00 A
06622700 1995 08 09     16.00 A
06622700 1995 08 10     16.00 A
06622700 1995 08 11     18.00 A
06622700 1995 08 12     17.00 A
06622700 1995 08 13     15.00 A
06622700 1995 08 14     14.00 A
06622700 1995 08 15     13.00 A
06622700 1995 08 16     13.00 A
06622700 1995 08 17     12.00 A
06622700 1995 08 18     12.00 A
06622700 1995 08 19     12.00 A
06622700 1995 08 20     11.00 A
06622700 1995 08 21     12.00 A
06622700 1995 08 22     12.00 A
06622700 1995 08 23     13.00 A
06622700 1995 08 24     17.00 A
06622700 1995 08 25     17.00 A
06622700 1995 08 26     12.00 A
06622700 1995 08 27     11.00 A
06622700 1995 08 28     11.00 A
06622700 1995 08 29     11.00 A
06622700 1995 08 30     10.00 A
06622700 1995 08 31     9.90 A
06622700 1995 09 01     9.30 A
06622700 1995 09 02     9.70 A
06622700 1995 09 03     9.90 A
06622700 1995 09 04     9.60 A
06622700 1995 09 05     9.50 A
06622700 1995 09 06     13.00 A
06622700 1995 09 07     11.00 A
06622700 1995 09 08     14.00 A
06622700 1995 09 09     13.00 A
06622700 1995 09 10     12.00 A
06622700 1995 09 11     18.00 A
06622700 1995 09 12     12.00 A
06622700 1995 09 13     11.00 A
06622700 1995 09 14     10.00 A
06622700 1995 09 15     9.90 A
06622700 1995 09 16     9.30 A
06622700 1995 09 17     9.30 A
06622700 1995 09 18     11.00 A
06622700 1995 09 19     18.00 A
06622700 1995 09 20     22.00 A
06622700 1995 09 21     17.00 A
06622700 1995 09 22     13.00 A
06622700 1995 09 23     12.00 A
06622700 1995 09 24     12.00 A
06622700 1995 09 25     12.00 A
06622700 1995 09 26     11.00 A
06622700 1995 09 27     11.00 A
06622700 1995 09 28     11.00 A
06622700 1995 09 29     18.00 A
06622700 1995 09 30     24.00 A
06622700 1995 10 01     18.00 A
06622700 1995 10 02     16.00 A
06622700 1995 10 03     13.00 A
06622700 1995 10 04     18.00 A
06622700 1995 10 05     17.00 A
06622700 1995 10 06     20.00 A
06622700 1995 10 07     19.00 A
06622700 1995 10 08     19.00 A
06622700 1995 10 09     17.00 A
06622700 1995 10 10     17.00 A
06622700 1995 10 11     21.00 A
06622700 1995 10 12     25.00 A
06622700 1995 10 13     21.00 A
06622700 1995 10 14     15.00 A
06622700 1995 10 15     15.00 A
06622700 1995 10 16     15.00 A
06622700 1995 10 17     15.00 A
06622700 1995 10 18     14.00 A
06622700 1995 10 19     13.00 A
06622700 1995 10 20     13.00 A
06622700 1995 10 21     13.00 A
06622700 1995 10 22     12.00 A
06622700 1995 10 23     14.00 A
06622700 1995 10 24     15.00 A
06622700 1995 10 25     17.00 A
06622700 1995 10 26     16.00 A
06622700 1995 10 27     15.00 A
06622700 1995 10 28     15.00 A
06622700 1995 10 29     14.00 A
06622700 1995 10 30     14.00 A
06622700 1995 10 31     17.00 A
06622700 1995 11 01     17.00 A
06622700 1995 11 02     15.00 A
06622700 1995 11 03     14.00 A
06622700 1995 11 04     15.00 A
06622700 1995 11 05     13.00 A
06622700 1995 11 06     15.00 A
06622700 1995 11 07     15.00 A
06622700 1995 11 08     16.00 A
06622700 1995 11 09     15.00 A
06622700 1995 11 10     13.00 A
06622700 1995 11 11     12.00 A
06622700 1995 11 12     11.00 A
06622700 1995 11 13     12.00 A
06622700 1995 11 14     14.00 A
06622700 1995 11 15     14.00 A
06622700 1995 11 16     13.00 A
06622700 1995 11 17     13.00 A
06622700 1995 11 18     13.00 A
06622700 1995 11 19     12.00 A
06622700 1995 11 20     11.00 A
06622700 1995 11 21     9.80 A
06622700 1995 11 22     10.00 A
06622700 1995 11 23     10.00 A
06622700 1995 11 24     9.90 A
06622700 1995 11 25     9.60 A
06622700 1995 11 26     9.60 A
06622700 1995 11 27     9.10 A
06622700 1995 11 28     8.40 A
06622700 1995 11 29     9.00 A
06622700 1995 11 30     9.80 A
06622700 1995 12 01     9.20 A
06622700 1995 12 02     9.60 A
06622700 1995 12 03     9.10 A
06622700 1995 12 04     10.00 A
06622700 1995 12 05     11.00 A
06622700 1995 12 06     9.30 A
06622700 1995 12 07     9.30 A
06622700 1995 12 08     9.00 A
06622700 1995 12 09     8.40 A
06622700 1995 12 10     8.50 A
06622700 1995 12 11     9.20 A
06622700 1995 12 12     9.30 A
06622700 1995 12 13     9.40 A
06622700 1995 12 14     9.00 A
06622700 1995 12 15     9.00 A
06622700 1995 12 16     9.00 A
06622700 1995 12 17     8.70 A
06622700 1995 12 18     8.70 A
06622700 1995 12 19     8.70 A
06622700 1995 12 20     8.70 A
06622700 1995 12 21     8.80 A
06622700 1995 12 22     9.00 A
06622700 1995 12 23     8.70 A
06622700 1995 12 24     8.50 A
06622700 1995 12 25     8.40 A
06622700 1995 12 26     8.50 A
06622700 1995 12 27     8.50 A
06622700 1995 12 28     8.40 A
06622700 1995 12 29     8.70 A
06622700 1995 12 30     9.10 A
06622700 1995 12 31     8.70 A
06622700 1996 01 01     8.40 A
06622700 1996 01 02     8.30 A
06622700 1996 01 03     8.20 A
06622700 1996 01 04     8.30 A
06622700 1996 01 05     8.50 A
06622700 1996 01 06     8.60 A
06622700 1996 01 07     8.70 A
06622700 1996 01 08     8.60 A
06622700 1996 01 09     8.60 A
06622700 1996 01 10     8.70 A
06622700 1996 01 11     8.70 A
06622700 1996 01 12     8.70 A
06622700 1996 01 13     8.80 A
06622700 1996 01 14     9.00 A
06622700 1996 01 15     9.20 A
06622700 1996 01 16     9.40 A
06622700 1996 01 17     9.40 A
06622700 1996 01 18     9.40 A
06622700 1996 01 19     9.60 A
06622700 1996 01 20     9.60 A
06622700 1996 01 21     9.60 A
06622700 1996 01 22     9.80 A
06622700 1996 01 23     9.80 A
06622700 1996 01 24     10.00 A
06622700 1996 01 25     10.00 A
06622700 1996 01 26     10.00 A
06622700 1996 01 27     10.00 A
06622700 1996 01 28     10.00 A
06622700 1996 01 29     10.00 A
06622700 1996 01 30     10.00 A
06622700 1996 01 31     10.00 A
06622700 1996 02 01     9.60 A
06622700 1996 02 02     9.30 A
06622700 1996 02 03     9.30 A
06622700 1996 02 04     9.30 A
06622700 1996 02 05     9.30 A
06622700 1996 02 06     9.30 A
06622700 1996 02 07     9.30 A
06622700 1996 02 08     9.30 A
06622700 1996 02 09     9.30 A
06622700 1996 02 10     9.30 A
06622700 1996 02 11     9.30 A
06622700 1996 02 12     9.30 A
06622700 1996 02 13     9.30 A
06622700 1996 02 14     9.30 A
06622700 1996 02 15     9.30 A
06622700 1996 02 16     9.10 A
06622700 1996 02 17     8.90 A
06622700 1996 02 18     8.90 A
06622700 1996 02 19     8.90 A
06622700 1996 02 20     8.90 A
06622700 1996 02 21     8.90 A
06622700 1996 02 22     8.90 A
06622700 1996 02 23     8.90 A
06622700 1996 02 24     8.90 A
06622700 1996 02 25     8.90 A
06622700 1996 02 26     8.90 A
06622700 1996 02 27     8.90 A
06622700 1996 02 28     9.10 A
06622700 1996 02 29     9.30 A
06622700 1996 03 01     9.30 A
06622700 1996 03 02     9.30 A
06622700 1996 03 03     8.90 A
06622700 1996 03 04     8.80 A
06622700 1996 03 05     8.90 A
06622700 1996 03 06     8.70 A
06622700 1996 03 07     8.60 A
06622700 1996 03 08     8.60 A
06622700 1996 03 09     8.70 A
06622700 1996 03 10     9.00 A
06622700 1996 03 11     9.40 A
06622700 1996 03 12     9.60 A
06622700 1996 03 13     9.60 A
06622700 1996 03 14     9.70 A
06622700 1996 03 15     9.80 A
06622700 1996 03 16     10.00 A
06622700 1996 03 17     10.00 A
06622700 1996 03 18     10.00 A
06622700 1996 03 19     10.00 A
06622700 1996 03 20     10.00 A
06622700 1996 03 21     11.00 A
06622700 1996 03 22     11.00 A
06622700 1996 03 23     11.00 A
06622700 1996 03 24     11.00 A
06622700 1996 03 25     10.00 A
06622700 1996 03 26     11.00 A
06622700 1996 03 27     11.00 A
06622700 1996 03 28     11.00 A
06622700 1996 03 29     10.00 A
06622700 1996 03 30     10.00 A
06622700 1996 03 31     10.00 A
06622700 1996 04 01     11.00 A
06622700 1996 04 02     13.00 A
06622700 1996 04 03     13.00 A
06622700 1996 04 04     13.00 A
06622700 1996 04 05     12.00 A
06622700 1996 04 06     14.00 A
06622700 1996 04 07     14.00 A
06622700 1996 04 08     16.00 A
06622700 1996 04 09     22.00 A
06622700 1996 04 10     25.00 A
06622700 1996 04 11     26.00 A
06622700 1996 04 12     24.00 A
06622700 1996 04 13     22.00 A
06622700 1996 04 14     19.00 A
06622700 1996 04 15     21.00 A
06622700 1996 04 16     20.00 A
06622700 1996 04 17     20.00 A
06622700 1996 04 18     20.00 A
06622700 1996 04 19     19.00 A
06622700 1996 04 20     17.00 A
06622700 1996 04 21     15.00 A
06622700 1996 04 22     16.00 A
06622700 1996 04 23     17.00 A
06622700 1996 04 24     19.00 A
06622700 1996 04 25     24.00 A
06622700 1996 04 26     22.00 A
06622700 1996 04 27     21.00 A
06622700 1996 04 28     20.00 A
06622700 1996 04 29     21.00 A
06622700 1996 04 30     20.00 A
06622700 1996 05 01     19.00 A
06622700 1996 05 02     19.00 A
06622700 1996 05 03     19.00 A
06622700 1996 05 04     19.00 A
06622700 1996 05 05     24.00 A
06622700 1996 05 06     38.00 A
06622700 1996 05 07     47.00 A
06622700 1996 05 08     60.00 A
06622700 1996 05 09     73.00 A
06622700 1996 05 10     72.00 A
06622700 1996 05 11     94.00 A
06622700 1996 05 12     146.00 A
06622700 1996 05 13     191.00 A
06622700 1996 05 14     247.00 A
06622700 1996 05 15     285.00 A
06622700 1996 05 16     358.00 A
06622700 1996 05 17     430.00 A
06622700 1996 05 18     422.00 A
06622700 1996 05 19     380.00 A
06622700 1996 05 20     280.00 A
06622700 1996 05 21     245.00 A
06622700 1996 05 22     245.00 A
06622700 1996 05 23     264.00 A
06622700 1996 05 24     258.00 A
06622700 1996 05 25     331.00 A
06622700 1996 05 26     350.00 A
06622700 1996 05 27     260.00 A
06622700 1996 05 28     226.00 A
06622700 1996 05 29     253.00 A
06622700 1996 05 30     290.00 A
06622700 1996 05 31     287.00 A
06622700 1996 06 01     299.00 A
06622700 1996 06 02     309.00 A
06622700 1996 06 03     348.00 A
06622700 1996 06 04     393.00 A
06622700 1996 06 05     458.00 A
06622700 1996 06 06     501.00 A
06622700 1996 06 07     468.00 A
06622700 1996 06 08     429.00 A
06622700 1996 06 09     424.00 A
06622700 1996 06 10     422.00 A
06622700 1996 06 11     420.00 A
06622700 1996 06 12     381.00 A
06622700 1996 06 13     375.00 A
06622700 1996 06 14     331.00 A
06622700 1996 06 15     273.00 A
06622700 1996 06 16     261.00 A
06622700 1996 06 17     276.00 A
06622700 1996 06 18     267.00 A
06622700 1996 06 19     258.00 A
06622700 1996 06 20     240.00 A
06622700 1996 06 21     279.00 A
06622700 1996 06 22     330.00 A
06622700 1996 06 23     221.00 A
06622700 1996 06 24     183.00 A
06622700 1996 06 25     166.00 A
06622700 1996 06 26     155.00 A
06622700 1996 06 27     162.00 A
06622700 1996 06 28     135.00 A
06622700 1996 06 29     111.00 A
06622700 1996 06 30     96.00 A
06622700 1996 07 01     91.00 A
06622700 1996 07 02     85.00 A
06622700 1996 07 03     75.00 A
06622700 1996 07 04     69.00 A
06622700 1996 07 05     76.00 A
06622700 1996 07 06     75.00 A
06622700 1996 07 07     50.00 A
06622700 1996 07 08     41.00 A
06622700 1996 07 09     38.00 A
06622700 1996 07 10     41.00 A
06622700 1996 07 11     32.00 A
06622700 1996 07 12     27.00 A
06622700 1996 07 13     26.00 A
06622700 1996 07 14     23.00 A
06622700 1996 07 15     21.00 A
06622700 1996 07 16     21.00 A
06622700 1996 07 17     22.00 A
06622700 1996 07 18     20.00 A
06622700 1996 07 19     19.00 A
06622700 1996 07 20     16.00 A
06622700 1996 07 21     16.00 A
06622700 1996 07 22     14.00 A
06622700 1996 07 23     14.00 A
06622700 1996 07 24     14.00 A
06622700 1996 07 25     14.00 A
06622700 1996 07 26     14.00 A
06622700 1996 07 27     13.00 A
06622700 1996 07 28     13.00 A
06622700 1996 07 29     14.00 A
06622700 1996 07 30     15.00 A
06622700 1996 07 31     14.00 A
06622700 1996 08 01     13.00 A
06622700 1996 08 02     12.00 A
06622700 1996 08 03     13.00 A
06622700 1996 08 04     18.00 A
06622700 1996 08 05     15.00 A
06622700 1996 08 06     13.00 A
06622700 1996 08 07     12.00 A
06622700 1996 08 08     11.00 A
06622700 1996 08 09     11.00 A
06622700 1996 08 10     10.00 A
06622700 1996 08 11     10.00 A
06622700 1996 08 12     9.60 A
06622700 1996 08 13     9.60 A
06622700 1996 08 14     9.20 A
06622700 1996 08 15     9.20 A
06622700 1996 08 16     9.30 A
06622700 1996 08 17     9.20 A
06622700 1996 08 18     9.00 A
06622700 1996 08 19     12.00 A
06622700 1996 08 20     12.00 A
06622700 1996 08 21     10.00 A
06622700 1996 08 22     9.90 A
06622700 1996 08 23     9.70 A
06622700 1996 08 24     9.90 A
06622700 1996 08 25     9.30 A
06622700 1996 08 26     9.20 A
06622700 1996 08 27     9.00 A
06622700 1996 08 28     9.50 A
06622700 1996 08 29     9.30 A
06622700 1996 08 30     9.30 A
06622700 1996 08 31     9.20 A
06622700 1996 09 01     8.80 A
06622700 1996 09 02     8.30 A
06622700 1996 09 03     8.30 A
06622700 1996 09 04     8.00 A
06622700 1996 09 05     8.00 A
06622700 1996 09 06     9.70 A
06622700 1996 09 07     9.70 A
06622700 1996 09 08     8.60 A
06622700 1996 09 09     8.30 A
06622700 1996 09 10     8.30 A
06622700 1996 09 11     8.30 A
06622700 1996 09 12     8.00 A
06622700 1996 09 13     8.80 A
06622700 1996 09 14     12.00 A
06622700 1996 09 15     9.40 A
06622700 1996 09 16     8.90 A
06622700 1996 09 17     8.30 A
06622700 1996 09 18     9.20 A
06622700 1996 09 19     10.00 A
06622700 1996 09 20     11.00 A
06622700 1996 09 21     12.00 A
06622700 1996 09 22     15.00 A
06622700 1996 09 23     16.00 A
06622700 1996 09 24     11.00 A
06622700 1996 09 25     16.00 A
06622700 1996 09 26     11.00 A
06622700 1996 09 27     10.00 A
06622700 1996 09 28     11.00 A
06622700 1996 09 29     11.00 A
06622700 1996 09 30     9.70 A
06622700 1996 10 01     9.10 A
06622700 1996 10 02     8.70 A
06622700 1996 10 03     8.70 A
06622700 1996 10 04     9.10 A
06622700 1996 10 05     9.60 A
06622700 1996 10 06     8.50 A
06622700 1996 10 07     8.00 A
06622700 1996 10 08     8.00 A
06622700 1996 10 09     7.80 A
06622700 1996 10 10     7.40 A
06622700 1996 10 11     7.40 A
06622700 1996 10 12     7.10 A
06622700 1996 10 13     6.80 A
06622700 1996 10 14     6.80 A
06622700 1996 10 15     6.80 A
06622700 1996 10 16     6.60 A
06622700 1996 10 17     6.20 A
06622700 1996 10 18     7.90 A
06622700 1996 10 19     10.00 A
06622700 1996 10 20     10.00 A
06622700 1996 10 21     8.00 A
06622700 1996 10 22     10.00 A
06622700 1996 10 23     9.00 A
06622700 1996 10 24     8.30 A
06622700 1996 10 25     8.90 A
06622700 1996 10 26     9.10 A
06622700 1996 10 27     7.70 A
06622700 1996 10 28     8.50 A
06622700 1996 10 29     10.00 A
06622700 1996 10 30     9.50 A
06622700 1996 10 31     10.00 A
06622700 1996 11 01     9.60 A
06622700 1996 11 02     9.50 A
06622700 1996 11 03     9.50 A
06622700 1996 11 04     9.50 A
06622700 1996 11 05     9.60 A
06622700 1996 11 06     9.20 A
06622700 1996 11 07     9.00 A
06622700 1996 11 08     10.00 A
06622700 1996 11 09     10.00 A
06622700 1996 11 10     10.00 A
06622700 1996 11 11     11.00 A
06622700 1996 11 12     11.00 A
06622700 1996 11 13     11.00 A
06622700 1996 11 14     11.00 A
06622700 1996 11 15     11.00 A
06622700 1996 11 16     11.00 A
06622700 1996 11 17     11.00 A
06622700 1996 11 18     11.00 A
06622700 1996 11 19     11.00 A
06622700 1996 11 20     12.00 A
06622700 1996 11 21     11.00 A
06622700 1996 11 22     10.00 A
06622700 1996 11 23     9.40 A
06622700 1996 11 24     9.40 A
06622700 1996 11 25     9.70 A
06622700 1996 11 26     9.20 A
06622700 1996 11 27     9.90 A
06622700 1996 11 28     10.00 A
06622700 1996 11 29     10.00 A
06622700 1996 11 30     10.00 A
06622700 1996 12 01     10.00 A
06622700 1996 12 02     9.20 A
06622700 1996 12 03     9.20 A
06622700 1996 12 04     9.20 A
06622700 1996 12 05     9.20 A
06622700 1996 12 06     11.00 A
06622700 1996 12 07     11.00 A
06622700 1996 12 08     11.00 A
06622700 1996 12 09     10.00 A
06622700 1996 12 10     10.00 A
06622700 1996 12 11     10.00 A
06622700 1996 12 12     10.00 A
06622700 1996 12 13     9.80 A
06622700 1996 12 14     9.60 A
06622700 1996 12 15     9.10 A
06622700 1996 12 16     8.60 A
06622700 1996 12 17     8.50 A
06622700 1996 12 18     8.70 A
06622700 1996 12 19     9.50 A
06622700 1996 12 20     9.90 A
06622700 1996 12 21     9.90 A
06622700 1996 12 22     9.20 A
06622700 1996 12 23     8.50 A
06622700 1996 12 24     8.50 A
06622700 1996 12 25     9.00 A
06622700 1996 12 26     9.50 A
06622700 1996 12 27     10.00 A
06622700 1996 12 28     10.00 A
06622700 1996 12 29     10.00 A
06622700 1996 12 30     10.00 A
06622700 1996 12 31     10.00 A
06622700 1997 01 01     10.00 A
06622700 1997 01 02     10.00 A
06622700 1997 01 03     10.00 A
06622700 1997 01 04     10.00 A
06622700 1997 01 05     10.00 A
06622700 1997 01 06     8.90 A
06622700 1997 01 07     9.60 A
06622700 1997 01 08     10.00 A
06622700 1997 01 09     10.00 A
06622700 1997 01 10     10.00 A
06622700 1997 01 11     9.40 A
06622700 1997 01 12     8.00 A
06622700 1997 01 13     8.50 A
06622700 1997 01 14     8.60 A
06622700 1997 01 15     8.10 A
06622700 1997 01 16     8.60 A
06622700 1997 01 17     8.60 A
06622700 1997 01 18     8.60 A
06622700 1997 01 19     8.60 A
06622700 1997 01 20     8.60 A
06622700 1997 01 21     8.60 A
06622700 1997 01 22     8.60 A
06622700 1997 01 23     8.60 A
06622700 1997 01 24     8.10 A
06622700 1997 01 25     9.50 A
06622700 1997 01 26     9.40 A
06622700 1997 01 27     9.00 A
06622700 1997 01 28     8.90 A
06622700 1997 01 29     8.70 A
06622700 1997 01 30     8.50 A
06622700 1997 01 31     8.60 A
06622700 1997 02 01     8.60 A
06622700 1997 02 02     8.60 A
06622700 1997 02 03     8.60 A
06622700 1997 02 04     8.60 A
06622700 1997 02 05     8.60 A
06622700 1997 02 06     8.40 A
06622700 1997 02 07     8.20 A
06622700 1997 02 08     8.00 A
06622700 1997 02 09     8.10 A
06622700 1997 02 10     8.40 A
06622700 1997 02 11     8.40 A
06622700 1997 02 12     8.60 A
06622700 1997 02 13     8.60 A
06622700 1997 02 14     8.60 A
06622700 1997 02 15     8.60 A
06622700 1997 02 16     8.60 A
06622700 1997 02 17     8.60 A
06622700 1997 02 18     8.60 A
06622700 1997 02 19     8.40 A
06622700 1997 02 20     8.40 A
06622700 1997 02 21     8.20 A
06622700 1997 02 22     8.20 A
06622700 1997 02 23     8.20 A
06622700 1997 02 24     8.00 A
06622700 1997 02 25     8.00 A
06622700 1997 02 26     8.20 A
06622700 1997 02 27     8.40 A
06622700 1997 02 28     8.40 A
06622700 1997 03 01     8.00 A
06622700 1997 03 02     8.20 A
06622700 1997 03 03     8.20 A
06622700 1997 03 04     8.30 A
06622700 1997 03 05     8.40 A
06622700 1997 03 06     8.60 A
06622700 1997 03 07     8.60 A
06622700 1997 03 08     8.60 A
06622700 1997 03 09     8.50 A
06622700 1997 03 10     8.50 A
06622700 1997 03 11     8.50 A
06622700 1997 03 12     8.50 A
06622700 1997 03 13     8.40 A
06622700 1997 03 14     8.00 A
06622700 1997 03 15     8.40 A
06622700 1997 03 16     8.90 A
06622700 1997 03 17     9.20 A
06622700 1997 03 18     9.40 A
06622700 1997 03 19     9.70 A
06622700 1997 03 20     10.00 A
06622700 1997 03 21     11.00 A
06622700 1997 03 22     12.00 A
06622700 1997 03 23     13.00 A
06622700 1997 03 24     12.00 A
06622700 1997 03 25     14.00 A
06622700 1997 03 26     14.00 A
06622700 1997 03 27     13.00 A
06622700 1997 03 28     13.00 A
06622700 1997 03 29     12.00 A
06622700 1997 03 30     14.00 A
06622700 1997 03 31     12.00 A
06622700 1997 04 01     13.00 A
06622700 1997 04 02     14.00 A
06622700 1997 04 03     16.00 A
06622700 1997 04 04     14.00 A
06622700 1997 04 05     15.00 A
06622700 1997 04 06     18.00 A
06622700 1997 04 07     15.00 A
06622700 1997 04 08     13.00 A
06622700 1997 04 09     11.00 A
06622700 1997 04 10     13.00 A
06622700 1997 04 11     13.00 A
06622700 1997 04 12     16.00 A
06622700 1997 04 13     21.00 A
06622700 1997 04 14     15.00 A
06622700 1997 04 15     10.00 A
06622700 1997 04 16     11.00 A
06622700 1997 04 17     13.00 A
06622700 1997 04 18     15.00 A
06622700 1997 04 19     17.00 A
06622700 1997 04 20     19.00 A
06622700 1997 04 21     21.00 A
06622700 1997 04 22     18.00 A
06622700 1997 04 23     16.00 A
06622700 1997 04 24     17.00 A
06622700 1997 04 25     19.00 A
06622700 1997 04 26     20.00 A
06622700 1997 04 27     23.00 A
06622700 1997 04 28     32.00 A
06622700 1997 04 29     30.00 A
06622700 1997 04 30     25.00 A
06622700 1997 05 01     22.00 A
06622700 1997 05 02     21.00 A
06622700 1997 05 03     21.00 A
06622700 1997 05 04     22.00 A
06622700 1997 05 05     29.00 A
06622700 1997 05 06     44.00 A
06622700 1997 05 07     63.00 A
06622700 1997 05 08     69.00 A
06622700 1997 05 09     75.00 A
06622700 1997 05 10     92.00 A
06622700 1997 05 11     114.00 A
06622700 1997 05 12     122.00 A
06622700 1997 05 13     136.00 A
06622700 1997 05 14     156.00 A
06622700 1997 05 15     178.00 A
06622700 1997 05 16     221.00 A
06622700 1997 05 17     278.00 A
06622700 1997 05 18     346.00 A
06622700 1997 05 19     367.00 A
06622700 1997 05 20     363.00 A
06622700 1997 05 21     382.00 A
06622700 1997 05 22     414.00 A
06622700 1997 05 23     401.00 A
06622700 1997 05 24     395.00 A
06622700 1997 05 25     382.00 A
06622700 1997 05 26     297.00 A
06622700 1997 05 27     222.00 A
06622700 1997 05 28     204.00 A
06622700 1997 05 29     401.00 A
06622700 1997 05 30     522.00 A
06622700 1997 05 31     617.00 A
06622700 1997 06 01     765.00 A
06622700 1997 06 02     664.00 A
06622700 1997 06 03     597.00 A
06622700 1997 06 04     624.00 A
06622700 1997 06 05     596.00 A
06622700 1997 06 06     552.00 A
06622700 1997 06 07     494.00 A
06622700 1997 06 08     517.00 A
06622700 1997 06 09     533.00 A
06622700 1997 06 10     481.00 A
06622700 1997 06 11     456.00 A
06622700 1997 06 12     409.00 A
06622700 1997 06 13     353.00 A
06622700 1997 06 14     325.00 A
06622700 1997 06 15     324.00 A
06622700 1997 06 16     299.00 A
06622700 1997 06 17     322.00 A
06622700 1997 06 18     346.00 A
06622700 1997 06 19     372.00 A
06622700 1997 06 20     349.00 A
06622700 1997 06 21     348.00 A
06622700 1997 06 22     299.00 A
06622700 1997 06 23     244.00 A
06622700 1997 06 24     193.00 A
06622700 1997 06 25     153.00 A
06622700 1997 06 26     129.00 A
06622700 1997 06 27     120.00 A
06622700 1997 06 28     109.00 A
06622700 1997 06 29     98.00 A
06622700 1997 06 30     85.00 A
06622700 1997 07 01     76.00 A
06622700 1997 07 02     63.00 A
06622700 1997 07 03     58.00 A
06622700 1997 07 04     54.00 A
06622700 1997 07 05     50.00 A
06622700 1997 07 06     49.00 A
06622700 1997 07 07     47.00 A
06622700 1997 07 08     43.00 A
06622700 1997 07 09     41.00 A
06622700 1997 07 10     38.00 A
06622700 1997 07 11     35.00 A
06622700 1997 07 12     36.00 A
06622700 1997 07 13     39.00 A
06622700 1997 07 14     30.00 A
06622700 1997 07 15     26.00 A
06622700 1997 07 16     24.00 A
06622700 1997 07 17     22.00 A
06622700 1997 07 18     21.00 A
06622700 1997 07 19     28.00 A
06622700 1997 07 20     26.00 A
06622700 1997 07 21     20.00 A
06622700 1997 07 22     17.00 A
06622700 1997 07 23     17.00 A
06622700 1997 07 24     17.00 A
06622700 1997 07 25     16.00 A
06622700 1997 07 26     14.00 A
06622700 1997 07 27     14.00 A
06622700 1997 07 28     15.00 A
06622700 1997 07 29     22.00 A
06622700 1997 07 30     16.00 A
06622700 1997 07 31     24.00 A
06622700 1997 08 01     18.00 A
06622700 1997 08 02     15.00 A
06622700 1997 08 03     13.00 A
06622700 1997 08 04     12.00 A
06622700 1997 08 05     17.00 A
06622700 1997 08 06     20.00 A
06622700 1997 08 07     15.00 A
06622700 1997 08 08     13.00 A
06622700 1997 08 09     12.00 A
06622700 1997 08 10     19.00 A
06622700 1997 08 11     26.00 A
06622700 1997 08 12     22.00 A
06622700 1997 08 13     21.00 A
06622700 1997 08 14     21.00 A
06622700 1997 08 15     15.00 A
06622700 1997 08 16     13.00 A
06622700 1997 08 17     12.00 A
06622700 1997 08 18     13.00 A
06622700 1997 08 19     18.00 A
06622700 1997 08 20     14.00 A
06622700 1997 08 21     12.00 A
06622700 1997 08 22     11.00 A
06622700 1997 08 23     11.00 A
06622700 1997 08 24     10.00 A
06622700 1997 08 25     10.00 A
06622700 1997 08 26     11.00 A
06622700 1997 08 27     11.00 A
06622700 1997 08 28     11.00 A
06622700 1997 08 29     12.00 A
06622700 1997 08 30     10.00 A
06622700 1997 08 31     9.30 A
06622700 1997 09 01     9.30 A
06622700 1997 09 02     9.30 A
06622700 1997 09 03     9.00 A
06622700 1997 09 04     9.00 A
06622700 1997 09 05     9.50 A
06622700 1997 09 06     9.60 A
06622700 1997 09 07     9.90 A
06622700 1997 09 08     9.50 A
06622700 1997 09 09     8.90 A
06622700 1997 09 10     8.60 A
06622700 1997 09 11     9.60 A
06622700 1997 09 12     12.00 A
06622700 1997 09 13     10.00 A
06622700 1997 09 14     9.60 A
06622700 1997 09 15     9.40 A
06622700 1997 09 16     15.00 A
06622700 1997 09 17     11.00 A
06622700 1997 09 18     10.00 A
06622700 1997 09 19     73.00 A
06622700 1997 09 20     43.00 A
06622700 1997 09 21     47.00 A
06622700 1997 09 22     30.00 A
06622700 1997 09 23     37.00 A
06622700 1997 09 24     26.00 A
06622700 1997 09 25     18.00 A
06622700 1997 09 26     18.00 A
06622700 1997 09 27     23.00 A
06622700 1997 09 28     16.00 A
06622700 1997 09 29     14.00 A
06622700 1997 09 30     13.00 A
06622700 1997 10 01     12.00 A
06622700 1997 10 02     12.00 A
06622700 1997 10 03     17.00 A
06622700 1997 10 04     14.00 A
06622700 1997 10 05     12.00 A
06622700 1997 10 06     11.00 A
06622700 1997 10 07     11.00 A
06622700 1997 10 08     12.00 A
06622700 1997 10 09     14.00 A
06622700 1997 10 10     16.00 A
06622700 1997 10 11     17.00 A
06622700 1997 10 12     18.00 A
06622700 1997 10 13     15.00 A
06622700 1997 10 14     17.00 A
06622700 1997 10 15     17.00 A
06622700 1997 10 16     17.00 A
06622700 1997 10 17     17.00 A
06622700 1997 10 18     17.00 A
06622700 1997 10 19     15.00 A
06622700 1997 10 20     14.00 A
06622700 1997 10 21     13.00 A
06622700 1997 10 22     12.00 A
06622700 1997 10 23     12.00 A
06622700 1997 10 24     12.00 A
06622700 1997 10 25     15.00 A
06622700 1997 10 26     29.00 A
06622700 1997 10 27     23.00 A
06622700 1997 10 28     16.00 A
06622700 1997 10 29     13.00 A
06622700 1997 10 30     13.00 A
06622700 1997 10 31     13.00 A
06622700 1997 11 01     13.00 A
06622700 1997 11 02     13.00 A
06622700 1997 11 03     15.00 A
06622700 1997 11 04     13.00 A
06622700 1997 11 05     13.00 A
06622700 1997 11 06     14.00 A
06622700 1997 11 07     14.00 A
06622700 1997 11 08     13.00 A
06622700 1997 11 09     11.00 A
06622700 1997 11 10     11.00 A
06622700 1997 11 11     11.00 A
06622700 1997 11 12     12.00 A
06622700 1997 11 13     13.00 A
06622700 1997 11 14     12.00 A
06622700 1997 11 15     11.00 A
06622700 1997 11 16     12.00 A
06622700 1997 11 17     13.00 A
06622700 1997 11 18     13.00 A
06622700 1997 11 19     12.00 A
06622700 1997 11 20     12.00 A
06622700 1997 11 21     11.00 A
06622700 1997 11 22     10.00 A
06622700 1997 11 23     11.00 A
06622700 1997 11 24     11.00 A
06622700 1997 11 25     11.00 A
06622700 1997 11 26     11.00 A
06622700 1997 11 27     11.00 A
06622700 1997 11 28     11.00 A
06622700 1997 11 29     10.00 A
06622700 1997 11 30     10.00 A
06622700 1997 12 01     10.00 A
06622700 1997 12 02     10.00 A
06622700 1997 12 03     10.00 A
06622700 1997 12 04     9.80 A
06622700 1997 12 05     9.60 A
06622700 1997 12 06     9.60 A
06622700 1997 12 07     9.70 A
06622700 1997 12 08     10.00 A
06622700 1997 12 09     10.00 A
06622700 1997 12 10     10.00 A
06622700 1997 12 11     10.00 A
06622700 1997 12 12     10.00 A
06622700 1997 12 13     11.00 A
06622700 1997 12 14     11.00 A
06622700 1997 12 15     11.00 A
06622700 1997 12 16     11.00 A
06622700 1997 12 17     10.00 A
06622700 1997 12 18     10.00 A
06622700 1997 12 19     10.00 A
06622700 1997 12 20     9.70 A
06622700 1997 12 21     9.60 A
06622700 1997 12 22     9.60 A
06622700 1997 12 23     9.70 A
06622700 1997 12 24     10.00 A
06622700 1997 12 25     10.00 A
06622700 1997 12 26     10.00 A
06622700 1997 12 27     9.70 A
06622700 1997 12 28     9.60 A
06622700 1997 12 29     9.60 A
06622700 1997 12 30     9.60 A
06622700 1997 12 31     9.60 A
06622700 1998 01 01     9.60 A
06622700 1998 01 02     9.60 A
06622700 1998 01 03     9.60 A
06622700 1998 01 04     9.60 A
06622700 1998 01 05     9.60 A
06622700 1998 01 06     9.60 A
06622700 1998 01 07     10.00 A
06622700 1998 01 08     11.00 A
06622700 1998 01 09     10.00 A
06622700 1998 01 10     10.00 A
06622700 1998 01 11     10.00 A
06622700 1998 01 12     10.00 A
06622700 1998 01 13     10.00 A
06622700 1998 01 14     10.00 A
06622700 1998 01 15     10.00 A
06622700 1998 01 16     10.00 A
06622700 1998 01 17     9.90 A
06622700 1998 01 18     9.30 A
06622700 1998 01 19     10.00 A
06622700 1998 01 20     10.00 A
06622700 1998 01 21     10.00 A
06622700 1998 01 22     11.00 A
06622700 1998 01 23     11.00 A
06622700 1998 01 24     11.00 A
06622700 1998 01 25     11.00 A
06622700 1998 01 26     11.00 A
06622700 1998 01 27     11.00 A
06622700 1998 01 28     11.00 A
06622700 1998 01 29     11.00 A
06622700 1998 01 30     10.00 A
06622700 1998 01 31     10.00 A
06622700 1998 02 01     10.00 A
06622700 1998 02 02     10.00 A
06622700 1998 02 03     10.00 A
06622700 1998 02 04     10.00 A
06622700 1998 02 05     10.00 A
06622700 1998 02 06     10.00 A
06622700 1998 02 07     9.60 A
06622700 1998 02 08     9.60 A
06622700 1998 02 09     9.60 A
06622700 1998 02 10     9.40 A
06622700 1998 02 11     9.70 A
06622700 1998 02 12     10.00 A
06622700 1998 02 13     9.90 A
06622700 1998 02 14     10.00 A
06622700 1998 02 15     10.00 A
06622700 1998 02 16     10.00 A
06622700 1998 02 17     10.00 A
06622700 1998 02 18     9.80 A
06622700 1998 02 19     9.10 A
06622700 1998 02 20     9.50 A
06622700 1998 02 21     9.50 A
06622700 1998 02 22     9.70 A
06622700 1998 02 23     9.50 A
06622700 1998 02 24     9.40 A
06622700 1998 02 25     9.10 A
06622700 1998 02 26     9.10 A
06622700 1998 02 27     9.40 A
06622700 1998 02 28     9.20 A
06622700 1998 03 01     9.00 A
06622700 1998 03 02     8.80 A
06622700 1998 03 03     8.80 A
06622700 1998 03 04     8.80 A
06622700 1998 03 05     8.90 A
06622700 1998 03 06     9.00 A
06622700 1998 03 07     8.80 A
06622700 1998 03 08     8.90 A
06622700 1998 03 09     8.60 A
06622700 1998 03 10     8.60 A
06622700 1998 03 11     8.40 A
06622700 1998 03 12     8.40 A
06622700 1998 03 13     8.60 A
06622700 1998 03 14     9.00 A
06622700 1998 03 15     9.20 A
06622700 1998 03 16     9.60 A
06622700 1998 03 17     9.90 A
06622700 1998 03 18     9.00 A
06622700 1998 03 19     9.00 A
06622700 1998 03 20     9.10 A
06622700 1998 03 21     9.20 A
06622700 1998 03 22     9.00 A
06622700 1998 03 23     9.70 A
06622700 1998 03 24     13.00 A
06622700 1998 03 25     17.00 A
06622700 1998 03 26     16.00 A
06622700 1998 03 27     14.00 A
06622700 1998 03 28     13.00 A
06622700 1998 03 29     11.00 A
06622700 1998 03 30     11.00 A
06622700 1998 03 31     11.00 A
06622700 1998 04 01     13.00 A
06622700 1998 04 02     11.00 A
06622700 1998 04 03     12.00 A
06622700 1998 04 04     11.00 A
06622700 1998 04 05     11.00 A
06622700 1998 04 06     11.00 A
06622700 1998 04 07     10.00 A
06622700 1998 04 08     11.00 A
06622700 1998 04 09     10.00 A
06622700 1998 04 10     11.00 A
06622700 1998 04 11     13.00 A
06622700 1998 04 12     15.00 A
06622700 1998 04 13     13.00 A
06622700 1998 04 14     12.00 A
06622700 1998 04 15     12.00 A
06622700 1998 04 16     16.00 A
06622700 1998 04 17     16.00 A
06622700 1998 04 18     12.00 A
06622700 1998 04 19     11.00 A
06622700 1998 04 20     11.00 A
06622700 1998 04 21     11.00 A
06622700 1998 04 22     15.00 A
06622700 1998 04 23     21.00 A
06622700 1998 04 24     27.00 A
06622700 1998 04 25     23.00 A
06622700 1998 04 26     23.00 A
06622700 1998 04 27     26.00 A
06622700 1998 04 28     28.00 A
06622700 1998 04 29     37.00 A
06622700 1998 04 30     42.00 A
06622700 1998 05 01     45.00 A
06622700 1998 05 02     52.00 A
06622700 1998 05 03     57.00 A
06622700 1998 05 04     57.00 A
06622700 1998 05 05     61.00 A
06622700 1998 05 06     57.00 A
06622700 1998 05 07     52.00 A
06622700 1998 05 08     51.00 A
06622700 1998 05 09     50.00 A
06622700 1998 05 10     59.00 A
06622700 1998 05 11     62.00 A
06622700 1998 05 12     57.00 A
06622700 1998 05 13     72.00 A
06622700 1998 05 14     86.00 A
06622700 1998 05 15     75.00 A
06622700 1998 05 16     74.00 A
06622700 1998 05 17     113.00 A
06622700 1998 05 18     182.00 A
06622700 1998 05 19     217.00 A
06622700 1998 05 20     271.00 A
06622700 1998 05 21     371.00 A
06622700 1998 05 22     350.00 A
06622700 1998 05 23     228.00 A
06622700 1998 05 24     187.00 A
06622700 1998 05 25     223.00 A
06622700 1998 05 26     284.00 A
06622700 1998 05 27     365.00 A
06622700 1998 05 28     416.00 A
06622700 1998 05 29     377.00 A
06622700 1998 05 30     374.00 A
06622700 1998 05 31     357.00 A
06622700 1998 06 01     347.00 A
06622700 1998 06 02     396.00 A
06622700 1998 06 03     386.00 A
06622700 1998 06 04     325.00 A
06622700 1998 06 05     194.00 A
06622700 1998 06 06     156.00 A
06622700 1998 06 07     164.00 A
06622700 1998 06 08     181.00 A
06622700 1998 06 09     165.00 A
06622700 1998 06 10     154.00 A
06622700 1998 06 11     158.00 A
06622700 1998 06 12     174.00 A
06622700 1998 06 13     187.00 A
06622700 1998 06 14     306.00 A
06622700 1998 06 15     244.00 A
06622700 1998 06 16     266.00 A
06622700 1998 06 17     244.00 A
06622700 1998 06 18     235.00 A
06622700 1998 06 19     361.00 A
06622700 1998 06 20     336.00 A
06622700 1998 06 21     290.00 A
06622700 1998 06 22     289.00 A
06622700 1998 06 23     276.00 A
06622700 1998 06 24     243.00 A
06622700 1998 06 25     235.00 A
06622700 1998 06 26     263.00 A
06622700 1998 06 27     246.00 A
06622700 1998 06 28     218.00 A
06622700 1998 06 29     224.00 A
06622700 1998 06 30     223.00 A
06622700 1998 07 01     224.00 A
06622700 1998 07 02     206.00 A
06622700 1998 07 03     187.00 A
06622700 1998 07 04     168.00 A
06622700 1998 07 05     149.00 A
06622700 1998 07 06     138.00 A
06622700 1998 07 07     106.00 A
06622700 1998 07 08     95.00 A
06622700 1998 07 09     96.00 A
06622700 1998 07 10     97.00 A
06622700 1998 07 11     78.00 A
06622700 1998 07 12     72.00 A
06622700 1998 07 13     62.00 A
06622700 1998 07 14     55.00 A
06622700 1998 07 15     49.00 A
06622700 1998 07 16     43.00 A
06622700 1998 07 17     39.00 A
06622700 1998 07 18     35.00 A
06622700 1998 07 19     32.00 A
06622700 1998 07 20     29.00 A
06622700 1998 07 21     26.00 A
06622700 1998 07 22     32.00 A
06622700 1998 07 23     37.00 A
06622700 1998 07 24     35.00 A
06622700 1998 07 25     68.00 A
06622700 1998 07 26     42.00 A
06622700 1998 07 27     30.00 A
06622700 1998 07 28     27.00 A
06622700 1998 07 29     30.00 A
06622700 1998 07 30     37.00 A
06622700 1998 07 31     45.00 A
06622700 1998 08 01     31.00 A
06622700 1998 08 02     24.00 A
06622700 1998 08 03     34.00 A
06622700 1998 08 04     48.00 A
06622700 1998 08 05     36.00 A
06622700 1998 08 06     25.00 A
06622700 1998 08 07     21.00 A
06622700 1998 08 08     19.00 A
06622700 1998 08 09     20.00 A
06622700 1998 08 10     19.00 A
06622700 1998 08 11     21.00 A
06622700 1998 08 12     17.00 A
06622700 1998 08 13     16.00 A
06622700 1998 08 14     15.00 A
06622700 1998 08 15     15.00 A
06622700 1998 08 16     15.00 A
06622700 1998 08 17     15.00 A
06622700 1998 08 18     16.00 A
06622700 1998 08 19     21.00 A
06622700 1998 08 20     18.00 A
06622700 1998 08 21     16.00 A
06622700 1998 08 22     21.00 A
06622700 1998 08 23     16.00 A
06622700 1998 08 24     14.00 A
06622700 1998 08 25     13.00 A
06622700 1998 08 26     13.00 A
06622700 1998 08 27     13.00 A
06622700 1998 08 28     13.00 A
06622700 1998 08 29     12.00 A
06622700 1998 08 30     12.00 A
06622700 1998 08 31     12.00 A
06622700 1998 09 01     12.00 A
06622700 1998 09 02     12.00 A
06622700 1998 09 03     12.00 A
06622700 1998 09 04     11.00 A
06622700 1998 09 05     10.00 A
06622700 1998 09 06     10.00 A
06622700 1998 09 07     11.00 A
06622700 1998 09 08     14.00 A
06622700 1998 09 09     12.00 A
06622700 1998 09 10     11.00 A
06622700 1998 09 11     12.00 A
06622700 1998 09 12     17.00 A
06622700 1998 09 13     19.00 A
06622700 1998 09 14     15.00 A
06622700 1998 09 15     12.00 A
06622700 1998 09 16     12.00 A
06622700 1998 09 17     11.00 A
06622700 1998 09 18     11.00 A
06622700 1998 09 19     11.00 A
06622700 1998 09 20     11.00 A
06622700 1998 09 21     11.00 A
06622700 1998 09 22     13.00 A
06622700 1998 09 23     12.00 A
06622700 1998 09 24     14.00 A
06622700 1998 09 25     12.00 A
06622700 1998 09 26     11.00 A
06622700 1998 09 27     10.00 A
06622700 1998 09 28     10.00 A
06622700 1998 09 29     10.00 A
06622700 1998 09 30     10.00 A
06622700 1998 10 01     12.00 A
06622700 1998 10 02     28.00 A
06622700 1998 10 03     24.00 A
06622700 1998 10 04     25.00 A
06622700 1998 10 05     22.00 A
06622700 1998 10 06     23.00 A
06622700 1998 10 07     23.00 A
06622700 1998 10 08     29.00 A
06622700 1998 10 09     29.00 A
06622700 1998 10 10     26.00 A
06622700 1998 10 11     23.00 A
06622700 1998 10 12     20.00 A
06622700 1998 10 13     21.00 A
06622700 1998 10 14     23.00 A
06622700 1998 10 15     22.00 A
06622700 1998 10 16     20.00 A
06622700 1998 10 17     20.00 A
06622700 1998 10 18     20.00 A
06622700 1998 10 19     20.00 A
06622700 1998 10 20     20.00 A
06622700 1998 10 21     20.00 A
06622700 1998 10 22     21.00 A
06622700 1998 10 23     21.00 A
06622700 1998 10 24     21.00 A
06622700 1998 10 25     19.00 A
06622700 1998 10 26     18.00 A
06622700 1998 10 27     18.00 A
06622700 1998 10 28     33.00 A
06622700 1998 10 29     27.00 A
06622700 1998 10 30     27.00 A
06622700 1998 10 31     27.00 A
06622700 1998 11 01     24.00 A
06622700 1998 11 02     26.00 A
06622700 1998 11 03     25.00 A
06622700 1998 11 04     24.00 A
06622700 1998 11 05     24.00 A
06622700 1998 11 06     21.00 A
06622700 1998 11 07     27.00 A
06622700 1998 11 08     26.00 A
06622700 1998 11 09     24.00 A
06622700 1998 11 10     21.00 A
06622700 1998 11 11     18.00 A
06622700 1998 11 12     15.00 A
06622700 1998 11 13     16.00 A
06622700 1998 11 14     17.00 A
06622700 1998 11 15     18.00 A
06622700 1998 11 16     17.00 A
06622700 1998 11 17     16.00 A
06622700 1998 11 18     16.00 A
06622700 1998 11 19     16.00 A
06622700 1998 11 20     16.00 A
06622700 1998 11 21     15.00 A
06622700 1998 11 22     16.00 A
06622700 1998 11 23     17.00 A
06622700 1998 11 24     17.00 A
06622700 1998 11 25     16.00 A
06622700 1998 11 26     16.00 A
06622700 1998 11 27     17.00 A
06622700 1998 11 28     17.00 A
06622700 1998 11 29     18.00 A
06622700 1998 11 30     17.00 A
06622700 1998 12 01     17.00 A
06622700 1998 12 02     17.00 A
06622700 1998 12 03     18.00 A
06622700 1998 12 04     18.00 A
06622700 1998 12 05     17.00 A
06622700 1998 12 06     16.00 A
06622700 1998 12 07     14.00 A
06622700 1998 12 08     14.00 A
06622700 1998 12 09     15.00 A
06622700 1998 12 10     14.00 A
06622700 1998 12 11     12.00 A
06622700 1998 12 12     13.00 A
06622700 1998 12 13     14.00 A
06622700 1998 12 14     15.00 A
06622700 1998 12 15     15.00 A
06622700 1998 12 16     15.00 A
06622700 1998 12 17     14.00 A
06622700 1998 12 18     14.00 A
06622700 1998 12 19     14.00 A
06622700 1998 12 20     15.00 A
06622700 1998 12 21     15.00 A
06622700 1998 12 22     14.00 A
06622700 1998 12 23     14.00 A
06622700 1998 12 24     14.00 A
06622700 1998 12 25     14.00 A
06622700 1998 12 26     14.00 A
06622700 1998 12 27     14.00 A
06622700 1998 12 28     14.00 A
06622700 1998 12 29     14.00 A
06622700 1998 12 30     14.00 A
06622700 1998 12 31     14.00 A
06622700 1999 01 01     14.00 A
06622700 1999 01 02     14.00 A
06622700 1999 01 03     14.00 A
06622700 1999 01 04     14.00 A
06622700 1999 01 05     14.00 A
06622700 1999 01 06     14.00 A
06622700 1999 01 07     14.00 A
06622700 1999 01 08     14.00 A
06622700 1999 01 09     14.00 A
06622700 1999 01 10     14.00 A
06622700 1999 01 11     14.00 A
06622700 1999 01 12     14.00 A
06622700 1999 01 13     14.00 A
06622700 1999 01 14     14.00 A
06622700 1999 01 15     15.00 A
06622700 1999 01 16     14.00 A
06622700 1999 01 17     14.00 A
06622700 1999 01 18     14.00 A
06622700 1999 01 19     14.00 A
06622700 1999 01 20     14.00 A
06622700 1999 01 21     15.00 A
06622700 1999 01 22     14.00 A
06622700 1999 01 23     14.00 A
06622700 1999 01 24     14.00 A
06622700 1999 01 25     14.00 A
06622700 1999 01 26     14.00 A
06622700 1999 01 27     13.00 A
06622700 1999 01 28     13.00 A
06622700 1999 01 29     13.00 A
06622700 1999 01 30     14.00 A
06622700 1999 01 31     15.00 A
06622700 1999 02 01     14.00 A
06622700 1999 02 02     13.00 A
06622700 1999 02 03     13.00 A
06622700 1999 02 04     13.00 A
06622700 1999 02 05     13.00 A
06622700 1999 02 06     13.00 A
06622700 1999 02 07     13.00 A
06622700 1999 02 08     13.00 A
06622700 1999 02 09     13.00 A
06622700 1999 02 10     12.00 A
06622700 1999 02 11     12.00 A
06622700 1999 02 12     13.00 A
06622700 1999 02 13     14.00 A
06622700 1999 02 14     14.00 A
06622700 1999 02 15     14.00 A
06622700 1999 02 16     13.00 A
06622700 1999 02 17     13.00 A
06622700 1999 02 18     13.00 A
06622700 1999 02 19     12.00 A
06622700 1999 02 20     12.00 A
06622700 1999 02 21     12.00 A
06622700 1999 02 22     12.00 A
06622700 1999 02 23     12.00 A
06622700 1999 02 24     12.00 A
06622700 1999 02 25     12.00 A
06622700 1999 02 26     12.00 A
06622700 1999 02 27     12.00 A
06622700 1999 02 28     12.00 A
06622700 1999 03 01     12.00 A
06622700 1999 03 02     12.00 A
06622700 1999 03 03     11.00 A
06622700 1999 03 04     11.00 A
06622700 1999 03 05     10.00 A
06622700 1999 03 06     10.00 A
06622700 1999 03 07     11.00 A
06622700 1999 03 08     11.00 A
06622700 1999 03 09     11.00 A
06622700 1999 03 10     11.00 A
06622700 1999 03 11     10.00 A
06622700 1999 03 12     10.00 A
06622700 1999 03 13     10.00 A
06622700 1999 03 14     11.00 A
06622700 1999 03 15     12.00 A
06622700 1999 03 16     12.00 A
06622700 1999 03 17     11.00 A
06622700 1999 03 18     12.00 A
06622700 1999 03 19     13.00 A
06622700 1999 03 20     15.00 A
06622700 1999 03 21     16.00 A
06622700 1999 03 22     15.00 A
06622700 1999 03 23     15.00 A
06622700 1999 03 24     16.00 A
06622700 1999 03 25     17.00 A
06622700 1999 03 26     19.00 A
06622700 1999 03 27     18.00 A
06622700 1999 03 28     18.00 A
06622700 1999 03 29     18.00 A
06622700 1999 03 30     19.00 A
06622700 1999 03 31     19.00 A
06622700 1999 04 01     18.00 A
06622700 1999 04 02     18.00 A
06622700 1999 04 03     16.00 A
06622700 1999 04 04     15.00 A
06622700 1999 04 05     15.00 A
06622700 1999 04 06     16.00 A
06622700 1999 04 07     18.00 A
06622700 1999 04 08     18.00 A
06622700 1999 04 09     17.00 A
06622700 1999 04 10     18.00 A
06622700 1999 04 11     17.00 A
06622700 1999 04 12     19.00 A
06622700 1999 04 13     18.00 A
06622700 1999 04 14     20.00 A
06622700 1999 04 15     19.00 A
06622700 1999 04 16     19.00 A
06622700 1999 04 17     19.00 A
06622700 1999 04 18     21.00 A
06622700 1999 04 19     22.00 A
06622700 1999 04 20     25.00 A
06622700 1999 04 21     28.00 A
06622700 1999 04 22     25.00 A
06622700 1999 04 23     23.00 A
06622700 1999 04 24     24.00 A
06622700 1999 04 25     27.00 A
06622700 1999 04 26     25.00 A
06622700 1999 04 27     25.00 A
06622700 1999 04 28     30.00 A
06622700 1999 04 29     47.00 A
06622700 1999 04 30     59.00 A
06622700 1999 05 01     58.00 A
06622700 1999 05 02     57.00 A
06622700 1999 05 03     52.00 A
06622700 1999 05 04     48.00 A
06622700 1999 05 05     42.00 A
06622700 1999 05 06     54.00 A
06622700 1999 05 07     55.00 A
06622700 1999 05 08     55.00 A
06622700 1999 05 09     73.00 A
06622700 1999 05 10     84.00 A
06622700 1999 05 11     73.00 A
06622700 1999 05 12     67.00 A
06622700 1999 05 13     69.00 A
06622700 1999 05 14     71.00 A
06622700 1999 05 15     73.00 A
06622700 1999 05 16     77.00 A
06622700 1999 05 17     72.00 A
06622700 1999 05 18     83.00 A
06622700 1999 05 19     108.00 A
06622700 1999 05 20     146.00 A
06622700 1999 05 21     197.00 A
06622700 1999 05 22     280.00 A
06622700 1999 05 23     404.00 A
06622700 1999 05 24     485.00 A
06622700 1999 05 25     465.00 A
06622700 1999 05 26     487.00 A
06622700 1999 05 27     486.00 A
06622700 1999 05 28     559.00 A
06622700 1999 05 29     609.00 A
06622700 1999 05 30     659.00 A
06622700 1999 05 31     662.00 A
06622700 1999 06 01     477.00 A
06622700 1999 06 02     507.00 A
06622700 1999 06 03     682.00 A
06622700 1999 06 04     647.00 A
06622700 1999 06 05     511.00 A
06622700 1999 06 06     368.00 A
06622700 1999 06 07     412.00 A
06622700 1999 06 08     501.00 A
06622700 1999 06 09     598.00 A
06622700 1999 06 10     534.00 A
06622700 1999 06 11     498.00 A
06622700 1999 06 12     530.00 A
06622700 1999 06 13     527.00 A
06622700 1999 06 14     527.00 A
06622700 1999 06 15     532.00 A
06622700 1999 06 16     474.00 A
06622700 1999 06 17     560.00 A
06622700 1999 06 18     530.00 A
06622700 1999 06 19     519.00 A
06622700 1999 06 20     495.00 A
06622700 1999 06 21     508.00 A
06622700 1999 06 22     499.00 A
06622700 1999 06 23     481.00 A
06622700 1999 06 24     430.00 A
06622700 1999 06 25     459.00 A
06622700 1999 06 26     410.00 A
06622700 1999 06 27     344.00 A
06622700 1999 06 28     316.00 A
06622700 1999 06 29     273.00 A
06622700 1999 06 30     239.00 A
06622700 1999 07 01     237.00 A
06622700 1999 07 02     264.00 A
06622700 1999 07 03     256.00 A
06622700 1999 07 04     237.00 A
06622700 1999 07 05     203.00 A
06622700 1999 07 06     177.00 A
06622700 1999 07 07     159.00 A
06622700 1999 07 08     147.00 A
06622700 1999 07 09     114.00 A
06622700 1999 07 10     97.00 A
06622700 1999 07 11     83.00 A
06622700 1999 07 12     74.00 A
06622700 1999 07 13     62.00 A
06622700 1999 07 14     62.00 A
06622700 1999 07 15     133.00 A
06622700 1999 07 16     72.00 A
06622700 1999 07 17     80.00 A
06622700 1999 07 18     53.00 A
06622700 1999 07 19     49.00 A
06622700 1999 07 20     45.00 A
06622700 1999 07 21     35.00 A
06622700 1999 07 22     38.00 A
06622700 1999 07 23     29.00 A
06622700 1999 07 24     26.00 A
06622700 1999 07 25     25.00 A
06622700 1999 07 26     23.00 A
06622700 1999 07 27     22.00 A
06622700 1999 07 28     22.00 A
06622700 1999 07 29     22.00 A
06622700 1999 07 30     22.00 A
06622700 1999 07 31     27.00 A
06622700 1999 08 01     28.00 A
06622700 1999 08 02     21.00 A
06622700 1999 08 03     18.00 A
06622700 1999 08 04     17.00 A
06622700 1999 08 05     17.00 A
06622700 1999 08 06     18.00 A
06622700 1999 08 07     18.00 A
06622700 1999 08 08     17.00 A
06622700 1999 08 09     15.00 A
06622700 1999 08 10     15.00 A
06622700 1999 08 11     15.00 A
06622700 1999 08 12     15.00 A
06622700 1999 08 13     14.00 A
06622700 1999 08 14     13.00 A
06622700 1999 08 15     12.00 A
06622700 1999 08 16     12.00 A
06622700 1999 08 17     15.00 A
06622700 1999 08 18     20.00 A
06622700 1999 08 19     15.00 A
06622700 1999 08 20     19.00 A
06622700 1999 08 21     21.00 A
06622700 1999 08 22     20.00 A
06622700 1999 08 23     15.00 A
06622700 1999 08 24     13.00 A
06622700 1999 08 25     12.00 A
06622700 1999 08 26     12.00 A
06622700 1999 08 27     13.00 A
06622700 1999 08 28     13.00 A
06622700 1999 08 29     14.00 A
06622700 1999 08 30     12.00 A
06622700 1999 08 31     13.00 A
06622700 1999 09 01     17.00 A
06622700 1999 09 02     27.00 A
06622700 1999 09 03     24.00 A
06622700 1999 09 04     28.00 A
06622700 1999 09 05     24.00 A
06622700 1999 09 06     16.00 A
06622700 1999 09 07     13.00 A
06622700 1999 09 08     11.00 A
06622700 1999 09 09     11.00 A
06622700 1999 09 10     11.00 A
06622700 1999 09 11     11.00 A
06622700 1999 09 12     11.00 A
06622700 1999 09 13     11.00 A
06622700 1999 09 14     11.00 A
06622700 1999 09 15     10.00 A
06622700 1999 09 16     10.00 A
06622700 1999 09 17     9.90 A
06622700 1999 09 18     10.00 A
06622700 1999 09 19     12.00 A
06622700 1999 09 20     20.00 A
06622700 1999 09 21     20.00 A
06622700 1999 09 22     16.00 A
06622700 1999 09 23     13.00 A
06622700 1999 09 24     12.00 A
06622700 1999 09 25     12.00 A
06622700 1999 09 26     11.00 A
06622700 1999 09 27     11.00 A
06622700 1999 09 28     11.00 A
06622700 1999 09 29     13.00 A
06622700 1999 09 30     17.00 A
06622700 1999 10 01     14.00 A
06622700 1999 10 02     12.00 A
06622700 1999 10 03     11.00 A
06622700 1999 10 04     11.00 A
06622700 1999 10 05     11.00 A
06622700 1999 10 06     11.00 A
06622700 1999 10 07     14.00 A
06622700 1999 10 08     13.00 A
06622700 1999 10 09     12.00 A
06622700 1999 10 10     11.00 A
06622700 1999 10 11     11.00 A
06622700 1999 10 12     10.00 A
06622700 1999 10 13     9.80 A
06622700 1999 10 14     9.80 A
06622700 1999 10 15     9.80 A
06622700 1999 10 16     9.60 A
06622700 1999 10 17     9.60 A
06622700 1999 10 18     9.80 A
06622700 1999 10 19     11.00 A
06622700 1999 10 20     11.00 A
06622700 1999 10 21     12.00 A
06622700 1999 10 22     12.00 A
06622700 1999 10 23     11.00 A
06622700 1999 10 24     11.00 A
06622700 1999 10 25     11.00 A
06622700 1999 10 26     11.00 A
06622700 1999 10 27     11.00 A
06622700 1999 10 28     10.00 A
06622700 1999 10 29     10.00 A
06622700 1999 10 30     11.00 A
06622700 1999 10 31     12.00 A
06622700 1999 11 01     11.00 A
06622700 1999 11 02     11.00 A
06622700 1999 11 03     10.00 A
06622700 1999 11 04     10.00 A
06622700 1999 11 05     10.00 A
06622700 1999 11 06     10.00 A
06622700 1999 11 07     9.60 A
06622700 1999 11 08     8.40 A
06622700 1999 11 09     7.60 A
06622700 1999 11 10     7.40 A
06622700 1999 11 11     7.20 A
06622700 1999 11 12     7.00 A
06622700 1999 11 13     6.80 A
06622700 1999 11 14     6.40 A
06622700 1999 11 15     5.80 A
06622700 1999 11 16     5.80 A
06622700 1999 11 17     6.00 A
06622700 1999 11 18     6.20 A
06622700 1999 11 19     6.20 A
06622700 1999 11 20     6.00 A
06622700 1999 11 21     5.80 A
06622700 1999 11 22     5.80 A
06622700 1999 11 23     5.60 A
06622700 1999 11 24     5.60 A
06622700 1999 11 25     5.80 A
06622700 1999 11 26     6.60 A
06622700 1999 11 27     7.40 A
06622700 1999 11 28     8.40 A
06622700 1999 11 29     8.80 A
06622700 1999 11 30     9.80 A
06622700 1999 12 01     10.00 A
06622700 1999 12 02     10.00 A
06622700 1999 12 03     9.80 A
06622700 1999 12 04     9.80 A
06622700 1999 12 05     10.00 A
06622700 1999 12 06     11.00 A
06622700 1999 12 07     10.00 A
06622700 1999 12 08     10.00 A
06622700 1999 12 09     9.80 A
06622700 1999 12 10     9.10 A
06622700 1999 12 11     9.10 A
06622700 1999 12 12     9.10 A
06622700 1999 12 13     9.10 A
06622700 1999 12 14     9.10 A
06622700 1999 12 15     9.10 A
06622700 1999 12 16     9.10 A
06622700 1999 12 17     9.50 A
06622700 1999 12 18     10.00 A
06622700 1999 12 19     9.20 A
06622700 1999 12 20     9.10 A
06622700 1999 12 21     9.10 A
06622700 1999 12 22     9.10 A
06622700 1999 12 23     9.10 A
06622700 1999 12 24     9.10 A
06622700 1999 12 25     9.10 A
06622700 1999 12 26     9.10 A
06622700 1999 12 27     9.10 A
06622700 1999 12 28     9.10 A
06622700 1999 12 29     9.00 A
06622700 1999 12 30     9.10 A
06622700 1999 12 31     9.00 A
06622700 2000 01 01     8.80 A
06622700 2000 01 02     8.80 A
06622700 2000 01 03     8.80 A
06622700 2000 01 04     8.80 A
06622700 2000 01 05     8.80 A
06622700 2000 01 06     8.70 A
06622700 2000 01 07     8.50 A
06622700 2000 01 08     8.50 A
06622700 2000 01 09     8.50 A
06622700 2000 01 10     8.50 A
06622700 2000 01 11     8.50 A
06622700 2000 01 12     8.50 A
06622700 2000 01 13     8.50 A
06622700 2000 01 14     8.50 A
06622700 2000 01 15     8.50 A
06622700 2000 01 16     8.50 A
06622700 2000 01 17     8.50 A
06622700 2000 01 18     8.50 A
06622700 2000 01 19     8.50 A
06622700 2000 01 20     8.50 A
06622700 2000 01 21     8.50 A
06622700 2000 01 22     8.50 A
06622700 2000 01 23     8.40 A
06622700 2000 01 24     8.10 A
06622700 2000 01 25     8.80 A
06622700 2000 01 26     8.80 A
06622700 2000 01 27     8.70 A
06622700 2000 01 28     7.90 A
06622700 2000 01 29     7.90 A
06622700 2000 01 30     7.80 A
06622700 2000 01 31     7.80 A
06622700 2000 02 01     8.00 A
06622700 2000 02 02     8.20 A
06622700 2000 02 03     8.60 A
06622700 2000 02 04     8.50 A
06622700 2000 02 05     8.50 A
06622700 2000 02 06     8.50 A
06622700 2000 02 07     8.50 A
06622700 2000 02 08     8.10 A
06622700 2000 02 09     7.90 A
06622700 2000 02 10     7.90 A
06622700 2000 02 11     7.90 A
06622700 2000 02 12     7.90 A
06622700 2000 02 13     7.20 A
06622700 2000 02 14     7.50 A
06622700 2000 02 15     7.60 A
06622700 2000 02 16     8.00 A
06622700 2000 02 17     8.50 A
06622700 2000 02 18     8.40 A
06622700 2000 02 19     8.00 A
06622700 2000 02 20     8.20 A
06622700 2000 02 21     9.10 A
06622700 2000 02 22     8.80 A
06622700 2000 02 23     8.60 A
06622700 2000 02 24     8.50 A
06622700 2000 02 25     8.00 A
06622700 2000 02 26     8.00 A
06622700 2000 02 27     8.60 A
06622700 2000 02 28     8.80 A
06622700 2000 02 29     8.80 A
06622700 2000 03 01     8.70 A
06622700 2000 03 02     8.50 A
06622700 2000 03 03     8.60 A
06622700 2000 03 04     9.00 A
06622700 2000 03 05     9.60 A
06622700 2000 03 06     9.60 A
06622700 2000 03 07     9.60 A
06622700 2000 03 08     9.40 A
06622700 2000 03 09     9.40 A
06622700 2000 03 10     9.00 A
06622700 2000 03 11     9.20 A
06622700 2000 03 12     9.60 A
06622700 2000 03 13     9.40 A
06622700 2000 03 14     9.20 A
06622700 2000 03 15     8.60 A
06622700 2000 03 16     8.60 A
06622700 2000 03 17     8.80 A
06622700 2000 03 18     8.80 A
06622700 2000 03 19     8.60 A
06622700 2000 03 20     8.40 A
06622700 2000 03 21     8.60 A
06622700 2000 03 22     9.20 A
06622700 2000 03 23     10.00 A
06622700 2000 03 24     10.00 A
06622700 2000 03 25     10.00 A
06622700 2000 03 26     10.00 A
06622700 2000 03 27     11.00 A
06622700 2000 03 28     12.00 A
06622700 2000 03 29     11.00 A
06622700 2000 03 30     11.00 A
06622700 2000 03 31     11.00 A
06622700 2000 04 01     10.00 A
06622700 2000 04 02     10.00 A
06622700 2000 04 03     12.00 A
06622700 2000 04 04     11.00 A
06622700 2000 04 05     15.00 A
06622700 2000 04 06     16.00 A
06622700 2000 04 07     13.00 A
06622700 2000 04 08     16.00 A
06622700 2000 04 09     17.00 A
06622700 2000 04 10     19.00 A
06622700 2000 04 11     19.00 A
06622700 2000 04 12     24.00 A
06622700 2000 04 13     29.00 A
06622700 2000 04 14     33.00 A
06622700 2000 04 15     30.00 A
06622700 2000 04 16     24.00 A
06622700 2000 04 17     27.00 A
06622700 2000 04 18     32.00 A
06622700 2000 04 19     26.00 A
06622700 2000 04 20     28.00 A
06622700 2000 04 21     28.00 A
06622700 2000 04 22     30.00 A
06622700 2000 04 23     35.00 A
06622700 2000 04 24     39.00 A
06622700 2000 04 25     34.00 A
06622700 2000 04 26     35.00 A
06622700 2000 04 27     48.00 A
06622700 2000 04 28     65.00 A
06622700 2000 04 29     82.00 A
06622700 2000 04 30     77.00 A
06622700 2000 05 01     71.00 A
06622700 2000 05 02     92.00 A
06622700 2000 05 03     127.00 A
06622700 2000 05 04     180.00 A
06622700 2000 05 05     256.00 A
06622700 2000 05 06     289.00 A
06622700 2000 05 07     235.00 A
06622700 2000 05 08     165.00 A
06622700 2000 05 09     124.00 A
06622700 2000 05 10     202.00 A
06622700 2000 05 11     215.00 A
06622700 2000 05 12     132.00 A
06622700 2000 05 13     114.00 A
06622700 2000 05 14     103.00 A
06622700 2000 05 15     124.00 A
06622700 2000 05 16     191.00 A
06622700 2000 05 17     196.00 A
06622700 2000 05 18     147.00 A
06622700 2000 05 19     147.00 A
06622700 2000 05 20     162.00 A
06622700 2000 05 21     195.00 A
06622700 2000 05 22     301.00 A
06622700 2000 05 23     554.00 A
06622700 2000 05 24     625.00 A
06622700 2000 05 25     553.00 A
06622700 2000 05 26     540.00 A
06622700 2000 05 27     406.00 A
06622700 2000 05 28     450.00 A
06622700 2000 05 29     549.00 A
06622700 2000 05 30     526.00 A
06622700 2000 05 31     452.00 A
06622700 2000 06 01     351.00 A
06622700 2000 06 02     265.00 A
06622700 2000 06 03     254.00 A
06622700 2000 06 04     252.00 A
06622700 2000 06 05     237.00 A
06622700 2000 06 06     226.00 A
06622700 2000 06 07     197.00 A
06622700 2000 06 08     172.00 A
06622700 2000 06 09     161.00 A
06622700 2000 06 10     121.00 A
06622700 2000 06 11     97.00 A
06622700 2000 06 12     86.00 A
06622700 2000 06 13     109.00 A
06622700 2000 06 14     83.00 A
06622700 2000 06 15     75.00 A
06622700 2000 06 16     70.00 A
06622700 2000 06 17     58.00 A
06622700 2000 06 18     53.00 A
06622700 2000 06 19     80.00 A
06622700 2000 06 20     88.00 A
06622700 2000 06 21     56.00 A
06622700 2000 06 22     50.00 A
06622700 2000 06 23     45.00 A
06622700 2000 06 24     43.00 A
06622700 2000 06 25     41.00 A
06622700 2000 06 26     40.00 A
06622700 2000 06 27     49.00 A
06622700 2000 06 28     45.00 A
06622700 2000 06 29     35.00 A
06622700 2000 06 30     30.00 A
06622700 2000 07 01     27.00 A
06622700 2000 07 02     26.00 A
06622700 2000 07 03     24.00 A
06622700 2000 07 04     22.00 A
06622700 2000 07 05     19.00 A
06622700 2000 07 06     18.00 A
06622700 2000 07 07     16.00 A
06622700 2000 07 08     17.00 A
06622700 2000 07 09     24.00 A
06622700 2000 07 10     19.00 A
06622700 2000 07 11     16.00 A
06622700 2000 07 12     15.00 A
06622700 2000 07 13     14.00 A
06622700 2000 07 14     13.00 A
06622700 2000 07 15     12.00 A
06622700 2000 07 16     14.00 A
06622700 2000 07 17     40.00 A
06622700 2000 07 18     21.00 A
06622700 2000 07 19     15.00 A
06622700 2000 07 20     12.00 A
06622700 2000 07 21     11.00 A
06622700 2000 07 22     10.00 A
06622700 2000 07 23     9.60 A
06622700 2000 07 24     9.00 A
06622700 2000 07 25     8.50 A
06622700 2000 07 26     8.50 A
06622700 2000 07 27     8.50 A
06622700 2000 07 28     8.50 A
06622700 2000 07 29     8.30 A
06622700 2000 07 30     7.80 A
06622700 2000 07 31     7.50 A
06622700 2000 08 01     7.30 A
06622700 2000 08 02     7.20 A
06622700 2000 08 03     7.20 A
06622700 2000 08 04     7.30 A
06622700 2000 08 05     7.30 A
06622700 2000 08 06     7.20 A
06622700 2000 08 07     7.20 A
06622700 2000 08 08     7.00 A
06622700 2000 08 09     6.80 A
06622700 2000 08 10     6.80 A
06622700 2000 08 11     12.00 A
06622700 2000 08 12     15.00 A
06622700 2000 08 13     15.00 A
06622700 2000 08 14     15.00 A
06622700 2000 08 15     15.00 A
06622700 2000 08 16     15.00 A
06622700 2000 08 17     14.00 A
06622700 2000 08 18     13.00 A
06622700 2000 08 19     12.00 A
06622700 2000 08 20     9.20 A
06622700 2000 08 21     7.60 A
06622700 2000 08 22     7.50 A
06622700 2000 08 23     7.20 A
06622700 2000 08 24     7.00 A
06622700 2000 08 25     8.00 A
06622700 2000 08 26     9.70 A
06622700 2000 08 27     11.00 A
06622700 2000 08 28     9.50 A
06622700 2000 08 29     8.70 A
06622700 2000 08 30     8.80 A
06622700 2000 08 31     8.80 A
06622700 2000 09 01     8.50 A
06622700 2000 09 02     7.70 A
06622700 2000 09 03     7.00 A
06622700 2000 09 04     6.80 A
06622700 2000 09 05     6.70 A
06622700 2000 09 06     6.40 A
06622700 2000 09 07     6.00 A
06622700 2000 09 08     6.60 A
06622700 2000 09 09     10.00 A
06622700 2000 09 10     7.70 A
06622700 2000 09 11     6.70 A
06622700 2000 09 12     6.50 A
06622700 2000 09 13     6.50 A
06622700 2000 09 14     6.30 A
06622700 2000 09 15     6.20 A
06622700 2000 09 16     6.00 A
06622700 2000 09 17     6.00 A
06622700 2000 09 18     6.00 A
06622700 2000 09 19     6.10 A
06622700 2000 09 20     8.80 A
06622700 2000 09 21     9.90 A
06622700 2000 09 22     31.00 A
06622700 2000 09 23     21.00 A
06622700 2000 09 24     19.00 A
06622700 2000 09 25     16.00 A
06622700 2000 09 26     18.00 A
06622700 2000 09 27     18.00 A
06622700 2000 09 28     18.00 A
06622700 2000 09 29     19.00 A
06622700 2000 09 30     19.00 A
06622700 2000 10 01     14.00 A
06622700 2000 10 02     11.00 A
06622700 2000 10 03     9.90 A
06622700 2000 10 04     9.20 A
06622700 2000 10 05     8.70 A
06622700 2000 10 06     8.00 A
06622700 2000 10 07     7.70 A
06622700 2000 10 08     9.00 A
06622700 2000 10 09     8.50 A
06622700 2000 10 10     8.50 A
06622700 2000 10 11     8.50 A
06622700 2000 10 12     8.50 A
06622700 2000 10 13     8.20 A
06622700 2000 10 14     8.40 A
06622700 2000 10 15     9.30 A
06622700 2000 10 16     9.60 A
06622700 2000 10 17     9.80 A
06622700 2000 10 18     10.00 A
06622700 2000 10 19     11.00 A
06622700 2000 10 20     11.00 A
06622700 2000 10 21     9.80 A
06622700 2000 10 22     9.80 A
06622700 2000 10 23     9.60 A
06622700 2000 10 24     9.50 A
06622700 2000 10 25     9.50 A
06622700 2000 10 26     10.00 A
06622700 2000 10 27     10.00 A
06622700 2000 10 28     9.80 A
06622700 2000 10 29     9.70 A
06622700 2000 10 30     9.00 A
06622700 2000 10 31     8.60 A
06622700 2000 11 01     5.96 A
06622700 2000 11 02     6.77 A
06622700 2000 11 03     6.90 A
06622700 2000 11 04     7.26 A
06622700 2000 11 05     8.22 A
06622700 2000 11 06     7.91 A
06622700 2000 11 07     7.59 A
06622700 2000 11 08     7.67 A
06622700 2000 11 09     8.06 A
06622700 2000 11 10     7.97 A
06622700 2000 11 11     7.44 A
06622700 2000 11 12     7.49 A
06622700 2000 11 13     8.18 A
06622700 2000 11 14     8.63 A
06622700 2000 11 15     8.88 A
06622700 2000 11 16     8.71 A
06622700 2000 11 17     8.59 A
06622700 2000 11 18     8.42 A
06622700 2000 11 19     8.52 A
06622700 2000 11 20     8.90 A
06622700 2000 11 21     9.07 A
06622700 2000 11 22     8.88 A
06622700 2000 11 23     8.64 A
06622700 2000 11 24     8.36 A
06622700 2000 11 25     8.20 A
06622700 2000 11 26     8.04 A
06622700 2000 11 27     8.15 A
06622700 2000 11 28     8.33 A
06622700 2000 11 29     8.40 A
06622700 2000 11 30     8.42 A
06622700 2000 12 01     8.49 A
06622700 2000 12 02     8.29 A
06622700 2000 12 03     8.52 A
06622700 2000 12 04     8.42 A
06622700 2000 12 05     8.31 A
06622700 2000 12 06     8.08 A
06622700 2000 12 07     8.66 A
06622700 2000 12 08     8.26 A
06622700 2000 12 09     8.17 A
06622700 2000 12 10     8.56 A
06622700 2000 12 11     8.17 A
06622700 2000 12 12     8.11 A
06622700 2000 12 13     8.40 A
06622700 2000 12 14     9.03 A
06622700 2000 12 15     8.88 A
06622700 2000 12 16     8.79 A
06622700 2000 12 17     8.40 A
06622700 2000 12 18     9.11 A
06622700 2000 12 19     9.38 A
06622700 2000 12 20     9.38 A
06622700 2000 12 21     9.55 A
06622700 2000 12 22     9.20 A
06622700 2000 12 23     8.93 A
06622700 2000 12 24     8.95 A
06622700 2000 12 25     8.84 A
06622700 2000 12 26     8.36 A
06622700 2000 12 27     8.68 A
06622700 2000 12 28     8.84 A
06622700 2000 12 29     8.70 A
06622700 2000 12 30     8.47 A
06622700 2000 12 31     8.64 A
06622700 2001 01 01     8.73 A
06622700 2001 01 02     8.88 A
06622700 2001 01 03     9.17 A
06622700 2001 01 04     9.29 A
06622700 2001 01 05     8.90 A
06622700 2001 01 06     8.70 A
06622700 2001 01 07     8.62 A
06622700 2001 01 08     8.49 A
06622700 2001 01 09     8.70 A
06622700 2001 01 10     9.17 A
06622700 2001 01 11     9.15 A
06622700 2001 01 12     8.95 A
06622700 2001 01 13     8.93 A
06622700 2001 01 14     8.60 A
06622700 2001 01 15     8.60 A
06622700 2001 01 16     8.38 A
06622700 2001 01 17     7.86 A
06622700 2001 01 18     7.68 A
06622700 2001 01 19     7.72 A
06622700 2001 01 20     7.89 A
06622700 2001 01 21     7.87 A
06622700 2001 01 22     7.87 A
06622700 2001 01 23     7.66 A
06622700 2001 01 24     7.43 A
06622700 2001 01 25     7.74 A
06622700 2001 01 26     7.56 A
06622700 2001 01 27     7.66 A
06622700 2001 01 28     7.60 A
06622700 2001 01 29     7.68 A
06622700 2001 01 30     7.51 A
06622700 2001 01 31     7.43 A
06622700 2001 02 01     7.53 A
06622700 2001 02 02     7.64 A
06622700 2001 02 03     7.89 A
06622700 2001 02 04     7.95 A
06622700 2001 02 05     7.94 A
06622700 2001 02 06     7.81 A
06622700 2001 02 07     7.31 A
06622700 2001 02 08     7.01 A
06622700 2001 02 09     6.73 A
06622700 2001 02 10     6.79 A
06622700 2001 02 11     6.99 A
06622700 2001 02 12     7.20 A
06622700 2001 02 13     7.23 A
06622700 2001 02 14     7.11 A
06622700 2001 02 15     7.08 A
06622700 2001 02 16     7.06 A
06622700 2001 02 17     7.08 A
06622700 2001 02 18     7.19 A
06622700 2001 02 19     7.43 A
06622700 2001 02 20     7.56 A
06622700 2001 02 21     7.58 A
06622700 2001 02 22     7.51 A
06622700 2001 02 23     7.50 A
06622700 2001 02 24     7.33 A
06622700 2001 02 25     7.43 A
06622700 2001 02 26     7.49 A
06622700 2001 02 27     7.18 A
06622700 2001 02 28     6.96 A
06622700 2001 03 01     7.18 A
06622700 2001 03 02     7.31 A
06622700 2001 03 03     7.29 A
06622700 2001 03 04     7.35 A
06622700 2001 03 05     7.68 A
06622700 2001 03 06     8.49 A
06622700 2001 03 07     8.65 A
06622700 2001 03 08     8.46 A
06622700 2001 03 09     7.85 A
06622700 2001 03 10     7.35 A
06622700 2001 03 11     7.15 A
06622700 2001 03 12     7.10 A
06622700 2001 03 13     7.32 A
06622700 2001 03 14     7.92 A
06622700 2001 03 15     7.88 A
06622700 2001 03 16     7.70 A
06622700 2001 03 17     7.11 A
06622700 2001 03 18     7.38 A
06622700 2001 03 19     7.56 A
06622700 2001 03 20     7.41 A
06622700 2001 03 21     8.84 A
06622700 2001 03 22     9.09 A
06622700 2001 03 23     9.48 A
06622700 2001 03 24     10.20 A
06622700 2001 03 25     9.53 A
06622700 2001 03 26     9.22 A
06622700 2001 03 27     9.97 A
06622700 2001 03 28     10.20 A
06622700 2001 03 29     10.20 A
06622700 2001 03 30     10.00 A
06622700 2001 03 31     8.99 A
06622700 2001 04 01     8.60 A
06622700 2001 04 02     9.02 A
06622700 2001 04 03     10.00 A
06622700 2001 04 04     11.20 A
06622700 2001 04 05     12.20 A
06622700 2001 04 06     13.30 A
06622700 2001 04 07     12.00 A
06622700 2001 04 08     11.70 A
06622700 2001 04 09     11.60 A
06622700 2001 04 10     11.20 A
06622700 2001 04 11     10.70 A
06622700 2001 04 12     13.10 A
06622700 2001 04 13     11.90 A
06622700 2001 04 14     11.20 A
06622700 2001 04 15     11.90 A
06622700 2001 04 16     11.30 A
06622700 2001 04 17     14.00 A
06622700 2001 04 18     18.00 A
06622700 2001 04 19     29.00 A
06622700 2001 04 20     27.00 A
06622700 2001 04 21     22.00 A
06622700 2001 04 22     17.00 A
06622700 2001 04 23     18.00 A
06622700 2001 04 24     17.00 A
06622700 2001 04 25     22.00 A
06622700 2001 04 26     31.00 A
06622700 2001 04 27     42.00 A
06622700 2001 04 28     51.00 A
06622700 2001 04 29     58.00 A
06622700 2001 04 30     62.00 A
06622700 2001 05 01     77.00 A
06622700 2001 05 02     76.00 A
06622700 2001 05 03     55.00 A
06622700 2001 05 04     47.00 A
06622700 2001 05 05     41.00 A
06622700 2001 05 06     42.00 A
06622700 2001 05 07     49.00 A
06622700 2001 05 08     67.00 A
06622700 2001 05 09     91.00 A
06622700 2001 05 10     130.00 A
06622700 2001 05 11     157.00 A
06622700 2001 05 12     189.00 A
06622700 2001 05 13     234.00 A
06622700 2001 05 14     280.00 A
06622700 2001 05 15     362.00 A
06622700 2001 05 16     500.00 A
06622700 2001 05 17     408.00 A
06622700 2001 05 18     293.00 A
06622700 2001 05 19     305.00 A
06622700 2001 05 20     257.00 A
06622700 2001 05 21     161.00 A
06622700 2001 05 22     137.00 A
06622700 2001 05 23     174.00 A
06622700 2001 05 24     230.00 A
06622700 2001 05 25     246.00 A
06622700 2001 05 26     263.00 A
06622700 2001 05 27     295.00 A
06622700 2001 05 28     256.00 A
06622700 2001 05 29     231.00 A
06622700 2001 05 30     247.00 A
06622700 2001 05 31     210.00 A
06622700 2001 06 01     217.00 A
06622700 2001 06 02     240.00 A
06622700 2001 06 03     212.00 A
06622700 2001 06 04     153.00 A
06622700 2001 06 05     110.00 A
06622700 2001 06 06     111.00 A
06622700 2001 06 07     133.00 A
06622700 2001 06 08     140.00 A
06622700 2001 06 09     143.00 A
06622700 2001 06 10     138.00 A
06622700 2001 06 11     131.00 A
06622700 2001 06 12     109.00 A
06622700 2001 06 13     88.00 A
06622700 2001 06 14     72.00 A
06622700 2001 06 15     84.00 A
06622700 2001 06 16     73.00 A
06622700 2001 06 17     65.00 A
06622700 2001 06 18     67.00 A
06622700 2001 06 19     65.00 A
06622700 2001 06 20     60.00 A
06622700 2001 06 21     56.00 A
06622700 2001 06 22     53.00 A
06622700 2001 06 23     51.00 A
06622700 2001 06 24     49.00 A
06622700 2001 06 25     49.00 A
06622700 2001 06 26     45.00 A
06622700 2001 06 27     42.00 A
06622700 2001 06 28     35.00 A
06622700 2001 06 29     30.00 A
06622700 2001 06 30     26.00 A
06622700 2001 07 01     23.00 A
06622700 2001 07 02     21.00 A
06622700 2001 07 03     19.00 A
06622700 2001 07 04     18.00 A
06622700 2001 07 05     16.00 A
06622700 2001 07 06     16.00 A
06622700 2001 07 07     15.00 A
06622700 2001 07 08     20.00 A
06622700 2001 07 09     15.00 A
06622700 2001 07 10     14.00 A
06622700 2001 07 11     26.00 A
06622700 2001 07 12     17.00 A
06622700 2001 07 13     15.00 A
06622700 2001 07 14     13.00 A
06622700 2001 07 15     13.00 A
06622700 2001 07 16     12.00 A
06622700 2001 07 17     10.00 A
06622700 2001 07 18     9.50 A
06622700 2001 07 19     9.20 A
06622700 2001 07 20     8.80 A
06622700 2001 07 21     8.40 A
06622700 2001 07 22     8.00 A
06622700 2001 07 23     7.90 A
06622700 2001 07 24     8.00 A
06622700 2001 07 25     7.70 A
06622700 2001 07 26     8.00 A
06622700 2001 07 27     8.60 A
06622700 2001 07 28     7.60 A
06622700 2001 07 29     7.10 A
06622700 2001 07 30     6.80 A
06622700 2001 07 31     7.80 A
06622700 2001 08 01     7.50 A
06622700 2001 08 02     7.00 A
06622700 2001 08 03     6.80 A
06622700 2001 08 04     7.00 A
06622700 2001 08 05     6.60 A
06622700 2001 08 06     7.20 A
06622700 2001 08 07     11.00 A
06622700 2001 08 08     8.90 A
06622700 2001 08 09     14.00 A
06622700 2001 08 10     8.70 A
06622700 2001 08 11     7.70 A
06622700 2001 08 12     7.10 A
06622700 2001 08 13     6.90 A
06622700 2001 08 14     9.60 A
06622700 2001 08 15     12.00 A
06622700 2001 08 16     8.40 A
06622700 2001 08 17     7.40 A
06622700 2001 08 18     6.80 A
06622700 2001 08 19     6.40 A
06622700 2001 08 20     6.80 A
06622700 2001 08 21     8.00 A
06622700 2001 08 22     9.10 A
06622700 2001 08 23     8.70 A
06622700 2001 08 24     7.00 A
06622700 2001 08 25     6.40 A
06622700 2001 08 26     6.20 A
06622700 2001 08 27     5.80 A
06622700 2001 08 28     5.70 A
06622700 2001 08 29     5.80 A
06622700 2001 08 30     6.00 A
06622700 2001 08 31     6.40 A
06622700 2001 09 01     6.70 A
06622700 2001 09 02     6.20 A
06622700 2001 09 03     5.90 A
06622700 2001 09 04     5.80 A
06622700 2001 09 05     6.30 A
06622700 2001 09 06     7.30 A
06622700 2001 09 07     7.00 A
06622700 2001 09 08     9.00 A
06622700 2001 09 09     9.70 A
06622700 2001 09 10     11.00 A
06622700 2001 09 11     7.70 A
06622700 2001 09 12     6.80 A
06622700 2001 09 13     6.50 A
06622700 2001 09 14     7.90 A
06622700 2001 09 15     7.80 A
06622700 2001 09 16     7.70 A
06622700 2001 09 17     8.40 A
06622700 2001 09 18     14.00 A
06622700 2001 09 19     9.40 A
06622700 2001 09 20     7.50 A
06622700 2001 09 21     6.80 A
06622700 2001 09 22     6.40 A
06622700 2001 09 23     6.20 A
06622700 2001 09 24     6.20 A
06622700 2001 09 25     6.10 A
06622700 2001 09 26     6.10 A
06622700 2001 09 27     6.00 A
06622700 2001 09 28     6.00 A
06622700 2001 09 29     6.00 A
06622700 2001 09 30     6.00 A
06622700 2001 10 01     5.96 A
06622700 2001 10 02     5.96 A
06622700 2001 10 03     5.90 A
06622700 2001 10 04     5.92 A
06622700 2001 10 05     6.04 A
06622700 2001 10 06     6.15 A
06622700 2001 10 07     6.24 A
06622700 2001 10 08     6.30 A
06622700 2001 10 09     9.95 A
06622700 2001 10 10     9.39 A
06622700 2001 10 11     8.15 A
06622700 2001 10 12     9.31 A
06622700 2001 10 13     9.75 A
06622700 2001 10 14     9.71 A
06622700 2001 10 15     9.68 A
06622700 2001 10 16     11.50 A
06622700 2001 10 17     10.30 A
06622700 2001 10 18     11.00 A
06622700 2001 10 19     9.75 A
06622700 2001 10 20     10.50 A
06622700 2001 10 21     11.10 A
06622700 2001 10 22     10.90 A
06622700 2001 10 23     10.80 A
06622700 2001 10 24     8.27 A
06622700 2001 10 25     7.80 A
06622700 2001 10 26     9.60 A
06622700 2001 10 27     9.60 A
06622700 2001 10 28     10.30 A
06622700 2001 10 29     11.40 A
06622700 2001 10 30     12.50 A
06622700 2001 10 31     13.10 A
06622700 2001 11 01     10.90 A
06622700 2001 11 02     9.60 A
06622700 2001 11 03     8.91 A
06622700 2001 11 04     8.40 A
06622700 2001 11 05     9.62 A
06622700 2001 11 06     8.74 A
06622700 2001 11 07     11.50 A
06622700 2001 11 08     11.00 A
06622700 2001 11 09     8.00 A
06622700 2001 11 10     8.40 A
06622700 2001 11 11     9.00 A
06622700 2001 11 12     9.19 A
06622700 2001 11 13     9.14 A
06622700 2001 11 14     9.42 A
06622700 2001 11 15     9.40 A
06622700 2001 11 16     9.00 A
06622700 2001 11 17     9.00 A
06622700 2001 11 18     11.00 A
06622700 2001 11 19     9.40 A
06622700 2001 11 20     7.40 A
06622700 2001 11 21     8.00 A
06622700 2001 11 22     9.60 A
06622700 2001 11 23     9.40 A
06622700 2001 11 24     9.00 A
06622700 2001 11 25     8.40 A
06622700 2001 11 26     7.80 A
06622700 2001 11 27     7.40 A
06622700 2001 11 28     7.40 A
06622700 2001 11 29     8.40 A
06622700 2001 11 30     10.00 A
06622700 2001 12 01     10.70 A
06622700 2001 12 02     10.20 A
06622700 2001 12 03     9.59 A
06622700 2001 12 04     9.22 A
06622700 2001 12 05     9.26 A
06622700 2001 12 06     9.28 A
06622700 2001 12 07     9.32 A
06622700 2001 12 08     9.06 A
06622700 2001 12 09     9.30 A
06622700 2001 12 10     9.22 A
06622700 2001 12 11     9.22 A
06622700 2001 12 12     9.16 A
06622700 2001 12 13     9.02 A
06622700 2001 12 14     9.23 A
06622700 2001 12 15     9.20 A
06622700 2001 12 16     9.09 A
06622700 2001 12 17     9.09 A
06622700 2001 12 18     9.09 A
06622700 2001 12 19     9.20 A
06622700 2001 12 20     9.14 A
06622700 2001 12 21     9.21 A
06622700 2001 12 22     9.20 A
06622700 2001 12 23     8.82 A
06622700 2001 12 24     8.98 A
06622700 2001 12 25     9.10 A
06622700 2001 12 26     9.19 A
06622700 2001 12 27     9.48 A
06622700 2001 12 28     9.91 A
06622700 2001 12 29     9.60 A
06622700 2001 12 30     9.86 A
06622700 2001 12 31     9.19 A
06622700 2002 01 01     8.90 A
06622700 2002 01 02     8.75 A
06622700 2002 01 03     8.87 A
06622700 2002 01 04     8.91 A
06622700 2002 01 05     8.80 A
06622700 2002 01 06     8.90 A
06622700 2002 01 07     8.86 A
06622700 2002 01 08     8.98 A
06622700 2002 01 09     8.92 A
06622700 2002 01 10     8.56 A
06622700 2002 01 11     8.40 A
06622700 2002 01 12     8.80 A
06622700 2002 01 13     8.60 A
06622700 2002 01 14     9.23 A
06622700 2002 01 15     9.13 A
06622700 2002 01 16     8.98 A
06622700 2002 01 17     8.80 A
06622700 2002 01 18     8.81 A
06622700 2002 01 19     8.64 A
06622700 2002 01 20     8.75 A
06622700 2002 01 21     8.71 A
06622700 2002 01 22     8.56 A
06622700 2002 01 23     8.32 A
06622700 2002 01 24     8.36 A
06622700 2002 01 25     8.40 A
06622700 2002 01 26     8.88 A
06622700 2002 01 27     8.74 A
06622700 2002 01 28     8.64 A
06622700 2002 01 29     8.58 A
06622700 2002 01 30     8.44 A
06622700 2002 01 31     7.80 A
06622700 2002 02 01     7.80 A
06622700 2002 02 02     8.00 A
06622700 2002 02 03     8.20 A
06622700 2002 02 04     8.20 A
06622700 2002 02 05     8.00 A
06622700 2002 02 06     7.80 A
06622700 2002 02 07     8.00 A
06622700 2002 02 08     8.40 A
06622700 2002 02 09     8.00 A
06622700 2002 02 10     7.80 A
06622700 2002 02 11     7.80 A
06622700 2002 02 12     7.80 A
06622700 2002 02 13     7.80 A
06622700 2002 02 14     8.52 A
06622700 2002 02 15     8.11 A
06622700 2002 02 16     7.54 A
06622700 2002 02 17     7.73 A
06622700 2002 02 18     7.67 A
06622700 2002 02 19     7.40 A
06622700 2002 02 20     7.20 A
06622700 2002 02 21     7.46 A
06622700 2002 02 22     7.32 A
06622700 2002 02 23     7.27 A
06622700 2002 02 24     7.31 A
06622700 2002 02 25     7.14 A
06622700 2002 02 26     7.24 A
06622700 2002 02 27     7.40 A
06622700 2002 02 28     7.24 A
06622700 2002 03 01     7.10 A
06622700 2002 03 02     7.10 A
06622700 2002 03 03     6.93 A
06622700 2002 03 04     6.80 A
06622700 2002 03 05     6.94 A
06622700 2002 03 06     7.21 A
06622700 2002 03 07     7.09 A
06622700 2002 03 08     7.02 A
06622700 2002 03 09     6.89 A
06622700 2002 03 10     6.65 A
06622700 2002 03 11     7.04 A
06622700 2002 03 12     6.97 A
06622700 2002 03 13     6.94 A
06622700 2002 03 14     6.99 A
06622700 2002 03 15     6.80 A
06622700 2002 03 16     7.00 A
06622700 2002 03 17     7.48 A
06622700 2002 03 18     7.24 A
06622700 2002 03 19     7.18 A
06622700 2002 03 20     7.39 A
06622700 2002 03 21     7.65 A
06622700 2002 03 22     7.60 A
06622700 2002 03 23     7.60 A
06622700 2002 03 24     7.58 A
06622700 2002 03 25     7.32 A
06622700 2002 03 26     7.16 A
06622700 2002 03 27     7.09 A
06622700 2002 03 28     6.78 A
06622700 2002 03 29     7.04 A
06622700 2002 03 30     7.18 A
06622700 2002 03 31     8.00 A
06622700 2002 04 01     9.00 A
06622700 2002 04 02     8.80 A
06622700 2002 04 03     8.60 A
06622700 2002 04 04     10.00 A
06622700 2002 04 05     11.00 A
06622700 2002 04 06     12.10 A
06622700 2002 04 07     13.10 A
06622700 2002 04 08     14.00 A
06622700 2002 04 09     14.00 A
06622700 2002 04 10     16.60 A
06622700 2002 04 11     14.90 A
06622700 2002 04 12     14.20 A
06622700 2002 04 13     18.70 A
06622700 2002 04 14     27.50 A
06622700 2002 04 15     33.80 A
06622700 2002 04 16     32.90 A
06622700 2002 04 17     27.10 A
06622700 2002 04 18     23.90 A
06622700 2002 04 19     21.00 A
06622700 2002 04 20     18.90 A
06622700 2002 04 21     16.30 A
06622700 2002 04 22     16.40 A
06622700 2002 04 23     16.20 A
06622700 2002 04 24     19.10 A
06622700 2002 04 25     20.40 A
06622700 2002 04 26     23.60 A
06622700 2002 04 27     26.80 A
06622700 2002 04 28     20.80 A
06622700 2002 04 29     21.10 A
06622700 2002 04 30     31.50 A
06622700 2002 05 01     38.20 A
06622700 2002 05 02     29.80 A
06622700 2002 05 03     29.90 A
06622700 2002 05 04     33.40 A
06622700 2002 05 05     42.10 A
06622700 2002 05 06     47.60 A
06622700 2002 05 07     65.80 A
06622700 2002 05 08     65.90 A
06622700 2002 05 09     48.00 A
06622700 2002 05 10     39.50 A
06622700 2002 05 11     37.20 A
06622700 2002 05 12     44.20 A
06622700 2002 05 13     61.90 A
06622700 2002 05 14     74.00 A
06622700 2002 05 15     81.40 A
06622700 2002 05 16     83.30 A
06622700 2002 05 17     75.60 A
06622700 2002 05 18     96.80 A
06622700 2002 05 19     118.00 A
06622700 2002 05 20     127.00 A
06622700 2002 05 21     130.00 A
06622700 2002 05 22     89.80 A
06622700 2002 05 23     62.90 A
06622700 2002 05 24     59.60 A
06622700 2002 05 25     56.50 A
06622700 2002 05 26     67.80 A
06622700 2002 05 27     78.30 A
06622700 2002 05 28     87.80 A
06622700 2002 05 29     100.00 A
06622700 2002 05 30     140.00 A
06622700 2002 05 31     169.00 A
06622700 2002 06 01     155.00 A
06622700 2002 06 02     134.00 A
06622700 2002 06 03     125.00 A
06622700 2002 06 04     126.00 A
06622700 2002 06 05     90.90 A
06622700 2002 06 06     96.30 A
06622700 2002 06 07     102.00 A
06622700 2002 06 08     96.30 A
06622700 2002 06 09     88.60 A
06622700 2002 06 10     70.90 A
06622700 2002 06 11     51.10 A
06622700 2002 06 12     44.10 A
06622700 2002 06 13     40.20 A
06622700 2002 06 14     35.90 A
06622700 2002 06 15     34.50 A
06622700 2002 06 16     33.20 A
06622700 2002 06 17     30.50 A
06622700 2002 06 18     27.40 A
06622700 2002 06 19     25.40 A
06622700 2002 06 20     22.50 A
06622700 2002 06 21     20.30 A
06622700 2002 06 22     18.60 A
06622700 2002 06 23     16.20 A
06622700 2002 06 24     13.70 A
06622700 2002 06 25     12.10 A
06622700 2002 06 26     11.10 A
06622700 2002 06 27     11.00 A
06622700 2002 06 28     11.00 A
06622700 2002 06 29     9.72 A
06622700 2002 06 30     8.43 A
06622700 2002 07 01     7.74 A
06622700 2002 07 02     7.24 A
06622700 2002 07 03     7.42 A
06622700 2002 07 04     8.19 A
06622700 2002 07 05     7.73 A
06622700 2002 07 06     9.38 A
06622700 2002 07 07     7.75 A
06622700 2002 07 08     6.94 A
06622700 2002 07 09     6.93 A
06622700 2002 07 10     6.16 A
06622700 2002 07 11     5.75 A
06622700 2002 07 12     5.34 A
06622700 2002 07 13     5.15 A
06622700 2002 07 14     5.10 A
06622700 2002 07 15     4.83 A
06622700 2002 07 16     4.72 A
06622700 2002 07 17     4.92 A
06622700 2002 07 18     4.99 A
06622700 2002 07 19     4.94 A
06622700 2002 07 20     6.09 A
06622700 2002 07 21     6.63 A
06622700 2002 07 22     5.56 A
06622700 2002 07 23     5.08 A
06622700 2002 07 24     4.97 A
06622700 2002 07 25     5.88 A
06622700 2002 07 26     8.76 A
06622700 2002 07 27     6.91 A
06622700 2002 07 28     5.91 A
06622700 2002 07 29     5.16 A
06622700 2002 07 30     4.73 A
06622700 2002 07 31     4.46 A
06622700 2002 08 01     4.30 A
06622700 2002 08 02     4.64 A
06622700 2002 08 03     8.43 A
06622700 2002 08 04     8.12 A
06622700 2002 08 05     6.30 A
06622700 2002 08 06     6.61 A
06622700 2002 08 07     7.50 A
06622700 2002 08 08     7.42 A
06622700 2002 08 09     5.90 A
06622700 2002 08 10     5.08 A
06622700 2002 08 11     4.74 A
06622700 2002 08 12     4.55 A
06622700 2002 08 13     4.56 A
06622700 2002 08 14     4.53 A
06622700 2002 08 15     4.09 A
06622700 2002 08 16     3.95 A
06622700 2002 08 17     3.82 A
06622700 2002 08 18     3.72 A
06622700 2002 08 19     3.74 A
06622700 2002 08 20     4.18 A
06622700 2002 08 21     5.43 A
06622700 2002 08 22     5.29 A
06622700 2002 08 23     4.73 A
06622700 2002 08 24     4.44 A
06622700 2002 08 25     4.16 A
06622700 2002 08 26     3.99 A
06622700 2002 08 27     4.02 A
06622700 2002 08 28     4.07 A
06622700 2002 08 29     5.07 A
06622700 2002 08 30     6.19 A
06622700 2002 08 31     4.90 A
06622700 2002 09 01     4.58 A
06622700 2002 09 02     4.21 A
06622700 2002 09 03     4.10 A
06622700 2002 09 04     4.07 A
06622700 2002 09 05     4.01 A
06622700 2002 09 06     4.16 A
06622700 2002 09 07     4.47 A
06622700 2002 09 08     5.26 A
06622700 2002 09 09     6.15 A
06622700 2002 09 10     5.88 A
06622700 2002 09 11     5.82 A
06622700 2002 09 12     7.68 A
06622700 2002 09 13     9.00 A
06622700 2002 09 14     6.37 A
06622700 2002 09 15     5.52 A
06622700 2002 09 16     5.07 A
06622700 2002 09 17     5.21 A
06622700 2002 09 18     11.70 A
06622700 2002 09 19     9.78 A
06622700 2002 09 20     7.90 A
06622700 2002 09 21     6.77 A
06622700 2002 09 22     6.02 A
06622700 2002 09 23     5.83 A
06622700 2002 09 24     5.66 A
06622700 2002 09 25     5.54 A
06622700 2002 09 26     5.54 A
06622700 2002 09 27     5.68 A
06622700 2002 09 28     7.48 A
06622700 2002 09 29     6.99 A
06622700 2002 09 30     6.48 A
06622700 2002 10 01     6.34 A
06622700 2002 10 02     6.38 A
06622700 2002 10 03     9.18 A
06622700 2002 10 04     9.71 A
06622700 2002 10 05     10.00 A
06622700 2002 10 06     10.00 A
06622700 2002 10 07     10.80 A
06622700 2002 10 08     11.60 A
06622700 2002 10 09     10.80 A
06622700 2002 10 10     10.00 A
06622700 2002 10 11     10.60 A
06622700 2002 10 12     8.87 A
06622700 2002 10 13     8.60 A
06622700 2002 10 14     8.01 A
06622700 2002 10 15     7.77 A
06622700 2002 10 16     7.22 A
06622700 2002 10 17     7.32 A
06622700 2002 10 18     7.32 A
06622700 2002 10 19     7.44 A
06622700 2002 10 20     7.78 A
06622700 2002 10 21     7.48 A
06622700 2002 10 22     7.62 A
06622700 2002 10 23     7.93 A
06622700 2002 10 24     7.66 A
06622700 2002 10 25     7.61 A
06622700 2002 10 26     7.90 A
06622700 2002 10 27     7.69 A
06622700 2002 10 28     7.28 A
06622700 2002 10 29     8.07 A
06622700 2002 10 30     7.30 A
06622700 2002 10 31     6.43 A
06622700 2002 11 01     6.43 A
06622700 2002 11 02     6.65 A
06622700 2002 11 03     6.81 A
06622700 2002 11 04     6.81 A
06622700 2002 11 05     7.13 A
06622700 2002 11 06     7.50 A
06622700 2002 11 07     7.70 A
06622700 2002 11 08     7.83 A
06622700 2002 11 09     7.91 A
06622700 2002 11 10     7.86 A
06622700 2002 11 11     7.86 A
06622700 2002 11 12     7.73 A
06622700 2002 11 13     7.93 A
06622700 2002 11 14     8.08 A
06622700 2002 11 15     7.99 A
06622700 2002 11 16     7.76 A
06622700 2002 11 17     8.01 A
06622700 2002 11 18     7.89 A
06622700 2002 11 19     7.89 A
06622700 2002 11 20     7.95 A
06622700 2002 11 21     7.96 A
06622700 2002 11 22     7.93 A
06622700 2002 11 23     8.07 A
06622700 2002 11 24     8.09 A
06622700 2002 11 25     7.42 A
06622700 2002 11 26     6.40 A
06622700 2002 11 27     7.00 A
06622700 2002 11 28     7.92 A
06622700 2002 11 29     7.69 A
06622700 2002 11 30     7.48 A
06622700 2002 12 01     7.65 A
06622700 2002 12 02     7.73 A
06622700 2002 12 03     7.42 A
06622700 2002 12 04     7.53 A
06622700 2002 12 05     7.70 A
06622700 2002 12 06     7.41 A
06622700 2002 12 07     7.31 A
06622700 2002 12 08     7.07 A
06622700 2002 12 09     6.88 A
06622700 2002 12 10     6.84 A
06622700 2002 12 11     7.22 A
06622700 2002 12 12     7.42 A
06622700 2002 12 13     7.53 A
06622700 2002 12 14     7.39 A
06622700 2002 12 15     7.44 A
06622700 2002 12 16     7.53 A
06622700 2002 12 17     7.86 A
06622700 2002 12 18     7.82 A
06622700 2002 12 19     7.70 A
06622700 2002 12 20     7.54 A
06622700 2002 12 21     7.76 A
06622700 2002 12 22     7.80 A
06622700 2002 12 23     7.63 A
06622700 2002 12 24     7.48 A
06622700 2002 12 25     7.45 A
06622700 2002 12 26     7.35 A
06622700 2002 12 27     7.38 A
06622700 2002 12 28     7.45 A
06622700 2002 12 29     7.57 A
06622700 2002 12 30     7.34 A
06622700 2002 12 31     7.41 A
06622700 2003 01 01     7.78 A
06622700 2003 01 02     7.39 A
06622700 2003 01 03     7.68 A
06622700 2003 01 04     7.65 A
06622700 2003 01 05     7.74 A
06622700 2003 01 06     7.43 A
06622700 2003 01 07     7.40 A
06622700 2003 01 08     7.60 A
06622700 2003 01 09     7.65 A
06622700 2003 01 10     7.40 A
06622700 2003 01 11     7.60 A
06622700 2003 01 12     7.88 A
06622700 2003 01 13     7.89 A
06622700 2003 01 14     7.59 A
06622700 2003 01 15     7.48 A
06622700 2003 01 16     7.35 A
06622700 2003 01 17     7.50 A
06622700 2003 01 18     7.40 A
06622700 2003 01 19     7.60 A
06622700 2003 01 20     7.70 A
06622700 2003 01 21     7.80 A
06622700 2003 01 22     7.94 A
06622700 2003 01 23     7.75 A
06622700 2003 01 24     7.80 A
06622700 2003 01 25     7.62 A
06622700 2003 01 26     7.57 A
06622700 2003 01 27     7.63 A
06622700 2003 01 28     7.60 A
06622700 2003 01 29     7.74 A
06622700 2003 01 30     7.84 A
06622700 2003 01 31     7.90 A
06622700 2003 02 01     7.81 A
06622700 2003 02 02     7.97 A
06622700 2003 02 03     7.80 A
06622700 2003 02 04     7.60 A
06622700 2003 02 05     7.12 A
06622700 2003 02 06     6.88 A
06622700 2003 02 07     6.65 A
06622700 2003 02 08     6.65 A
06622700 2003 02 09     7.04 A
06622700 2003 02 10     7.20 A
06622700 2003 02 11     7.28 A
06622700 2003 02 12     7.44 A
06622700 2003 02 13     7.80 A
06622700 2003 02 14     8.10 A
06622700 2003 02 15     8.00 A
06622700 2003 02 16     7.82 A
06622700 2003 02 17     7.45 A
06622700 2003 02 18     7.47 A
06622700 2003 02 19     7.40 A
06622700 2003 02 20     7.50 A
06622700 2003 02 21     7.80 A
06622700 2003 02 22     8.03 A
06622700 2003 02 23     7.70 A
06622700 2003 02 24     7.58 A
06622700 2003 02 25     7.79 A
06622700 2003 02 26     7.71 A
06622700 2003 02 27     7.51 A
06622700 2003 02 28     7.34 A
06622700 2003 03 01     7.28 A
06622700 2003 03 02     7.30 A
06622700 2003 03 03     7.74 A
06622700 2003 03 04     7.60 A
06622700 2003 03 05     7.65 A
06622700 2003 03 06     7.57 A
06622700 2003 03 07     7.35 A
06622700 2003 03 08     7.38 A
06622700 2003 03 09     7.38 A
06622700 2003 03 10     7.43 A
06622700 2003 03 11     7.65 A
06622700 2003 03 12     7.75 A
06622700 2003 03 13     8.10 A
06622700 2003 03 14     8.60 A
06622700 2003 03 15     9.14 A
06622700 2003 03 16     9.61 A
06622700 2003 03 17     9.08 A
06622700 2003 03 18     8.94 A
06622700 2003 03 19     7.90 A
06622700 2003 03 20     7.90 A
06622700 2003 03 21     8.60 A
06622700 2003 03 22     9.13 A
06622700 2003 03 23     8.93 A
06622700 2003 03 24     9.33 A
06622700 2003 03 25     9.20 A
06622700 2003 03 26     9.11 A
06622700 2003 03 27     9.70 A
06622700 2003 03 28     9.50 A
06622700 2003 03 29     9.20 A
06622700 2003 03 30     9.80 A
06622700 2003 03 31     10.30 A
06622700 2003 04 01     11.80 A
06622700 2003 04 02     13.20 A
06622700 2003 04 03     12.00 A
06622700 2003 04 04     11.00 A
06622700 2003 04 05     11.00 A
06622700 2003 04 06     11.40 A
06622700 2003 04 07     10.90 A
06622700 2003 04 08     12.00 A
06622700 2003 04 09     13.00 A
06622700 2003 04 10     15.00 A
06622700 2003 04 11     19.80 A
06622700 2003 04 12     24.20 A
06622700 2003 04 13     26.90 A
06622700 2003 04 14     31.20 A
06622700 2003 04 15     31.60 A
06622700 2003 04 16     25.70 A
06622700 2003 04 17     22.60 A
06622700 2003 04 18     20.70 A
06622700 2003 04 19     18.00 A
06622700 2003 04 20     18.80 A
06622700 2003 04 21     20.30 A
06622700 2003 04 22     20.60 A
06622700 2003 04 23     19.60 A
06622700 2003 04 24     18.20 A
06622700 2003 04 25     21.20 A
06622700 2003 04 26     31.30 A
06622700 2003 04 27     34.00 A
06622700 2003 04 28     31.40 A
06622700 2003 04 29     33.60 A
06622700 2003 04 30     32.40 A
06622700 2003 05 01     27.30 A
06622700 2003 05 02     25.00 A
06622700 2003 05 03     27.00 A
06622700 2003 05 04     29.60 A
06622700 2003 05 05     27.00 A
06622700 2003 05 06     25.10 A
06622700 2003 05 07     25.60 A
06622700 2003 05 08     24.60 A
06622700 2003 05 09     22.60 A
06622700 2003 05 10     22.10 A
06622700 2003 05 11     20.20 A
06622700 2003 05 12     23.40 A
06622700 2003 05 13     33.70 A
06622700 2003 05 14     44.40 A
06622700 2003 05 15     55.10 A
06622700 2003 05 16     78.60 A
06622700 2003 05 17     114.00 A
06622700 2003 05 18     140.00 A
06622700 2003 05 19     147.00 A
06622700 2003 05 20     137.00 A
06622700 2003 05 21     159.00 A
06622700 2003 05 22     215.00 A
06622700 2003 05 23     304.00 A
06622700 2003 05 24     375.00 A
06622700 2003 05 25     410.00 A
06622700 2003 05 26     449.00 A
06622700 2003 05 27     544.00 A
06622700 2003 05 28     697.00 A
06622700 2003 05 29     774.00 A
06622700 2003 05 30     828.00 A
06622700 2003 05 31     982.00 A
06622700 2003 06 01     752.00 A
06622700 2003 06 02     623.00 A
06622700 2003 06 03     505.00 A
06622700 2003 06 04     395.00 A
06622700 2003 06 05     301.00 A
06622700 2003 06 06     249.00 A
06622700 2003 06 07     220.00 A
06622700 2003 06 08     212.00 A
06622700 2003 06 09     269.00 A
06622700 2003 06 10     369.00 A
06622700 2003 06 11     364.00 A
06622700 2003 06 12     314.00 A
06622700 2003 06 13     293.00 A
06622700 2003 06 14     286.00 A
06622700 2003 06 15     295.00 A
06622700 2003 06 16     289.00 A
06622700 2003 06 17     263.00 A
06622700 2003 06 18     258.00 A
06622700 2003 06 19     239.00 A
06622700 2003 06 20     243.00 A
06622700 2003 06 21     204.00 A
06622700 2003 06 22     177.00 A
06622700 2003 06 23     163.00 A
06622700 2003 06 24     155.00 A
06622700 2003 06 25     155.00 A
06622700 2003 06 26     112.00 A
06622700 2003 06 27     110.00 A
06622700 2003 06 28     115.00 A
06622700 2003 06 29     114.00 A
06622700 2003 06 30     108.00 A
06622700 2003 07 01     102.00 A
06622700 2003 07 02     94.30 A
06622700 2003 07 03     81.90 A
06622700 2003 07 04     72.30 A
06622700 2003 07 05     65.30 A
06622700 2003 07 06     59.30 A
06622700 2003 07 07     54.90 A
06622700 2003 07 08     49.30 A
06622700 2003 07 09     43.70 A
06622700 2003 07 10     38.70 A
06622700 2003 07 11     35.30 A
06622700 2003 07 12     32.70 A
06622700 2003 07 13     29.50 A
06622700 2003 07 14     26.00 A
06622700 2003 07 15     22.80 A
06622700 2003 07 16     21.30 A
06622700 2003 07 17     19.10 A
06622700 2003 07 18     19.60 A
06622700 2003 07 19     17.70 A
06622700 2003 07 20     28.20 A
06622700 2003 07 21     22.50 A
06622700 2003 07 22     16.40 A
06622700 2003 07 23     14.70 A
06622700 2003 07 24     13.80 A
06622700 2003 07 25     13.00 A
06622700 2003 07 26     13.10 A
06622700 2003 07 27     19.90 A
06622700 2003 07 28     13.90 A
06622700 2003 07 29     12.50 A
06622700 2003 07 30     11.50 A
06622700 2003 07 31     10.80 A
06622700 2003 08 01     10.50 A
06622700 2003 08 02     9.85 A
06622700 2003 08 03     9.91 A
06622700 2003 08 04     11.70 A
06622700 2003 08 05     9.81 A
06622700 2003 08 06     9.01 A
06622700 2003 08 07     9.00 A
06622700 2003 08 08     9.23 A
06622700 2003 08 09     8.79 A
06622700 2003 08 10     8.12 A
06622700 2003 08 11     7.93 A
06622700 2003 08 12     8.55 A
06622700 2003 08 13     9.10 A
06622700 2003 08 14     8.52 A
06622700 2003 08 15     7.43 A
06622700 2003 08 16     7.63 A
06622700 2003 08 17     9.92 A
06622700 2003 08 18     11.70 A
06622700 2003 08 19     11.00 A
06622700 2003 08 20     8.76 A
06622700 2003 08 21     7.84 A
06622700 2003 08 22     7.88 A
06622700 2003 08 23     8.48 A
06622700 2003 08 24     8.37 A
06622700 2003 08 25     12.20 A
06622700 2003 08 26     8.89 A
06622700 2003 08 27     7.93 A
06622700 2003 08 28     7.69 A
06622700 2003 08 29     7.34 A
06622700 2003 08 30     8.50 A
06622700 2003 08 31     9.84 A
06622700 2003 09 01     8.39 A
06622700 2003 09 02     7.61 A
06622700 2003 09 03     8.14 A
06622700 2003 09 04     8.62 A
06622700 2003 09 05     7.57 A
06622700 2003 09 06     8.16 A
06622700 2003 09 07     8.06 A
06622700 2003 09 08     8.04 A
06622700 2003 09 09     12.40 A
06622700 2003 09 10     23.10 A
06622700 2003 09 11     22.00 A
06622700 2003 09 12     17.60 A
06622700 2003 09 13     13.00 A
06622700 2003 09 14     10.40 A
06622700 2003 09 15     9.27 A
06622700 2003 09 16     8.28 A
06622700 2003 09 17     8.96 A
06622700 2003 09 18     11.90 A
06622700 2003 09 19     13.20 A
06622700 2003 09 20     15.90 A
06622700 2003 09 21     13.60 A
06622700 2003 09 22     11.00 A
06622700 2003 09 23     9.64 A
06622700 2003 09 24     8.75 A
06622700 2003 09 25     8.21 A
06622700 2003 09 26     7.89 A
06622700 2003 09 27     7.73 A
06622700 2003 09 28     7.77 A
06622700 2003 09 29     7.74 A
06622700 2003 09 30     7.67 A
06622700 2003 10 01     7.62 A
06622700 2003 10 02     8.53 A
06622700 2003 10 03     10.20 A
06622700 2003 10 04     8.38 A
06622700 2003 10 05     7.97 A
06622700 2003 10 06     7.88 A
06622700 2003 10 07     7.73 A
06622700 2003 10 08     7.68 A
06622700 2003 10 09     7.59 A
06622700 2003 10 10     7.46 A
06622700 2003 10 11     7.46 A
06622700 2003 10 12     7.58 A
06622700 2003 10 13     7.56 A
06622700 2003 10 14     7.28 A
06622700 2003 10 15     7.49 A
06622700 2003 10 16     7.63 A
06622700 2003 10 17     7.62 A
06622700 2003 10 18     7.60 A
06622700 2003 10 19     7.37 A
06622700 2003 10 20     7.23 A
06622700 2003 10 21     7.13 A
06622700 2003 10 22     7.16 A
06622700 2003 10 23     7.15 A
06622700 2003 10 24     7.13 A
06622700 2003 10 25     6.60 A
06622700 2003 10 26     7.00 A
06622700 2003 10 27     7.71 A
06622700 2003 10 28     7.83 A
06622700 2003 10 29     8.30 A
06622700 2003 10 30     8.42 A
06622700 2003 10 31     8.00 A
06622700 2003 11 01     8.60 A
06622700 2003 11 02     9.42 A
06622700 2003 11 03     9.82 A
06622700 2003 11 04     9.60 A
06622700 2003 11 05     9.60 A
06622700 2003 11 06     9.40 A
06622700 2003 11 07     9.20 A
06622700 2003 11 08     9.60 A
06622700 2003 11 09     9.60 A
06622700 2003 11 10     10.00 A
06622700 2003 11 11     10.10 A
06622700 2003 11 12     9.58 A
06622700 2003 11 13     9.60 A
06622700 2003 11 14     9.60 A
06622700 2003 11 15     9.60 A
06622700 2003 11 16     9.60 A
06622700 2003 11 17     9.55 A
06622700 2003 11 18     9.40 A
06622700 2003 11 19     9.60 A
06622700 2003 11 20     9.60 A
06622700 2003 11 21     9.80 A
06622700 2003 11 22     9.40 A
06622700 2003 11 23     9.20 A
06622700 2003 11 24     9.20 A
06622700 2003 11 25     9.40 A
06622700 2003 11 26     10.00 A
06622700 2003 11 27     10.10 A
06622700 2003 11 28     9.70 A
06622700 2003 11 29     9.72 A
06622700 2003 11 30     9.74 A
06622700 2003 12 01     9.72 A
06622700 2003 12 02     9.70 A
06622700 2003 12 03     9.46 A
06622700 2003 12 04     9.11 A
06622700 2003 12 05     9.00 A
06622700 2003 12 06     9.20 A
06622700 2003 12 07     9.60 A
06622700 2003 12 08     9.56 A
06622700 2003 12 09     9.13 A
06622700 2003 12 10     9.29 A
06622700 2003 12 11     9.59 A
06622700 2003 12 12     9.24 A
06622700 2003 12 13     9.29 A
06622700 2003 12 14     9.41 A
06622700 2003 12 15     9.20 A
06622700 2003 12 16     9.75 A
06622700 2003 12 17     9.73 A
06622700 2003 12 18     9.82 A
06622700 2003 12 19     10.70 A
06622700 2003 12 20     11.50 A
06622700 2003 12 21     11.70 A
06622700 2003 12 22     10.90 A
06622700 2003 12 23     11.00 A
06622700 2003 12 24     12.20 A
06622700 2003 12 25     12.20 A
06622700 2003 12 26     11.60 A
06622700 2003 12 27     10.60 A
06622700 2003 12 28     10.30 A
06622700 2003 12 29     10.20 A
06622700 2003 12 30     10.00 A
06622700 2003 12 31     9.67 A
06622700 2004 01 01     9.26 A
06622700 2004 01 02     9.40 A
06622700 2004 01 03     9.40 A
06622700 2004 01 04     9.40 A
06622700 2004 01 05     9.67 A
06622700 2004 01 06     9.76 A
06622700 2004 01 07     9.88 A
06622700 2004 01 08     9.75 A
06622700 2004 01 09     9.46 A
06622700 2004 01 10     9.49 A
06622700 2004 01 11     10.10 A
06622700 2004 01 12     9.80 A
06622700 2004 01 13     9.60 A
06622700 2004 01 14     9.40 A
06622700 2004 01 15     9.40 A
06622700 2004 01 16     9.20 A
06622700 2004 01 17     9.20 A
06622700 2004 01 18     9.00 A
06622700 2004 01 19     9.00 A
06622700 2004 01 20     9.00 A
06622700 2004 01 21     9.00 A
06622700 2004 01 22     9.20 A
06622700 2004 01 23     9.40 A
06622700 2004 01 24     9.40 A
06622700 2004 01 25     9.40 A
06622700 2004 01 26     9.20 A
06622700 2004 01 27     9.20 A
06622700 2004 01 28     9.20 A
06622700 2004 01 29     9.40 A
06622700 2004 01 30     9.60 A
06622700 2004 01 31     9.60 A
06622700 2004 02 01     9.22 A
06622700 2004 02 02     9.46 A
06622700 2004 02 03     9.57 A
06622700 2004 02 04     9.54 A
06622700 2004 02 05     9.03 A
06622700 2004 02 06     8.66 A
06622700 2004 02 07     8.62 A
06622700 2004 02 08     9.28 A
06622700 2004 02 09     9.12 A
06622700 2004 02 10     9.00 A
06622700 2004 02 11     9.00 A
06622700 2004 02 12     8.80 A
06622700 2004 02 13     8.60 A
06622700 2004 02 14     8.80 A
06622700 2004 02 15     9.20 A
06622700 2004 02 16     9.20 A
06622700 2004 02 17     9.20 A
06622700 2004 02 18     9.60 A
06622700 2004 02 19     9.80 A
06622700 2004 02 20     9.40 A
06622700 2004 02 21     9.20 A
06622700 2004 02 22     9.00 A
06622700 2004 02 23     8.80 A
06622700 2004 02 24     8.80 A
06622700 2004 02 25     8.80 A
06622700 2004 02 26     9.00 A
06622700 2004 02 27     8.81 A
06622700 2004 02 28     9.19 A
06622700 2004 02 29     9.00 A
06622700 2004 03 01     8.80 A
06622700 2004 03 02     8.80 A
06622700 2004 03 03     8.80 A
06622700 2004 03 04     9.20 A
06622700 2004 03 05     9.20 A
06622700 2004 03 06     9.00 A
06622700 2004 03 07     9.00 A
06622700 2004 03 08     9.20 A
06622700 2004 03 09     9.40 A
06622700 2004 03 10     9.50 A
06622700 2004 03 11     9.40 A
06622700 2004 03 12     9.40 A
06622700 2004 03 13     9.60 A
06622700 2004 03 14     9.40 A
06622700 2004 03 15     9.20 A
06622700 2004 03 16     9.51 A
06622700 2004 03 17     8.85 A
06622700 2004 03 18     9.40 A
06622700 2004 03 19     11.00 A
06622700 2004 03 20     13.00 A
06622700 2004 03 21     15.00 A
06622700 2004 03 22     16.00 A
06622700 2004 03 23     17.80 A
06622700 2004 03 24     20.60 A
06622700 2004 03 25     22.80 A
06622700 2004 03 26     25.40 A
06622700 2004 03 27     23.50 A
06622700 2004 03 28     18.20 A
06622700 2004 03 29     18.00 A
06622700 2004 03 30     17.00 A
06622700 2004 03 31     18.00 A
06622700 2004 04 01     22.40 A
06622700 2004 04 02     25.40 A
06622700 2004 04 03     28.40 A
06622700 2004 04 04     32.60 A
06622700 2004 04 05     38.30 A
06622700 2004 04 06     39.70 A
06622700 2004 04 07     36.00 A
06622700 2004 04 08     32.70 A
06622700 2004 04 09     28.70 A
06622700 2004 04 10     23.00 A
06622700 2004 04 11     21.00 A
06622700 2004 04 12     20.00 A
06622700 2004 04 13     22.00 A
06622700 2004 04 14     23.50 A
06622700 2004 04 15     24.70 A
06622700 2004 04 16     25.80 A
06622700 2004 04 17     29.70 A
06622700 2004 04 18     36.20 A
06622700 2004 04 19     28.50 A
06622700 2004 04 20     25.20 A
06622700 2004 04 21     22.30 A
06622700 2004 04 22     21.50 A
06622700 2004 04 23     20.50 A
06622700 2004 04 24     20.10 A
06622700 2004 04 25     19.80 A
06622700 2004 04 26     21.30 A
06622700 2004 04 27     32.50 A
06622700 2004 04 28     44.70 A
06622700 2004 04 29     48.70 A
06622700 2004 04 30     42.40 A
06622700 2004 05 01     34.80 A
06622700 2004 05 02     38.20 A
06622700 2004 05 03     57.60 A
06622700 2004 05 04     82.20 A
06622700 2004 05 05     119.00 A
06622700 2004 05 06     164.00 A
06622700 2004 05 07     186.00 A
06622700 2004 05 08     187.00 A
06622700 2004 05 09     176.00 A
06622700 2004 05 10     178.00 A
06622700 2004 05 11     158.00 A
06622700 2004 05 12     101.00 A
06622700 2004 05 13     84.50 A
06622700 2004 05 14     73.60 A
06622700 2004 05 15     71.80 A
06622700 2004 05 16     75.60 A
06622700 2004 05 17     82.60 A
06622700 2004 05 18     112.00 A
06622700 2004 05 19     141.00 A
06622700 2004 05 20     158.00 A
06622700 2004 05 21     164.00 A
06622700 2004 05 22     135.00 A
06622700 2004 05 23     104.00 A
06622700 2004 05 24     96.40 A
06622700 2004 05 25     81.90 A
06622700 2004 05 26     77.10 A
06622700 2004 05 27     85.70 A
06622700 2004 05 28     101.00 A
06622700 2004 05 29     120.00 A
06622700 2004 05 30     84.00 A
06622700 2004 05 31     68.50 A
06622700 2004 06 01     62.50 A
06622700 2004 06 02     68.80 A
06622700 2004 06 03     94.70 A
06622700 2004 06 04     109.00 A
06622700 2004 06 05     109.00 A
06622700 2004 06 06     137.00 A
06622700 2004 06 07     158.00 A
06622700 2004 06 08     144.00 A
06622700 2004 06 09     131.00 A
06622700 2004 06 10     112.00 A
06622700 2004 06 11     81.40 A
06622700 2004 06 12     63.40 A
06622700 2004 06 13     59.10 A
06622700 2004 06 14     65.20 A
06622700 2004 06 15     66.50 A
06622700 2004 06 16     60.90 A
06622700 2004 06 17     77.30 A
06622700 2004 06 18     107.00 A
06622700 2004 06 19     69.90 A
06622700 2004 06 20     80.70 A
06622700 2004 06 21     83.90 A
06622700 2004 06 22     63.70 A
06622700 2004 06 23     47.20 A
06622700 2004 06 24     41.60 A
06622700 2004 06 25     40.70 A
06622700 2004 06 26     55.30 A
06622700 2004 06 27     47.70 A
06622700 2004 06 28     44.80 A
06622700 2004 06 29     36.80 A
06622700 2004 06 30     36.00 A
06622700 2004 07 01     34.30 A
06622700 2004 07 02     28.10 A
06622700 2004 07 03     23.90 A
06622700 2004 07 04     23.70 A
06622700 2004 07 05     27.50 A
06622700 2004 07 06     20.60 A
06622700 2004 07 07     17.90 A
06622700 2004 07 08     17.20 A
06622700 2004 07 09     16.30 A
06622700 2004 07 10     15.30 A
06622700 2004 07 11     14.30 A
06622700 2004 07 12     13.30 A
06622700 2004 07 13     12.40 A
06622700 2004 07 14     12.50 A
06622700 2004 07 15     12.40 A
06622700 2004 07 16     21.60 A
06622700 2004 07 17     19.20 A
06622700 2004 07 18     14.10 A
06622700 2004 07 19     12.90 A
06622700 2004 07 20     12.20 A
06622700 2004 07 21     13.00 A
06622700 2004 07 22     12.20 A
06622700 2004 07 23     13.00 A
06622700 2004 07 24     12.10 A
06622700 2004 07 25     11.20 A
06622700 2004 07 26     10.20 A
06622700 2004 07 27     10.80 A
06622700 2004 07 28     10.50 A
06622700 2004 07 29     10.80 A
06622700 2004 07 30     9.86 A
06622700 2004 07 31     9.25 A
06622700 2004 08 01     8.54 A
06622700 2004 08 02     8.30 A
06622700 2004 08 03     8.42 A
06622700 2004 08 04     8.20 A
06622700 2004 08 05     8.09 A
06622700 2004 08 06     8.58 A
06622700 2004 08 07     8.41 A
06622700 2004 08 08     7.74 A
06622700 2004 08 09     7.34 A
06622700 2004 08 10     7.11 A
06622700 2004 08 11     7.07 A
06622700 2004 08 12     6.95 A
06622700 2004 08 13     6.85 A
06622700 2004 08 14     6.85 A
06622700 2004 08 15     6.84 A
06622700 2004 08 16     6.68 A
06622700 2004 08 17     6.84 A
06622700 2004 08 18     8.28 A
06622700 2004 08 19     11.30 A
06622700 2004 08 20     10.00 A
06622700 2004 08 21     9.16 A
06622700 2004 08 22     8.27 A
06622700 2004 08 23     8.87 A
06622700 2004 08 24     10.70 A
06622700 2004 08 25     8.74 A
06622700 2004 08 26     25.30 A
06622700 2004 08 27     24.00 A
06622700 2004 08 28     16.00 A
06622700 2004 08 29     11.30 A
06622700 2004 08 30     9.66 A
06622700 2004 08 31     8.69 A
06622700 2004 09 01     8.31 A
06622700 2004 09 02     8.09 A
06622700 2004 09 03     8.02 A
06622700 2004 09 04     11.70 A
06622700 2004 09 05     22.00 A
06622700 2004 09 06     16.80 A
06622700 2004 09 07     11.60 A
06622700 2004 09 08     9.69 A
06622700 2004 09 09     8.89 A
06622700 2004 09 10     8.51 A
06622700 2004 09 11     8.33 A
06622700 2004 09 12     8.05 A
06622700 2004 09 13     10.70 A
06622700 2004 09 14     13.00 A
06622700 2004 09 15     9.49 A
06622700 2004 09 16     8.59 A
06622700 2004 09 17     8.27 A
06622700 2004 09 18     8.05 A
06622700 2004 09 19     8.74 A
06622700 2004 09 20     17.70 A
06622700 2004 09 21     22.10 A
06622700 2004 09 22     17.40 A
06622700 2004 09 23     16.40 A
06622700 2004 09 24     22.10 A
06622700 2004 09 25     26.50 A
06622700 2004 09 26     25.00 A
06622700 2004 09 27     22.90 A
06622700 2004 09 28     19.80 A
06622700 2004 09 29     19.30 A
06622700 2004 09 30     50.00 A
06622700 2004 10 01     52.90 A
06622700 2004 10 02     32.80 A
06622700 2004 10 03     25.80 A
06622700 2004 10 04     22.00 A
06622700 2004 10 05     18.60 A
06622700 2004 10 06     17.70 A
06622700 2004 10 07     16.40 A
06622700 2004 10 08     15.10 A
06622700 2004 10 09     14.10 A
06622700 2004 10 10     13.50 A
06622700 2004 10 11     12.80 A
06622700 2004 10 12     12.30 A
06622700 2004 10 13     14.30 A
06622700 2004 10 14     14.10 A
06622700 2004 10 15     15.30 A
06622700 2004 10 16     14.60 A
06622700 2004 10 17     14.60 A
06622700 2004 10 18     13.90 A
06622700 2004 10 19     13.80 A
06622700 2004 10 20     15.70 A
06622700 2004 10 21     17.70 A
06622700 2004 10 22     15.80 A
06622700 2004 10 23     15.10 A
06622700 2004 10 24     16.40 A
06622700 2004 10 25     15.70 A
06622700 2004 10 26     15.90 A
06622700 2004 10 27     15.70 A
06622700 2004 10 28     16.60 A
06622700 2004 10 29     16.50 A
06622700 2004 10 30     15.90 A
06622700 2004 10 31     16.40 A
06622700 2004 11 01     16.80 A
06622700 2004 11 02     15.40 A
06622700 2004 11 03     15.20 A
06622700 2004 11 04     15.90 A
06622700 2004 11 05     16.90 A
06622700 2004 11 06     19.30 A
06622700 2004 11 07     22.10 A
06622700 2004 11 08     18.70 A
06622700 2004 11 09     14.70 A
06622700 2004 11 10     14.30 A
06622700 2004 11 11     14.10 A
06622700 2004 11 12     13.80 A
06622700 2004 11 13     12.70 A
06622700 2004 11 14     12.00 A
06622700 2004 11 15     13.00 A
06622700 2004 11 16     14.00 A
06622700 2004 11 17     12.40 A
06622700 2004 11 18     12.00 A
06622700 2004 11 19     12.00 A
06622700 2004 11 20     15.30 A
06622700 2004 11 21     17.60 A
06622700 2004 11 22     17.00 A
06622700 2004 11 23     16.00 A
06622700 2004 11 24     17.00 A
06622700 2004 11 25     14.60 A
06622700 2004 11 26     13.50 A
06622700 2004 11 27     15.00 A
06622700 2004 11 28     14.80 A
06622700 2004 11 29     13.30 A
06622700 2004 11 30     11.90 A
06622700 2004 12 01     11.20 A
06622700 2004 12 02     10.20 A
06622700 2004 12 03     11.20 A
06622700 2004 12 04     11.30 A
06622700 2004 12 05     12.30 A
06622700 2004 12 06     12.20 A
06622700 2004 12 07     12.00 A
06622700 2004 12 08     12.00 A
06622700 2004 12 09     12.00 A
06622700 2004 12 10     12.30 A
06622700 2004 12 11     12.40 A
06622700 2004 12 12     12.80 A
06622700 2004 12 13     11.50 A
06622700 2004 12 14     10.90 A
06622700 2004 12 15     10.80 A
06622700 2004 12 16     10.30 A
06622700 2004 12 17     9.94 A
06622700 2004 12 18     10.00 A
06622700 2004 12 19     9.94 A
06622700 2004 12 20     10.10 A
06622700 2004 12 21     9.68 A
06622700 2004 12 22     9.36 A
06622700 2004 12 23     9.30 A
06622700 2004 12 24     9.23 A
06622700 2004 12 25     9.32 A
06622700 2004 12 26     9.29 A
06622700 2004 12 27     9.34 A
06622700 2004 12 28     9.37 A
06622700 2004 12 29     9.54 A
06622700 2004 12 30     9.66 A
06622700 2004 12 31     9.54 A
06622700 2005 01 01     9.73 A
06622700 2005 01 02     9.65 A
06622700 2005 01 03     9.57 A
06622700 2005 01 04     9.61 A
06622700 2005 01 05     9.43 A
06622700 2005 01 06     9.32 A
06622700 2005 01 07     9.25 A
06622700 2005 01 08     9.47 A
06622700 2005 01 09     9.42 A
06622700 2005 01 10     9.59 A
06622700 2005 01 11     9.69 A
06622700 2005 01 12     10.00 A
06622700 2005 01 13     9.80 A
06622700 2005 01 14     9.70 A
06622700 2005 01 15     9.60 A
06622700 2005 01 16     9.60 A
06622700 2005 01 17     9.60 A
06622700 2005 01 18     9.70 A
06622700 2005 01 19     9.70 A
06622700 2005 01 20     9.95 A
06622700 2005 01 21     9.93 A
06622700 2005 01 22     9.90 A
06622700 2005 01 23     10.00 A
06622700 2005 01 24     10.40 A
06622700 2005 01 25     10.60 A
06622700 2005 01 26     11.10 A
06622700 2005 01 27     10.90 A
06622700 2005 01 28     10.30 A
06622700 2005 01 29     9.78 A
06622700 2005 01 30     9.87 A
06622700 2005 01 31     9.72 A
06622700 2005 02 01     9.79 A
06622700 2005 02 02     10.10 A
06622700 2005 02 03     9.74 A
06622700 2005 02 04     9.87 A
06622700 2005 02 05     9.97 A
06622700 2005 02 06     10.00 A
06622700 2005 02 07     10.10 A
06622700 2005 02 08     10.10 A
06622700 2005 02 09     9.50 A
06622700 2005 02 10     9.39 A
06622700 2005 02 11     9.42 A
06622700 2005 02 12     9.60 A
06622700 2005 02 13     9.44 A
06622700 2005 02 14     9.33 A
06622700 2005 02 15     9.30 A
06622700 2005 02 16     9.40 A
06622700 2005 02 17     9.20 A
06622700 2005 02 18     9.30 A
06622700 2005 02 19     9.61 A
06622700 2005 02 20     9.71 A
06622700 2005 02 21     9.72 A
06622700 2005 02 22     9.28 A
06622700 2005 02 23     9.26 A
06622700 2005 02 24     9.76 A
06622700 2005 02 25     9.92 A
06622700 2005 02 26     10.20 A
06622700 2005 02 27     10.30 A
06622700 2005 02 28     10.20 A
06622700 2005 03 01     9.93 A
06622700 2005 03 02     9.92 A
06622700 2005 03 03     9.60 A
06622700 2005 03 04     9.60 A
06622700 2005 03 05     9.70 A
06622700 2005 03 06     9.80 A
06622700 2005 03 07     10.40 A
06622700 2005 03 08     9.62 A
06622700 2005 03 09     9.14 A
06622700 2005 03 10     9.02 A
06622700 2005 03 11     10.20 A
06622700 2005 03 12     11.00 A
06622700 2005 03 13     9.82 A
06622700 2005 03 14     9.58 A
06622700 2005 03 15     9.17 A
06622700 2005 03 16     9.31 A
06622700 2005 03 17     9.21 A
06622700 2005 03 18     9.00 A
06622700 2005 03 19     8.99 A
06622700 2005 03 20     9.06 A
06622700 2005 03 21     11.10 A
06622700 2005 03 22     11.10 A
06622700 2005 03 23     9.65 A
06622700 2005 03 24     9.33 A
06622700 2005 03 25     9.11 A
06622700 2005 03 26     9.02 A
06622700 2005 03 27     9.17 A
06622700 2005 03 28     9.44 A
06622700 2005 03 29     9.33 A
06622700 2005 03 30     9.04 A
06622700 2005 03 31     9.06 A
06622700 2005 04 01     8.94 A
06622700 2005 04 02     9.06 A
06622700 2005 04 03     11.20 A
06622700 2005 04 04     12.70 A
06622700 2005 04 05     13.00 A
06622700 2005 04 06     13.00 A
06622700 2005 04 07     14.00 A
06622700 2005 04 08     16.40 A
06622700 2005 04 09     15.60 A
06622700 2005 04 10     14.20 A
06622700 2005 04 11     13.70 A
06622700 2005 04 12     14.00 A
06622700 2005 04 13     17.10 A
06622700 2005 04 14     20.20 A
06622700 2005 04 15     24.10 A
06622700 2005 04 16     28.20 A
06622700 2005 04 17     34.10 A
06622700 2005 04 18     38.00 A
06622700 2005 04 19     39.30 A
06622700 2005 04 20     41.60 A
06622700 2005 04 21     36.80 A
06622700 2005 04 22     33.10 A
06622700 2005 04 23     34.40 A
06622700 2005 04 24     39.30 A
06622700 2005 04 25     40.00 A
06622700 2005 04 26     36.70 A
06622700 2005 04 27     35.30 A
06622700 2005 04 28     36.10 A
06622700 2005 04 29     35.00 A
06622700 2005 04 30     31.60 A
06622700 2005 05 01     31.80 A
06622700 2005 05 02     30.70 A
06622700 2005 05 03     31.10 A
06622700 2005 05 04     32.60 A
06622700 2005 05 05     36.80 A
06622700 2005 05 06     51.30 A
06622700 2005 05 07     59.40 A
06622700 2005 05 08     57.90 A
06622700 2005 05 09     66.10 A
06622700 2005 05 10     75.70 A
06622700 2005 05 11     89.30 A
06622700 2005 05 12     78.70 A
06622700 2005 05 13     73.70 A
06622700 2005 05 14     74.10 A
06622700 2005 05 15     82.00 A
06622700 2005 05 16     117.00 A
06622700 2005 05 17     155.00 A
06622700 2005 05 18     139.00 A
06622700 2005 05 19     203.00 A
06622700 2005 05 20     349.00 A
06622700 2005 05 21     512.00 A
06622700 2005 05 22     589.00 A
06622700 2005 05 23     599.00 A
06622700 2005 05 24     566.00 A
06622700 2005 05 25     544.00 A
06622700 2005 05 26     428.00 A
06622700 2005 05 27     364.00 A
06622700 2005 05 28     348.00 A
06622700 2005 05 29     335.00 A
06622700 2005 05 30     585.00 A
06622700 2005 05 31     467.00 A
06622700 2005 06 01     302.00 A
06622700 2005 06 02     257.00 A
06622700 2005 06 03     208.00 A
06622700 2005 06 04     232.00 A
06622700 2005 06 05     285.00 A
06622700 2005 06 06     283.00 A
06622700 2005 06 07     291.00 A
06622700 2005 06 08     260.00 A
06622700 2005 06 09     243.00 A
06622700 2005 06 10     212.00 A
06622700 2005 06 11     177.00 A
06622700 2005 06 12     200.00 A
06622700 2005 06 13     173.00 A
06622700 2005 06 14     165.00 A
06622700 2005 06 15     202.00 A
06622700 2005 06 16     241.00 A
06622700 2005 06 17     284.00 A
06622700 2005 06 18     335.00 A
06622700 2005 06 19     337.00 A
06622700 2005 06 20     313.00 A
06622700 2005 06 21     301.00 A
06622700 2005 06 22     308.00 A
06622700 2005 06 23     308.00 A
06622700 2005 06 24     268.00 A
06622700 2005 06 25     214.00 A
06622700 2005 06 26     196.00 A
06622700 2005 06 27     170.00 A
06622700 2005 06 28     148.00 A
06622700 2005 06 29     175.00 A
06622700 2005 06 30     125.00 A
06622700 2005 07 01     112.00 A
06622700 2005 07 02     105.00 A
06622700 2005 07 03     103.00 A
06622700 2005 07 04     91.30 A
06622700 2005 07 05     73.90 A
06622700 2005 07 06     67.60 A
06622700 2005 07 07     63.30 A
06622700 2005 07 08     58.60 A
06622700 2005 07 09     53.70 A
06622700 2005 07 10     49.60 A
06622700 2005 07 11     45.20 A
06622700 2005 07 12     39.00 A
06622700 2005 07 13     34.80 A
06622700 2005 07 14     31.40 A
06622700 2005 07 15     28.00 A
06622700 2005 07 16     24.70 A
06622700 2005 07 17     23.10 A
06622700 2005 07 18     21.40 A
06622700 2005 07 19     19.50 A
06622700 2005 07 20     18.10 A
06622700 2005 07 21     16.50 A
06622700 2005 07 22     15.10 A
06622700 2005 07 23     16.60 A
06622700 2005 07 24     26.90 A
06622700 2005 07 25     28.80 A
06622700 2005 07 26     29.20 A
06622700 2005 07 27     18.70 A
06622700 2005 07 28     15.30 A
06622700 2005 07 29     13.80 A
06622700 2005 07 30     12.80 A
06622700 2005 07 31     13.10 A
06622700 2005 08 01     15.30 A
06622700 2005 08 02     16.40 A
06622700 2005 08 03     17.70 A
06622700 2005 08 04     15.20 A
06622700 2005 08 05     13.50 A
06622700 2005 08 06     11.30 A
06622700 2005 08 07     10.80 A
06622700 2005 08 08     10.60 A
06622700 2005 08 09     10.60 A
06622700 2005 08 10     11.70 A
06622700 2005 08 11     13.90 A
06622700 2005 08 12     10.80 A
06622700 2005 08 13     10.80 A
06622700 2005 08 14     12.00 A
06622700 2005 08 15     9.83 A
06622700 2005 08 16     9.51 A
06622700 2005 08 17     10.90 A
06622700 2005 08 18     10.30 A
06622700 2005 08 19     9.53 A
06622700 2005 08 20     9.12 A
06622700 2005 08 21     8.73 A
06622700 2005 08 22     9.27 A
06622700 2005 08 23     9.97 A
06622700 2005 08 24     8.58 A
06622700 2005 08 25     8.43 A
06622700 2005 08 26     8.85 A
06622700 2005 08 27     7.93 A
06622700 2005 08 28     7.50 A
06622700 2005 08 29     7.26 A
06622700 2005 08 30     7.07 A
06622700 2005 08 31     6.95 A
06622700 2005 09 01     7.08 A
06622700 2005 09 02     6.89 A
06622700 2005 09 03     6.84 A
06622700 2005 09 04     7.05 A
06622700 2005 09 05     6.94 A
06622700 2005 09 06     6.78 A
06622700 2005 09 07     6.82 A
06622700 2005 09 08     6.81 A
06622700 2005 09 09     7.12 A
06622700 2005 09 10     9.21 A
06622700 2005 09 11     8.32 A
06622700 2005 09 12     7.34 A
06622700 2005 09 13     7.41 A
06622700 2005 09 14     7.55 A
06622700 2005 09 15     7.53 A
06622700 2005 09 16     7.35 A
06622700 2005 09 17     7.26 A
06622700 2005 09 18     7.06 A
06622700 2005 09 19     6.90 A
06622700 2005 09 20     6.88 A
06622700 2005 09 21     11.60 A
06622700 2005 09 22     22.00 A
06622700 2005 09 23     10.20 A
06622700 2005 09 24     8.89 A
06622700 2005 09 25     8.40 A
06622700 2005 09 26     8.02 A
06622700 2005 09 27     8.12 A
06622700 2005 09 28     10.10 A
06622700 2005 09 29     8.85 A
06622700 2005 09 30     8.30 A
06622700 2005 10 01     8.25 A
06622700 2005 10 02     7.83 A
06622700 2005 10 03     7.57 A
06622700 2005 10 04     14.80 A
06622700 2005 10 05     20.90 A
06622700 2005 10 06     12.90 A
06622700 2005 10 07     13.70 A
06622700 2005 10 08     16.00 A
06622700 2005 10 09     21.20 A
06622700 2005 10 10     16.00 A
06622700 2005 10 11     13.90 A
06622700 2005 10 12     14.10 A
06622700 2005 10 13     15.50 A
06622700 2005 10 14     16.60 A
06622700 2005 10 15     17.30 A
06622700 2005 10 16     16.20 A
06622700 2005 10 17     15.20 A
06622700 2005 10 18     13.40 A
06622700 2005 10 19     13.70 A
06622700 2005 10 20     14.40 A
06622700 2005 10 21     13.70 A
06622700 2005 10 22     11.70 A
06622700 2005 10 23     10.50 A
06622700 2005 10 24     9.73 A
06622700 2005 10 25     9.86 A
06622700 2005 10 26     9.83 A
06622700 2005 10 27     9.54 A
06622700 2005 10 28     9.40 A
06622700 2005 10 29     9.96 A
06622700 2005 10 30     10.20 A
06622700 2005 10 31     9.43 A
06622700 2005 11 01     9.88 A
06622700 2005 11 02     10.10 A
06622700 2005 11 03     10.00 A
06622700 2005 11 04     9.10 A
06622700 2005 11 05     9.81 A
06622700 2005 11 06     11.90 A
06622700 2005 11 07     10.60 A
06622700 2005 11 08     10.40 A
06622700 2005 11 09     12.10 A
06622700 2005 11 10     11.90 A
06622700 2005 11 11     13.10 A
06622700 2005 11 12     13.50 A
06622700 2005 11 13     12.90 A
06622700 2005 11 14     11.70 A
06622700 2005 11 15     11.00 A
06622700 2005 11 16     11.00 A
06622700 2005 11 17     12.10 A
06622700 2005 11 18     12.10 A
06622700 2005 11 19     12.90 A
06622700 2005 11 20     14.20 A
06622700 2005 11 21     15.30 A
06622700 2005 11 22     15.30 A
06622700 2005 11 23     15.30 A
06622700 2005 11 24     15.00 A
06622700 2005 11 25     14.50 A
06622700 2005 11 26     12.80 A
06622700 2005 11 27     12.40 A
06622700 2005 11 28     11.80 A
06622700 2005 11 29     11.30 A
06622700 2005 11 30     11.10 A
06622700 2005 12 01     11.00 A
06622700 2005 12 02     11.20 A
06622700 2005 12 03     11.30 A
06622700 2005 12 04     11.00 A
06622700 2005 12 05     11.00 A
06622700 2005 12 06     11.00 A
06622700 2005 12 07     10.70 A
06622700 2005 12 08     10.60 A
06622700 2005 12 09     10.60 A
06622700 2005 12 10     10.50 A
06622700 2005 12 11     10.40 A
06622700 2005 12 12     10.40 A
06622700 2005 12 13     10.50 A
06622700 2005 12 14     10.50 A
06622700 2005 12 15     10.30 A
06622700 2005 12 16     10.40 A
06622700 2005 12 17     10.30 A
06622700 2005 12 18     10.00 A
06622700 2005 12 19     9.88 A
06622700 2005 12 20     10.30 A
06622700 2005 12 21     10.50 A
06622700 2005 12 22     10.50 A
06622700 2005 12 23     10.60 A
06622700 2005 12 24     10.40 A
06622700 2005 12 25     10.30 A
06622700 2005 12 26     10.50 A
06622700 2005 12 27     10.10 A
06622700 2005 12 28     10.70 A
06622700 2005 12 29     10.10 A
06622700 2005 12 30     10.10 A
06622700 2005 12 31     10.00 A
06622700 2006 01 01     10.30 A
06622700 2006 01 02     10.30 A
06622700 2006 01 03     10.40 A
06622700 2006 01 04     10.60 A
06622700 2006 01 05     10.60 A
06622700 2006 01 06     10.60 A
06622700 2006 01 07     10.80 A
06622700 2006 01 08     10.90 A
06622700 2006 01 09     10.80 A
06622700 2006 01 10     10.80 A
06622700 2006 01 11     10.70 A
06622700 2006 01 12     10.60 A
06622700 2006 01 13     10.50 A
06622700 2006 01 14     10.60 A
06622700 2006 01 15     10.50 A
06622700 2006 01 16     10.50 A
06622700 2006 01 17     10.40 A
06622700 2006 01 18     10.50 A
06622700 2006 01 19     10.50 A
06622700 2006 01 20     10.30 A
06622700 2006 01 21     10.20 A
06622700 2006 01 22     10.20 A
06622700 2006 01 23     10.20 A
06622700 2006 01 24     10.20 A
06622700 2006 01 25     10.30 A
06622700 2006 01 26     10.50 A
06622700 2006 01 27     10.50 A
06622700 2006 01 28     10.30 A
06622700 2006 01 29     10.10 A
06622700 2006 01 30     9.97 A
06622700 2006 01 31     10.10 A
06622700 2006 02 01     10.20 A
06622700 2006 02 02     10.20 A
06622700 2006 02 03     9.95 A
06622700 2006 02 04     10.00 A
06622700 2006 02 05     9.92 A
06622700 2006 02 06     10.30 A
06622700 2006 02 07     9.91 A
06622700 2006 02 08     10.10 A
06622700 2006 02 09     10.00 A
06622700 2006 02 10     9.65 A
06622700 2006 02 11     9.53 A
06622700 2006 02 12     9.25 A
06622700 2006 02 13     9.45 A
06622700 2006 02 14     9.57 A
06622700 2006 02 15     9.59 A
06622700 2006 02 16     9.46 A
06622700 2006 02 17     9.00 A
06622700 2006 02 18     9.07 A
06622700 2006 02 19     9.19 A
06622700 2006 02 20     8.83 A
06622700 2006 02 21     8.85 A
06622700 2006 02 22     8.91 A
06622700 2006 02 23     8.98 A
06622700 2006 02 24     8.92 A
06622700 2006 02 25     8.83 A
06622700 2006 02 26     8.82 A
06622700 2006 02 27     9.20 A
06622700 2006 02 28     9.63 A
06622700 2006 03 01     9.60 A
06622700 2006 03 02     10.00 A
06622700 2006 03 03     10.00 A
06622700 2006 03 04     9.84 A
06622700 2006 03 05     9.63 A
06622700 2006 03 06     10.00 A
06622700 2006 03 07     9.57 A
06622700 2006 03 08     9.14 A
06622700 2006 03 09     9.15 A
06622700 2006 03 10     8.78 A
06622700 2006 03 11     8.78 A
06622700 2006 03 12     9.30 A
06622700 2006 03 13     9.38 A
06622700 2006 03 14     8.98 A
06622700 2006 03 15     8.95 A
06622700 2006 03 16     8.87 A
06622700 2006 03 17     8.95 A
06622700 2006 03 18     8.95 A
06622700 2006 03 19     8.91 A
06622700 2006 03 20     8.82 A
06622700 2006 03 21     8.26 A
06622700 2006 03 22     8.19 A
06622700 2006 03 23     8.49 A
06622700 2006 03 24     8.89 A
06622700 2006 03 25     9.22 A
06622700 2006 03 26     9.12 A
06622700 2006 03 27     9.13 A
06622700 2006 03 28     9.82 A
06622700 2006 03 29     10.50 A
06622700 2006 03 30     10.60 A
06622700 2006 03 31     10.20 A
06622700 2006 04 01     10.10 A
06622700 2006 04 02     10.90 A
06622700 2006 04 03     11.80 A
06622700 2006 04 04     12.40 A
06622700 2006 04 05     14.30 A
06622700 2006 04 06     18.80 A
06622700 2006 04 07     16.00 A
06622700 2006 04 08     16.60 A
06622700 2006 04 09     19.70 A
06622700 2006 04 10     24.70 A
06622700 2006 04 11     24.60 A
06622700 2006 04 12     24.30 A
06622700 2006 04 13     32.90 A
06622700 2006 04 14     40.60 A
06622700 2006 04 15     41.80 A
06622700 2006 04 16     42.60 A
06622700 2006 04 17     50.90 A
06622700 2006 04 18     44.80 A
06622700 2006 04 19     42.80 A
06622700 2006 04 20     36.40 A
06622700 2006 04 21     34.10 A
06622700 2006 04 22     43.70 A
06622700 2006 04 23     55.70 A
06622700 2006 04 24     59.50 A
06622700 2006 04 25     53.80 A
06622700 2006 04 26     52.80 A
06622700 2006 04 27     65.20 A
06622700 2006 04 28     71.90 A
06622700 2006 04 29     64.60 A
06622700 2006 04 30     68.70 A
06622700 2006 05 01     75.10 A
06622700 2006 05 02     84.10 A
06622700 2006 05 03     83.30 A
06622700 2006 05 04     78.30 A
06622700 2006 05 05     81.00 A
06622700 2006 05 06     85.10 A
06622700 2006 05 07     92.60 A
06622700 2006 05 08     103.00 A
06622700 2006 05 09     103.00 A
06622700 2006 05 10     96.30 A
06622700 2006 05 11     91.60 A
06622700 2006 05 12     103.00 A
06622700 2006 05 13     141.00 A
06622700 2006 05 14     203.00 A
06622700 2006 05 15     253.00 A
06622700 2006 05 16     281.00 A
06622700 2006 05 17     311.00 A
06622700 2006 05 18     330.00 A
06622700 2006 05 19     379.00 A
06622700 2006 05 20     445.00 A
06622700 2006 05 21     471.00 A
06622700 2006 05 22     450.00 A
06622700 2006 05 23     597.00 A
06622700 2006 05 24     424.00 A
06622700 2006 05 25     410.00 A
06622700 2006 05 26     409.00 A
06622700 2006 05 27     389.00 A
06622700 2006 05 28     329.00 A
06622700 2006 05 29     237.00 A
06622700 2006 05 30     189.00 A
06622700 2006 05 31     191.00 A
06622700 2006 06 01     217.00 A
06622700 2006 06 02     252.00 A
06622700 2006 06 03     275.00 A
06622700 2006 06 04     294.00 A
06622700 2006 06 05     333.00 A
06622700 2006 06 06     333.00 A
06622700 2006 06 07     319.00 A
06622700 2006 06 08     306.00 A
06622700 2006 06 09     347.00 A
06622700 2006 06 10     332.00 A
06622700 2006 06 11     236.00 A
06622700 2006 06 12     192.00 A
06622700 2006 06 13     194.00 A
06622700 2006 06 14     199.00 A
06622700 2006 06 15     154.00 A
06622700 2006 06 16     107.00 A
06622700 2006 06 17     97.80 A
06622700 2006 06 18     104.00 A
06622700 2006 06 19     105.00 A
06622700 2006 06 20     98.20 A
06622700 2006 06 21     86.80 A
06622700 2006 06 22     76.10 A
06622700 2006 06 23     69.50 A
06622700 2006 06 24     63.00 A
06622700 2006 06 25     57.40 A
06622700 2006 06 26     52.30 A
06622700 2006 06 27     47.90 A
06622700 2006 06 28     44.30 A
06622700 2006 06 29     41.90 A
06622700 2006 06 30     40.40 A
06622700 2006 07 01     48.20 A
06622700 2006 07 02     38.90 A
06622700 2006 07 03     35.10 A
06622700 2006 07 04     33.10 A
06622700 2006 07 05     29.40 A
06622700 2006 07 06     28.30 A
06622700 2006 07 07     28.00 A
06622700 2006 07 08     33.20 A
06622700 2006 07 09     52.50 A
06622700 2006 07 10     39.60 A
06622700 2006 07 11     27.80 A
06622700 2006 07 12     22.60 A
06622700 2006 07 13     19.80 A
06622700 2006 07 14     17.30 A
06622700 2006 07 15     16.10 A
06622700 2006 07 16     14.50 A
06622700 2006 07 17     13.60 A
06622700 2006 07 18     13.20 A
06622700 2006 07 19     14.00 A
06622700 2006 07 20     13.90 A
06622700 2006 07 21     12.90 A
06622700 2006 07 22     11.70 A
06622700 2006 07 23     11.20 A
06622700 2006 07 24     11.20 A
06622700 2006 07 25     11.50 A
06622700 2006 07 26     11.90 A
06622700 2006 07 27     11.30 A
06622700 2006 07 28     10.70 A
06622700 2006 07 29     9.96 A
06622700 2006 07 30     9.99 A
06622700 2006 07 31     10.50 A
06622700 2006 08 01     11.70 A
06622700 2006 08 02     11.00 A
06622700 2006 08 03     10.20 A
06622700 2006 08 04     9.69 A
06622700 2006 08 05     9.56 A
06622700 2006 08 06     10.70 A
06622700 2006 08 07     10.30 A
06622700 2006 08 08     9.13 A
06622700 2006 08 09     8.93 A
06622700 2006 08 10     9.90 A
06622700 2006 08 11     10.20 A
06622700 2006 08 12     13.50 A
06622700 2006 08 13     16.20 A
06622700 2006 08 14     11.70 A
06622700 2006 08 15     11.00 A
06622700 2006 08 16     10.30 A
06622700 2006 08 17     10.10 A
06622700 2006 08 18     10.30 A
06622700 2006 08 19     9.33 A
06622700 2006 08 20     9.30 A
06622700 2006 08 21     8.86 A
06622700 2006 08 22     8.67 A
06622700 2006 08 23     8.48 A
06622700 2006 08 24     8.14 A
06622700 2006 08 25     8.92 A
06622700 2006 08 26     11.60 A
06622700 2006 08 27     20.40 A
06622700 2006 08 28     19.90 A
06622700 2006 08 29     11.70 A
06622700 2006 08 30     9.60 A
06622700 2006 08 31     9.06 A
06622700 2006 09 01     8.82 A
06622700 2006 09 02     8.67 A
06622700 2006 09 03     8.61 A
06622700 2006 09 04     8.22 A
06622700 2006 09 05     7.98 A
06622700 2006 09 06     7.94 A
06622700 2006 09 07     7.97 A
06622700 2006 09 08     8.32 A
06622700 2006 09 09     11.40 A
06622700 2006 09 10     13.00 A
06622700 2006 09 11     9.97 A
06622700 2006 09 12     8.91 A
06622700 2006 09 13     8.02 A
06622700 2006 09 14     7.59 A
06622700 2006 09 15     9.29 A
06622700 2006 09 16     22.10 A
06622700 2006 09 17     14.90 A
06622700 2006 09 18     14.10 A
06622700 2006 09 19     16.60 A
06622700 2006 09 20     20.30 A
06622700 2006 09 21     20.40 A
06622700 2006 09 22     19.50 A
06622700 2006 09 23     17.80 A
06622700 2006 09 24     17.60 A
06622700 2006 09 25     19.00 A
06622700 2006 09 26     20.50 A
06622700 2006 09 27     21.80 A
06622700 2006 09 28     21.30 A
06622700 2006 09 29     23.30 A
06622700 2006 09 30     22.10 A
06622700 2006 10 01     18.90 A
06622700 2006 10 02     16.30 A
06622700 2006 10 03     38.30 A
06622700 2006 10 04     24.20 A
06622700 2006 10 05     18.80 A
06622700 2006 10 06     18.80 A
06622700 2006 10 07     34.50 A
06622700 2006 10 08     25.30 A
06622700 2006 10 09     19.60 A
06622700 2006 10 10     19.90 A
06622700 2006 10 11     17.30 A
06622700 2006 10 12     16.30 A
06622700 2006 10 13     15.70 A
06622700 2006 10 14     14.50 A
06622700 2006 10 15     13.30 A
06622700 2006 10 16     14.00 A
06622700 2006 10 17     14.00 A
06622700 2006 10 18     13.50 A
06622700 2006 10 19     16.00 A
06622700 2006 10 20     13.60 A
06622700 2006 10 21     17.70 A
06622700 2006 10 22     21.90 A
06622700 2006 10 23     24.20 A
06622700 2006 10 24     21.90 A
06622700 2006 10 25     18.30 A
06622700 2006 10 26     16.10 A
06622700 2006 10 27     20.90 A
06622700 2006 10 28     24.00 A
06622700 2006 10 29     25.60 A
06622700 2006 10 30     16.20 A
06622700 2006 10 31     16.40 A
06622700 2006 11 01     16.20 A
06622700 2006 11 02     15.50 A
06622700 2006 11 03     14.90 A
06622700 2006 11 04     14.10 A
06622700 2006 11 05     13.30 A
06622700 2006 11 06     13.80 A
06622700 2006 11 07     17.80 A
06622700 2006 11 08     22.40 A
06622700 2006 11 09     22.40 A
06622700 2006 11 10     17.70 A
06622700 2006 11 11     17.80 A
06622700 2006 11 12     17.80 A
06622700 2006 11 13     15.90 A
06622700 2006 11 14     13.90 A
06622700 2006 11 15     12.30 A
06622700 2006 11 16     12.30 A
06622700 2006 11 17     13.30 A
06622700 2006 11 18     13.50 A
06622700 2006 11 19     14.10 A
06622700 2006 11 20     14.00 A
06622700 2006 11 21     15.40 A
06622700 2006 11 22     17.10 A
06622700 2006 11 23     14.70 A
06622700 2006 11 24     14.80 A
06622700 2006 11 25     15.00 A
06622700 2006 11 26     14.20 A
06622700 2006 11 27     13.90 A
06622700 2006 11 28     14.20 A
06622700 2006 11 29     13.00 A
06622700 2006 11 30     13.00 A
06622700 2006 12 01     12.00 A
06622700 2006 12 02     11.00 A
06622700 2006 12 03     9.40 A
06622700 2006 12 04     9.60 A
06622700 2006 12 05     9.60 A
06622700 2006 12 06     10.20 A
06622700 2006 12 07     10.00 A
06622700 2006 12 08     11.00 A
06622700 2006 12 09     11.00 A
06622700 2006 12 10     12.00 A
06622700 2006 12 11     13.00 A
06622700 2006 12 12     13.00 A
06622700 2006 12 13     13.00 A
06622700 2006 12 14     13.00 A
06622700 2006 12 15     13.00 A
06622700 2006 12 16     14.00 A
06622700 2006 12 17     13.60 A
06622700 2006 12 18     13.60 A
06622700 2006 12 19     13.60 A
06622700 2006 12 20     13.10 A
06622700 2006 12 21     12.80 A
06622700 2006 12 22     12.60 A
06622700 2006 12 23     12.70 A
06622700 2006 12 24     12.70 A
06622700 2006 12 25     12.30 A
06622700 2006 12 26     12.60 A
06622700 2006 12 27     12.70 A
06622700 2006 12 28     12.60 A
06622700 2006 12 29     12.10 A
06622700 2006 12 30     11.00 A
06622700 2006 12 31     11.00 A
06622700 2007 01 01     12.00 A
06622700 2007 01 02     11.90 A
06622700 2007 01 03     12.10 A
06622700 2007 01 04     12.30 A
06622700 2007 01 05     12.60 A
06622700 2007 01 06     12.30 A
06622700 2007 01 07     12.20 A
06622700 2007 01 08     12.30 A
06622700 2007 01 09     12.50 A
06622700 2007 01 10     12.20 A
06622700 2007 01 11     12.20 A
06622700 2007 01 12     12.10 A
06622700 2007 01 13     12.30 A
06622700 2007 01 14     11.80 A
06622700 2007 01 15     11.70 A
06622700 2007 01 16     11.70 A
06622700 2007 01 17     11.70 A
06622700 2007 01 18     11.80 A
06622700 2007 01 19     11.70 A
06622700 2007 01 20     11.80 A
06622700 2007 01 21     11.70 A
06622700 2007 01 22     11.70 A
06622700 2007 01 23     11.50 A
06622700 2007 01 24     11.50 A
06622700 2007 01 25     11.40 A
06622700 2007 01 26     11.40 A
06622700 2007 01 27     11.30 A
06622700 2007 01 28     11.10 A
06622700 2007 01 29     11.30 A
06622700 2007 01 30     11.40 A
06622700 2007 01 31     11.40 A
06622700 2007 02 01     11.40 A
06622700 2007 02 02     11.30 A
06622700 2007 02 03     11.40 A
06622700 2007 02 04     11.30 A
06622700 2007 02 05     11.30 A
06622700 2007 02 06     11.40 A
06622700 2007 02 07     11.40 A
06622700 2007 02 08     11.40 A
06622700 2007 02 09     11.30 A
06622700 2007 02 10     11.40 A
06622700 2007 02 11     11.30 A
06622700 2007 02 12     11.30 A
06622700 2007 02 13     10.00 A
06622700 2007 02 14     10.00 A
06622700 2007 02 15     9.80 A
06622700 2007 02 16     9.60 A
06622700 2007 02 17     9.80 A
06622700 2007 02 18     9.80 A
06622700 2007 02 19     10.00 A
06622700 2007 02 20     10.00 A
06622700 2007 02 21     10.00 A
06622700 2007 02 22     10.70 A
06622700 2007 02 23     10.80 A
06622700 2007 02 24     10.60 A
06622700 2007 02 25     9.80 A
06622700 2007 02 26     9.80 A
06622700 2007 02 27     10.30 A
06622700 2007 02 28     10.40 A
06622700 2007 03 01     10.00 A
06622700 2007 03 02     9.69 A
06622700 2007 03 03     9.61 A
06622700 2007 03 04     9.74 A
06622700 2007 03 05     9.84 A
06622700 2007 03 06     9.50 A
06622700 2007 03 07     9.81 A
06622700 2007 03 08     9.80 A
06622700 2007 03 09     9.61 A
06622700 2007 03 10     9.58 A
06622700 2007 03 11     9.50 A
06622700 2007 03 12     9.91 A
06622700 2007 03 13     11.00 A
06622700 2007 03 14     12.00 A
06622700 2007 03 15     12.00 A
06622700 2007 03 16     11.00 A
06622700 2007 03 17     11.00 A
06622700 2007 03 18     12.00 A
06622700 2007 03 19     14.00 A
06622700 2007 03 20     16.80 A
06622700 2007 03 21     16.70 A
06622700 2007 03 22     16.90 A
06622700 2007 03 23     17.80 A
06622700 2007 03 24     16.60 A
06622700 2007 03 25     17.20 A
06622700 2007 03 26     20.50 A
06622700 2007 03 27     25.10 A
06622700 2007 03 28     26.50 A
06622700 2007 03 29     25.60 A
06622700 2007 03 30     33.20 A
06622700 2007 03 31     23.20 A
06622700 2007 04 01     17.10 A
06622700 2007 04 02     16.80 A
06622700 2007 04 03     19.60 A
06622700 2007 04 04     15.90 A
06622700 2007 04 05     18.50 A
06622700 2007 04 06     19.00 A
06622700 2007 04 07     18.50 A
06622700 2007 04 08     18.30 A
06622700 2007 04 09     18.80 A
06622700 2007 04 10     19.50 A
06622700 2007 04 11     18.60 A
06622700 2007 04 12     18.90 A
06622700 2007 04 13     19.00 A
06622700 2007 04 14     19.20 A
06622700 2007 04 15     19.80 A
06622700 2007 04 16     24.70 A
06622700 2007 04 17     28.30 A
06622700 2007 04 18     30.30 A
06622700 2007 04 19     30.40 A
06622700 2007 04 20     28.10 A
06622700 2007 04 21     29.40 A
06622700 2007 04 22     26.50 A
06622700 2007 04 23     27.70 A
06622700 2007 04 24     25.90 A
06622700 2007 04 25     24.30 A
06622700 2007 04 26     25.40 A
06622700 2007 04 27     26.50 A
06622700 2007 04 28     37.80 A
06622700 2007 04 29     53.20 A
06622700 2007 04 30     72.30 A
06622700 2007 05 01     93.70 A
06622700 2007 05 02     108.00 A
06622700 2007 05 03     130.00 A
06622700 2007 05 04     108.00 A
06622700 2007 05 05     80.10 A
06622700 2007 05 06     64.10 A
06622700 2007 05 07     59.40 A
06622700 2007 05 08     58.10 A
06622700 2007 05 09     67.50 A
06622700 2007 05 10     89.00 A
06622700 2007 05 11     142.00 A
06622700 2007 05 12     208.00 A
06622700 2007 05 13     244.00 A
06622700 2007 05 14     297.00 A
06622700 2007 05 15     305.00 A
06622700 2007 05 16     299.00 A
06622700 2007 05 17     302.00 A
06622700 2007 05 18     308.00 A
06622700 2007 05 19     295.00 A
06622700 2007 05 20     303.00 A
06622700 2007 05 21     303.00 A
06622700 2007 05 22     246.00 A
06622700 2007 05 23     149.00 A
06622700 2007 05 24     115.00 A
06622700 2007 05 25     118.00 A
06622700 2007 05 26     139.00 A
06622700 2007 05 27     156.00 A
06622700 2007 05 28     194.00 A
06622700 2007 05 29     207.00 A
06622700 2007 05 30     144.00 A
06622700 2007 05 31     112.00 A
06622700 2007 06 01     107.00 A
06622700 2007 06 02     114.00 A
06622700 2007 06 03     143.00 A
06622700 2007 06 04     159.00 A
06622700 2007 06 05     174.00 A
06622700 2007 06 06     178.00 A
06622700 2007 06 07     127.00 A
06622700 2007 06 08     147.00 A
06622700 2007 06 09     146.00 A
06622700 2007 06 10     138.00 A
06622700 2007 06 11     142.00 A
06622700 2007 06 12     178.00 A
06622700 2007 06 13     166.00 A
06622700 2007 06 14     155.00 A
06622700 2007 06 15     161.00 A
06622700 2007 06 16     156.00 A
06622700 2007 06 17     156.00 A
06622700 2007 06 18     117.00 A
06622700 2007 06 19     81.70 A
06622700 2007 06 20     75.90 A
06622700 2007 06 21     70.40 A
06622700 2007 06 22     64.90 A
06622700 2007 06 23     60.30 A
06622700 2007 06 24     58.70 A
06622700 2007 06 25     53.70 A
06622700 2007 06 26     47.90 A
06622700 2007 06 27     44.10 A
06622700 2007 06 28     43.00 A
06622700 2007 06 29     37.00 A
06622700 2007 06 30     33.30 A
06622700 2007 07 01     29.80 A
06622700 2007 07 02     26.80 A
06622700 2007 07 03     24.20 A
06622700 2007 07 04     22.60 A
06622700 2007 07 05     21.20 A
06622700 2007 07 06     19.70 A
06622700 2007 07 07     19.00 A
06622700 2007 07 08     17.50 A
06622700 2007 07 09     16.40 A
06622700 2007 07 10     15.20 A
06622700 2007 07 11     14.60 A
06622700 2007 07 12     16.10 A
06622700 2007 07 13     17.30 A
06622700 2007 07 14     19.70 A
06622700 2007 07 15     15.20 A
06622700 2007 07 16     13.30 A
06622700 2007 07 17     13.20 A
06622700 2007 07 18     13.10 A
06622700 2007 07 19     12.90 A
06622700 2007 07 20     14.20 A
06622700 2007 07 21     14.80 A
06622700 2007 07 22     11.80 A
06622700 2007 07 23     11.30 A
06622700 2007 07 24     11.20 A
06622700 2007 07 25     20.10 A
06622700 2007 07 26     19.70 A
06622700 2007 07 27     29.80 A
06622700 2007 07 28     23.40 A
06622700 2007 07 29     15.00 A
06622700 2007 07 30     13.10 A
06622700 2007 07 31     12.10 A
06622700 2007 08 01     11.70 A
06622700 2007 08 02     16.00 A
06622700 2007 08 03     31.70 A
06622700 2007 08 04     18.60 A
06622700 2007 08 05     13.90 A
06622700 2007 08 06     14.50 A
06622700 2007 08 07     13.60 A
06622700 2007 08 08     14.80 A
06622700 2007 08 09     11.20 A
06622700 2007 08 10     10.30 A
06622700 2007 08 11     9.72 A
06622700 2007 08 12     9.91 A
06622700 2007 08 13     10.50 A
06622700 2007 08 14     10.50 A
06622700 2007 08 15     10.90 A
06622700 2007 08 16     13.10 A
06622700 2007 08 17     11.00 A
06622700 2007 08 18     20.70 A
06622700 2007 08 19     21.30 A
06622700 2007 08 20     12.20 A
06622700 2007 08 21     9.97 A
06622700 2007 08 22     9.40 A
06622700 2007 08 23     10.90 A
06622700 2007 08 24     12.50 A
06622700 2007 08 25     9.77 A
06622700 2007 08 26     8.98 A
06622700 2007 08 27     10.70 A
06622700 2007 08 28     11.10 A
06622700 2007 08 29     9.50 A
06622700 2007 08 30     10.50 A
06622700 2007 08 31     11.50 A
06622700 2007 09 01     12.30 A
06622700 2007 09 02     10.80 A
06622700 2007 09 03     10.60 A
06622700 2007 09 04     10.80 A
06622700 2007 09 05     12.00 A
06622700 2007 09 06     21.50 A
06622700 2007 09 07     14.40 A
06622700 2007 09 08     12.20 A
06622700 2007 09 09     11.40 A
06622700 2007 09 10     11.50 A
06622700 2007 09 11     11.30 A
06622700 2007 09 12     10.60 A
06622700 2007 09 13     10.00 A
06622700 2007 09 14     9.61 A
06622700 2007 09 15     10.10 A
06622700 2007 09 16     9.81 A
06622700 2007 09 17     18.30 A
06622700 2007 09 18     13.20 A
06622700 2007 09 19     10.70 A
06622700 2007 09 20     10.00 A
06622700 2007 09 21     9.63 A
06622700 2007 09 22     8.84 A
06622700 2007 09 23     13.10 A
06622700 2007 09 24     17.30 A
06622700 2007 09 25     18.20 A
06622700 2007 09 26     16.60 A
06622700 2007 09 27     12.20 A
06622700 2007 09 28     10.70 A
06622700 2007 09 29     10.30 A
06622700 2007 09 30     17.90 A
06622700 2007 10 01     19.70 A
06622700 2007 10 02     28.10 A
06622700 2007 10 03     22.00 A
06622700 2007 10 04     21.40 A
06622700 2007 10 05     18.30 A
06622700 2007 10 06     15.50 A
06622700 2007 10 07     14.70 A
06622700 2007 10 08     14.00 A
06622700 2007 10 09     16.00 A
06622700 2007 10 10     15.00 A
06622700 2007 10 11     14.00 A
06622700 2007 10 12     12.80 A
06622700 2007 10 13     12.30 A
06622700 2007 10 14     16.30 A
06622700 2007 10 15     15.40 A
06622700 2007 10 16     17.20 A
06622700 2007 10 17     19.80 A
06622700 2007 10 18     14.40 A
06622700 2007 10 19     14.40 A
06622700 2007 10 20     15.90 A
06622700 2007 10 21     14.60 A
06622700 2007 10 22     15.50 A
06622700 2007 10 23     21.40 A
06622700 2007 10 24     20.00 A
06622700 2007 10 25     20.00 A
06622700 2007 10 26     20.00 A
06622700 2007 10 27     19.50 A
06622700 2007 10 28     18.30 A
06622700 2007 10 29     17.60 A
06622700 2007 10 30     18.60 A
06622700 2007 10 31     19.90 A
06622700 2007 11 01     19.00 A
06622700 2007 11 02     17.00 A
06622700 2007 11 03     17.00 A
06622700 2007 11 04     18.00 A
06622700 2007 11 05     16.00 A
06622700 2007 11 06     16.00 A
06622700 2007 11 07     16.00 A
06622700 2007 11 08     16.00 A
06622700 2007 11 09     15.00 A
06622700 2007 11 10     14.10 A
06622700 2007 11 11     13.60 A
06622700 2007 11 12     13.60 A
06622700 2007 11 13     14.00 A
06622700 2007 11 14     13.00 A
06622700 2007 11 15     9.56 A
06622700 2007 11 16     14.50 A
06622700 2007 11 17     16.20 A
06622700 2007 11 18     13.50 A
06622700 2007 11 19     13.10 A
06622700 2007 11 20     12.70 A
06622700 2007 11 21     11.00 A
06622700 2007 11 22     9.70 A
06622700 2007 11 23     9.02 A
06622700 2007 11 24     8.49 A
06622700 2007 11 25     10.20 A
06622700 2007 11 26     11.20 A
06622700 2007 11 27     11.10 A
06622700 2007 11 28     10.00 A
06622700 2007 11 29     10.00 A
06622700 2007 11 30     11.00 A
06622700 2007 12 01     11.10 A
06622700 2007 12 02     12.00 A
06622700 2007 12 03     12.40 A
06622700 2007 12 04     12.40 A
06622700 2007 12 05     12.60 A
06622700 2007 12 06     12.70 A
06622700 2007 12 07     12.80 A
06622700 2007 12 08     12.80 A
06622700 2007 12 09     12.70 A
06622700 2007 12 10     12.50 A
06622700 2007 12 11     12.50 A
06622700 2007 12 12     12.30 A
06622700 2007 12 13     12.30 A
06622700 2007 12 14     12.20 A
06622700 2007 12 15     11.90 A
06622700 2007 12 16     11.90 A
06622700 2007 12 17     11.90 A
06622700 2007 12 18     11.90 A
06622700 2007 12 19     11.90 A
06622700 2007 12 20     11.90 A
06622700 2007 12 21     11.90 A
06622700 2007 12 22     11.80 A
06622700 2007 12 23     11.80 A
06622700 2007 12 24     12.10 A
06622700 2007 12 25     12.20 A
06622700 2007 12 26     12.10 A
06622700 2007 12 27     11.90 A
06622700 2007 12 28     11.90 A
06622700 2007 12 29     11.90 A
06622700 2007 12 30     11.80 A
06622700 2007 12 31     11.80 A
06622700 2008 01 01     11.50 A
06622700 2008 01 02     11.60 A
06622700 2008 01 03     11.60 A
06622700 2008 01 04     11.70 A
06622700 2008 01 05     11.80 A
06622700 2008 01 06     11.80 A
06622700 2008 01 07     11.50 A
06622700 2008 01 08     11.50 A
06622700 2008 01 09     11.50 A
06622700 2008 01 10     11.50 A
06622700 2008 01 11     11.50 A
06622700 2008 01 12     11.50 A
06622700 2008 01 13     11.50 A
06622700 2008 01 14     11.30 A
06622700 2008 01 15     11.30 A
06622700 2008 01 16     11.40 A
06622700 2008 01 17     11.30 A
06622700 2008 01 18     11.50 A
06622700 2008 01 19     11.60 A
06622700 2008 01 20     11.60 A
06622700 2008 01 21     11.50 A
06622700 2008 01 22     11.50 A
06622700 2008 01 23     11.50 A
06622700 2008 01 24     11.30 A
06622700 2008 01 25     11.40 A
06622700 2008 01 26     11.20 A
06622700 2008 01 27     11.20 A
06622700 2008 01 28     11.40 A
06622700 2008 01 29     11.20 A
06622700 2008 01 30     11.50 A
06622700 2008 01 31     11.20 A
06622700 2008 02 01     11.10 A
06622700 2008 02 02     11.00 A
06622700 2008 02 03     11.10 A
06622700 2008 02 04     11.10 A
06622700 2008 02 05     11.00 A
06622700 2008 02 06     10.90 A
06622700 2008 02 07     11.00 A
06622700 2008 02 08     11.00 A
06622700 2008 02 09     11.00 A
06622700 2008 02 10     11.00 A
06622700 2008 02 11     11.00 A
06622700 2008 02 12     11.00 A
06622700 2008 02 13     11.00 A
06622700 2008 02 14     10.90 A
06622700 2008 02 15     11.00 A
06622700 2008 02 16     10.90 A
06622700 2008 02 17     11.00 A
06622700 2008 02 18     11.00 A
06622700 2008 02 19     11.00 A
06622700 2008 02 20     11.00 A
06622700 2008 02 21     11.00 A
06622700 2008 02 22     10.90 A
06622700 2008 02 23     10.90 A
06622700 2008 02 24     10.80 A
06622700 2008 02 25     10.90 A
06622700 2008 02 26     10.80 A
06622700 2008 02 27     10.90 A
06622700 2008 02 28     10.90 A
06622700 2008 02 29     10.90 A
06622700 2008 03 01     11.00 A
06622700 2008 03 02     10.70 A
06622700 2008 03 03     10.00 A
06622700 2008 03 04     10.00 A
06622700 2008 03 05     11.00 A
06622700 2008 03 06     10.90 A
06622700 2008 03 07     10.70 A
06622700 2008 03 08     10.80 A
06622700 2008 03 09     10.70 A
06622700 2008 03 10     10.80 A
06622700 2008 03 11     10.90 A
06622700 2008 03 12     11.00 A
06622700 2008 03 13     10.90 A
06622700 2008 03 14     10.90 A
06622700 2008 03 15     10.90 A
06622700 2008 03 16     10.90 A
06622700 2008 03 17     10.80 A
06622700 2008 03 18     10.70 A
06622700 2008 03 19     10.70 A
06622700 2008 03 20     10.70 A
06622700 2008 03 21     10.70 A
06622700 2008 03 22     10.60 A
06622700 2008 03 23     11.00 A
06622700 2008 03 24     11.00 A
06622700 2008 03 25     10.80 A
06622700 2008 03 26     10.70 A
06622700 2008 03 27     10.70 A
06622700 2008 03 28     11.00 A
06622700 2008 03 29     10.70 A
06622700 2008 03 30     10.30 A
06622700 2008 03 31     10.50 A
06622700 2008 04 01     10.80 A
06622700 2008 04 02     11.00 A
06622700 2008 04 03     11.00 A
06622700 2008 04 04     11.00 A
06622700 2008 04 05     11.10 A
06622700 2008 04 06     11.00 A
06622700 2008 04 07     11.00 A
06622700 2008 04 08     10.80 A
06622700 2008 04 09     11.00 A
06622700 2008 04 10     11.20 A
06622700 2008 04 11     11.10 A
06622700 2008 04 12     11.00 A
06622700 2008 04 13     11.00 A
06622700 2008 04 14     13.00 A
06622700 2008 04 15     21.00 A
06622700 2008 04 16     26.00 A
06622700 2008 04 17     24.00 A
06622700 2008 04 18     17.00 A
06622700 2008 04 19     22.20 A
06622700 2008 04 20     26.90 A
06622700 2008 04 21     28.70 A
06622700 2008 04 22     28.30 A
06622700 2008 04 23     28.90 A
06622700 2008 04 24     30.20 A
06622700 2008 04 25     26.30 A
06622700 2008 04 26     24.10 A
06622700 2008 04 27     25.40 A
06622700 2008 04 28     24.40 A
06622700 2008 04 29     28.00 A
06622700 2008 04 30     36.90 A
06622700 2008 05 01     38.10 A
06622700 2008 05 02     31.90 A
06622700 2008 05 03     37.20 A
06622700 2008 05 04     28.50 A
06622700 2008 05 05     35.00 A
06622700 2008 05 06     48.90 A
06622700 2008 05 07     61.70 A
06622700 2008 05 08     67.40 A
06622700 2008 05 09     57.80 A
06622700 2008 05 10     51.70 A
06622700 2008 05 11     52.90 A
06622700 2008 05 12     55.20 A
06622700 2008 05 13     48.90 A
06622700 2008 05 14     45.60 A
06622700 2008 05 15     44.50 A
06622700 2008 05 16     46.30 A
06622700 2008 05 17     61.50 A
06622700 2008 05 18     104.00 A
06622700 2008 05 19     177.00 A
06622700 2008 05 20     276.00 A
06622700 2008 05 21     372.00 A
06622700 2008 05 22     414.00 A
06622700 2008 05 23     319.00 A
06622700 2008 05 24     238.00 A
06622700 2008 05 25     192.00 A
06622700 2008 05 26     234.00 A
06622700 2008 05 27     297.00 A
06622700 2008 05 28     336.00 A
06622700 2008 05 29     411.00 A
06622700 2008 05 30     404.00 A
06622700 2008 05 31     402.00 A
06622700 2008 06 01     480.00 A
06622700 2008 06 02     528.00 A
06622700 2008 06 03     567.00 A
06622700 2008 06 04     671.00 A
06622700 2008 06 05     484.00 A
06622700 2008 06 06     460.00 A
06622700 2008 06 07     387.00 A
06622700 2008 06 08     283.00 A
06622700 2008 06 09     238.00 A
06622700 2008 06 10     305.00 A
06622700 2008 06 11     349.00 A
06622700 2008 06 12     220.00 A
06622700 2008 06 13     194.00 A
06622700 2008 06 14     273.00 A
06622700 2008 06 15     383.00 A
06622700 2008 06 16     440.00 A
06622700 2008 06 17     466.00 A
06622700 2008 06 18     482.00 A
06622700 2008 06 19     454.00 A
06622700 2008 06 20     423.00 A
06622700 2008 06 21     387.00 A
06622700 2008 06 22     362.00 A
06622700 2008 06 23     355.00 A
06622700 2008 06 24     356.00 A
06622700 2008 06 25     363.00 A
06622700 2008 06 26     345.00 A
06622700 2008 06 27     340.00 A
06622700 2008 06 28     305.00 A
06622700 2008 06 29     256.00 A
06622700 2008 06 30     241.00 A
06622700 2008 07 01     257.00 A
06622700 2008 07 02     217.00 A
06622700 2008 07 03     199.00 A
06622700 2008 07 04     167.00 A
06622700 2008 07 05     156.00 A
06622700 2008 07 06     134.00 A
06622700 2008 07 07     107.00 A
06622700 2008 07 08     93.70 A
06622700 2008 07 09     83.40 A
06622700 2008 07 10     76.80 A
06622700 2008 07 11     66.30 A
06622700 2008 07 12     58.10 A
06622700 2008 07 13     49.80 A
06622700 2008 07 14     45.40 A
06622700 2008 07 15     41.50 A
06622700 2008 07 16     38.30 A
06622700 2008 07 17     38.30 A
06622700 2008 07 18     36.70 A
06622700 2008 07 19     32.10 A
06622700 2008 07 20     29.20 A
06622700 2008 07 21     28.20 A
06622700 2008 07 22     26.70 A
06622700 2008 07 23     25.10 A
06622700 2008 07 24     23.30 A
06622700 2008 07 25     21.70 A
06622700 2008 07 26     20.20 A
06622700 2008 07 27     19.80 A
06622700 2008 07 28     21.10 A
06622700 2008 07 29     22.10 A
06622700 2008 07 30     20.50 A
06622700 2008 07 31     19.50 A
06622700 2008 08 01     18.50 A
06622700 2008 08 02     17.60 A
06622700 2008 08 03     17.30 A
06622700 2008 08 04     16.10 A
06622700 2008 08 05     15.60 A
06622700 2008 08 06     16.20 A
06622700 2008 08 07     16.90 A
06622700 2008 08 08     21.90 A
06622700 2008 08 09     25.60 A
06622700 2008 08 10     19.50 A
06622700 2008 08 11     19.20 A
06622700 2008 08 12     16.70 A
06622700 2008 08 13     15.10 A
06622700 2008 08 14     14.40 A
06622700 2008 08 15     24.50 A
06622700 2008 08 16     19.10 A
06622700 2008 08 17     15.00 A
06622700 2008 08 18     13.00 A
06622700 2008 08 19     11.40 A
06622700 2008 08 20     10.60 A
06622700 2008 08 21     10.30 A
06622700 2008 08 22     9.99 A
06622700 2008 08 23     9.70 A
06622700 2008 08 24     9.56 A
06622700 2008 08 25     9.44 A
06622700 2008 08 26     9.33 A
06622700 2008 08 27     9.02 A
06622700 2008 08 28     8.74 A
06622700 2008 08 29     8.69 A
06622700 2008 08 30     8.61 A
06622700 2008 08 31     8.90 A
06622700 2008 09 01     11.10 A
06622700 2008 09 02     14.20 A
06622700 2008 09 03     10.50 A
06622700 2008 09 04     9.65 A
06622700 2008 09 05     10.00 A
06622700 2008 09 06     9.84 A
06622700 2008 09 07     9.40 A
06622700 2008 09 08     9.18 A
06622700 2008 09 09     9.05 A
06622700 2008 09 10     12.20 A
06622700 2008 09 11     32.60 A
06622700 2008 09 12     31.50 A
06622700 2008 09 13     25.00 A
06622700 2008 09 14     16.90 A
06622700 2008 09 15     13.00 A
06622700 2008 09 16     11.60 A
06622700 2008 09 17     10.90 A
06622700 2008 09 18     10.60 A
06622700 2008 09 19     11.40 A
06622700 2008 09 20     11.40 A
06622700 2008 09 21     21.20 A
06622700 2008 09 22     16.70 A
06622700 2008 09 23     17.20 A
06622700 2008 09 24     15.50 A
06622700 2008 09 25     12.10 A
06622700 2008 09 26     11.10 A
06622700 2008 09 27     10.60 A
06622700 2008 09 28     10.20 A
06622700 2008 09 29     9.90 A
06622700 2008 09 30     9.65 A
06622700 2008 10 01     9.48 A
06622700 2008 10 02     9.67 A
06622700 2008 10 03     10.10 A
06622700 2008 10 04     10.30 A
06622700 2008 10 05     11.00 A
06622700 2008 10 06     11.00 A
06622700 2008 10 07     10.00 A
06622700 2008 10 08     10.20 A
06622700 2008 10 09     9.82 A
06622700 2008 10 10     10.30 A
06622700 2008 10 11     12.80 A
06622700 2008 10 12     21.40 A
06622700 2008 10 13     12.90 A
06622700 2008 10 14     13.00 A
06622700 2008 10 15     13.00 A
06622700 2008 10 16     12.20 A
06622700 2008 10 17     11.90 A
06622700 2008 10 18     12.40 A
06622700 2008 10 19     12.00 A
06622700 2008 10 20     11.40 A
06622700 2008 10 21     11.00 A
06622700 2008 10 22     10.00 A
06622700 2008 10 23     10.00 A
06622700 2008 10 24     11.00 A
06622700 2008 10 25     13.00 A
06622700 2008 10 26     12.60 A
06622700 2008 10 27     12.00 A
06622700 2008 10 28     13.00 A
06622700 2008 10 29     13.00 A
06622700 2008 10 30     12.90 A
06622700 2008 10 31     12.60 A
06622700 2008 11 01     12.30 A
06622700 2008 11 02     13.00 A
06622700 2008 11 03     14.80 A
06622700 2008 11 04     13.60 A
06622700 2008 11 05     10.80 A
06622700 2008 11 06     10.90 A
06622700 2008 11 07     10.00 A
06622700 2008 11 08     11.00 A
06622700 2008 11 09     12.00 A
06622700 2008 11 10     13.00 A
06622700 2008 11 11     13.70 A
06622700 2008 11 12     12.80 A
06622700 2008 11 13     13.70 A
06622700 2008 11 14     13.00 A
06622700 2008 11 15     11.40 A
06622700 2008 11 16     12.10 A
06622700 2008 11 17     13.50 A
06622700 2008 11 18     13.30 A
06622700 2008 11 19     14.20 A
06622700 2008 11 20     12.90 A
06622700 2008 11 21     13.10 A
06622700 2008 11 22     12.00 A
06622700 2008 11 23     12.00 A
06622700 2008 11 24     12.10 A
06622700 2008 11 25     12.90 A
06622700 2008 11 26     13.90 A
06622700 2008 11 27     13.30 A
06622700 2008 11 28     12.20 A
06622700 2008 11 29     11.10 A
06622700 2008 11 30     11.20 A
06622700 2008 12 01     11.20 A
06622700 2008 12 02     11.50 A
06622700 2008 12 03     11.40 A
06622700 2008 12 04     11.20 A
06622700 2008 12 05     11.00 A
06622700 2008 12 06     11.00 A
06622700 2008 12 07     11.30 A
06622700 2008 12 08     11.10 A
06622700 2008 12 09     11.00 A
06622700 2008 12 10     10.80 A
06622700 2008 12 11     10.80 A
06622700 2008 12 12     10.70 A
06622700 2008 12 13     10.90 A
06622700 2008 12 14     11.00 A
06622700 2008 12 15     10.60 A
06622700 2008 12 16     10.60 A
06622700 2008 12 17     10.90 A
06622700 2008 12 18     10.90 A
06622700 2008 12 19     11.00 A
06622700 2008 12 20     10.90 A
06622700 2008 12 21     10.90 A
06622700 2008 12 22     11.00 A
06622700 2008 12 23     11.00 A
06622700 2008 12 24     10.70 A
06622700 2008 12 25     10.60 A
06622700 2008 12 26     10.90 A
06622700 2008 12 27     10.80 A
06622700 2008 12 28     10.80 A
06622700 2008 12 29     10.90 A
06622700 2008 12 30     10.90 A
06622700 2008 12 31     10.70 A
06622700 2009 01 01     10.70 A
06622700 2009 01 02     10.70 A
06622700 2009 01 03     10.60 A
06622700 2009 01 04     10.30 A
06622700 2009 01 05     10.80 A
06622700 2009 01 06     10.80 A
06622700 2009 01 07     10.70 A
06622700 2009 01 08     10.70 A
06622700 2009 01 09     10.70 A
06622700 2009 01 10     10.60 A
06622700 2009 01 11     10.60 A
06622700 2009 01 12     10.70 A
06622700 2009 01 13     10.60 A
06622700 2009 01 14     10.60 A
06622700 2009 01 15     10.30 A
06622700 2009 01 16     10.30 A
06622700 2009 01 17     10.30 A
06622700 2009 01 18     10.10 A
06622700 2009 01 19     9.95 A
06622700 2009 01 20     9.96 A
06622700 2009 01 21     9.94 A
06622700 2009 01 22     10.00 A
06622700 2009 01 23     10.20 A
06622700 2009 01 24     10.60 A
06622700 2009 01 25     10.40 A
06622700 2009 01 26     10.20 A
06622700 2009 01 27     10.40 A
06622700 2009 01 28     10.50 A
06622700 2009 01 29     10.50 A
06622700 2009 01 30     10.50 A
06622700 2009 01 31     10.30 A
06622700 2009 02 01     10.30 A
06622700 2009 02 02     10.20 A
06622700 2009 02 03     10.20 A
06622700 2009 02 04     10.20 A
06622700 2009 02 05     10.20 A
06622700 2009 02 06     10.20 A
06622700 2009 02 07     10.20 A
06622700 2009 02 08     10.20 A
06622700 2009 02 09     10.30 A
06622700 2009 02 10     10.20 A
06622700 2009 02 11     9.98 A
06622700 2009 02 12     9.64 A
06622700 2009 02 13     9.69 A
06622700 2009 02 14     9.72 A
06622700 2009 02 15     9.67 A
06622700 2009 02 16     9.79 A
06622700 2009 02 17     9.75 A
06622700 2009 02 18     9.58 A
06622700 2009 02 19     9.61 A
06622700 2009 02 20     9.70 A
06622700 2009 02 21     9.53 A
06622700 2009 02 22     9.58 A
06622700 2009 02 23     9.73 A
06622700 2009 02 24     9.91 A
06622700 2009 02 25     9.88 A
06622700 2009 02 26     9.78 A
06622700 2009 02 27     9.61 A
06622700 2009 02 28     9.40 A
06622700 2009 03 01     9.98 A
06622700 2009 03 02     9.94 A
06622700 2009 03 03     10.90 A
06622700 2009 03 04     11.00 A
06622700 2009 03 05     10.40 A
06622700 2009 03 06     10.00 A
06622700 2009 03 07     10.20 A
06622700 2009 03 08     10.00 A
06622700 2009 03 09     10.20 A
06622700 2009 03 10     10.00 A
06622700 2009 03 11     10.40 A
06622700 2009 03 12     10.20 A
06622700 2009 03 13     10.40 A
06622700 2009 03 14     10.60 A
06622700 2009 03 15     10.80 A
06622700 2009 03 16     10.70 A
06622700 2009 03 17     11.10 A
06622700 2009 03 18     11.40 A
06622700 2009 03 19     12.00 A
06622700 2009 03 20     12.00 A
06622700 2009 03 21     14.00 A
06622700 2009 03 22     17.00 A
06622700 2009 03 23     16.00 A
06622700 2009 03 24     18.00 A
06622700 2009 03 25     15.00 A
06622700 2009 03 26     12.00 A
06622700 2009 03 27     12.00 A
06622700 2009 03 28     13.00 A
06622700 2009 03 29     13.50 A
06622700 2009 03 30     13.30 A
06622700 2009 03 31     12.70 A
06622700 2009 04 01     12.60 A
06622700 2009 04 02     12.60 A
06622700 2009 04 03     12.50 A
06622700 2009 04 04     12.20 A
06622700 2009 04 05     12.30 A
06622700 2009 04 06     12.80 A
06622700 2009 04 07     14.20 A
06622700 2009 04 08     15.70 A
06622700 2009 04 09     15.50 A
06622700 2009 04 10     15.20 A
06622700 2009 04 11     15.50 A
06622700 2009 04 12     15.60 A
06622700 2009 04 13     15.00 A
06622700 2009 04 14     15.70 A
06622700 2009 04 15     18.10 A
06622700 2009 04 16     20.30 A
06622700 2009 04 17     17.60 A
06622700 2009 04 18     16.00 A
06622700 2009 04 19     17.00 A
06622700 2009 04 20     19.90 A
06622700 2009 04 21     27.50 A
06622700 2009 04 22     37.20 A
06622700 2009 04 23     46.20 A
06622700 2009 04 24     49.90 A
06622700 2009 04 25     49.60 A
06622700 2009 04 26     46.90 A
06622700 2009 04 27     40.80 A
06622700 2009 04 28     39.00 A
06622700 2009 04 29     43.30 A
06622700 2009 04 30     46.90 A
06622700 2009 05 01     45.50 A
06622700 2009 05 02     51.30 A
06622700 2009 05 03     57.10 A
06622700 2009 05 04     55.70 A
06622700 2009 05 05     54.80 A
06622700 2009 05 06     61.60 A
06622700 2009 05 07     73.80 A
06622700 2009 05 08     73.70 A
06622700 2009 05 09     73.00 A
06622700 2009 05 10     75.30 A
06622700 2009 05 11     84.10 A
06622700 2009 05 12     126.00 A
06622700 2009 05 13     151.00 A
06622700 2009 05 14     137.00 A
06622700 2009 05 15     143.00 A
06622700 2009 05 16     178.00 A
06622700 2009 05 17     223.00 A
06622700 2009 05 18     303.00 A
06622700 2009 05 19     401.00 A
06622700 2009 05 20     506.00 A
06622700 2009 05 21     534.00 A
06622700 2009 05 22     492.00 A
06622700 2009 05 23     476.00 A
06622700 2009 05 24     538.00 A
06622700 2009 05 25     660.00 A
06622700 2009 05 26     555.00 A
06622700 2009 05 27     458.00 A
06622700 2009 05 28     411.00 A
06622700 2009 05 29     372.00 A
06622700 2009 05 30     400.00 A
06622700 2009 05 31     434.00 A
06622700 2009 06 01     495.00 A
06622700 2009 06 02     618.00 A
06622700 2009 06 03     541.00 A
06622700 2009 06 04     640.00 A
06622700 2009 06 05     515.00 A
06622700 2009 06 06     478.00 A
06622700 2009 06 07     425.00 A
06622700 2009 06 08     414.00 A
06622700 2009 06 09     471.00 A
06622700 2009 06 10     475.00 A
06622700 2009 06 11     437.00 A
06622700 2009 06 12     382.00 A
06622700 2009 06 13     328.00 A
06622700 2009 06 14     338.00 A
06622700 2009 06 15     346.00 A
06622700 2009 06 16     303.00 A
06622700 2009 06 17     323.00 A
06622700 2009 06 18     352.00 A
06622700 2009 06 19     314.00 A
06622700 2009 06 20     322.00 A
06622700 2009 06 21     368.00 A
06622700 2009 06 22     418.00 A
06622700 2009 06 23     349.00 A
06622700 2009 06 24     344.00 A
06622700 2009 06 25     316.00 A
06622700 2009 06 26     317.00 A
06622700 2009 06 27     303.00 A
06622700 2009 06 28     228.00 A
06622700 2009 06 29     195.00 A
06622700 2009 06 30     172.00 A
06622700 2009 07 01     155.00 A
06622700 2009 07 02     163.00 A
06622700 2009 07 03     196.00 A
06622700 2009 07 04     158.00 A
06622700 2009 07 05     139.00 A
06622700 2009 07 06     120.00 A
06622700 2009 07 07     98.60 A
06622700 2009 07 08     88.30 A
06622700 2009 07 09     80.30 A
06622700 2009 07 10     71.40 A
06622700 2009 07 11     64.80 A
06622700 2009 07 12     62.40 A
06622700 2009 07 13     59.10 A
06622700 2009 07 14     55.80 A
06622700 2009 07 15     47.30 A
06622700 2009 07 16     42.40 A
06622700 2009 07 17     38.80 A
06622700 2009 07 18     36.00 A
06622700 2009 07 19     33.70 A
06622700 2009 07 20     32.80 A
06622700 2009 07 21     30.40 A
06622700 2009 07 22     29.00 A
06622700 2009 07 23     27.10 A
06622700 2009 07 24     25.60 A
06622700 2009 07 25     26.20 A
06622700 2009 07 26     28.40 A
06622700 2009 07 27     25.60 A
06622700 2009 07 28     27.10 A
06622700 2009 07 29     26.00 A
06622700 2009 07 30     24.90 A
06622700 2009 07 31     23.70 A
06622700 2009 08 01     24.60 A
06622700 2009 08 02     19.90 A
06622700 2009 08 03     18.20 A
06622700 2009 08 04     17.70 A
06622700 2009 08 05     16.20 A
06622700 2009 08 06     18.90 A
06622700 2009 08 07     24.00 A
06622700 2009 08 08     16.70 A
06622700 2009 08 09     15.70 A
06622700 2009 08 10     15.00 A
06622700 2009 08 11     16.90 A
06622700 2009 08 12     17.60 A
06622700 2009 08 13     17.40 A
06622700 2009 08 14     18.50 A
06622700 2009 08 15     23.40 A
06622700 2009 08 16     27.60 A
06622700 2009 08 17     21.40 A
06622700 2009 08 18     18.00 A
06622700 2009 08 19     16.80 A
06622700 2009 08 20     16.10 A
06622700 2009 08 21     15.10 A
06622700 2009 08 22     14.30 A
06622700 2009 08 23     13.90 A
06622700 2009 08 24     16.60 A
06622700 2009 08 25     18.30 A
06622700 2009 08 26     15.60 A
06622700 2009 08 27     14.30 A
06622700 2009 08 28     13.00 A
06622700 2009 08 29     12.50 A
06622700 2009 08 30     12.30 A
06622700 2009 08 31     12.40 A
06622700 2009 09 01     11.40 A
06622700 2009 09 02     10.90 A
06622700 2009 09 03     10.60 A
06622700 2009 09 04     10.40 A
06622700 2009 09 05     10.70 A
06622700 2009 09 06     11.50 A
06622700 2009 09 07     12.90 A
06622700 2009 09 08     11.20 A
06622700 2009 09 09     10.40 A
06622700 2009 09 10     9.92 A
06622700 2009 09 11     9.78 A
06622700 2009 09 12     9.86 A
06622700 2009 09 13     10.00 A
06622700 2009 09 14     10.00 A
06622700 2009 09 15     11.60 A
06622700 2009 09 16     11.40 A
06622700 2009 09 17     10.20 A
06622700 2009 09 18     9.86 A
06622700 2009 09 19     9.71 A
06622700 2009 09 20     16.30 A
06622700 2009 09 21     21.50 A
06622700 2009 09 22     15.60 A
06622700 2009 09 23     16.90 A
06622700 2009 09 24     19.00 A
06622700 2009 09 25     14.90 A
06622700 2009 09 26     12.60 A
06622700 2009 09 27     11.40 A
06622700 2009 09 28     10.80 A
06622700 2009 09 29     10.60 A
06622700 2009 09 30     15.80 A
06622700 2009 10 01     21.80 A
06622700 2009 10 02     23.20 A
06622700 2009 10 03     20.00 A
06622700 2009 10 04     20.50 A
06622700 2009 10 05     29.50 A
06622700 2009 10 06     19.10 A
06622700 2009 10 07     17.40 A
06622700 2009 10 08     16.80 A
06622700 2009 10 09     13.60 A
06622700 2009 10 10     17.80 A
06622700 2009 10 11     16.70 A
06622700 2009 10 12     18.60 A
06622700 2009 10 13     21.80 A
06622700 2009 10 14     25.30 A
06622700 2009 10 15     24.70 A
06622700 2009 10 16     21.90 A
06622700 2009 10 17     20.60 A
06622700 2009 10 18     22.30 A
06622700 2009 10 19     28.80 A
06622700 2009 10 20     31.10 A
06622700 2009 10 21     25.40 A
06622700 2009 10 22     21.00 A
06622700 2009 10 23     19.10 A
06622700 2009 10 24     18.50 A
06622700 2009 10 25     18.20 A
06622700 2009 10 26     18.10 A
06622700 2009 10 27     23.00 A
06622700 2009 10 28     23.00 A
06622700 2009 10 29     18.00 A
06622700 2009 10 30     14.00 A
06622700 2009 10 31     16.00 A
06622700 2009 11 01     17.00 A
06622700 2009 11 02     17.20 A
06622700 2009 11 03     16.80 A
06622700 2009 11 04     18.00 A
06622700 2009 11 05     19.00 A
06622700 2009 11 06     19.70 A
06622700 2009 11 07     20.00 A
06622700 2009 11 08     19.70 A
06622700 2009 11 09     18.00 A
06622700 2009 11 10     18.00 A
06622700 2009 11 11     19.00 A
06622700 2009 11 12     18.00 A
06622700 2009 11 13     19.00 A
06622700 2009 11 14     18.00 A
06622700 2009 11 15     17.00 A
06622700 2009 11 16     16.00 A
06622700 2009 11 17     17.00 A
06622700 2009 11 18     19.00 A
06622700 2009 11 19     19.00 A
06622700 2009 11 20     19.20 A
06622700 2009 11 21     19.70 A
06622700 2009 11 22     19.70 A
06622700 2009 11 23     18.00 A
06622700 2009 11 24     17.20 A
06622700 2009 11 25     18.00 A
06622700 2009 11 26     18.00 A
06622700 2009 11 27     17.40 A
06622700 2009 11 28     17.10 A
06622700 2009 11 29     17.00 A
06622700 2009 11 30     17.10 A
06622700 2009 12 01     17.30 A
06622700 2009 12 02     16.50 A
06622700 2009 12 03     15.40 A
06622700 2009 12 04     15.50 A
06622700 2009 12 05     15.80 A
06622700 2009 12 06     15.40 A
06622700 2009 12 07     15.20 A
06622700 2009 12 08     15.30 A
06622700 2009 12 09     14.60 A
06622700 2009 12 10     14.20 A
06622700 2009 12 11     13.80 A
06622700 2009 12 12     13.80 A
06622700 2009 12 13     14.00 A
06622700 2009 12 14     13.90 A
06622700 2009 12 15     13.80 A
06622700 2009 12 16     13.80 A
06622700 2009 12 17     13.90 A
06622700 2009 12 18     14.00 A
06622700 2009 12 19     13.70 A
06622700 2009 12 20     13.90 A
06622700 2009 12 21     13.80 A
06622700 2009 12 22     13.90 A
06622700 2009 12 23     13.80 A
06622700 2009 12 24     13.70 A
06622700 2009 12 25     13.80 A
06622700 2009 12 26     13.80 A
06622700 2009 12 27     13.80 A
06622700 2009 12 28     13.40 A
06622700 2009 12 29     13.40 A
06622700 2009 12 30     13.50 A
06622700 2009 12 31     12.70 A
06622700 2010 01 01     12.90 A
06622700 2010 01 02     13.20 A
06622700 2010 01 03     13.10 A
06622700 2010 01 04     13.10 A
06622700 2010 01 05     13.10 A
06622700 2010 01 06     11.80 A
06622700 2010 01 07     12.00 A
06622700 2010 01 08     12.00 A
06622700 2010 01 09     13.00 A
06622700 2010 01 10     13.00 A
06622700 2010 01 11     13.30 A
06622700 2010 01 12     13.20 A
06622700 2010 01 13     13.10 A
06622700 2010 01 14     12.80 A
06622700 2010 01 15     12.80 A
06622700 2010 01 16     12.60 A
06622700 2010 01 17     12.60 A
06622700 2010 01 18     12.50 A
06622700 2010 01 19     12.60 A
06622700 2010 01 20     12.40 A
06622700 2010 01 21     12.40 A
06622700 2010 01 22     12.50 A
06622700 2010 01 23     12.40 A
06622700 2010 01 24     12.30 A
06622700 2010 01 25     12.30 A
06622700 2010 01 26     12.30 A
06622700 2010 01 27     12.40 A
06622700 2010 01 28     12.40 A
06622700 2010 01 29     12.30 A
06622700 2010 01 30     12.30 A
06622700 2010 01 31     12.40 A
06622700 2010 02 01     12.40 A
06622700 2010 02 02     12.10 A
06622700 2010 02 03     12.00 A
06622700 2010 02 04     12.20 A
06622700 2010 02 05     12.10 A
06622700 2010 02 06     12.30 A
06622700 2010 02 07     12.20 A
06622700 2010 02 08     11.90 A
06622700 2010 02 09     11.90 A
06622700 2010 02 10     12.10 A
06622700 2010 02 11     11.80 A
06622700 2010 02 12     11.70 A
06622700 2010 02 13     11.70 A
06622700 2010 02 14     11.70 A
06622700 2010 02 15     11.40 A
06622700 2010 02 16     11.50 A
06622700 2010 02 17     11.60 A
06622700 2010 02 18     11.80 A
06622700 2010 02 19     11.60 A
06622700 2010 02 20     11.50 A
06622700 2010 02 21     11.50 A
06622700 2010 02 22     11.30 A
06622700 2010 02 23     11.40 A
06622700 2010 02 24     11.60 A
06622700 2010 02 25     11.70 A
06622700 2010 02 26     11.90 A
06622700 2010 02 27     11.50 A
06622700 2010 02 28     11.50 A
06622700 2010 03 01     11.50 A
06622700 2010 03 02     11.30 A
06622700 2010 03 03     11.50 A
06622700 2010 03 04     11.60 A
06622700 2010 03 05     11.50 A
06622700 2010 03 06     11.20 A
06622700 2010 03 07     12.10 A
06622700 2010 03 08     11.90 A
06622700 2010 03 09     11.60 A
06622700 2010 03 10     11.60 A
06622700 2010 03 11     11.40 A
06622700 2010 03 12     11.40 A
06622700 2010 03 13     11.80 A
06622700 2010 03 14     11.60 A
06622700 2010 03 15     11.50 A
06622700 2010 03 16     11.80 A
06622700 2010 03 17     12.00 A
06622700 2010 03 18     12.50 A
06622700 2010 03 19     12.10 A
06622700 2010 03 20     10.40 A
06622700 2010 03 21     11.40 A
06622700 2010 03 22     12.20 A
06622700 2010 03 23     12.00 A
06622700 2010 03 24     11.90 A
06622700 2010 03 25     11.60 A
06622700 2010 03 26     12.00 A
06622700 2010 03 27     11.80 A
06622700 2010 03 28     11.60 A
06622700 2010 03 29     11.80 A
06622700 2010 03 30     12.50 A
06622700 2010 03 31     13.00 A
06622700 2010 04 01     12.80 A
06622700 2010 04 02     12.30 A
06622700 2010 04 03     13.30 A
06622700 2010 04 04     13.50 A
06622700 2010 04 05     12.70 A
06622700 2010 04 06     12.10 A
06622700 2010 04 07     12.30 A
06622700 2010 04 08     12.70 A
06622700 2010 04 09     13.20 A
06622700 2010 04 10     14.00 A
06622700 2010 04 11     17.00 A
06622700 2010 04 12     23.70 A
06622700 2010 04 13     25.10 A
06622700 2010 04 14     20.00 A
06622700 2010 04 15     23.00 A
06622700 2010 04 16     28.40 A
06622700 2010 04 17     32.30 A
06622700 2010 04 18     33.20 A
06622700 2010 04 19     39.60 A
06622700 2010 04 20     49.80 A
06622700 2010 04 21     61.10 A
06622700 2010 04 22     70.50 A
06622700 2010 04 23     59.20 A
06622700 2010 04 24     54.50 A
06622700 2010 04 25     48.00 A
06622700 2010 04 26     45.80 A
06622700 2010 04 27     47.20 A
06622700 2010 04 28     48.40 A
06622700 2010 04 29     46.80 A
06622700 2010 04 30     42.40 A
06622700 2010 05 01     44.60 A
06622700 2010 05 02     37.70 A
06622700 2010 05 03     35.40 A
06622700 2010 05 04     34.10 A
06622700 2010 05 05     37.20 A
06622700 2010 05 06     38.90 A
06622700 2010 05 07     37.80 A
06622700 2010 05 08     37.40 A
06622700 2010 05 09     37.60 A
06622700 2010 05 10     41.20 A
06622700 2010 05 11     38.80 A
06622700 2010 05 12     37.90 A
06622700 2010 05 13     38.00 A
06622700 2010 05 14     40.80 A
06622700 2010 05 15     43.80 A
06622700 2010 05 16     46.00 A
06622700 2010 05 17     61.70 A
06622700 2010 05 18     83.90 A
06622700 2010 05 19     116.00 A
06622700 2010 05 20     194.00 A
06622700 2010 05 21     271.00 A
06622700 2010 05 22     315.00 A
06622700 2010 05 23     285.00 A
06622700 2010 05 24     281.00 A
06622700 2010 05 25     227.00 A
06622700 2010 05 26     251.00 A
06622700 2010 05 27     361.00 A
06622700 2010 05 28     486.00 A
06622700 2010 05 29     552.00 A
06622700 2010 05 30     523.00 A
06622700 2010 05 31     511.00 A
06622700 2010 06 01     508.00 A
06622700 2010 06 02     524.00 A
06622700 2010 06 03     577.00 A
06622700 2010 06 04     660.00 A
06622700 2010 06 05     809.00 A
06622700 2010 06 06     827.00 A
06622700 2010 06 07     957.00 A
06622700 2010 06 08     1060.00 A
06622700 2010 06 09     737.00 A
06622700 2010 06 10     650.00 A
06622700 2010 06 11     693.00 A
06622700 2010 06 12     780.00 A
06622700 2010 06 13     686.00 A
06622700 2010 06 14     513.00 A
06622700 2010 06 15     496.00 A
06622700 2010 06 16     543.00 A
06622700 2010 06 17     551.00 A
06622700 2010 06 18     497.00 A
06622700 2010 06 19     515.00 A
06622700 2010 06 20     522.00 A
06622700 2010 06 21     498.00 A
06622700 2010 06 22     465.00 A
06622700 2010 06 23     458.00 A
06622700 2010 06 24     461.00 A
06622700 2010 06 25     474.00 A
06622700 2010 06 26     473.00 A
06622700 2010 06 27     413.00 A
06622700 2010 06 28     397.00 A
06622700 2010 06 29     388.00 A
06622700 2010 06 30     398.00 A
06622700 2010 07 01     355.00 A
06622700 2010 07 02     322.00 A
06622700 2010 07 03     291.00 A
06622700 2010 07 04     260.00 A
06622700 2010 07 05     204.00 A
06622700 2010 07 06     151.00 A
06622700 2010 07 07     137.00 A
06622700 2010 07 08     121.00 A
06622700 2010 07 09     97.40 A
06622700 2010 07 10     95.00 A
06622700 2010 07 11     93.90 A
06622700 2010 07 12     90.30 A
06622700 2010 07 13     91.10 A
06622700 2010 07 14     83.60 A
06622700 2010 07 15     66.70 A
06622700 2010 07 16     54.70 A
06622700 2010 07 17     49.60 A
06622700 2010 07 18     45.90 A
06622700 2010 07 19     42.90 A
06622700 2010 07 20     38.40 A
06622700 2010 07 21     37.40 A
06622700 2010 07 22     48.80 A
06622700 2010 07 23     40.70 A
06622700 2010 07 24     33.10 A
06622700 2010 07 25     28.70 A
06622700 2010 07 26     26.40 A
06622700 2010 07 27     25.00 A
06622700 2010 07 28     24.80 A
06622700 2010 07 29     34.40 A
06622700 2010 07 30     38.30 A
06622700 2010 07 31     26.60 A
06622700 2010 08 01     24.30 A
06622700 2010 08 02     27.30 A
06622700 2010 08 03     22.30 A
06622700 2010 08 04     22.20 A
06622700 2010 08 05     22.70 A
06622700 2010 08 06     42.30 A
06622700 2010 08 07     44.30 A
06622700 2010 08 08     26.40 A
06622700 2010 08 09     22.70 A
06622700 2010 08 10     20.90 A
06622700 2010 08 11     19.20 A
06622700 2010 08 12     21.30 A
06622700 2010 08 13     17.90 A
06622700 2010 08 14     16.60 A
06622700 2010 08 15     16.10 A
06622700 2010 08 16     15.90 A
06622700 2010 08 17     20.90 A
06622700 2010 08 18     17.00 A
06622700 2010 08 19     27.60 A
06622700 2010 08 20     27.00 A
06622700 2010 08 21     18.70 A
06622700 2010 08 22     16.30 A
06622700 2010 08 23     24.40 A
06622700 2010 08 24     17.60 A
06622700 2010 08 25     15.50 A
06622700 2010 08 26     14.50 A
06622700 2010 08 27     13.60 A
06622700 2010 08 28     13.70 A
06622700 2010 08 29     13.80 A
06622700 2010 08 30     14.10 A
06622700 2010 08 31     14.70 A
06622700 2010 09 01     13.20 A
06622700 2010 09 02     12.70 A
06622700 2010 09 03     12.50 A
06622700 2010 09 04     12.20 A
06622700 2010 09 05     11.70 A
06622700 2010 09 06     11.50 A
06622700 2010 09 07     11.60 A
06622700 2010 09 08     11.50 A
06622700 2010 09 09     11.40 A
06622700 2010 09 10     11.50 A
06622700 2010 09 11     12.20 A
06622700 2010 09 12     11.30 A
06622700 2010 09 13     10.90 A
06622700 2010 09 14     10.60 A
06622700 2010 09 15     10.50 A
06622700 2010 09 16     10.20 A
06622700 2010 09 17     10.10 A
06622700 2010 09 18     9.98 A
06622700 2010 09 19     9.85 A
06622700 2010 09 20     9.74 A
06622700 2010 09 21     9.88 A
06622700 2010 09 22     9.97 A
06622700 2010 09 23     17.90 A
06622700 2010 09 24     14.10 A
06622700 2010 09 25     11.30 A
06622700 2010 09 26     10.80 A
06622700 2010 09 27     10.50 A
06622700 2010 09 28     10.30 A
06622700 2010 09 29     10.20 A
06622700 2010 09 30     10.10 A
06622700 2010 10 01     10.10 A
06622700 2010 10 02     10.10 A
06622700 2010 10 03     10.00 A
06622700 2010 10 04     10.00 A
06622700 2010 10 05     10.10 A
06622700 2010 10 06     10.40 A
06622700 2010 10 07     11.00 A
06622700 2010 10 08     10.90 A
06622700 2010 10 09     12.30 A
06622700 2010 10 10     17.20 A
06622700 2010 10 11     16.10 A
06622700 2010 10 12     21.80 A
06622700 2010 10 13     17.70 A
06622700 2010 10 14     13.30 A
06622700 2010 10 15     12.30 A
06622700 2010 10 16     11.80 A
06622700 2010 10 17     11.60 A
06622700 2010 10 18     12.10 A
06622700 2010 10 19     12.20 A
06622700 2010 10 20     11.60 A
06622700 2010 10 21     11.40 A
06622700 2010 10 22     15.90 A
06622700 2010 10 23     24.20 A
06622700 2010 10 24     22.70 A
06622700 2010 10 25     25.80 A
06622700 2010 10 26     18.00 A
06622700 2010 10 27     17.00 A
06622700 2010 10 28     18.00 A
06622700 2010 10 29     19.00 A
06622700 2010 10 30     18.90 A
06622700 2010 10 31     20.00 A
06622700 2010 11 01     18.50 A
06622700 2010 11 02     16.60 A
06622700 2010 11 03     16.00 A
06622700 2010 11 04     14.40 A
06622700 2010 11 05     15.00 A
06622700 2010 11 06     15.30 A
06622700 2010 11 07     15.70 A
06622700 2010 11 08     14.80 A
06622700 2010 11 09     15.30 A
06622700 2010 11 10     12.70 A
06622700 2010 11 11     13.00 A
06622700 2010 11 12     13.50 A
06622700 2010 11 13     13.50 A
06622700 2010 11 14     13.00 A
06622700 2010 11 15     13.60 A
06622700 2010 11 16     14.00 A
06622700 2010 11 17     14.20 A
06622700 2010 11 18     15.00 A
06622700 2010 11 19     16.60 A
06622700 2010 11 20     17.00 A
06622700 2010 11 21     15.90 A
06622700 2010 11 22     15.40 A
06622700 2010 11 23     15.60 A
06622700 2010 11 24     14.90 A
06622700 2010 11 25     14.00 A
06622700 2010 11 26     14.00 A
06622700 2010 11 27     14.00 A
06622700 2010 11 28     15.00 A
06622700 2010 11 29     14.00 A
06622700 2010 11 30     13.80 A
06622700 2010 12 01     14.00 A
06622700 2010 12 02     14.00 A
06622700 2010 12 03     13.20 A
06622700 2010 12 04     13.30 A
06622700 2010 12 05     13.40 A
06622700 2010 12 06     13.20 A
06622700 2010 12 07     13.00 A
06622700 2010 12 08     13.20 A
06622700 2010 12 09     13.70 A
06622700 2010 12 10     13.80 A
06622700 2010 12 11     13.60 A
06622700 2010 12 12     13.70 A
06622700 2010 12 13     13.50 A
06622700 2010 12 14     13.60 A
06622700 2010 12 15     13.50 A
06622700 2010 12 16     13.00 A
06622700 2010 12 17     12.00 A
06622700 2010 12 18     12.00 A
06622700 2010 12 19     14.00 A
06622700 2010 12 20     14.50 A
06622700 2010 12 21     14.70 A
06622700 2010 12 22     15.50 A
06622700 2010 12 23     15.00 A
06622700 2010 12 24     14.00 A
06622700 2010 12 25     13.70 A
06622700 2010 12 26     14.30 A
06622700 2010 12 27     14.00 A
06622700 2010 12 28     14.10 A
06622700 2010 12 29     14.40 A
06622700 2010 12 30     14.10 A
06622700 2010 12 31     13.30 A
06622700 2011 01 01     13.00 A
06622700 2011 01 02     13.50 A
06622700 2011 01 03     13.50 A
06622700 2011 01 04     13.20 A
06622700 2011 01 05     13.10 A
06622700 2011 01 06     12.70 A
06622700 2011 01 07     12.70 A
06622700 2011 01 08     12.60 A
06622700 2011 01 09     12.40 A
06622700 2011 01 10     12.20 A
06622700 2011 01 11     12.30 A
06622700 2011 01 12     12.40 A
06622700 2011 01 13     12.80 A
06622700 2011 01 14     12.60 A
06622700 2011 01 15     12.60 A
06622700 2011 01 16     12.30 A
06622700 2011 01 17     12.20 A
06622700 2011 01 18     12.10 A
06622700 2011 01 19     11.60 A
06622700 2011 01 20     12.00 A
06622700 2011 01 21     12.70 A
06622700 2011 01 22     12.90 A
06622700 2011 01 23     12.20 A
06622700 2011 01 24     12.30 A
06622700 2011 01 25     12.80 A
06622700 2011 01 26     13.30 A
06622700 2011 01 27     12.90 A
06622700 2011 01 28     12.60 A
06622700 2011 01 29     12.60 A
06622700 2011 01 30     12.70 A
06622700 2011 01 31     12.90 A
06622700 2011 02 01     11.90 A
06622700 2011 02 02     12.20 A
06622700 2011 02 03     12.00 A
06622700 2011 02 04     12.00 A
06622700 2011 02 05     12.00 A
06622700 2011 02 06     12.00 A
06622700 2011 02 07     12.00 A
06622700 2011 02 08     12.00 A
06622700 2011 02 09     12.00 A
06622700 2011 02 10     12.30 A
06622700 2011 02 11     12.40 A
06622700 2011 02 12     12.00 A
06622700 2011 02 13     12.00 A
06622700 2011 02 14     11.90 A
06622700 2011 02 15     11.80 A
06622700 2011 02 16     11.70 A
06622700 2011 02 17     11.60 A
06622700 2011 02 18     11.60 A
06622700 2011 02 19     11.50 A
06622700 2011 02 20     11.40 A
06622700 2011 02 21     11.40 A
06622700 2011 02 22     11.30 A
06622700 2011 02 23     11.40 A
06622700 2011 02 24     11.50 A
06622700 2011 02 25     11.80 A
06622700 2011 02 26     11.90 A
06622700 2011 02 27     11.60 A
06622700 2011 02 28     11.50 A
06622700 2011 03 01     11.60 A
06622700 2011 03 02     11.40 A
06622700 2011 03 03     11.30 A
06622700 2011 03 04     11.10 A
06622700 2011 03 05     11.10 A
06622700 2011 03 06     11.60 A
06622700 2011 03 07     11.60 A
06622700 2011 03 08     11.40 A
06622700 2011 03 09     11.10 A
06622700 2011 03 10     11.30 A
06622700 2011 03 11     11.30 A
06622700 2011 03 12     11.50 A
06622700 2011 03 13     11.60 A
06622700 2011 03 14     12.00 A
06622700 2011 03 15     11.70 A
06622700 2011 03 16     12.20 A
06622700 2011 03 17     12.00 A
06622700 2011 03 18     12.00 A
06622700 2011 03 19     13.00 A
06622700 2011 03 20     11.80 A
06622700 2011 03 21     12.00 A
06622700 2011 03 22     12.00 A
06622700 2011 03 23     11.80 A
06622700 2011 03 24     12.50 A
06622700 2011 03 25     12.10 A
06622700 2011 03 26     12.30 A
06622700 2011 03 27     12.10 A
06622700 2011 03 28     11.90 A
06622700 2011 03 29     12.50 A
06622700 2011 03 30     11.90 A
06622700 2011 03 31     11.90 A
06622700 2011 04 01     13.00 A
06622700 2011 04 02     16.70 A
06622700 2011 04 03     17.00 A
06622700 2011 04 04     15.50 A
06622700 2011 04 05     16.70 A
06622700 2011 04 06     16.40 A
06622700 2011 04 07     16.20 A
06622700 2011 04 08     16.70 A
06622700 2011 04 09     17.40 A
06622700 2011 04 10     15.50 A
06622700 2011 04 11     17.20 A
06622700 2011 04 12     15.70 A
06622700 2011 04 13     15.90 A
06622700 2011 04 14     16.80 A
06622700 2011 04 15     16.90 A
06622700 2011 04 16     15.80 A
06622700 2011 04 17     15.90 A
06622700 2011 04 18     22.10 A
06622700 2011 04 19     25.80 A
06622700 2011 04 20     18.00 A
06622700 2011 04 21     19.40 A
06622700 2011 04 22     20.00 A
06622700 2011 04 23     19.00 A
06622700 2011 04 24     18.00 A
06622700 2011 04 25     18.30 A
06622700 2011 04 26     18.20 A
06622700 2011 04 27     18.30 A
06622700 2011 04 28     18.00 A
06622700 2011 04 29     19.60 A
06622700 2011 04 30     20.00 A
06622700 2011 05 01     19.00 A
06622700 2011 05 02     18.00 A
06622700 2011 05 03     17.00 A
06622700 2011 05 04     17.40 A
06622700 2011 05 05     18.00 A
06622700 2011 05 06     23.30 A
06622700 2011 05 07     33.60 A
06622700 2011 05 08     52.60 A
06622700 2011 05 09     59.60 A
06622700 2011 05 10     59.20 A
06622700 2011 05 11     56.60 A
06622700 2011 05 12     52.00 A
06622700 2011 05 13     56.00 A
06622700 2011 05 14     72.40 A
06622700 2011 05 15     101.00 A
06622700 2011 05 16     128.00 A
06622700 2011 05 17     134.00 A
06622700 2011 05 18     105.00 A
06622700 2011 05 19     87.70 A
06622700 2011 05 20     69.20 A
06622700 2011 05 21     68.70 A
06622700 2011 05 22     74.70 A
06622700 2011 05 23     102.00 A
06622700 2011 05 24     129.00 A
06622700 2011 05 25     133.00 A
06622700 2011 05 26     158.00 A
06622700 2011 05 27     165.00 A
06622700 2011 05 28     124.00 A
06622700 2011 05 29     174.00 A
06622700 2011 05 30     237.00 A
06622700 2011 05 31     231.00 A
06622700 2011 06 01     266.00 A
06622700 2011 06 02     383.00 A
06622700 2011 06 03     464.00 A
06622700 2011 06 04     479.00 A
06622700 2011 06 05     588.00 A
06622700 2011 06 06     731.00 A
06622700 2011 06 07     830.00 A
06622700 2011 06 08     840.00 A
06622700 2011 06 09     822.00 A
06622700 2011 06 10     786.00 A
06622700 2011 06 11     754.00 A
06622700 2011 06 12     792.00 A
06622700 2011 06 13     794.00 A
06622700 2011 06 14     769.00 A
06622700 2011 06 15     803.00 A
06622700 2011 06 16     926.00 A
06622700 2011 06 17     1010.00 A
06622700 2011 06 18     835.00 A
06622700 2011 06 19     783.00 A
06622700 2011 06 20     713.00 A
06622700 2011 06 21     758.00 A
06622700 2011 06 22     812.00 A
06622700 2011 06 23     866.00 A
06622700 2011 06 24     900.00 A
06622700 2011 06 25     949.00 A
06622700 2011 06 26     937.00 A
06622700 2011 06 27     825.00 A
06622700 2011 06 28     758.00 A
06622700 2011 06 29     907.00 A
06622700 2011 06 30     1000.00 A
06622700 2011 07 01     862.00 A
06622700 2011 07 02     775.00 A
06622700 2011 07 03     798.00 A
06622700 2011 07 04     786.00 A
06622700 2011 07 05     724.00 A
06622700 2011 07 06     594.00 A
06622700 2011 07 07     597.00 A
06622700 2011 07 08     861.00 A
06622700 2011 07 09     802.00 A
06622700 2011 07 10     609.00 A
06622700 2011 07 11     552.00 A
06622700 2011 07 12     563.00 A
06622700 2011 07 13     788.00 A
06622700 2011 07 14     611.00 A
06622700 2011 07 15     423.00 A
06622700 2011 07 16     342.00 A
06622700 2011 07 17     368.00 A
06622700 2011 07 18     399.00 A
06622700 2011 07 19     728.00 A
06622700 2011 07 20     387.00 A
06622700 2011 07 21     270.00 A
06622700 2011 07 22     212.00 A
06622700 2011 07 23     175.00 A
06622700 2011 07 24     150.00 A
06622700 2011 07 25     134.00 A
06622700 2011 07 26     162.00 A
06622700 2011 07 27     150.00 A
06622700 2011 07 28     119.00 A
06622700 2011 07 29     107.00 A
06622700 2011 07 30     97.30 A
06622700 2011 07 31     101.00 A
06622700 2011 08 01     137.00 A
06622700 2011 08 02     89.10 A
06622700 2011 08 03     85.40 A
06622700 2011 08 04     89.70 A
06622700 2011 08 05     68.20 A
06622700 2011 08 06     51.20 A
06622700 2011 08 07     43.80 A
06622700 2011 08 08     39.00 A
06622700 2011 08 09     36.30 A
06622700 2011 08 10     34.20 A
06622700 2011 08 11     32.70 A
06622700 2011 08 12     31.20 A
06622700 2011 08 13     30.30 A
06622700 2011 08 14     30.10 A
06622700 2011 08 15     30.60 A
06622700 2011 08 16     30.40 A
06622700 2011 08 17     28.80 A
06622700 2011 08 18     26.50 A
06622700 2011 08 19     25.30 A
06622700 2011 08 20     24.80 A
06622700 2011 08 21     23.70 A
06622700 2011 08 22     22.80 A
06622700 2011 08 23     21.60 A
06622700 2011 08 24     20.90 A
06622700 2011 08 25     21.30 A
06622700 2011 08 26     22.00 A
06622700 2011 08 27     20.30 A
06622700 2011 08 28     20.40 A
06622700 2011 08 29     22.50 A
06622700 2011 08 30     20.00 A
06622700 2011 08 31     17.40 A
06622700 2011 09 01     17.90 A
06622700 2011 09 02     16.30 A
06622700 2011 09 03     15.80 A
06622700 2011 09 04     15.60 A
06622700 2011 09 05     15.20 A
06622700 2011 09 06     21.00 A
06622700 2011 09 07     29.30 A
06622700 2011 09 08     20.40 A
06622700 2011 09 09     16.30 A
06622700 2011 09 10     15.40 A
06622700 2011 09 11     15.30 A
06622700 2011 09 12     15.20 A
06622700 2011 09 13     14.80 A
06622700 2011 09 14     15.30 A
06622700 2011 09 15     25.00 A
06622700 2011 09 16     22.30 A
06622700 2011 09 17     19.90 A
06622700 2011 09 18     21.80 A
06622700 2011 09 19     17.30 A
06622700 2011 09 20     15.40 A
06622700 2011 09 21     14.60 A
06622700 2011 09 22     14.30 A
06622700 2011 09 23     14.00 A
06622700 2011 09 24     13.40 A
06622700 2011 09 25     12.90 A
06622700 2011 09 26     12.50 A
06622700 2011 09 27     12.30 A
06622700 2011 09 28     12.10 A
06622700 2011 09 29     12.00 A
06622700 2011 09 30     12.00 A
06622700 2011 10 01     11.90 A
06622700 2011 10 02     12.00 A
06622700 2011 10 03     11.90 A
06622700 2011 10 04     12.50 A
06622700 2011 10 05     18.80 A
06622700 2011 10 06     15.70 A
06622700 2011 10 07     16.50 A
06622700 2011 10 08     16.20 A
06622700 2011 10 09     16.20 A
06622700 2011 10 10     17.60 A
06622700 2011 10 11     21.40 A
06622700 2011 10 12     21.60 A
06622700 2011 10 13     19.00 A
06622700 2011 10 14     20.70 A
06622700 2011 10 15     23.90 A
06622700 2011 10 16     25.30 A
06622700 2011 10 17     37.30 A
06622700 2011 10 18     24.40 A
06622700 2011 10 19     20.90 A
06622700 2011 10 20     21.50 A
06622700 2011 10 21     20.00 A
06622700 2011 10 22     19.40 A
06622700 2011 10 23     18.20 A
06622700 2011 10 24     17.40 A
06622700 2011 10 25     18.30 A
06622700 2011 10 26     17.30 A
06622700 2011 10 27     15.00 A
06622700 2011 10 28     14.00 A
06622700 2011 10 29     16.00 A
06622700 2011 10 30     17.00 A
06622700 2011 10 31     17.00 A
06622700 2011 11 01     17.00 A
06622700 2011 11 02     16.00 A
06622700 2011 11 03     15.00 A
06622700 2011 11 04     16.00 A
06622700 2011 11 05     16.00 A
06622700 2011 11 06     15.00 A
06622700 2011 11 07     15.00 A
06622700 2011 11 08     14.00 A
06622700 2011 11 09     15.00 A
06622700 2011 11 10     16.00 A
06622700 2011 11 11     16.00 A
06622700 2011 11 12     16.00 A
06622700 2011 11 13     15.00 A
06622700 2011 11 14     15.00 A
06622700 2011 11 15     14.00 A
06622700 2011 11 16     13.00 A
06622700 2011 11 17     14.00 A
06622700 2011 11 18     15.00 A
06622700 2011 11 19     14.00 A
06622700 2011 11 20     14.00 A
06622700 2011 11 21     14.00 A
06622700 2011 11 22     13.00 A
06622700 2011 11 23     13.00 A
06622700 2011 11 24     13.80 A
06622700 2011 11 25     13.80 A
06622700 2011 11 26     13.20 A
06622700 2011 11 27     12.50 A
06622700 2011 11 28     13.00 A
06622700 2011 11 29     13.00 A
06622700 2011 11 30     13.00 A
06622700 2011 12 01     12.50 A
06622700 2011 12 02     12.00 A
06622700 2011 12 03     11.50 A
06622700 2011 12 04     11.00 A
06622700 2011 12 05     10.50 A
06622700 2011 12 06     9.80 A
06622700 2011 12 07     11.00 A
06622700 2011 12 08     11.50 A
06622700 2011 12 09     12.00 A
06622700 2011 12 10     12.20 A
06622700 2011 12 11     11.80 A
06622700 2011 12 12     11.80 A
06622700 2011 12 13     11.70 A
06622700 2011 12 14     12.00 A
06622700 2011 12 15     12.10 A
06622700 2011 12 16     11.90 A
06622700 2011 12 17     11.90 A
06622700 2011 12 18     12.00 A
06622700 2011 12 19     12.00 A
06622700 2011 12 20     11.40 A
06622700 2011 12 21     11.40 A
06622700 2011 12 22     11.60 A
06622700 2011 12 23     11.20 A
06622700 2011 12 24     11.10 A
06622700 2011 12 25     11.10 A
06622700 2011 12 26     11.10 A
06622700 2011 12 27     11.10 A
06622700 2011 12 28     11.10 A
06622700 2011 12 29     11.00 A
06622700 2011 12 30     11.00 A
06622700 2011 12 31     10.90 A
06622700 2012 01 01     10.50 A
06622700 2012 01 02     10.50 A
06622700 2012 01 03     11.40 A
06622700 2012 01 04     11.40 A
06622700 2012 01 05     11.30 A
06622700 2012 01 06     11.30 A
06622700 2012 01 07     11.10 A
06622700 2012 01 08     10.60 A
06622700 2012 01 09     10.50 A
06622700 2012 01 10     10.40 A
06622700 2012 01 11     10.60 A
06622700 2012 01 12     10.40 A
06622700 2012 01 13     10.40 A
06622700 2012 01 14     10.50 A
06622700 2012 01 15     10.50 A
06622700 2012 01 16     10.70 A
06622700 2012 01 17     10.50 A
06622700 2012 01 18     10.30 A
06622700 2012 01 19     10.50 A
06622700 2012 01 20     10.70 A
06622700 2012 01 21     10.70 A
06622700 2012 01 22     9.77 A
06622700 2012 01 23     10.00 A
06622700 2012 01 24     10.00 A
06622700 2012 01 25     10.40 A
06622700 2012 01 26     11.10 A
06622700 2012 01 27     10.90 A
06622700 2012 01 28     10.40 A
06622700 2012 01 29     11.00 A
06622700 2012 01 30     11.00 A
06622700 2012 01 31     10.90 A
06622700 2012 02 01     10.80 A
06622700 2012 02 02     10.90 A
06622700 2012 02 03     10.80 A
06622700 2012 02 04     10.70 A
06622700 2012 02 05     10.80 A
06622700 2012 02 06     10.90 A
06622700 2012 02 07     10.90 A
06622700 2012 02 08     11.30 A
06622700 2012 02 09     11.20 A
06622700 2012 02 10     11.10 A
06622700 2012 02 11     11.20 A
06622700 2012 02 12     11.40 A
06622700 2012 02 13     11.40 A
06622700 2012 02 14     11.10 A
06622700 2012 02 15     11.20 A
06622700 2012 02 16     11.10 A
06622700 2012 02 17     11.30 A
06622700 2012 02 18     11.50 A
06622700 2012 02 19     11.10 A
06622700 2012 02 20     10.90 A
06622700 2012 02 21     10.70 A
06622700 2012 02 22     10.90 A
06622700 2012 02 23     10.90 A
06622700 2012 02 24     11.20 A
06622700 2012 02 25     11.30 A
06622700 2012 02 26     11.20 A
06622700 2012 02 27     11.60 A
06622700 2012 02 28     11.60 A
06622700 2012 02 29     11.50 A
06622700 2012 03 01     11.50 A
06622700 2012 03 02     11.20 A
06622700 2012 03 03     11.00 A
06622700 2012 03 04     11.30 A
06622700 2012 03 05     11.50 A
06622700 2012 03 06     11.80 A
06622700 2012 03 07     11.80 A
06622700 2012 03 08     11.00 A
06622700 2012 03 09     11.40 A
06622700 2012 03 10     11.80 A
06622700 2012 03 11     12.00 A
06622700 2012 03 12     12.40 A
06622700 2012 03 13     14.20 A
06622700 2012 03 14     15.00 A
06622700 2012 03 15     15.00 A
06622700 2012 03 16     17.00 A
06622700 2012 03 17     19.30 A
06622700 2012 03 18     19.40 A
06622700 2012 03 19     19.00 A
06622700 2012 03 20     19.00 A
06622700 2012 03 21     18.00 A
06622700 2012 03 22     18.00 A
06622700 2012 03 23     20.00 A
06622700 2012 03 24     23.00 A
06622700 2012 03 25     27.70 A
06622700 2012 03 26     29.70 A
06622700 2012 03 27     29.00 A
06622700 2012 03 28     29.00 A
06622700 2012 03 29     31.80 A
06622700 2012 03 30     34.50 A
06622700 2012 03 31     44.60 A
06622700 2012 04 01     65.90 A
06622700 2012 04 02     62.40 A
06622700 2012 04 03     43.40 A
06622700 2012 04 04     43.40 A
06622700 2012 04 05     46.60 A
06622700 2012 04 06     48.00 A
06622700 2012 04 07     48.80 A
06622700 2012 04 08     44.40 A
06622700 2012 04 09     50.50 A
06622700 2012 04 10     61.60 A
06622700 2012 04 11     92.50 A
06622700 2012 04 12     120.00 A
06622700 2012 04 13     66.50 A
06622700 2012 04 14     49.20 A
06622700 2012 04 15     44.00 A
06622700 2012 04 16     40.40 A
06622700 2012 04 17     38.20 A
06622700 2012 04 18     37.00 A
06622700 2012 04 19     38.50 A
06622700 2012 04 20     35.70 A
06622700 2012 04 21     43.20 A
06622700 2012 04 22     65.60 A
06622700 2012 04 23     100.00 A
06622700 2012 04 24     167.00 A
06622700 2012 04 25     206.00 A
06622700 2012 04 26     263.00 A
06622700 2012 04 27     260.00 A
06622700 2012 04 28     135.00 A
06622700 2012 04 29     104.00 A
06622700 2012 04 30     103.00 A
06622700 2012 05 01     117.00 A
06622700 2012 05 02     153.00 A
06622700 2012 05 03     158.00 A
06622700 2012 05 04     204.00 A
06622700 2012 05 05     265.00 A
06622700 2012 05 06     194.00 A
06622700 2012 05 07     137.00 A
06622700 2012 05 08     138.00 A
06622700 2012 05 09     154.00 A
06622700 2012 05 10     187.00 A
06622700 2012 05 11     192.00 A
06622700 2012 05 12     155.00 A
06622700 2012 05 13     130.00 A
06622700 2012 05 14     139.00 A
06622700 2012 05 15     145.00 A
06622700 2012 05 16     138.00 A
06622700 2012 05 17     149.00 A
06622700 2012 05 18     151.00 A
06622700 2012 05 19     172.00 A
06622700 2012 05 20     116.00 A
06622700 2012 05 21     107.00 A
06622700 2012 05 22     135.00 A
06622700 2012 05 23     146.00 A
06622700 2012 05 24     99.30 A
06622700 2012 05 25     80.00 A
06622700 2012 05 26     86.60 A
06622700 2012 05 27     87.70 A
06622700 2012 05 28     71.10 A
06622700 2012 05 29     61.00 A
06622700 2012 05 30     64.60 A
06622700 2012 05 31     75.70 A
06622700 2012 06 01     88.20 A
06622700 2012 06 02     96.40 A
06622700 2012 06 03     91.30 A
06622700 2012 06 04     82.80 A
06622700 2012 06 05     76.40 A
06622700 2012 06 06     66.10 A
06622700 2012 06 07     56.90 A
06622700 2012 06 08     52.30 A
06622700 2012 06 09     47.40 A
06622700 2012 06 10     43.50 A
06622700 2012 06 11     36.90 A
06622700 2012 06 12     33.50 A
06622700 2012 06 13     30.80 A
06622700 2012 06 14     28.80 A
06622700 2012 06 15     27.80 A
06622700 2012 06 16     26.80 A
06622700 2012 06 17     24.80 A
06622700 2012 06 18     23.00 A
06622700 2012 06 19     21.80 A
06622700 2012 06 20     23.10 A
06622700 2012 06 21     22.90 A
06622700 2012 06 22     22.00 A
06622700 2012 06 23     21.00 A
06622700 2012 06 24     20.10 A
06622700 2012 06 25     19.80 A
06622700 2012 06 26     19.80 A
06622700 2012 06 27     19.00 A
06622700 2012 06 28     18.30 A
06622700 2012 06 29     18.00 A
06622700 2012 06 30     17.60 A
06622700 2012 07 01     17.00 A
06622700 2012 07 02     16.70 A
06622700 2012 07 03     16.50 A
06622700 2012 07 04     16.40 A
06622700 2012 07 05     35.60 A
06622700 2012 07 06     68.30 A
06622700 2012 07 07     32.20 A
06622700 2012 07 08     26.30 A
06622700 2012 07 09     22.30 A
06622700 2012 07 10     16.70 A
06622700 2012 07 11     14.90 A
06622700 2012 07 12     14.10 A
06622700 2012 07 13     13.50 A
06622700 2012 07 14     14.50 A
06622700 2012 07 15     14.80 A
06622700 2012 07 16     16.30 A
06622700 2012 07 17     13.90 A
06622700 2012 07 18     11.90 A
06622700 2012 07 19     11.20 A
06622700 2012 07 20     10.80 A
06622700 2012 07 21     10.40 A
06622700 2012 07 22     10.20 A
06622700 2012 07 23     13.90 A
06622700 2012 07 24     29.60 A
06622700 2012 07 25     15.90 A
06622700 2012 07 26     12.20 A
06622700 2012 07 27     11.30 A
06622700 2012 07 28     11.30 A
06622700 2012 07 29     10.90 A
06622700 2012 07 30     11.70 A
06622700 2012 07 31     14.80 A
06622700 2012 08 01     11.40 A
06622700 2012 08 02     12.20 A
06622700 2012 08 03     9.79 A
06622700 2012 08 04     9.06 A
06622700 2012 08 05     8.68 A
06622700 2012 08 06     8.56 A
06622700 2012 08 07     8.53 A
06622700 2012 08 08     8.04 A
06622700 2012 08 09     7.87 A
06622700 2012 08 10     7.91 A
06622700 2012 08 11     8.31 A
06622700 2012 08 12     8.49 A
06622700 2012 08 13     8.08 A
06622700 2012 08 14     8.90 A
06622700 2012 08 15     8.17 A
06622700 2012 08 16     7.75 A
06622700 2012 08 17     7.49 A
06622700 2012 08 18     7.36 A
06622700 2012 08 19     7.36 A
06622700 2012 08 20     7.46 A
06622700 2012 08 21     8.42 A
06622700 2012 08 22     7.68 A
06622700 2012 08 23     7.78 A
06622700 2012 08 24     7.65 A
06622700 2012 08 25     7.17 A
06622700 2012 08 26     6.89 A
06622700 2012 08 27     6.89 A
06622700 2012 08 28     7.27 A
06622700 2012 08 29     7.19 A
06622700 2012 08 30     7.36 A
06622700 2012 08 31     8.53 A
06622700 2012 09 01     8.36 A
06622700 2012 09 02     9.18 A
06622700 2012 09 03     8.03 A
06622700 2012 09 04     7.32 A
06622700 2012 09 05     6.98 A
06622700 2012 09 06     6.83 A
06622700 2012 09 07     6.96 A
06622700 2012 09 08     7.03 A
06622700 2012 09 09     6.89 A
06622700 2012 09 10     7.06 A
06622700 2012 09 11     7.93 A
06622700 2012 09 12     9.76 A
06622700 2012 09 13     8.30 A
06622700 2012 09 14     7.73 A
06622700 2012 09 15     7.49 A
06622700 2012 09 16     7.37 A
06622700 2012 09 17     7.39 A
06622700 2012 09 18     7.46 A
06622700 2012 09 19     7.44 A
06622700 2012 09 20     7.38 A
06622700 2012 09 21     7.36 A
06622700 2012 09 22     7.31 A
06622700 2012 09 23     7.32 A
06622700 2012 09 24     7.88 A
06622700 2012 09 25     9.16 A
06622700 2012 09 26     11.00 A
06622700 2012 09 27     10.80 A
06622700 2012 09 28     10.40 A
06622700 2012 09 29     9.11 A
06622700 2012 09 30     8.79 A
06622700 2012 10 01     8.52 A
06622700 2012 10 02     8.34 A
06622700 2012 10 03     8.05 A
06622700 2012 10 04     7.87 A
06622700 2012 10 05     8.15 A
06622700 2012 10 06     8.27 A
06622700 2012 10 07     8.42 A
06622700 2012 10 08     9.45 A
06622700 2012 10 09     8.79 A
06622700 2012 10 10     8.49 A
06622700 2012 10 11     8.78 A
06622700 2012 10 12     10.40 A
06622700 2012 10 13     15.10 A
06622700 2012 10 14     14.70 A
06622700 2012 10 15     11.70 A
06622700 2012 10 16     10.70 A
06622700 2012 10 17     11.40 A
06622700 2012 10 18     9.40 A
06622700 2012 10 19     9.42 A
06622700 2012 10 20     9.49 A
06622700 2012 10 21     9.37 A
06622700 2012 10 22     9.12 A
06622700 2012 10 23     9.23 A
06622700 2012 10 24     10.50 A
06622700 2012 10 25     10.20 A
06622700 2012 10 26     9.60 A
06622700 2012 10 27     9.40 A
06622700 2012 10 28     10.20 A
06622700 2012 10 29     11.20 A
06622700 2012 10 30     11.80 A
06622700 2012 10 31     11.70 A
06622700 2012 11 01     11.00 A
06622700 2012 11 02     10.70 A
06622700 2012 11 03     10.00 A
06622700 2012 11 04     10.60 A
06622700 2012 11 05     9.93 A
06622700 2012 11 06     9.76 A
06622700 2012 11 07     9.97 A
06622700 2012 11 08     10.40 A
06622700 2012 11 09     10.00 A
06622700 2012 11 10     9.95 A
06622700 2012 11 11     9.20 A
06622700 2012 11 12     8.60 A
06622700 2012 11 13     9.60 A
06622700 2012 11 14     11.50 A
06622700 2012 11 15     11.50 A
06622700 2012 11 16     12.20 A
06622700 2012 11 17     10.70 A
06622700 2012 11 18     10.60 A
06622700 2012 11 19     10.50 A
06622700 2012 11 20     10.60 A
06622700 2012 11 21     9.80 A
06622700 2012 11 22     9.25 A
06622700 2012 11 23     8.20 A
06622700 2012 11 24     8.80 A
06622700 2012 11 25     9.30 A
06622700 2012 11 26     8.80 A
06622700 2012 11 27     7.80 A
06622700 2012 11 28     8.00 A
06622700 2012 11 29     8.60 A
06622700 2012 11 30     8.80 A
06622700 2012 12 01     9.16 A
06622700 2012 12 02     8.96 A
06622700 2012 12 03     8.49 A
06622700 2012 12 04     8.40 A
06622700 2012 12 05     8.60 A
06622700 2012 12 06     8.57 A
06622700 2012 12 07     7.94 A
06622700 2012 12 08     7.60 A
06622700 2012 12 09     7.40 A
06622700 2012 12 10     7.20 A
06622700 2012 12 11     7.20 A
06622700 2012 12 12     7.40 A
06622700 2012 12 13     7.80 A
06622700 2012 12 14     8.00 A
06622700 2012 12 15     8.20 A
06622700 2012 12 16     8.40 A
06622700 2012 12 17     8.20 A
06622700 2012 12 18     8.00 A
06622700 2012 12 19     7.60 A
06622700 2012 12 20     7.60 A
06622700 2012 12 21     8.13 A
06622700 2012 12 22     8.12 A
06622700 2012 12 23     8.20 A
06622700 2012 12 24     8.28 A
06622700 2012 12 25     8.23 A
06622700 2012 12 26     8.13 A
06622700 2012 12 27     8.20 A
06622700 2012 12 28     8.15 A
06622700 2012 12 29     7.81 A
06622700 2012 12 30     7.77 A
06622700 2012 12 31     7.75 A
06622700 2013 01 01     7.63 A
06622700 2013 01 02     7.63 A
06622700 2013 01 03     7.48 A
06622700 2013 01 04     7.43 A
06622700 2013 01 05     7.38 A
06622700 2013 01 06     7.33 A
06622700 2013 01 07     7.36 A
06622700 2013 01 08     7.40 A
06622700 2013 01 09     7.40 A
06622700 2013 01 10     7.44 A
06622700 2013 01 11     7.25 A
06622700 2013 01 12     7.14 A
06622700 2013 01 13     7.01 A
06622700 2013 01 14     6.80 A
06622700 2013 01 15     6.80 A
06622700 2013 01 16     6.91 A
06622700 2013 01 17     6.95 A
06622700 2013 01 18     6.73 A
06622700 2013 01 19     6.77 A
06622700 2013 01 20     6.89 A
06622700 2013 01 21     7.13 A
06622700 2013 01 22     7.55 A
06622700 2013 01 23     7.64 A
06622700 2013 01 24     7.55 A
06622700 2013 01 25     7.30 A
06622700 2013 01 26     7.23 A
06622700 2013 01 27     7.31 A
06622700 2013 01 28     7.36 A
06622700 2013 01 29     7.23 A
06622700 2013 01 30     7.22 A
06622700 2013 01 31     7.13 A
06622700 2013 02 01     7.51 A
06622700 2013 02 02     7.41 A
06622700 2013 02 03     7.34 A
06622700 2013 02 04     7.36 A
06622700 2013 02 05     7.57 A
06622700 2013 02 06     7.53 A
06622700 2013 02 07     7.37 A
06622700 2013 02 08     7.71 A
06622700 2013 02 09     7.95 A
06622700 2013 02 10     8.18 A
06622700 2013 02 11     8.26 A
06622700 2013 02 12     8.35 A
06622700 2013 02 13     8.44 A
06622700 2013 02 14     8.37 A
06622700 2013 02 15     8.39 A
06622700 2013 02 16     8.25 A
06622700 2013 02 17     8.30 A
06622700 2013 02 18     8.47 A
06622700 2013 02 19     8.43 A
06622700 2013 02 20     8.56 A
06622700 2013 02 21     8.40 A
06622700 2013 02 22     8.29 A
06622700 2013 02 23     8.35 A
06622700 2013 02 24     8.40 A
06622700 2013 02 25     8.29 A
06622700 2013 02 26     8.56 A
06622700 2013 02 27     8.56 A
06622700 2013 02 28     8.62 A
06622700 2013 03 01     8.63 A
06622700 2013 03 02     8.68 A
06622700 2013 03 03     8.73 A
06622700 2013 03 04     8.60 A
06622700 2013 03 05     8.95 A
06622700 2013 03 06     9.06 A
06622700 2013 03 07     9.09 A
06622700 2013 03 08     9.06 A
06622700 2013 03 09     8.89 A
06622700 2013 03 10     8.81 A
06622700 2013 03 11     8.72 A
06622700 2013 03 12     8.66 A
06622700 2013 03 13     9.01 A
06622700 2013 03 14     9.66 A
06622700 2013 03 15     10.40 A
06622700 2013 03 16     9.94 A
06622700 2013 03 17     9.80 A
06622700 2013 03 18     9.60 A
06622700 2013 03 19     9.20 A
06622700 2013 03 20     9.50 A
06622700 2013 03 21     9.80 A
06622700 2013 03 22     9.40 A
06622700 2013 03 23     9.40 A
06622700 2013 03 24     9.40 A
06622700 2013 03 25     9.06 A
06622700 2013 03 26     8.82 A
06622700 2013 03 27     8.90 A
06622700 2013 03 28     9.36 A
06622700 2013 03 29     10.30 A
06622700 2013 03 30     10.10 A
06622700 2013 03 31     11.00 A
06622700 2013 04 01     11.00 A
06622700 2013 04 02     11.40 A
06622700 2013 04 03     11.50 A
06622700 2013 04 04     13.00 A
06622700 2013 04 05     15.20 A
06622700 2013 04 06     14.80 A
06622700 2013 04 07     13.00 A
06622700 2013 04 08     12.60 A
06622700 2013 04 09     12.50 A
06622700 2013 04 10     12.00 A
06622700 2013 04 11     12.00 A
06622700 2013 04 12     12.50 A
06622700 2013 04 13     12.00 A
06622700 2013 04 14     12.10 A
06622700 2013 04 15     11.10 A
06622700 2013 04 16     11.00 A
06622700 2013 04 17     11.00 A
06622700 2013 04 18     11.00 A
06622700 2013 04 19     10.40 A
06622700 2013 04 20     10.40 A
06622700 2013 04 21     10.80 A
06622700 2013 04 22     10.80 A
06622700 2013 04 23     11.00 A
06622700 2013 04 24     15.00 A
06622700 2013 04 25     13.40 A
06622700 2013 04 26     14.50 A
06622700 2013 04 27     18.70 A
06622700 2013 04 28     22.10 A
06622700 2013 04 29     26.20 A
06622700 2013 04 30     27.00 A
06622700 2013 05 01     21.00 A
06622700 2013 05 02     21.10 A
06622700 2013 05 03     19.00 A
06622700 2013 05 04     22.30 A
06622700 2013 05 05     26.00 A
06622700 2013 05 06     28.80 A
06622700 2013 05 07     33.90 A
06622700 2013 05 08     39.80 A
06622700 2013 05 09     46.80 A
06622700 2013 05 10     54.10 A
06622700 2013 05 11     64.40 A
06622700 2013 05 12     78.60 A
06622700 2013 05 13     109.00 A
06622700 2013 05 14     140.00 A
06622700 2013 05 15     142.00 A
06622700 2013 05 16     187.00 A
06622700 2013 05 17     234.00 A
06622700 2013 05 18     216.00 A
06622700 2013 05 19     170.00 A
06622700 2013 05 20     132.00 A
06622700 2013 05 21     107.00 A
06622700 2013 05 22     108.00 A
06622700 2013 05 23     186.00 A
06622700 2013 05 24     310.00 A
06622700 2013 05 25     375.00 A
06622700 2013 05 26     382.00 A
06622700 2013 05 27     342.00 A
06622700 2013 05 28     264.00 A
06622700 2013 05 29     241.00 A
06622700 2013 05 30     186.00 A
06622700 2013 05 31     128.00 A
06622700 2013 06 01     108.00 A
06622700 2013 06 02     140.00 A
06622700 2013 06 03     231.00 A
06622700 2013 06 04     238.00 A
06622700 2013 06 05     222.00 A
06622700 2013 06 06     211.00 A
06622700 2013 06 07     216.00 A
06622700 2013 06 08     226.00 A
06622700 2013 06 09     230.00 A
06622700 2013 06 10     268.00 A
06622700 2013 06 11     248.00 A
06622700 2013 06 12     183.00 A
06622700 2013 06 13     159.00 A
06622700 2013 06 14     151.00 A
06622700 2013 06 15     135.00 A
06622700 2013 06 16     118.00 A
06622700 2013 06 17     108.00 A
06622700 2013 06 18     104.00 A
06622700 2013 06 19     97.50 A
06622700 2013 06 20     88.30 A
06622700 2013 06 21     74.50 A
06622700 2013 06 22     66.10 A
06622700 2013 06 23     55.90 A
06622700 2013 06 24     49.20 A
06622700 2013 06 25     44.50 A
06622700 2013 06 26     40.50 A
06622700 2013 06 27     35.90 A
06622700 2013 06 28     31.90 A
06622700 2013 06 29     28.20 A
06622700 2013 06 30     25.50 A
06622700 2013 07 01     22.90 A
06622700 2013 07 02     20.90 A
06622700 2013 07 03     19.40 A
06622700 2013 07 04     21.50 A
06622700 2013 07 05     30.50 A
06622700 2013 07 06     21.50 A
06622700 2013 07 07     17.50 A
06622700 2013 07 08     16.10 A
06622700 2013 07 09     15.60 A
06622700 2013 07 10     14.20 A
06622700 2013 07 11     12.80 A
06622700 2013 07 12     12.30 A
06622700 2013 07 13     19.40 A
06622700 2013 07 14     17.40 A
06622700 2013 07 15     14.20 A
06622700 2013 07 16     12.50 A
06622700 2013 07 17     11.20 A
06622700 2013 07 18     11.20 A
06622700 2013 07 19     12.50 A
06622700 2013 07 20     11.80 A
06622700 2013 07 21     10.50 A
06622700 2013 07 22     9.86 A
06622700 2013 07 23     9.47 A
06622700 2013 07 24     9.39 A
06622700 2013 07 25     10.40 A
06622700 2013 07 26     12.00 A
06622700 2013 07 27     10.20 A
06622700 2013 07 28     10.30 A
06622700 2013 07 29     11.00 A
06622700 2013 07 30     10.60 A
06622700 2013 07 31     9.63 A
06622700 2013 08 01     10.60 A
06622700 2013 08 02     15.80 A
06622700 2013 08 03     10.30 A
06622700 2013 08 04     9.47 A
06622700 2013 08 05     9.28 A
06622700 2013 08 06     8.66 A
06622700 2013 08 07     8.23 A
06622700 2013 08 08     9.47 A
06622700 2013 08 09     10.00 A
06622700 2013 08 10     9.43 A
06622700 2013 08 11     9.11 A
06622700 2013 08 12     9.23 A
06622700 2013 08 13     11.50 A
06622700 2013 08 14     10.60 A
06622700 2013 08 15     9.35 A
06622700 2013 08 16     8.23 A
06622700 2013 08 17     7.69 A
06622700 2013 08 18     7.57 A
06622700 2013 08 19     7.58 A
06622700 2013 08 20     7.06 A
06622700 2013 08 21     7.02 A
06622700 2013 08 22     6.93 A
06622700 2013 08 23     7.23 A
06622700 2013 08 24     7.00 A
06622700 2013 08 25     6.87 A
06622700 2013 08 26     7.15 A
06622700 2013 08 27     7.33 A
06622700 2013 08 28     8.95 A
06622700 2013 08 29     8.22 A
06622700 2013 08 30     7.10 A
06622700 2013 08 31     6.70 A
06622700 2013 09 01     6.39 A
06622700 2013 09 02     6.37 A
06622700 2013 09 03     6.37 A
06622700 2013 09 04     6.29 A
06622700 2013 09 05     6.14 A
06622700 2013 09 06     6.26 A
06622700 2013 09 07     6.46 A
06622700 2013 09 08     9.28 A
06622700 2013 09 09     12.30 A
06622700 2013 09 10     13.90 A
06622700 2013 09 11     14.40 A
06622700 2013 09 12     16.10 A
06622700 2013 09 13     20.10 A
06622700 2013 09 14     14.40 A
06622700 2013 09 15     11.10 A
06622700 2013 09 16     10.00 A
06622700 2013 09 17     9.15 A
06622700 2013 09 18     8.79 A
06622700 2013 09 19     9.02 A
06622700 2013 09 20     8.09 A
06622700 2013 09 21     7.61 A
06622700 2013 09 22     8.02 A
06622700 2013 09 23     15.00 A
06622700 2013 09 24     11.70 A
06622700 2013 09 25     8.98 A
06622700 2013 09 26     8.06 A
06622700 2013 09 27     9.58 A
06622700 2013 09 28     10.40 A
06622700 2013 09 29     11.20 A
06622700 2013 09 30     11.30 A
06622700 2013 10 01     9.29 A
06622700 2013 10 02     8.39 A
06622700 2013 10 03     8.27 A
06622700 2013 10 04     11.10 A
06622700 2013 10 05     11.10 A
06622700 2013 10 06     12.80 A
06622700 2013 10 07     15.20 A
06622700 2013 10 08     18.50 A
06622700 2013 10 09     17.50 A
06622700 2013 10 10     15.40 A
06622700 2013 10 11     15.60 A
06622700 2013 10 12     19.50 A
06622700 2013 10 13     17.90 A
06622700 2013 10 14     19.90 A
06622700 2013 10 15     16.40 A
06622700 2013 10 16     15.00 A
06622700 2013 10 17     15.80 A
06622700 2013 10 18     14.20 A
06622700 2013 10 19     14.00 A
06622700 2013 10 20     14.50 A
06622700 2013 10 21     14.20 A
06622700 2013 10 22     14.00 A
06622700 2013 10 23     14.30 A
06622700 2013 10 24     14.30 A
06622700 2013 10 25     14.50 A
06622700 2013 10 26     14.50 A
06622700 2013 10 27     14.60 A
06622700 2013 10 28     14.10 A
06622700 2013 10 29     13.50 A
06622700 2013 10 30     12.90 A
06622700 2013 10 31     12.60 A
06622700 2013 11 01     12.10 A
06622700 2013 11 02     12.00 A
06622700 2013 11 03     13.00 A
06622700 2013 11 04     12.00 A
06622700 2013 11 05     11.00 A
06622700 2013 11 06     11.00 A
06622700 2013 11 07     12.00 A
06622700 2013 11 08     14.00 A
06622700 2013 11 09     14.00 A
06622700 2013 11 10     13.00 A
06622700 2013 11 11     12.00 A
06622700 2013 11 12     12.00 A
06622700 2013 11 13     12.00 A
06622700 2013 11 14     11.60 A
06622700 2013 11 15     11.10 A
06622700 2013 11 16     10.60 A
06622700 2013 11 17     10.60 A
06622700 2013 11 18     11.00 A
06622700 2013 11 19     11.90 A
06622700 2013 11 20     12.60 A
06622700 2013 11 21     12.20 A
06622700 2013 11 22     10.70 A
06622700 2013 11 23     10.70 A
06622700 2013 11 24     11.50 A
06622700 2013 11 25     12.00 A
06622700 2013 11 26     11.90 A
06622700 2013 11 27     12.60 A
06622700 2013 11 28     12.90 A
06622700 2013 11 29     13.50 A
06622700 2013 11 30     13.70 A
06622700 2013 12 01     14.10 A
06622700 2013 12 02     14.40 A
06622700 2013 12 03     13.00 A
06622700 2013 12 04     11.40 A
06622700 2013 12 05     10.30 A
06622700 2013 12 06     10.00 A
06622700 2013 12 07     10.00 A
06622700 2013 12 08     10.60 A
06622700 2013 12 09     10.90 A
06622700 2013 12 10     11.00 A
06622700 2013 12 11     10.60 A
06622700 2013 12 12     10.60 A
06622700 2013 12 13     10.70 A
06622700 2013 12 14     10.40 A
06622700 2013 12 15     10.10 A
06622700 2013 12 16     9.81 A
06622700 2013 12 17     9.81 A
06622700 2013 12 18     9.89 A
06622700 2013 12 19     10.00 A
06622700 2013 12 20     9.98 A
06622700 2013 12 21     9.84 A
06622700 2013 12 22     10.00 A
06622700 2013 12 23     9.87 A
06622700 2013 12 24     9.67 A
06622700 2013 12 25     9.92 A
06622700 2013 12 26     9.99 A
06622700 2013 12 27     10.10 A
06622700 2013 12 28     10.20 A
06622700 2013 12 29     10.30 A
06622700 2013 12 30     10.10 A
06622700 2013 12 31     10.10 A
06622700 2014 01 01     9.77 A
06622700 2014 01 02     10.50 A
06622700 2014 01 03     10.50 A
06622700 2014 01 04     10.40 A
06622700 2014 01 05     10.20 A
06622700 2014 01 06     10.10 A
06622700 2014 01 07     10.10 A
06622700 2014 01 08     10.10 A
06622700 2014 01 09     10.10 A
06622700 2014 01 10     9.93 A
06622700 2014 01 11     10.10 A
06622700 2014 01 12     10.10 A
06622700 2014 01 13     9.98 A
06622700 2014 01 14     9.91 A
06622700 2014 01 15     9.93 A
06622700 2014 01 16     9.89 A
06622700 2014 01 17     9.95 A
06622700 2014 01 18     10.00 A
06622700 2014 01 19     9.86 A
06622700 2014 01 20     10.00 A
06622700 2014 01 21     9.35 A
06622700 2014 01 22     9.28 A
06622700 2014 01 23     9.27 A
06622700 2014 01 24     8.80 A
06622700 2014 01 25     9.14 A
06622700 2014 01 26     9.21 A
06622700 2014 01 27     9.70 A
06622700 2014 01 28     9.40 A
06622700 2014 01 29     9.34 A
06622700 2014 01 30     9.15 A
06622700 2014 01 31     9.19 A
06622700 2014 02 01     9.08 A
06622700 2014 02 02     9.16 A
06622700 2014 02 03     9.14 A
06622700 2014 02 04     9.09 A
06622700 2014 02 05     8.76 A
06622700 2014 02 06     8.81 A
06622700 2014 02 07     8.98 A
06622700 2014 02 08     8.95 A
06622700 2014 02 09     9.05 A
06622700 2014 02 10     9.06 A
06622700 2014 02 11     9.07 A
06622700 2014 02 12     8.97 A
06622700 2014 02 13     9.11 A
06622700 2014 02 14     9.01 A
06622700 2014 02 15     9.00 A
06622700 2014 02 16     9.02 A
06622700 2014 02 17     8.96 A
06622700 2014 02 18     9.05 A
06622700 2014 02 19     9.02 A
06622700 2014 02 20     9.14 A
06622700 2014 02 21     9.02 A
06622700 2014 02 22     9.00 A
06622700 2014 02 23     8.97 A
06622700 2014 02 24     8.91 A
06622700 2014 02 25     8.69 A
06622700 2014 02 26     8.21 A
06622700 2014 02 27     9.10 A
06622700 2014 02 28     8.78 A
06622700 2014 03 01     8.78 A
06622700 2014 03 02     8.67 A
06622700 2014 03 03     8.70 A
06622700 2014 03 04     8.64 A
06622700 2014 03 05     8.75 A
06622700 2014 03 06     8.74 A
06622700 2014 03 07     8.80 A
06622700 2014 03 08     8.84 A
06622700 2014 03 09     10.40 A
06622700 2014 03 10     9.53 A
06622700 2014 03 11     8.89 A
06622700 2014 03 12     9.00 A
06622700 2014 03 13     10.40 A
06622700 2014 03 14     9.94 A
06622700 2014 03 15     9.13 A
06622700 2014 03 16     10.10 A
06622700 2014 03 17     9.07 A
06622700 2014 03 18     9.20 A
06622700 2014 03 19     9.28 A
06622700 2014 03 20     9.27 A
06622700 2014 03 21     9.61 A
06622700 2014 03 22     9.59 A
06622700 2014 03 23     9.60 A
06622700 2014 03 24     9.96 A
06622700 2014 03 25     9.97 A
06622700 2014 03 26     10.00 A
06622700 2014 03 27     10.30 A
06622700 2014 03 28     9.92 A
06622700 2014 03 29     10.00 A
06622700 2014 03 30     10.40 A
06622700 2014 03 31     10.80 A
06622700 2014 04 01     10.50 A
06622700 2014 04 02     10.80 A
06622700 2014 04 03     10.00 A
06622700 2014 04 04     10.00 A
06622700 2014 04 05     10.20 A
06622700 2014 04 06     10.20 A
06622700 2014 04 07     10.20 A
06622700 2014 04 08     11.70 A
06622700 2014 04 09     14.90 A
06622700 2014 04 10     16.50 A
06622700 2014 04 11     18.20 A
06622700 2014 04 12     21.60 A
06622700 2014 04 13     20.50 A
06622700 2014 04 14     18.00 A
06622700 2014 04 15     17.00 A
06622700 2014 04 16     16.20 A
06622700 2014 04 17     18.30 A
06622700 2014 04 18     21.40 A
06622700 2014 04 19     26.80 A
06622700 2014 04 20     31.00 A
06622700 2014 04 21     39.00 A
06622700 2014 04 22     47.30 A
06622700 2014 04 23     50.40 A
06622700 2014 04 24     42.00 A
06622700 2014 04 25     37.30 A
06622700 2014 04 26     40.80 A
06622700 2014 04 27     44.60 A
06622700 2014 04 28     42.60 A
06622700 2014 04 29     34.30 A
06622700 2014 04 30     31.20 A
06622700 2014 05 01     30.00 A
06622700 2014 05 02     32.90 A
06622700 2014 05 03     45.00 A
06622700 2014 05 04     73.90 A
06622700 2014 05 05     101.00 A
06622700 2014 05 06     119.00 A
06622700 2014 05 07     130.00 A
06622700 2014 05 08     121.00 A
06622700 2014 05 09     99.10 A
06622700 2014 05 10     85.20 A
06622700 2014 05 11     74.70 A
06622700 2014 05 12     64.60 A
06622700 2014 05 13     56.00 A
06622700 2014 05 14     53.00 A
06622700 2014 05 15     55.30 A
06622700 2014 05 16     60.30 A
06622700 2014 05 17     81.10 A
06622700 2014 05 18     117.00 A
06622700 2014 05 19     159.00 A
06622700 2014 05 20     204.00 A
06622700 2014 05 21     252.00 A
06622700 2014 05 22     276.00 A
06622700 2014 05 23     287.00 A
06622700 2014 05 24     382.00 A
06622700 2014 05 25     390.00 A
06622700 2014 05 26     483.00 A
06622700 2014 05 27     614.00 A
06622700 2014 05 28     644.00 A
06622700 2014 05 29     790.00 A
06622700 2014 05 30     663.00 A
06622700 2014 05 31     681.00 A
06622700 2014 06 01     675.00 A
06622700 2014 06 02     638.00 A
06622700 2014 06 03     703.00 A
06622700 2014 06 04     647.00 A
06622700 2014 06 05     623.00 A
06622700 2014 06 06     610.00 A
06622700 2014 06 07     579.00 A
06622700 2014 06 08     534.00 A
06622700 2014 06 09     321.00 A
06622700 2014 06 10     363.00 A
06622700 2014 06 11     483.00 A
06622700 2014 06 12     535.00 A
06622700 2014 06 13     570.00 A
06622700 2014 06 14     501.00 A
06622700 2014 06 15     278.00 A
06622700 2014 06 16     268.00 A
06622700 2014 06 17     304.00 A
06622700 2014 06 18     307.00 A
06622700 2014 06 19     221.00 A
06622700 2014 06 20     235.00 A
06622700 2014 06 21     245.00 A
06622700 2014 06 22     236.00 A
06622700 2014 06 23     238.00 A
06622700 2014 06 24     236.00 A
06622700 2014 06 25     220.00 A
06622700 2014 06 26     216.00 A
06622700 2014 06 27     242.00 A
06622700 2014 06 28     201.00 A
06622700 2014 06 29     177.00 A
06622700 2014 06 30     167.00 A
06622700 2014 07 01     143.00 A
06622700 2014 07 02     128.00 A
06622700 2014 07 03     122.00 A
06622700 2014 07 04     118.00 A
06622700 2014 07 05     109.00 A
06622700 2014 07 06     102.00 A
06622700 2014 07 07     92.10 A
06622700 2014 07 08     82.00 A
06622700 2014 07 09     69.30 A
06622700 2014 07 10     63.10 A
06622700 2014 07 11     69.70 A
06622700 2014 07 12     72.90 A
06622700 2014 07 13     54.90 A
06622700 2014 07 14     47.40 A
06622700 2014 07 15     47.60 A
06622700 2014 07 16     52.90 A
06622700 2014 07 17     43.70 A
06622700 2014 07 18     35.20 A
06622700 2014 07 19     32.00 A
06622700 2014 07 20     27.50 A
06622700 2014 07 21     24.20 A
06622700 2014 07 22     22.10 A
06622700 2014 07 23     20.50 A
06622700 2014 07 24     19.40 A
06622700 2014 07 25     19.30 A
06622700 2014 07 26     19.30 A
06622700 2014 07 27     17.80 A
06622700 2014 07 28     16.90 A
06622700 2014 07 29     24.40 A
06622700 2014 07 30     53.70 A
06622700 2014 07 31     29.50 A
06622700 2014 08 01     20.50 A
06622700 2014 08 02     18.00 A
06622700 2014 08 03     17.20 A
06622700 2014 08 04     17.10 A
06622700 2014 08 05     17.00 A
06622700 2014 08 06     16.40 A
06622700 2014 08 07     17.20 A
06622700 2014 08 08     20.40 A
06622700 2014 08 09     16.60 A
06622700 2014 08 10     14.10 A
06622700 2014 08 11     12.90 A
06622700 2014 08 12     12.10 A
06622700 2014 08 13     14.30 A
06622700 2014 08 14     27.10 A
06622700 2014 08 15     22.00 A
06622700 2014 08 16     21.00 A
06622700 2014 08 17     14.20 A
06622700 2014 08 18     12.30 A
06622700 2014 08 19     11.70 A
06622700 2014 08 20     17.30 A
06622700 2014 08 21     18.40 A
06622700 2014 08 22     16.00 A
06622700 2014 08 23     20.20 A
06622700 2014 08 24     23.80 A
06622700 2014 08 25     21.00 A
06622700 2014 08 26     23.10 A
06622700 2014 08 27     34.40 A
06622700 2014 08 28     57.30 A
06622700 2014 08 29     31.20 A
06622700 2014 08 30     20.80 A
06622700 2014 08 31     44.80 A
06622700 2014 09 01     32.20 A
06622700 2014 09 02     20.10 A
06622700 2014 09 03     16.20 A
06622700 2014 09 04     14.30 A
06622700 2014 09 05     18.90 A
06622700 2014 09 06     22.10 A
06622700 2014 09 07     15.70 A
06622700 2014 09 08     14.30 A
06622700 2014 09 09     44.10 A
06622700 2014 09 10     56.40 A
06622700 2014 09 11     25.70 A
06622700 2014 09 12     19.60 A
06622700 2014 09 13     17.70 A
06622700 2014 09 14     16.10 A
06622700 2014 09 15     14.60 A
06622700 2014 09 16     13.70 A
06622700 2014 09 17     13.10 A
06622700 2014 09 18     12.50 A
06622700 2014 09 19     11.70 A
06622700 2014 09 20     11.40 A
06622700 2014 09 21     11.20 A
06622700 2014 09 22     15.00 A
06622700 2014 09 23     23.70 A
06622700 2014 09 24     15.60 A
06622700 2014 09 25     13.10 A
06622700 2014 09 26     11.80 A
06622700 2014 09 27     11.30 A
06622700 2014 09 28     14.00 A
06622700 2014 09 29     34.30 A
06622700 2014 09 30     28.60 A
06622700 2014 10 01     35.60 A
06622700 2014 10 02     26.50 A
06622700 2014 10 03     21.90 A
06622700 2014 10 04     19.20 A
06622700 2014 10 05     17.80 A
06622700 2014 10 06     16.40 A
06622700 2014 10 07     15.00 A
06622700 2014 10 08     14.10 A
06622700 2014 10 09     13.70 A
06622700 2014 10 10     13.40 A
06622700 2014 10 11     13.00 A
06622700 2014 10 12     15.00 A
06622700 2014 10 13     17.10 A
06622700 2014 10 14     18.20 A
06622700 2014 10 15     23.70 A
06622700 2014 10 16     22.60 A
06622700 2014 10 17     18.20 A
06622700 2014 10 18     16.20 A
06622700 2014 10 19     15.00 A
06622700 2014 10 20     14.20 A
06622700 2014 10 21     14.60 A
06622700 2014 10 22     19.70 A
06622700 2014 10 23     17.30 A
06622700 2014 10 24     15.10 A
06622700 2014 10 25     13.70 A
06622700 2014 10 26     13.80 A
06622700 2014 10 27     15.60 A
06622700 2014 10 28     12.00 A
06622700 2014 10 29     14.00 A
06622700 2014 10 30     14.00 A
06622700 2014 10 31     14.40 A
06622700 2014 11 01     15.10 A
06622700 2014 11 02     15.40 A
06622700 2014 11 03     15.20 A
06622700 2014 11 04     13.00 A
06622700 2014 11 05     14.00 A
06622700 2014 11 06     15.00 A
06622700 2014 11 07     15.60 A
06622700 2014 11 08     15.00 A
06622700 2014 11 09     15.10 A
06622700 2014 11 10     13.90 A
06622700 2014 11 11     12.40 A
06622700 2014 11 12     11.70 A
06622700 2014 11 13     11.00 A
06622700 2014 11 14     11.00 A
06622700 2014 11 15     10.60 A
06622700 2014 11 16     9.83 A
06622700 2014 11 17     9.83 A
06622700 2014 11 18     11.40 A
06622700 2014 11 19     13.00 A
06622700 2014 11 20     12.90 A
06622700 2014 11 21     12.80 A
06622700 2014 11 22     12.60 A
06622700 2014 11 23     13.00 A
06622700 2014 11 24     13.00 A
06622700 2014 11 25     13.20 A
06622700 2014 11 26     13.40 A
06622700 2014 11 27     14.30 A
06622700 2014 11 28     14.40 A
06622700 2014 11 29     14.20 A
06622700 2014 11 30     14.10 A
06622700 2014 12 01     14.00 A
06622700 2014 12 02     14.00 A
06622700 2014 12 03     13.60 A
06622700 2014 12 04     13.60 A
06622700 2014 12 05     13.50 A
06622700 2014 12 06     13.20 A
06622700 2014 12 07     13.00 A
06622700 2014 12 08     12.90 A
06622700 2014 12 09     12.40 A
06622700 2014 12 10     12.40 A
06622700 2014 12 11     12.70 A
06622700 2014 12 12     12.90 A
06622700 2014 12 13     12.50 A
06622700 2014 12 14     11.90 A
06622700 2014 12 15     10.50 A
06622700 2014 12 16     10.30 A
06622700 2014 12 17     10.30 A
06622700 2014 12 18     10.60 A
06622700 2014 12 19     11.30 A
06622700 2014 12 20     11.80 A
06622700 2014 12 21     11.60 A
06622700 2014 12 22     12.30 A
06622700 2014 12 23     12.60 A
06622700 2014 12 24     12.80 A
06622700 2014 12 25     12.60 A
06622700 2014 12 26     12.20 A
06622700 2014 12 27     12.20 A
06622700 2014 12 28     12.50 A
06622700 2014 12 29     12.40 A
06622700 2014 12 30     12.00 A
06622700 2014 12 31     12.00 A
06622700 2015 01 01     11.90 A
06622700 2015 01 02     11.50 A
06622700 2015 01 03     11.10 A
06622700 2015 01 04     10.90 A
06622700 2015 01 05     10.70 A
06622700 2015 01 06     10.80 A
06622700 2015 01 07     10.70 A
06622700 2015 01 08     10.70 A
06622700 2015 01 09     10.50 A
06622700 2015 01 10     11.00 A
06622700 2015 01 11     11.00 A
06622700 2015 01 12     10.70 A
06622700 2015 01 13     10.80 A
06622700 2015 01 14     11.60 A
06622700 2015 01 15     12.10 A
06622700 2015 01 16     12.50 A
06622700 2015 01 17     11.50 A
06622700 2015 01 18     10.70 A
06622700 2015 01 19     10.60 A
06622700 2015 01 20     10.50 A
06622700 2015 01 21     10.50 A
06622700 2015 01 22     10.30 A
06622700 2015 01 23     10.40 A
06622700 2015 01 24     10.80 A
06622700 2015 01 25     11.30 A
06622700 2015 01 26     11.40 A
06622700 2015 01 27     11.20 A
06622700 2015 01 28     10.80 A
06622700 2015 01 29     10.40 A
06622700 2015 01 30     10.30 A
06622700 2015 01 31     10.40 A
06622700 2015 02 01     10.20 A
06622700 2015 02 02     10.00 A
06622700 2015 02 03     10.60 A
06622700 2015 02 04     10.40 A
06622700 2015 02 05     10.30 A
06622700 2015 02 06     10.40 A
06622700 2015 02 07     10.50 A
06622700 2015 02 08     10.70 A
06622700 2015 02 09     10.80 A
06622700 2015 02 10     10.60 A
06622700 2015 02 11     10.40 A
06622700 2015 02 12     10.60 A
06622700 2015 02 13     11.00 A
06622700 2015 02 14     11.20 A
06622700 2015 02 15     10.80 A
06622700 2015 02 16     10.50 A
06622700 2015 02 17     10.50 A
06622700 2015 02 18     11.00 A
06622700 2015 02 19     11.50 A
06622700 2015 02 20     10.70 A
06622700 2015 02 21     10.40 A
06622700 2015 02 22     10.20 A
06622700 2015 02 23     10.20 A
06622700 2015 02 24     10.60 A
06622700 2015 02 25     10.80 A
06622700 2015 02 26     10.50 A
06622700 2015 02 27     10.10 A
06622700 2015 02 28     10.30 A
06622700 2015 03 01     10.50 A
06622700 2015 03 02     10.90 A
06622700 2015 03 03     10.80 A
06622700 2015 03 04     10.90 A
06622700 2015 03 05     11.00 A
06622700 2015 03 06     10.80 A
06622700 2015 03 07     10.80 A
06622700 2015 03 08     11.00 A
06622700 2015 03 09     10.90 A
06622700 2015 03 10     11.00 A
06622700 2015 03 11     11.00 A
06622700 2015 03 12     10.90 A
06622700 2015 03 13     10.90 A
06622700 2015 03 14     11.80 A
06622700 2015 03 15     14.30 A
06622700 2015 03 16     16.90 A
06622700 2015 03 17     18.50 A
06622700 2015 03 18     19.60 A
06622700 2015 03 19     18.60 A
06622700 2015 03 20     18.60 A
06622700 2015 03 21     19.40 A
06622700 2015 03 22     19.40 A
06622700 2015 03 23     18.70 A
06622700 2015 03 24     17.10 A
06622700 2015 03 25     16.50 A
06622700 2015 03 26     16.50 A
06622700 2015 03 27     16.50 A
06622700 2015 03 28     21.30 A
06622700 2015 03 29     26.00 A
06622700 2015 03 30     27.10 A
06622700 2015 03 31     32.20 A
06622700 2015 04 01     32.20 A
06622700 2015 04 02     25.60 A
06622700 2015 04 03     23.70 A
06622700 2015 04 04     23.40 A
06622700 2015 04 05     24.00 A
06622700 2015 04 06     24.60 A
06622700 2015 04 07     26.90 A
06622700 2015 04 08     26.80 A
06622700 2015 04 09     24.50 A
06622700 2015 04 10     23.90 A
06622700 2015 04 11     24.30 A
06622700 2015 04 12     25.10 A
06622700 2015 04 13     26.80 A
06622700 2015 04 14     35.10 A
06622700 2015 04 15     41.20 A
06622700 2015 04 16     31.30 A
06622700 2015 04 17     27.70 A
06622700 2015 04 18     27.10 A
06622700 2015 04 19     26.80 A
06622700 2015 04 20     25.80 A
06622700 2015 04 21     26.70 A
06622700 2015 04 22     31.20 A
06622700 2015 04 23     36.20 A
06622700 2015 04 24     33.10 A
06622700 2015 04 25     30.70 A
06622700 2015 04 26     33.60 A
06622700 2015 04 27     38.30 A
06622700 2015 04 28     41.90 A
06622700 2015 04 29     58.60 A
06622700 2015 04 30     75.20 A
06622700 2015 05 01     92.10 A
06622700 2015 05 02     107.00 A
06622700 2015 05 03     115.00 A
06622700 2015 05 04     121.00 A
06622700 2015 05 05     121.00 A
06622700 2015 05 06     133.00 A
06622700 2015 05 07     144.00 A
06622700 2015 05 08     132.00 A
06622700 2015 05 09     123.00 A
06622700 2015 05 10     98.80 A
06622700 2015 05 11     89.10 A
06622700 2015 05 12     91.20 A
06622700 2015 05 13     105.00 A
06622700 2015 05 14     112.00 A
06622700 2015 05 15     122.00 A
06622700 2015 05 16     108.00 A
06622700 2015 05 17     109.00 A
06622700 2015 05 18     110.00 A
06622700 2015 05 19     136.00 A
06622700 2015 05 20     127.00 A
06622700 2015 05 21     130.00 A
06622700 2015 05 22     146.00 A
06622700 2015 05 23     146.00 A
06622700 2015 05 24     153.00 A
06622700 2015 05 25     154.00 A
06622700 2015 05 26     167.00 A
06622700 2015 05 27     257.00 A
06622700 2015 05 28     321.00 A
06622700 2015 05 29     244.00 A
06622700 2015 05 30     211.00 A
06622700 2015 05 31     304.00 A
06622700 2015 06 01     353.00 A
06622700 2015 06 02     364.00 A
06622700 2015 06 03     328.00 A
06622700 2015 06 04     277.00 A
06622700 2015 06 05     296.00 A
06622700 2015 06 06     271.00 A
06622700 2015 06 07     226.00 A
06622700 2015 06 08     201.00 A
06622700 2015 06 09     208.00 A
06622700 2015 06 10     200.00 A
06622700 2015 06 11     340.00 A
06622700 2015 06 12     292.00 A
06622700 2015 06 13     218.00 A
06622700 2015 06 14     192.00 A
06622700 2015 06 15     175.00 A
06622700 2015 06 16     347.00 A
06622700 2015 06 17     209.00 A
06622700 2015 06 18     177.00 A
06622700 2015 06 19     154.00 A
06622700 2015 06 20     140.00 A
06622700 2015 06 21     133.00 A
06622700 2015 06 22     116.00 A
06622700 2015 06 23     95.80 A
06622700 2015 06 24     79.90 A
06622700 2015 06 25     70.00 A
06622700 2015 06 26     62.10 A
06622700 2015 06 27     53.60 A
06622700 2015 06 28     47.40 A
06622700 2015 06 29     43.00 A
06622700 2015 06 30     37.60 A
06622700 2015 07 01     38.20 A
06622700 2015 07 02     39.30 A
06622700 2015 07 03     32.20 A
06622700 2015 07 04     27.50 A
06622700 2015 07 05     31.10 A
06622700 2015 07 06     52.00 A
06622700 2015 07 07     38.20 A
06622700 2015 07 08     43.40 A
06622700 2015 07 09     36.60 A
06622700 2015 07 10     30.00 A
06622700 2015 07 11     25.00 A
06622700 2015 07 12     22.00 A
06622700 2015 07 13     20.00 A
06622700 2015 07 14     19.00 A
06622700 2015 07 15     20.00 A
06622700 2015 07 16     20.00 A
06622700 2015 07 17     19.00 A
06622700 2015 07 18     18.00 A
06622700 2015 07 19     18.00 A
06622700 2015 07 20     16.80 A
06622700 2015 07 21     17.50 A
06622700 2015 07 22     17.00 A
06622700 2015 07 23     17.40 A
06622700 2015 07 24     14.80 A
06622700 2015 07 25     13.90 A
06622700 2015 07 26     13.60 A
06622700 2015 07 27     13.10 A
06622700 2015 07 28     12.60 A
06622700 2015 07 29     12.30 A
06622700 2015 07 30     11.90 A
06622700 2015 07 31     11.60 A
06622700 2015 08 01     11.30 A
06622700 2015 08 02     11.20 A
06622700 2015 08 03     12.30 A
06622700 2015 08 04     16.70 A
06622700 2015 08 05     13.50 A
06622700 2015 08 06     11.50 A
06622700 2015 08 07     11.10 A
06622700 2015 08 08     11.30 A
06622700 2015 08 09     10.70 A
06622700 2015 08 10     10.20 A
06622700 2015 08 11     10.10 A
06622700 2015 08 12     10.60 A
06622700 2015 08 13     10.20 A
06622700 2015 08 14     9.97 A
06622700 2015 08 15     10.30 A
06622700 2015 08 16     13.00 A
06622700 2015 08 17     15.30 A
06622700 2015 08 18     10.90 A
06622700 2015 08 19     12.00 A
06622700 2015 08 20     11.40 A
06622700 2015 08 21     9.77 A
06622700 2015 08 22     8.97 A
06622700 2015 08 23     8.49 A
06622700 2015 08 24     8.39 A
06622700 2015 08 25     8.27 A
06622700 2015 08 26     8.45 A
06622700 2015 08 27     14.70 A
06622700 2015 08 28     16.50 A
06622700 2015 08 29     11.40 A
06622700 2015 08 30     9.82 A
06622700 2015 08 31     12.50 A
06622700 2015 09 01     19.70 A
06622700 2015 09 02     13.70 A
06622700 2015 09 03     11.60 A
06622700 2015 09 04     15.60 A
06622700 2015 09 05     12.30 A
06622700 2015 09 06     13.20 A
06622700 2015 09 07     13.20 A
06622700 2015 09 08     11.50 A
06622700 2015 09 09     9.97 A
06622700 2015 09 10     9.72 A
06622700 2015 09 11     9.42 A
06622700 2015 09 12     9.21 A
06622700 2015 09 13     8.83 A
06622700 2015 09 14     8.94 A
06622700 2015 09 15     12.40 A
06622700 2015 09 16     18.00 A
06622700 2015 09 17     28.00 A
06622700 2015 09 18     23.50 A
06622700 2015 09 19     17.00 A
06622700 2015 09 20     12.90 A
06622700 2015 09 21     11.40 A
06622700 2015 09 22     10.60 A
06622700 2015 09 23     10.20 A
06622700 2015 09 24     9.71 A
06622700 2015 09 25     9.42 A
06622700 2015 09 26     9.24 A
06622700 2015 09 27     9.02 A
06622700 2015 09 28     9.30 A
06622700 2015 09 29     10.30 A
06622700 2015 09 30     10.10 A
06622700 2015 10 01     10.10 A
06622700 2015 10 02     9.57 A
06622700 2015 10 03     9.50 A
06622700 2015 10 04     9.55 A
06622700 2015 10 05     9.58 A
06622700 2015 10 06     10.70 A
06622700 2015 10 07     11.80 A
06622700 2015 10 08     10.40 A
06622700 2015 10 09     9.93 A
06622700 2015 10 10     9.54 A
06622700 2015 10 11     9.16 A
06622700 2015 10 12     8.74 A
06622700 2015 10 13     8.64 A
06622700 2015 10 14     8.63 A
06622700 2015 10 15     8.51 A
06622700 2015 10 16     8.61 A
06622700 2015 10 17     8.69 A
06622700 2015 10 18     9.07 A
06622700 2015 10 19     9.40 A
06622700 2015 10 20     10.80 A
06622700 2015 10 21     11.80 A
06622700 2015 10 22     12.20 A
06622700 2015 10 23     17.40 A
06622700 2015 10 24     14.90 A
06622700 2015 10 25     14.20 A
06622700 2015 10 26     17.40 A
06622700 2015 10 27     17.30 A
06622700 2015 10 28     14.20 A
06622700 2015 10 29     13.00 A
06622700 2015 10 30     13.70 A
06622700 2015 10 31     13.00 A
06622700 2015 11 01     13.10 A
06622700 2015 11 02     13.90 A
06622700 2015 11 03     14.40 A
06622700 2015 11 04     14.00 A
06622700 2015 11 05     12.20 A
06622700 2015 11 06     10.30 A
06622700 2015 11 07     9.82 A
06622700 2015 11 08     10.40 A
06622700 2015 11 09     11.40 A
06622700 2015 11 10     12.80 A
06622700 2015 11 11     12.20 A
06622700 2015 11 12     10.80 A
06622700 2015 11 13     11.10 A
06622700 2015 11 14     12.40 A
06622700 2015 11 15     12.70 A
06622700 2015 11 16     12.40 A
06622700 2015 11 17     10.70 A
06622700 2015 11 18     10.70 A
06622700 2015 11 19     10.80 A
06622700 2015 11 20     10.50 A
06622700 2015 11 21     10.10 A
06622700 2015 11 22     10.70 A
06622700 2015 11 23     11.70 A
06622700 2015 11 24     12.60 A
06622700 2015 11 25     13.30 A
06622700 2015 11 26     13.20 A
06622700 2015 11 27     12.50 A
06622700 2015 11 28     11.90 A
06622700 2015 11 29     11.10 A
06622700 2015 11 30     10.30 A
06622700 2015 12 01     10.10 A
06622700 2015 12 02     10.50 A
06622700 2015 12 03     11.30 A
06622700 2015 12 04     12.10 A
06622700 2015 12 05     12.30 A
06622700 2015 12 06     11.70 A
06622700 2015 12 07     11.80 A
06622700 2015 12 08     12.20 A
06622700 2015 12 09     12.00 A
06622700 2015 12 10     12.00 A
06622700 2015 12 11     12.10 A
06622700 2015 12 12     12.30 A
06622700 2015 12 13     11.00 A
06622700 2015 12 14     12.40 A
06622700 2015 12 15     12.40 A
06622700 2015 12 16     11.90 A
06622700 2015 12 17     11.70 A
06622700 2015 12 18     12.20 A
06622700 2015 12 19     12.10 A
06622700 2015 12 20     12.00 A
06622700 2015 12 21     12.00 A
06622700 2015 12 22     12.10 A
06622700 2015 12 23     12.00 A
06622700 2015 12 24     11.80 A
06622700 2015 12 25     11.90 A
06622700 2015 12 26     11.80 A
06622700 2015 12 27     11.40 A
06622700 2015 12 28     11.50 A
06622700 2015 12 29     11.60 A
06622700 2015 12 30     11.50 A
06622700 2015 12 31     11.20 A
06622700 2016 01 01     10.90 A
06622700 2016 01 02     10.90 A
06622700 2016 01 03     10.90 A
06622700 2016 01 04     10.70 A
06622700 2016 01 05     10.60 A
06622700 2016 01 06     10.60 A
06622700 2016 01 07     10.70 A
06622700 2016 01 08     10.80 A
06622700 2016 01 09     10.50 A
06622700 2016 01 10     10.40 A
06622700 2016 01 11     10.20 A
06622700 2016 01 12     10.50 A
06622700 2016 01 13     10.40 A
06622700 2016 01 14     10.40 A
06622700 2016 01 15     10.40 A
06622700 2016 01 16     10.40 A
06622700 2016 01 17     9.89 A
06622700 2016 01 18     10.90 A
06622700 2016 01 19     10.60 A
06622700 2016 01 20     11.30 A
06622700 2016 01 21     11.10 A
06622700 2016 01 22     11.10 A
06622700 2016 01 23     11.20 A
06622700 2016 01 24     11.10 A
06622700 2016 01 25     11.20 A
06622700 2016 01 26     10.90 A
06622700 2016 01 27     10.90 A
06622700 2016 01 28     11.40 A
06622700 2016 01 29     10.90 A
06622700 2016 01 30     10.90 A
06622700 2016 01 31     10.90 A
06622700 2016 02 01     10.90 A
06622700 2016 02 02     10.90 A
06622700 2016 02 03     10.70 A
06622700 2016 02 04     10.80 A
06622700 2016 02 05     11.10 A
06622700 2016 02 06     11.10 A
06622700 2016 02 07     10.80 A
06622700 2016 02 08     10.70 A
06622700 2016 02 09     10.60 A
06622700 2016 02 10     10.60 A
06622700 2016 02 11     10.70 A
06622700 2016 02 12     10.80 A
06622700 2016 02 13     10.50 A
06622700 2016 02 14     10.70 A
06622700 2016 02 15     10.70 A
06622700 2016 02 16     10.70 A
06622700 2016 02 17     10.50 A
06622700 2016 02 18     10.40 A
06622700 2016 02 19     9.73 A
06622700 2016 02 20     10.50 A
06622700 2016 02 21     10.40 A
06622700 2016 02 22     10.40 A
06622700 2016 02 23     10.10 A
06622700 2016 02 24     10.10 A
06622700 2016 02 25     10.30 A
06622700 2016 02 26     11.00 A
06622700 2016 02 27     11.10 A
06622700 2016 02 28     11.00 A
06622700 2016 02 29     10.70 A
06622700 2016 03 01     9.80 A
06622700 2016 03 02     10.00 A
06622700 2016 03 03     10.20 A
06622700 2016 03 04     10.30 A
06622700 2016 03 05     10.50 A
06622700 2016 03 06     11.20 A
06622700 2016 03 07     11.50 A
06622700 2016 03 08     11.30 A
06622700 2016 03 09     11.40 A
06622700 2016 03 10     11.20 A
06622700 2016 03 11     11.40 A
06622700 2016 03 12     12.10 A
06622700 2016 03 13     11.90 A
06622700 2016 03 14     11.80 A
06622700 2016 03 15     11.20 A
06622700 2016 03 16     10.40 A
06622700 2016 03 17     10.20 A
06622700 2016 03 18     10.20 A
06622700 2016 03 19     10.20 A
06622700 2016 03 20     10.40 A
06622700 2016 03 21     11.10 A
06622700 2016 03 22     12.30 A
06622700 2016 03 23     11.80 A
06622700 2016 03 24     11.80 A
06622700 2016 03 25     11.60 A
06622700 2016 03 26     11.30 A
06622700 2016 03 27     11.00 A
06622700 2016 03 28     11.50 A
06622700 2016 03 29     11.70 A
06622700 2016 03 30     11.50 A
06622700 2016 03 31     11.20 A
06622700 2016 04 01     11.20 A
06622700 2016 04 02     11.90 A
06622700 2016 04 03     13.70 A
06622700 2016 04 04     16.70 A
06622700 2016 04 05     18.10 A
06622700 2016 04 06     16.80 A
06622700 2016 04 07     18.20 A
06622700 2016 04 08     20.80 A
06622700 2016 04 09     24.80 A
06622700 2016 04 10     34.20 A
06622700 2016 04 11     35.00 A
06622700 2016 04 12     35.70 A
06622700 2016 04 13     38.80 A
06622700 2016 04 14     44.60 A
06622700 2016 04 15     44.40 A
06622700 2016 04 16     33.50 A
06622700 2016 04 17     30.00 A
06622700 2016 04 18     27.10 A
06622700 2016 04 19     24.40 A
06622700 2016 04 20     23.30 A
06622700 2016 04 21     27.00 A
06622700 2016 04 22     36.40 A
06622700 2016 04 23     51.90 A
06622700 2016 04 24     51.70 A
06622700 2016 04 25     46.20 A
06622700 2016 04 26     42.70 A
06622700 2016 04 27     38.60 A
06622700 2016 04 28     33.90 A
06622700 2016 04 29     30.90 A
06622700 2016 04 30     28.30 A
06622700 2016 05 01     27.80 A
06622700 2016 05 02     31.90 A
06622700 2016 05 03     33.70 A
06622700 2016 05 04     45.70 A
06622700 2016 05 05     66.40 A
06622700 2016 05 06     91.90 A
06622700 2016 05 07     125.00 A
06622700 2016 05 08     117.00 A
06622700 2016 05 09     109.00 A
06622700 2016 05 10     115.00 A
06622700 2016 05 11     98.40 A
06622700 2016 05 12     94.20 A
06622700 2016 05 13     104.00 A
06622700 2016 05 14     127.00 A
06622700 2016 05 15     164.00 A
06622700 2016 05 16     194.00 A
06622700 2016 05 17     179.00 A
06622700 2016 05 18     186.00 A
06622700 2016 05 19     219.00 A
06622700 2016 05 20     262.00 A
06622700 2016 05 21     324.00 A
06622700 2016 05 22     329.00 A
06622700 2016 05 23     252.00 A
06622700 2016 05 24     233.00 A
06622700 2016 05 25     240.00 A
06622700 2016 05 26     223.00 A
06622700 2016 05 27     214.00 A
06622700 2016 05 28     221.00 A
06622700 2016 05 29     268.00 A
06622700 2016 05 30     326.00 A
06622700 2016 05 31     367.00 A
06622700 2016 06 01     390.00 A
06622700 2016 06 02     455.00 A
06622700 2016 06 03     555.00 A
06622700 2016 06 04     612.00 A
06622700 2016 06 05     599.00 A
06622700 2016 06 06     579.00 A
06622700 2016 06 07     632.00 A
06622700 2016 06 08     650.00 A
06622700 2016 06 09     605.00 A
06622700 2016 06 10     617.00 A
06622700 2016 06 11     579.00 A
06622700 2016 06 12     569.00 A
06622700 2016 06 13     461.00 A
06622700 2016 06 14     403.00 A
06622700 2016 06 15     377.00 A
06622700 2016 06 16     377.00 A
06622700 2016 06 17     338.00 A
06622700 2016 06 18     305.00 A
06622700 2016 06 19     290.00 A
06622700 2016 06 20     234.00 A
06622700 2016 06 21     219.00 A
06622700 2016 06 22     176.00 A
06622700 2016 06 23     146.00 A
06622700 2016 06 24     134.00 A
06622700 2016 06 25     114.00 A
06622700 2016 06 26     96.70 A
06622700 2016 06 27     83.70 A
06622700 2016 06 28     74.90 A
06622700 2016 06 29     68.90 A
06622700 2016 06 30     73.50 A
06622700 2016 07 01     78.80 A
06622700 2016 07 02     70.70 A
06622700 2016 07 03     66.50 A
06622700 2016 07 04     70.50 A
06622700 2016 07 05     63.50 A
06622700 2016 07 06     57.20 A
06622700 2016 07 07     40.80 A
06622700 2016 07 08     33.80 A
06622700 2016 07 09     28.80 A
06622700 2016 07 10     24.10 A
06622700 2016 07 11     22.40 A
06622700 2016 07 12     24.10 A
06622700 2016 07 13     23.80 A
06622700 2016 07 14     23.20 A
06622700 2016 07 15     22.00 A
06622700 2016 07 16     21.10 A
06622700 2016 07 17     20.20 A
06622700 2016 07 18     19.20 A
06622700 2016 07 19     19.80 A
06622700 2016 07 20     19.20 A
06622700 2016 07 21     20.40 A
06622700 2016 07 22     17.30 A
06622700 2016 07 23     15.50 A
06622700 2016 07 24     14.80 A
06622700 2016 07 25     13.60 A
06622700 2016 07 26     12.90 A
06622700 2016 07 27     12.70 A
06622700 2016 07 28     12.10 A
06622700 2016 07 29     12.30 A
06622700 2016 07 30     11.70 A
06622700 2016 07 31     11.80 A
06622700 2016 08 01     11.70 A
06622700 2016 08 02     11.10 A
06622700 2016 08 03     10.60 A
06622700 2016 08 04     10.80 A
06622700 2016 08 05     11.50 A
06622700 2016 08 06     11.70 A
06622700 2016 08 07     11.20 A
06622700 2016 08 08     11.20 A
06622700 2016 08 09     10.10 A
06622700 2016 08 10     9.29 A
06622700 2016 08 11     9.49 A
06622700 2016 08 12     9.36 A
06622700 2016 08 13     9.00 A
06622700 2016 08 14     8.65 A
06622700 2016 08 15     8.48 A
06622700 2016 08 16     8.37 A
06622700 2016 08 17     8.39 A
06622700 2016 08 18     9.04 A
06622700 2016 08 19     9.23 A
06622700 2016 08 20     8.99 A
06622700 2016 08 21     8.41 A
06622700 2016 08 22     8.16 A
06622700 2016 08 23     8.13 A
06622700 2016 08 24     8.12 A
06622700 2016 08 25     8.50 A
06622700 2016 08 26     8.29 A
06622700 2016 08 27     8.18 A
06622700 2016 08 28     7.93 A
06622700 2016 08 29     7.81 A
06622700 2016 08 30     7.77 A
06622700 2016 08 31     7.71 A
06622700 2016 09 01     7.62 A
06622700 2016 09 02     7.77 A
06622700 2016 09 03     8.12 A
06622700 2016 09 04     11.40 A
06622700 2016 09 05     11.80 A
06622700 2016 09 06     8.73 A
06622700 2016 09 07     8.08 A
06622700 2016 09 08     7.85 A
06622700 2016 09 09     7.75 A
06622700 2016 09 10     7.95 A
06622700 2016 09 11     7.66 A
06622700 2016 09 12     7.95 A
06622700 2016 09 13     8.20 A
06622700 2016 09 14     8.85 A
06622700 2016 09 15     13.90 A
06622700 2016 09 16     12.30 A
06622700 2016 09 17     9.47 A
06622700 2016 09 18     8.78 A
06622700 2016 09 19     8.25 A
06622700 2016 09 20     8.10 A
06622700 2016 09 21     8.10 A
06622700 2016 09 22     8.32 A
06622700 2016 09 23     9.16 A
06622700 2016 09 24     12.00 A
06622700 2016 09 25     13.10 A
06622700 2016 09 26     13.70 A
06622700 2016 09 27     12.60 A
06622700 2016 09 28     10.40 A
06622700 2016 09 29     9.52 A
06622700 2016 09 30     10.80 A
06622700 2016 10 01     10.70 A
06622700 2016 10 02     9.58 A
06622700 2016 10 03     11.20 A
06622700 2016 10 04     11.50 A
06622700 2016 10 05     11.10 A
06622700 2016 10 06     12.10 A
06622700 2016 10 07     11.20 A
06622700 2016 10 08     11.90 A
06622700 2016 10 09     13.00 A
06622700 2016 10 10     13.50 A
06622700 2016 10 11     12.80 A
06622700 2016 10 12     12.50 A
06622700 2016 10 13     10.60 A
06622700 2016 10 14     9.73 A
06622700 2016 10 15     9.32 A
06622700 2016 10 16     9.27 A
06622700 2016 10 17     10.70 A
06622700 2016 10 18     11.20 A
06622700 2016 10 19     12.30 A
06622700 2016 10 20     13.70 A
06622700 2016 10 21     13.20 A
06622700 2016 10 22     14.20 A
06622700 2016 10 23     15.80 A
06622700 2016 10 24     16.60 A
06622700 2016 10 25     20.90 A
06622700 2016 10 26     18.90 A
06622700 2016 10 27     14.50 A
06622700 2016 10 28     13.90 A
06622700 2016 10 29     19.40 A
06622700 2016 10 30     15.60 A
06622700 2016 10 31     13.80 A
06622700 2016 11 01     15.10 A
06622700 2016 11 02     17.10 A
06622700 2016 11 03     13.80 A
06622700 2016 11 04     13.30 A
06622700 2016 11 05     12.10 A
06622700 2016 11 06     12.10 A
06622700 2016 11 07     11.30 A
06622700 2016 11 08     11.10 A
06622700 2016 11 09     11.40 A
06622700 2016 11 10     10.80 A
06622700 2016 11 11     10.30 A
06622700 2016 11 12     10.60 A
06622700 2016 11 13     10.10 A
06622700 2016 11 14     10.40 A
06622700 2016 11 15     10.30 A
06622700 2016 11 16     9.93 A
06622700 2016 11 17     9.76 A
06622700 2016 11 18     8.54 A
06622700 2016 11 19     11.50 A
06622700 2016 11 20     17.80 A
06622700 2016 11 21     13.40 A
06622700 2016 11 22     11.50 A
06622700 2016 11 23     9.49 A
06622700 2016 11 24     9.29 A
06622700 2016 11 25     9.03 A
06622700 2016 11 26     9.99 A
06622700 2016 11 27     10.00 A
06622700 2016 11 28     9.77 A
06622700 2016 11 29     9.70 A
06622700 2016 11 30     9.51 A
06622700 2016 12 01     9.31 A
06622700 2016 12 02     9.17 A
06622700 2016 12 03     9.12 A
06622700 2016 12 04     9.36 A
06622700 2016 12 05     9.30 A
06622700 2016 12 06     9.13 A
06622700 2016 12 07     9.17 A
06622700 2016 12 08     9.23 A
06622700 2016 12 09     9.55 A
06622700 2016 12 10     9.62 A
06622700 2016 12 11     9.66 A
06622700 2016 12 12     9.58 A
06622700 2016 12 13     9.54 A
06622700 2016 12 14     9.49 A
06622700 2016 12 15     9.45 A
06622700 2016 12 16     9.41 A
06622700 2016 12 17     9.00 A
06622700 2016 12 18     9.05 A
06622700 2016 12 19     9.65 A
06622700 2016 12 20     9.47 A
06622700 2016 12 21     9.35 A
06622700 2016 12 22     9.30 A
06622700 2016 12 23     9.32 A
06622700 2016 12 24     9.23 A
06622700 2016 12 25     9.11 A
06622700 2016 12 26     9.44 A
06622700 2016 12 27     9.23 A
06622700 2016 12 28     9.18 A
06622700 2016 12 29     9.33 A
06622700 2016 12 30     9.22 A
06622700 2016 12 31     9.20 A
06622700 2017 01 01     9.02 A
06622700 2017 01 02     9.11 A
06622700 2017 01 03     9.19 A
06622700 2017 01 04     9.13 A
06622700 2017 01 05     8.81 A
06622700 2017 01 06     8.80 A
06622700 2017 01 07     8.86 A
06622700 2017 01 08     9.15 A
06622700 2017 01 09     9.40 A
06622700 2017 01 10     9.37 A
06622700 2017 01 11     9.90 A
06622700 2017 01 12     9.13 A
06622700 2017 01 13     8.88 A
06622700 2017 01 14     8.98 A
06622700 2017 01 15     9.23 A
06622700 2017 01 16     9.17 A
06622700 2017 01 17     9.19 A
06622700 2017 01 18     9.28 A
06622700 2017 01 19     9.70 A
06622700 2017 01 20     10.10 A
06622700 2017 01 21     9.78 A
06622700 2017 01 22     9.71 A
06622700 2017 01 23     9.28 A
06622700 2017 01 24     8.77 A
06622700 2017 01 25     9.26 A
06622700 2017 01 26     8.91 A
06622700 2017 01 27     8.80 A
06622700 2017 01 28     8.84 A
06622700 2017 01 29     9.18 A
06622700 2017 01 30     9.70 A
06622700 2017 01 31     9.68 A
06622700 2017 02 01     9.36 A
06622700 2017 02 02     9.26 A
06622700 2017 02 03     8.72 A
06622700 2017 02 04     8.67 A
06622700 2017 02 05     8.74 A
06622700 2017 02 06     8.71 A
06622700 2017 02 07     8.71 A
06622700 2017 02 08     8.70 A
06622700 2017 02 09     9.07 A
06622700 2017 02 10     10.10 A
06622700 2017 02 11     9.91 A
06622700 2017 02 12     8.67 A
06622700 2017 02 13     9.09 A
06622700 2017 02 14     9.08 A
06622700 2017 02 15     9.19 A
06622700 2017 02 16     9.66 A
06622700 2017 02 17     10.50 A
06622700 2017 02 18     10.20 A
06622700 2017 02 19     9.65 A
06622700 2017 02 20     9.38 A
06622700 2017 02 21     9.56 A
06622700 2017 02 22     9.79 A
06622700 2017 02 23     9.67 A
06622700 2017 02 24     9.78 A
06622700 2017 02 25     9.86 A
06622700 2017 02 26     10.30 A
06622700 2017 02 27     10.80 A
06622700 2017 02 28     10.70 A
06622700 2017 03 01     10.10 A
06622700 2017 03 02     9.92 A
06622700 2017 03 03     9.85 A
06622700 2017 03 04     9.79 A
06622700 2017 03 05     9.87 A
06622700 2017 03 06     9.56 A
06622700 2017 03 07     9.47 A
06622700 2017 03 08     9.38 A
06622700 2017 03 09     9.45 A
06622700 2017 03 10     9.38 A
06622700 2017 03 11     9.86 A
06622700 2017 03 12     9.94 A
06622700 2017 03 13     9.50 A
06622700 2017 03 14     10.10 A
06622700 2017 03 15     11.40 A
06622700 2017 03 16     14.00 A
06622700 2017 03 17     15.50 A
06622700 2017 03 18     18.60 A
06622700 2017 03 19     22.70 A
06622700 2017 03 20     24.70 A
06622700 2017 03 21     24.20 A
06622700 2017 03 22     26.90 A
06622700 2017 03 23     29.70 A
06622700 2017 03 24     27.90 A
06622700 2017 03 25     25.30 A
06622700 2017 03 26     21.30 A
06622700 2017 03 27     19.00 A
06622700 2017 03 28     17.10 A
06622700 2017 03 29     16.20 A
06622700 2017 03 30     16.50 A
06622700 2017 03 31     16.40 A
06622700 2017 04 01     17.30 A
06622700 2017 04 02     16.70 A
06622700 2017 04 03     15.60 A
06622700 2017 04 04     12.60 A
06622700 2017 04 05     14.50 A
06622700 2017 04 06     15.60 A
06622700 2017 04 07     18.80 A
06622700 2017 04 08     25.50 A
06622700 2017 04 09     24.20 A
06622700 2017 04 10     20.70 A
06622700 2017 04 11     19.30 A
06622700 2017 04 12     22.20 A
06622700 2017 04 13     33.80 A
06622700 2017 04 14     47.00 A
06622700 2017 04 15     49.90 A
06622700 2017 04 16     46.90 A
06622700 2017 04 17     46.50 A
06622700 2017 04 18     47.80 A
06622700 2017 04 19     50.10 A
06622700 2017 04 20     43.20 A
06622700 2017 04 21     40.00 A
06622700 2017 04 22     39.90 A
06622700 2017 04 23     39.90 A
06622700 2017 04 24     50.10 A
06622700 2017 04 25     44.40 A
06622700 2017 04 26     38.40 A
06622700 2017 04 27     36.00 A
06622700 2017 04 28     33.90 A
06622700 2017 04 29     30.60 A
06622700 2017 04 30     27.30 A
06622700 2017 05 01     30.00 A
06622700 2017 05 02     29.00 A
06622700 2017 05 03     29.10 A
06622700 2017 05 04     36.20 A
06622700 2017 05 05     53.30 A
06622700 2017 05 06     72.70 A
06622700 2017 05 07     92.00 A
06622700 2017 05 08     109.00 A
06622700 2017 05 09     126.00 A
06622700 2017 05 10     131.00 A
06622700 2017 05 11     132.00 A
06622700 2017 05 12     165.00 A
06622700 2017 05 13     235.00 A
06622700 2017 05 14     261.00 A
06622700 2017 05 15     225.00 A
06622700 2017 05 16     191.00 A
06622700 2017 05 17     151.00 A
06622700 2017 05 18     125.00 A
06622700 2017 05 19     106.00 A
06622700 2017 05 20     95.30 A
06622700 2017 05 21     90.60 A
06622700 2017 05 22     84.40 A
06622700 2017 05 23     84.70 A
06622700 2017 05 24     98.40 A
06622700 2017 05 25     134.00 A
06622700 2017 05 26     124.00 A
06622700 2017 05 27     121.00 A
06622700 2017 05 28     115.00 A
06622700 2017 05 29     128.00 A
06622700 2017 05 30     152.00 A
06622700 2017 05 31     179.00 A
06622700 2017 06 01     207.00 A
06622700 2017 06 02     225.00 A
06622700 2017 06 03     217.00 A
06622700 2017 06 04     248.00 A
06622700 2017 06 05     274.00 A
06622700 2017 06 06     343.00 A
06622700 2017 06 07     375.00 A
06622700 2017 06 08     317.00 A
06622700 2017 06 09     331.00 A
06622700 2017 06 10     350.00 A
06622700 2017 06 11     310.00 A
06622700 2017 06 12     267.00 A
06622700 2017 06 13     185.00 A
06622700 2017 06 14     136.00 A
06622700 2017 06 15     141.00 A
06622700 2017 06 16     155.00 A
06622700 2017 06 17     222.00 A
06622700 2017 06 18     161.00 A
06622700 2017 06 19     145.00 A
06622700 2017 06 20     144.00 A
06622700 2017 06 21     146.00 A
06622700 2017 06 22     133.00 A
06622700 2017 06 23     109.00 A
06622700 2017 06 24     85.60 A
06622700 2017 06 25     73.20 A
06622700 2017 06 26     65.60 A
06622700 2017 06 27     61.60 A
06622700 2017 06 28     57.60 A
06622700 2017 06 29     49.80 A
06622700 2017 06 30     44.20 A
06622700 2017 07 01     38.50 A
06622700 2017 07 02     34.60 A
06622700 2017 07 03     32.00 A
06622700 2017 07 04     29.30 A
06622700 2017 07 05     26.50 A
06622700 2017 07 06     24.30 A
06622700 2017 07 07     23.00 A
06622700 2017 07 08     22.50 A
06622700 2017 07 09     20.80 A
06622700 2017 07 10     20.50 A
06622700 2017 07 11     20.50 A
06622700 2017 07 12     18.60 A
06622700 2017 07 13     17.70 A
06622700 2017 07 14     16.80 A
06622700 2017 07 15     15.80 A
06622700 2017 07 16     15.50 A
06622700 2017 07 17     15.40 A
06622700 2017 07 18     14.70 A
06622700 2017 07 19     14.90 A
06622700 2017 07 20     18.40 A
06622700 2017 07 21     17.90 A
06622700 2017 07 22     20.20 A
06622700 2017 07 23     15.10 A
06622700 2017 07 24     13.50 A
06622700 2017 07 25     13.40 A
06622700 2017 07 26     21.10 A
06622700 2017 07 27     22.90 A
06622700 2017 07 28     16.10 A
06622700 2017 07 29     14.70 A
06622700 2017 07 30     14.00 A
06622700 2017 07 31     13.10 A
06622700 2017 08 01     12.50 A
06622700 2017 08 02     12.10 A
06622700 2017 08 03     11.70 A
06622700 2017 08 04     11.50 A
06622700 2017 08 05     11.60 A
06622700 2017 08 06     13.90 A
06622700 2017 08 07     11.70 A
06622700 2017 08 08     12.90 A
06622700 2017 08 09     20.40 A
06622700 2017 08 10     19.00 A
06622700 2017 08 11     14.60 A
06622700 2017 08 12     12.40 A
06622700 2017 08 13     11.50 A
06622700 2017 08 14     11.60 A
06622700 2017 08 15     12.10 A
06622700 2017 08 16     13.10 A
06622700 2017 08 17     11.70 A
06622700 2017 08 18     10.30 A
06622700 2017 08 19     9.40 A
06622700 2017 08 20     9.29 A
06622700 2017 08 21     9.02 A
06622700 2017 08 22     8.87 A
06622700 2017 08 23     8.85 A
06622700 2017 08 24     9.05 A
06622700 2017 08 25     9.25 A
06622700 2017 08 26     8.81 A
06622700 2017 08 27     8.50 A
06622700 2017 08 28     8.27 A
06622700 2017 08 29     8.13 A
06622700 2017 08 30     8.03 A
06622700 2017 08 31     8.15 A
06622700 2017 09 01     8.44 A
06622700 2017 09 02     8.09 A
06622700 2017 09 03     7.81 A
06622700 2017 09 04     7.64 A
06622700 2017 09 05     7.76 A
06622700 2017 09 06     7.76 A
06622700 2017 09 07     7.64 A
06622700 2017 09 08     7.70 A
06622700 2017 09 09     8.06 A
06622700 2017 09 10     8.38 A
06622700 2017 09 11     10.20 A
06622700 2017 09 12     10.60 A
06622700 2017 09 13     9.05 A
06622700 2017 09 14     8.83 A
06622700 2017 09 15     11.10 A
06622700 2017 09 16     15.80 A
06622700 2017 09 17     12.40 A
06622700 2017 09 18     10.70 A
06622700 2017 09 19     9.82 A
06622700 2017 09 20     12.90 A
06622700 2017 09 21     15.30 A
06622700 2017 09 22     11.70 A
06622700 2017 09 23     13.00 A
06622700 2017 09 24     15.10 A
06622700 2017 09 25     16.10 A
06622700 2017 09 26     13.60 A
06622700 2017 09 27     12.70 A
06622700 2017 09 28     12.50 A
06622700 2017 09 29     13.70 A
06622700 2017 09 30     14.10 A
06622700 2017 10 01     24.70 A
06622700 2017 10 02     16.30 A
06622700 2017 10 03     14.80 A
06622700 2017 10 04     22.10 A
06622700 2017 10 05     25.80 A
06622700 2017 10 06     20.00 A
06622700 2017 10 07     14.40 A
06622700 2017 10 08     14.00 A
06622700 2017 10 09     14.00 A
06622700 2017 10 10     13.90 A
06622700 2017 10 11     14.40 A
06622700 2017 10 12     13.60 A
06622700 2017 10 13     12.20 A
06622700 2017 10 14     11.20 A
06622700 2017 10 15     10.90 A
06622700 2017 10 16     12.70 A
06622700 2017 10 17     11.70 A
06622700 2017 10 18     11.50 A
06622700 2017 10 19     11.00 A
06622700 2017 10 20     11.90 A
06622700 2017 10 21     12.30 A
06622700 2017 10 22     12.10 A
06622700 2017 10 23     13.00 A
06622700 2017 10 24     12.30 A
06622700 2017 10 25     12.60 A
06622700 2017 10 26     11.70 A
06622700 2017 10 27     9.66 A
06622700 2017 10 28     11.60 A
06622700 2017 10 29     11.00 A
06622700 2017 10 30     10.80 A
06622700 2017 10 31     11.10 A
06622700 2017 11 01     10.20 A
06622700 2017 11 02     10.30 A
06622700 2017 11 03     10.60 A
06622700 2017 11 04     10.90 A
06622700 2017 11 05     9.99 A
06622700 2017 11 06     11.50 A
06622700 2017 11 07     11.00 A
06622700 2017 11 08     9.92 A
06622700 2017 11 09     11.10 A
06622700 2017 11 10     12.10 A
06622700 2017 11 11     9.75 A
06622700 2017 11 12     10.80 A
06622700 2017 11 13     11.50 A
06622700 2017 11 14     10.10 A
06622700 2017 11 15     9.59 A
06622700 2017 11 16     9.86 A
06622700 2017 11 17     11.00 A
06622700 2017 11 18     9.59 A
06622700 2017 11 19     9.87 A
06622700 2017 11 20     12.20 A
06622700 2017 11 21     13.20 A
06622700 2017 11 22     13.30 A
06622700 2017 11 23     15.00 A
06622700 2017 11 24     14.40 A
06622700 2017 11 25     13.20 A
06622700 2017 11 26     12.80 A
06622700 2017 11 27     13.40 A
06622700 2017 11 28     13.00 A
06622700 2017 11 29     11.00 A
06622700 2017 11 30     11.90 A
06622700 2017 12 01     11.90 A
06622700 2017 12 02     13.30 A
06622700 2017 12 03     12.30 A
06622700 2017 12 04     10.80 A
06622700 2017 12 05     9.37 A
06622700 2017 12 06     8.89 A
06622700 2017 12 07     8.81 A
06622700 2017 12 08     8.93 A
06622700 2017 12 09     9.64 A
06622700 2017 12 10     10.40 A
06622700 2017 12 11     11.20 A
06622700 2017 12 12     12.00 A
06622700 2017 12 13     12.80 A
06622700 2017 12 14     12.60 A
06622700 2017 12 15     12.60 A
06622700 2017 12 16     12.80 A
06622700 2017 12 17     12.50 A
06622700 2017 12 18     12.10 A
06622700 2017 12 19     12.60 A
06622700 2017 12 20     12.80 A
06622700 2017 12 21     12.70 A
06622700 2017 12 22     12.20 A
06622700 2017 12 23     12.50 A
06622700 2017 12 24     12.70 A
06622700 2017 12 25     12.70 A
06622700 2017 12 26     12.70 A
06622700 2017 12 27     12.60 A
06622700 2017 12 28     12.60 A
06622700 2017 12 29     12.50 A
06622700 2017 12 30     12.30 A
06622700 2017 12 31     10.90 A
06622700 2018 01 01     10.30 A
06622700 2018 01 02     10.30 A
06622700 2018 01 03     10.70 A
06622700 2018 01 04     11.40 A
06622700 2018 01 05     11.80 A
06622700 2018 01 06     11.60 A
06622700 2018 01 07     12.30 A
06622700 2018 01 08     11.80 A
06622700 2018 01 09     11.80 A
06622700 2018 01 10     11.90 A
06622700 2018 01 11     11.60 A
06622700 2018 01 12     11.20 A
06622700 2018 01 13     11.90 A
06622700 2018 01 14     11.50 A
06622700 2018 01 15     11.20 A
06622700 2018 01 16     9.87 A
06622700 2018 01 17     10.10 A
06622700 2018 01 18     10.50 A
06622700 2018 01 19     11.10 A
06622700 2018 01 20     11.50 A
06622700 2018 01 21     11.30 A
06622700 2018 01 22     11.00 A
06622700 2018 01 23     11.20 A
06622700 2018 01 24     11.00 A
06622700 2018 01 25     10.80 A
06622700 2018 01 26     10.80 A
06622700 2018 01 27     10.70 A
06622700 2018 01 28     10.70 A
06622700 2018 01 29     10.70 A
06622700 2018 01 30     10.60 A
06622700 2018 01 31     10.60 A
06622700 2018 02 01     10.60 A
06622700 2018 02 02     10.60 A
06622700 2018 02 03     10.70 A
06622700 2018 02 04     10.60 A
06622700 2018 02 05     10.70 A
06622700 2018 02 06     10.50 A
06622700 2018 02 07     10.50 A
06622700 2018 02 08     10.50 A
06622700 2018 02 09     10.60 A
06622700 2018 02 10     10.40 A
06622700 2018 02 11     10.40 A
06622700 2018 02 12     10.40 A
06622700 2018 02 13     10.30 A
06622700 2018 02 14     10.30 A
06622700 2018 02 15     10.30 A
06622700 2018 02 16     10.30 A
06622700 2018 02 17     10.20 A
06622700 2018 02 18     10.10 A
06622700 2018 02 19     10.00 A
06622700 2018 02 20     10.10 A
06622700 2018 02 21     9.83 A
06622700 2018 02 22     9.90 A
06622700 2018 02 23     9.92 A
06622700 2018 02 24     9.97 A
06622700 2018 02 25     9.75 A
06622700 2018 02 26     9.67 A
06622700 2018 02 27     9.48 A
06622700 2018 02 28     9.37 A
06622700 2018 03 01     9.39 A
06622700 2018 03 02     9.56 A
06622700 2018 03 03     9.69 A
06622700 2018 03 04     9.63 A
06622700 2018 03 05     9.98 A
06622700 2018 03 06     9.41 A
06622700 2018 03 07     9.31 A
06622700 2018 03 08     9.32 A
06622700 2018 03 09     9.45 A
06622700 2018 03 10     9.27 A
06622700 2018 03 11     10.30 A
06622700 2018 03 12     9.26 A
06622700 2018 03 13     11.10 A
06622700 2018 03 14     10.80 A
06622700 2018 03 15     9.71 A
06622700 2018 03 16     9.81 A
06622700 2018 03 17     10.10 A
06622700 2018 03 18     12.10 A
06622700 2018 03 19     10.90 A
06622700 2018 03 20     10.20 A
06622700 2018 03 21     9.18 A
06622700 2018 03 22     9.90 A
06622700 2018 03 23     12.60 A
06622700 2018 03 24     11.40 A
06622700 2018 03 25     10.80 A
06622700 2018 03 26     10.40 A
06622700 2018 03 27     10.20 A
06622700 2018 03 28     10.10 A
06622700 2018 03 29     9.89 A
06622700 2018 03 30     9.81 A
06622700 2018 03 31     9.65 A
06622700 2018 04 01     9.64 A
06622700 2018 04 02     9.76 A
06622700 2018 04 03     9.63 A
06622700 2018 04 04     9.80 A
06622700 2018 04 05     9.83 A
06622700 2018 04 06     9.93 A
06622700 2018 04 07     10.60 A
06622700 2018 04 08     12.40 A
06622700 2018 04 09     11.50 A
06622700 2018 04 10     12.10 A
06622700 2018 04 11     12.60 A
06622700 2018 04 12     13.70 A
06622700 2018 04 13     14.00 A
06622700 2018 04 14     13.00 A
06622700 2018 04 15     12.50 A
06622700 2018 04 16     16.10 A
06622700 2018 04 17     18.30 A
06622700 2018 04 18     18.70 A
06622700 2018 04 19     16.50 A
06622700 2018 04 20     18.50 A
06622700 2018 04 21     17.90 A
06622700 2018 04 22     22.90 A
06622700 2018 04 23     36.40 A
06622700 2018 04 24     34.60 A
06622700 2018 04 25     34.80 A
06622700 2018 04 26     38.50 A
06622700 2018 04 27     39.90 A
06622700 2018 04 28     49.90 A
06622700 2018 04 29     77.90 A
06622700 2018 04 30     85.90 A
06622700 2018 05 01     62.90 A
06622700 2018 05 02     42.10 A
06622700 2018 05 03     34.60 A
06622700 2018 05 04     39.90 A
06622700 2018 05 05     59.60 A
06622700 2018 05 06     84.40 A
06622700 2018 05 07     124.00 A
06622700 2018 05 08     193.00 A
06622700 2018 05 09     257.00 A
06622700 2018 05 10     342.00 A
06622700 2018 05 11     409.00 A
06622700 2018 05 12     426.00 A
06622700 2018 05 13     452.00 A
06622700 2018 05 14     358.00 A
06622700 2018 05 15     289.00 A
06622700 2018 05 16     349.00 A
06622700 2018 05 17     357.00 A
06622700 2018 05 18     308.00 A
06622700 2018 05 19     262.00 A
06622700 2018 05 20     276.00 A
06622700 2018 05 21     288.00 A
06622700 2018 05 22     315.00 A
06622700 2018 05 23     424.00 A
06622700 2018 05 24     353.00 A
06622700 2018 05 25     371.00 A
06622700 2018 05 26     372.00 A
06622700 2018 05 27     370.00 A
06622700 2018 05 28     376.00 A
06622700 2018 05 29     373.00 A
06622700 2018 05 30     294.00 A
06622700 2018 05 31     268.00 A
06622700 2018 06 01     238.00 A
06622700 2018 06 02     189.00 A
06622700 2018 06 03     174.00 A
06622700 2018 06 04     184.00 A
06622700 2018 06 05     190.00 A
06622700 2018 06 06     181.00 A
06622700 2018 06 07     175.00 A
06622700 2018 06 08     154.00 A
06622700 2018 06 09     140.00 A
06622700 2018 06 10     126.00 A
06622700 2018 06 11     106.00 A
06622700 2018 06 12     88.30 A
06622700 2018 06 13     83.10 A
06622700 2018 06 14     81.70 A
06622700 2018 06 15     77.10 A
06622700 2018 06 16     71.00 A
06622700 2018 06 17     102.00 A
06622700 2018 06 18     74.40 A
06622700 2018 06 19     58.50 A
06622700 2018 06 20     51.60 A
06622700 2018 06 21     44.10 A
06622700 2018 06 22     39.30 A
06622700 2018 06 23     37.50 A
06622700 2018 06 24     46.70 A
06622700 2018 06 25     35.00 A
06622700 2018 06 26     29.60 A
06622700 2018 06 27     26.50 A
06622700 2018 06 28     24.20 A
06622700 2018 06 29     22.30 A
06622700 2018 06 30     25.40 A
06622700 2018 07 01     26.90 A
06622700 2018 07 02     20.80 A
06622700 2018 07 03     19.20 A
06622700 2018 07 04     18.20 A
06622700 2018 07 05     17.30 A
06622700 2018 07 06     17.10 A
06622700 2018 07 07     16.70 A
06622700 2018 07 08     18.10 A
06622700 2018 07 09     15.80 A
06622700 2018 07 10     17.10 A
06622700 2018 07 11     23.60 A
06622700 2018 07 12     25.60 A
06622700 2018 07 13     17.60 A
06622700 2018 07 14     15.80 A
06622700 2018 07 15     15.90 A
06622700 2018 07 16     15.80 A
06622700 2018 07 17     16.00 A
06622700 2018 07 18     14.00 A
06622700 2018 07 19     13.70 A
06622700 2018 07 20     13.10 A
06622700 2018 07 21     13.00 A
06622700 2018 07 22     13.30 A
06622700 2018 07 23     13.50 A
06622700 2018 07 24     12.40 A
06622700 2018 07 25     11.90 A
06622700 2018 07 26     13.60 A
06622700 2018 07 27     11.90 A
06622700 2018 07 28     11.70 A
06622700 2018 07 29     12.40 A
06622700 2018 07 30     11.20 A
06622700 2018 07 31     10.40 A
06622700 2018 08 01     10.20 A
06622700 2018 08 02     10.10 A
06622700 2018 08 03     10.00 A
06622700 2018 08 04     9.89 A
06622700 2018 08 05     10.40 A
06622700 2018 08 06     10.80 A
06622700 2018 08 07     9.67 A
06622700 2018 08 08     9.32 A
06622700 2018 08 09     9.11 A
06622700 2018 08 10     8.87 A
06622700 2018 08 11     8.73 A
06622700 2018 08 12     8.47 A
06622700 2018 08 13     8.36 A
06622700 2018 08 14     8.47 A
06622700 2018 08 15     8.47 A
06622700 2018 08 16     8.27 A
06622700 2018 08 17     8.31 A
06622700 2018 08 18     8.83 A
06622700 2018 08 19     9.50 A
06622700 2018 08 20     9.40 A
06622700 2018 08 21     10.80 A
06622700 2018 08 22     11.70 A
06622700 2018 08 23     13.00 A
06622700 2018 08 24     10.20 A
06622700 2018 08 25     9.23 A
06622700 2018 08 26     8.73 A
06622700 2018 08 27     8.51 A
06622700 2018 08 28     8.41 A
06622700 2018 08 29     8.09 A
06622700 2018 08 30     7.87 A
06622700 2018 08 31     7.61 A
06622700 2018 09 01     7.52 A
06622700 2018 09 02     7.44 A
06622700 2018 09 03     7.38 A
06622700 2018 09 04     7.54 A
06622700 2018 09 05     7.57 A
06622700 2018 09 06     7.58 A
06622700 2018 09 07     7.20 A
06622700 2018 09 08     7.04 A
06622700 2018 09 09     7.04 A
06622700 2018 09 10     6.73 A
06622700 2018 09 11     6.57 A
06622700 2018 09 12     6.44 A
06622700 2018 09 13     6.11 A
06622700 2018 09 14     6.11 A
06622700 2018 09 15     6.10 A
06622700 2018 09 16     6.04 A
06622700 2018 09 17     6.24 A
06622700 2018 09 18     6.60 A
06622700 2018 09 19     6.38 A
06622700 2018 09 20     6.19 A
06622700 2018 09 21     6.26 A
06622700 2018 09 22     6.89 A
06622700 2018 09 23     6.98 A
06622700 2018 09 24     11.90 A
06622700 2018 09 25     9.00 A
06622700 2018 09 26     7.54 A
06622700 2018 09 27     7.23 A
06622700 2018 09 28     7.17 A
06622700 2018 09 29     6.99 A
06622700 2018 09 30     6.91 A
06622700 2018 10 01     6.90 A
06622700 2018 10 02     7.12 A
06622700 2018 10 03     14.60 A
06622700 2018 10 04     19.50 A
06622700 2018 10 05     15.10 A
06622700 2018 10 06     12.90 A
06622700 2018 10 07     14.00 A
06622700 2018 10 08     13.70 A
06622700 2018 10 09     12.10 A
06622700 2018 10 10     11.60 A
06622700 2018 10 11     11.10 A
06622700 2018 10 12     10.80 A
06622700 2018 10 13     11.30 A
06622700 2018 10 14     10.70 A
06622700 2018 10 15     12.10 A
06622700 2018 10 16     12.90 A
06622700 2018 10 17     13.60 A
06622700 2018 10 18     13.50 A
06622700 2018 10 19     12.80 A
06622700 2018 10 20     12.60 A
06622700 2018 10 21     12.70 A
06622700 2018 10 22     13.10 A
06622700 2018 10 23     13.50 A
06622700 2018 10 24     12.60 A
06622700 2018 10 25     11.70 A
06622700 2018 10 26     11.30 A
06622700 2018 10 27     11.30 A
06622700 2018 10 28     11.60 A
06622700 2018 10 29     11.30 A
06622700 2018 10 30     11.40 A
06622700 2018 10 31     11.50 A
06622700 2018 11 01     11.70 A
06622700 2018 11 02     12.30 A
06622700 2018 11 03     12.10 A
06622700 2018 11 04     12.50 A
06622700 2018 11 05     10.70 A
06622700 2018 11 06     14.80 A
06622700 2018 11 07     15.70 A
06622700 2018 11 08     14.40 A
06622700 2018 11 09     16.20 A
06622700 2018 11 10     16.00 A
06622700 2018 11 11     15.00 A
06622700 2018 11 12     12.90 A
06622700 2018 11 13     13.70 A
06622700 2018 11 14     11.90 A
06622700 2018 11 15     11.90 A
06622700 2018 11 16     13.80 A
06622700 2018 11 17     13.40 A
06622700 2018 11 18     11.30 A
06622700 2018 11 19     12.20 A
06622700 2018 11 20     12.00 A
06622700 2018 11 21     11.20 A
06622700 2018 11 22     11.10 A
06622700 2018 11 23     11.00 A
06622700 2018 11 24     10.90 A
06622700 2018 11 25     11.00 A
06622700 2018 11 26     10.70 A
06622700 2018 11 27     10.90 A
06622700 2018 11 28     11.00 A
06622700 2018 11 29     11.10 A
06622700 2018 11 30     11.20 A
06622700 2018 12 01     11.10 A
06622700 2018 12 02     11.10 A
06622700 2018 12 03     11.10 A
06622700 2018 12 04     11.00 A
06622700 2018 12 05     11.00 A
06622700 2018 12 06     11.10 A
06622700 2018 12 07     11.00 A
06622700 2018 12 08     10.90 A
06622700 2018 12 09     10.90 A
06622700 2018 12 10     11.10 A
06622700 2018 12 11     10.90 A
06622700 2018 12 12     10.80 A
06622700 2018 12 13     10.80 A
06622700 2018 12 14     10.60 A
06622700 2018 12 15     10.70 A
06622700 2018 12 16     10.60 A
06622700 2018 12 17     10.60 A
06622700 2018 12 18     10.70 A
06622700 2018 12 19     10.80 A
06622700 2018 12 20     10.60 A
06622700 2018 12 21     10.70 A
06622700 2018 12 22     10.70 A
06622700 2018 12 23     10.70 A
06622700 2018 12 24     10.70 A
06622700 2018 12 25     10.60 A
06622700 2018 12 26     10.60 A
06622700 2018 12 27     10.40 A
06622700 2018 12 28     10.40 A
06622700 2018 12 29     10.40 A
06622700 2018 12 30     10.50 A
06622700 2018 12 31     10.70 A
06622700 2019 01 01     10.30 A
06622700 2019 01 02     10.10 A
06622700 2019 01 03     10.00 A
06622700 2019 01 04     9.98 A
06622700 2019 01 05     10.00 A
06622700 2019 01 06     10.20 A
06622700 2019 01 07     10.30 A
06622700 2019 01 08     10.10 A
06622700 2019 01 09     9.99 A
06622700 2019 01 10     9.98 A
06622700 2019 01 11     10.00 A
06622700 2019 01 12     10.00 A
06622700 2019 01 13     9.97 A
06622700 2019 01 14     9.98 A
06622700 2019 01 15     10.00 A
06622700 2019 01 16     10.10 A
06622700 2019 01 17     10.40 A
06622700 2019 01 18     10.30 A
06622700 2019 01 19     10.20 A
06622700 2019 01 20     10.10 A
06622700 2019 01 21     10.10 A
06622700 2019 01 22     9.90 A
06622700 2019 01 23     10.10 A
06622700 2019 01 24     10.30 A
06622700 2019 01 25     10.30 A
06622700 2019 01 26     10.30 A
06622700 2019 01 27     10.20 A
06622700 2019 01 28     10.30 A
06622700 2019 01 29     10.40 A
06622700 2019 01 30     10.50 A
06622700 2019 01 31     10.40 A
06622700 2019 02 01     10.40 A
06622700 2019 02 02     10.40 A
06622700 2019 02 03     10.40 A
06622700 2019 02 04     10.50 A
06622700 2019 02 05     10.20 A
06622700 2019 02 06     10.20 A
06622700 2019 02 07     10.30 A
06622700 2019 02 08     10.40 A
06622700 2019 02 09     10.40 A
06622700 2019 02 10     10.20 A
06622700 2019 02 11     9.62 A
06622700 2019 02 12     9.98 A
06622700 2019 02 13     9.94 A
06622700 2019 02 14     9.98 A
06622700 2019 02 15     9.97 A
06622700 2019 02 16     9.91 A
06622700 2019 02 17     9.64 A
06622700 2019 02 18     9.90 A
06622700 2019 02 19     9.92 A
06622700 2019 02 20     9.90 A
06622700 2019 02 21     9.88 A
06622700 2019 02 22     9.83 A
06622700 2019 02 23     9.42 A
06622700 2019 02 24     9.20 A
06622700 2019 02 25     9.68 A
06622700 2019 02 26     9.63 A
06622700 2019 02 27     9.56 A
06622700 2019 02 28     9.60 A
06622700 2019 03 01     9.60 A
06622700 2019 03 02     9.55 A
06622700 2019 03 03     9.46 A
06622700 2019 03 04     9.81 A
06622700 2019 03 05     10.10 A
06622700 2019 03 06     10.10 A
06622700 2019 03 07     10.00 A
06622700 2019 03 08     9.79 A
06622700 2019 03 09     9.72 A
06622700 2019 03 10     9.86 A
06622700 2019 03 11     9.48 A
06622700 2019 03 12     9.14 A
06622700 2019 03 13     8.46 A
06622700 2019 03 14     8.25 A
06622700 2019 03 15     10.70 A
06622700 2019 03 16     12.00 A
06622700 2019 03 17     12.30 A
06622700 2019 03 18     12.00 A
06622700 2019 03 19     11.30 A
06622700 2019 03 20     11.20 A
06622700 2019 03 21     11.00 A
06622700 2019 03 22     10.60 A
06622700 2019 03 23     10.10 A
06622700 2019 03 24     9.93 A
06622700 2019 03 25     9.94 A
06622700 2019 03 26     10.10 A
06622700 2019 03 27     10.80 A
06622700 2019 03 28     11.70 A
06622700 2019 03 29     11.20 A
06622700 2019 03 30     10.70 A
06622700 2019 03 31     14.60 A
06622700 2019 04 01     12.00 A
06622700 2019 04 02     10.40 A
06622700 2019 04 03     10.30 A
06622700 2019 04 04     10.50 A
06622700 2019 04 05     10.80 A
06622700 2019 04 06     11.80 A
06622700 2019 04 07     12.10 A
06622700 2019 04 08     13.10 A
06622700 2019 04 09     15.10 A
06622700 2019 04 10     15.30 A
06622700 2019 04 11     14.50 A
06622700 2019 04 12     13.80 A
06622700 2019 04 13     11.80 A
06622700 2019 04 14     12.10 A
06622700 2019 04 15     11.40 A
06622700 2019 04 16     11.70 A
06622700 2019 04 17     13.10 A
06622700 2019 04 18     13.70 A
06622700 2019 04 19     17.20 A
06622700 2019 04 20     23.30 A
06622700 2019 04 21     28.70 A
06622700 2019 04 22     33.30 A
06622700 2019 04 23     34.30 A
06622700 2019 04 24     35.70 A
06622700 2019 04 25     41.70 A
06622700 2019 04 26     46.00 A
06622700 2019 04 27     50.30 A
06622700 2019 04 28     50.00 A
06622700 2019 04 29     41.00 A
06622700 2019 04 30     38.00 A
06622700 2019 05 01     32.50 A
06622700 2019 05 02     29.10 A
06622700 2019 05 03     28.00 A
06622700 2019 05 04     30.00 A
06622700 2019 05 05     32.50 A
06622700 2019 05 06     39.30 A
06622700 2019 05 07     52.20 A
06622700 2019 05 08     55.20 A
06622700 2019 05 09     47.30 A
06622700 2019 05 10     44.10 A
06622700 2019 05 11     42.60 A
06622700 2019 05 12     50.60 A
06622700 2019 05 13     73.10 A
06622700 2019 05 14     103.00 A
06622700 2019 05 15     126.00 A
06622700 2019 05 16     152.00 A
06622700 2019 05 17     160.00 A
06622700 2019 05 18     132.00 A
06622700 2019 05 19     107.00 A
06622700 2019 05 20     95.40 A
06622700 2019 05 21     84.10 A
06622700 2019 05 22     70.40 A
06622700 2019 05 23     67.20 A
06622700 2019 05 24     65.30 A
06622700 2019 05 25     60.50 A
06622700 2019 05 26     75.60 A
06622700 2019 05 27     95.70 A
06622700 2019 05 28     95.60 A
06622700 2019 05 29     84.20 A
06622700 2019 05 30     82.30 A
06622700 2019 05 31     95.60 A
06622700 2019 06 01     135.00 A
06622700 2019 06 02     173.00 A
06622700 2019 06 03     251.00 A
06622700 2019 06 04     338.00 A
06622700 2019 06 05     428.00 A
06622700 2019 06 06     530.00 A
06622700 2019 06 07     620.00 A
06622700 2019 06 08     634.00 A
06622700 2019 06 09     516.00 A
06622700 2019 06 10     457.00 A
06622700 2019 06 11     446.00 A
06622700 2019 06 12     489.00 A
06622700 2019 06 13     509.00 A
06622700 2019 06 14     501.00 A
06622700 2019 06 15     437.00 A
06622700 2019 06 16     455.00 A
06622700 2019 06 17     482.00 A
06622700 2019 06 18     499.00 A
06622700 2019 06 19     489.00 A
06622700 2019 06 20     500.00 A
06622700 2019 06 21     571.00 A
06622700 2019 06 22     323.00 A
06622700 2019 06 23     322.00 A
06622700 2019 06 24     350.00 A
06622700 2019 06 25     329.00 A
06622700 2019 06 26     363.00 A
06622700 2019 06 27     402.00 A
06622700 2019 06 28     445.00 A
06622700 2019 06 29     456.00 A
06622700 2019 06 30     388.00 A
06622700 2019 07 01     409.00 A
06622700 2019 07 02     336.00 A
06622700 2019 07 03     310.00 A
06622700 2019 07 04     268.00 A
06622700 2019 07 05     238.00 A
06622700 2019 07 06     211.00 A
06622700 2019 07 07     179.00 A
06622700 2019 07 08     178.00 A
06622700 2019 07 09     159.00 A
06622700 2019 07 10     136.00 A
06622700 2019 07 11     124.00 A
06622700 2019 07 12     113.00 A
06622700 2019 07 13     100.00 A
06622700 2019 07 14     89.90 A
06622700 2019 07 15     83.30 A
06622700 2019 07 16     74.90 A
06622700 2019 07 17     64.50 A
06622700 2019 07 18     50.40 A
06622700 2019 07 19     43.20 A
06622700 2019 07 20     39.30 A
06622700 2019 07 21     40.80 A
06622700 2019 07 22     34.40 A
06622700 2019 07 23     31.90 A
06622700 2019 07 24     28.20 A
06622700 2019 07 25     27.90 A
06622700 2019 07 26     24.70 A
06622700 2019 07 27     29.90 A
06622700 2019 07 28     33.60 A
06622700 2019 07 29     23.30 A
06622700 2019 07 30     20.80 A
06622700 2019 07 31     19.70 A
06622700 2019 08 01     20.90 A
06622700 2019 08 02     33.80 A
06622700 2019 08 03     29.80 A
06622700 2019 08 04     28.10 A
06622700 2019 08 05     26.90 A
06622700 2019 08 06     26.60 A
06622700 2019 08 07     27.80 A
06622700 2019 08 08     31.40 A
06622700 2019 08 09     31.70 A
06622700 2019 08 10     23.90 A
06622700 2019 08 11     19.60 A
06622700 2019 08 12     15.50 A
06622700 2019 08 13     14.20 A
06622700 2019 08 14     13.60 A
06622700 2019 08 15     13.00 A
06622700 2019 08 16     12.60 A
06622700 2019 08 17     12.30 A
06622700 2019 08 18     11.80 A
06622700 2019 08 19     11.30 A
06622700 2019 08 20     11.00 A
06622700 2019 08 21     10.30 A
06622700 2019 08 22     9.95 A
06622700 2019 08 23     9.83 A
06622700 2019 08 24     9.62 A
06622700 2019 08 25     9.30 A
06622700 2019 08 26     9.19 A
06622700 2019 08 27     9.19 A
06622700 2019 08 28     9.08 A
06622700 2019 08 29     9.28 A
06622700 2019 08 30     9.28 A
06622700 2019 08 31     9.48 A
06622700 2019 09 01     9.11 A
06622700 2019 09 02     8.85 A
06622700 2019 09 03     8.73 A
06622700 2019 09 04     8.81 A
06622700 2019 09 05     8.83 A
06622700 2019 09 06     8.93 A
06622700 2019 09 07     10.30 A
06622700 2019 09 08     10.00 A
06622700 2019 09 09     14.30 A
06622700 2019 09 10     10.40 A
06622700 2019 09 11     10.50 A
06622700 2019 09 12     12.50 A
06622700 2019 09 13     11.00 A
06622700 2019 09 14     9.97 A
06622700 2019 09 15     9.46 A
06622700 2019 09 16     9.26 A
06622700 2019 09 17     9.50 A
06622700 2019 09 18     9.98 A
06622700 2019 09 19     9.72 A
06622700 2019 09 20     9.74 A
06622700 2019 09 21     9.49 A
06622700 2019 09 22     9.48 A
06622700 2019 09 23     8.81 A
06622700 2019 09 24     8.08 A
06622700 2019 09 25     8.24 A
06622700 2019 09 26     8.10 A
06622700 2019 09 27     8.27 A
06622700 2019 09 28     9.23 A
06622700 2019 09 29     8.66 A
06622700 2019 09 30     8.48 A
06622700 2019 10 01     8.53 A
06622700 2019 10 02     8.41 A
06622700 2019 10 03     8.45 A
06622700 2019 10 04     8.16 A
06622700 2019 10 05     8.05 A
06622700 2019 10 06     8.42 A
06622700 2019 10 07     8.51 A
06622700 2019 10 08     8.54 A
06622700 2019 10 09     8.31 A
06622700 2019 10 10     8.69 A
06622700 2019 10 11     8.49 A
06622700 2019 10 12     8.78 A
06622700 2019 10 13     9.33 A
06622700 2019 10 14     8.67 A
06622700 2019 10 15     8.22 A
06622700 2019 10 16     9.24 A
06622700 2019 10 17     9.84 A
06622700 2019 10 18     10.40 A
06622700 2019 10 19     9.72 A
06622700 2019 10 20     7.68 A
06622700 2019 10 21     10.10 A
06622700 2019 10 22     11.80 A
06622700 2019 10 23     11.10 A
06622700 2019 10 24     11.00 A
06622700 2019 10 25     11.60 A
06622700 2019 10 26     11.50 A
06622700 2019 10 27     11.50 A
06622700 2019 10 28     11.60 A
06622700 2019 10 29     11.60 A
06622700 2019 10 30     11.60 A
06622700 2019 10 31     11.60 A
06622700 2019 11 01     11.60 A
06622700 2019 11 02     11.50 A
06622700 2019 11 03     11.50 A
06622700 2019 11 04     11.20 A
06622700 2019 11 05     10.60 A
06622700 2019 11 06     8.95 A
06622700 2019 11 07     8.05 A
06622700 2019 11 08     8.97 A
06622700 2019 11 09     9.57 A
06622700 2019 11 10     9.65 A
06622700 2019 11 11     8.71 A
06622700 2019 11 12     8.38 A
06622700 2019 11 13     9.48 A
06622700 2019 11 14     8.92 A
06622700 2019 11 15     10.00 A
06622700 2019 11 16     11.00 A
06622700 2019 11 17     10.20 A
06622700 2019 11 18     10.80 A
06622700 2019 11 19     10.70 A
06622700 2019 11 20     10.80 A
06622700 2019 11 21     10.90 A
06622700 2019 11 22     10.30 A
06622700 2019 11 23     10.30 A
06622700 2019 11 24     11.10 A
06622700 2019 11 25     11.00 A
06622700 2019 11 26     10.20 A
06622700 2019 11 27     10.60 A
06622700 2019 11 28     10.80 A
06622700 2019 11 29     10.50 A
06622700 2019 11 30     10.50 A
06622700 2019 12 01     10.60 A
06622700 2019 12 02     10.80 A
06622700 2019 12 03     10.80 A
06622700 2019 12 04     10.70 A
06622700 2019 12 05     10.70 A
06622700 2019 12 06     10.60 A
06622700 2019 12 07     10.80 A
06622700 2019 12 08     10.70 A
06622700 2019 12 09     10.40 A
06622700 2019 12 10     10.80 A
06622700 2019 12 11     10.60 A
06622700 2019 12 12     10.80 A
06622700 2019 12 13     11.00 A
06622700 2019 12 14     10.80 A
06622700 2019 12 15     11.10 A
06622700 2019 12 16     12.10 A
06622700 2019 12 17     12.00 A
06622700 2019 12 18     12.80 A
06622700 2019 12 19     13.30 A
06622700 2019 12 20     13.10 A
06622700 2019 12 21     12.40 A
06622700 2019 12 22     12.00 A
06622700 2019 12 23     12.20 A
06622700 2019 12 24     10.80 A
06622700 2019 12 25     10.80 A
06622700 2019 12 26     10.90 A
06622700 2019 12 27     10.80 A
06622700 2019 12 28     11.10 A
06622700 2019 12 29     11.20 A
06622700 2019 12 30     11.40 A
06622700 2019 12 31     12.10 A
06622700 2020 01 01     12.00 A
06622700 2020 01 02     11.40 A
06622700 2020 01 03     10.90 A
06622700 2020 01 04     10.80 A
06622700 2020 01 05     10.70 A
06622700 2020 01 06     10.70 A
06622700 2020 01 07     10.80 A
06622700 2020 01 08     11.00 A
06622700 2020 01 09     10.60 A
06622700 2020 01 10     10.30 A
06622700 2020 01 11     11.10 A
06622700 2020 01 12     11.20 A
06622700 2020 01 13     10.50 A
06622700 2020 01 14     10.60 A
06622700 2020 01 15     10.20 A
06622700 2020 01 16     10.40 A
06622700 2020 01 17     10.30 A
06622700 2020 01 18     10.30 A
06622700 2020 01 19     10.20 A
06622700 2020 01 20     10.70 A
06622700 2020 01 21     11.30 A
06622700 2020 01 22     10.50 A
06622700 2020 01 23     10.00 A
06622700 2020 01 24     10.10 A
06622700 2020 01 25     10.20 A
06622700 2020 01 26     9.88 A
06622700 2020 01 27     9.71 A
06622700 2020 01 28     9.64 A
06622700 2020 01 29     10.00 A
06622700 2020 01 30     10.70 A
06622700 2020 01 31     10.80 A
06622700 2020 02 01     10.70 A
06622700 2020 02 02     10.50 A
06622700 2020 02 03     10.30 A
06622700 2020 02 04     10.20 A
06622700 2020 02 05     11.20 A
06622700 2020 02 06     11.20 A
06622700 2020 02 07     11.20 A
06622700 2020 02 08     10.90 A
06622700 2020 02 09     10.60 A
06622700 2020 02 10     11.00 A
06622700 2020 02 11     10.90 A
06622700 2020 02 12     10.50 A
06622700 2020 02 13     10.50 A
06622700 2020 02 14     10.40 A
06622700 2020 02 15     10.10 A
06622700 2020 02 16     10.10 A
06622700 2020 02 17     10.10 A
06622700 2020 02 18     11.20 A
06622700 2020 02 19     11.10 A
06622700 2020 02 20     11.90 A
06622700 2020 02 21     12.90 A
06622700 2020 02 22     13.20 A
06622700 2020 02 23     12.80 A
06622700 2020 02 24     12.50 A
06622700 2020 02 25     12.30 A
06622700 2020 02 26     11.70 A
06622700 2020 02 27     11.20 A
06622700 2020 02 28     10.60 A
06622700 2020 02 29     10.70 A
06622700 2020 03 01     10.50 A
06622700 2020 03 02     10.20 A
06622700 2020 03 03     10.20 A
06622700 2020 03 04     10.60 A
06622700 2020 03 05     10.40 A
06622700 2020 03 06     11.50 A
06622700 2020 03 07     11.10 A
06622700 2020 03 08     11.20 A
06622700 2020 03 09     11.00 A
06622700 2020 03 10     11.00 A
06622700 2020 03 11     10.90 A
06622700 2020 03 12     11.10 A
06622700 2020 03 13     10.90 A
06622700 2020 03 14     11.20 A
06622700 2020 03 15     11.00 A
06622700 2020 03 16     11.20 A
06622700 2020 03 17     11.90 A
06622700 2020 03 18     12.50 A
06622700 2020 03 19     11.70 A
06622700 2020 03 20     11.80 A
06622700 2020 03 21     11.60 A
06622700 2020 03 22     11.70 A
06622700 2020 03 23     11.60 A
06622700 2020 03 24     11.60 A
06622700 2020 03 25     11.60 A
06622700 2020 03 26     13.10 A
06622700 2020 03 27     11.60 A
06622700 2020 03 28     17.20 A
06622700 2020 03 29     13.90 A
06622700 2020 03 30     12.30 A
06622700 2020 03 31     12.30 A
06622700 2020 04 01     12.70 A
06622700 2020 04 02     13.00 A
06622700 2020 04 03     13.10 A
06622700 2020 04 04     11.30 A
06622700 2020 04 05     13.50 A
06622700 2020 04 06     14.00 A
06622700 2020 04 07     15.80 A
06622700 2020 04 08     18.20 A
06622700 2020 04 09     21.20 A
06622700 2020 04 10     24.80 A
06622700 2020 04 11     24.10 A
06622700 2020 04 12     13.60 A
06622700 2020 04 13     12.70 A
06622700 2020 04 14     21.50 A
06622700 2020 04 15     26.10 A
06622700 2020 04 16     24.40 A
06622700 2020 04 17     21.50 A
06622700 2020 04 18     17.20 A
06622700 2020 04 19     14.20 A
06622700 2020 04 20     11.40 A
06622700 2020 04 21     13.20 A
06622700 2020 04 22     19.30 A
06622700 2020 04 23     22.30 A
06622700 2020 04 24     20.40 A
06622700 2020 04 25     19.20 A
06622700 2020 04 26     21.00 A
06622700 2020 04 27     26.90 A
06622700 2020 04 28     37.00 A
06622700 2020 04 29     44.00 A
06622700 2020 04 30     59.40 A
06622700 2020 05 01     84.10 A
06622700 2020 05 02     118.00 A
06622700 2020 05 03     120.00 A
06622700 2020 05 04     128.00 A
06622700 2020 05 05     110.00 A
06622700 2020 05 06     111.00 A
06622700 2020 05 07     112.00 A
06622700 2020 05 08     111.00 A
06622700 2020 05 09     122.00 A
06622700 2020 05 10     139.00 A
06622700 2020 05 11     163.00 A
06622700 2020 05 12     239.00 A
06622700 2020 05 13     271.00 A
06622700 2020 05 14     247.00 A
06622700 2020 05 15     233.00 A
06622700 2020 05 16     228.00 A
06622700 2020 05 17     279.00 A
06622700 2020 05 18     392.00 A
06622700 2020 05 19     517.00 A
06622700 2020 05 20     605.00 A
06622700 2020 05 21     534.00 A
06622700 2020 05 22     437.00 A
06622700 2020 05 23     406.00 A
06622700 2020 05 24     340.00 A
06622700 2020 05 25     271.00 A
06622700 2020 05 26     276.00 A
06622700 2020 05 27     382.00 A
06622700 2020 05 28     476.00 A
06622700 2020 05 29     611.00 A
06622700 2020 05 30     689.00 A
06622700 2020 05 31     703.00 A
06622700 2020 06 01     711.00 A
06622700 2020 06 02     653.00 A
06622700 2020 06 03     569.00 A
06622700 2020 06 04     545.00 A
06622700 2020 06 05     560.00 A
06622700 2020 06 06     650.00 A
06622700 2020 06 07     420.00 A
06622700 2020 06 08     309.00 A
06622700 2020 06 09     265.00 A
06622700 2020 06 10     174.00 A
06622700 2020 06 11     181.00 A
06622700 2020 06 12     191.00 A
06622700 2020 06 13     243.00 A
06622700 2020 06 14     239.00 A
06622700 2020 06 15     250.00 A
06622700 2020 06 16     222.00 A
06622700 2020 06 17     198.00 A
06622700 2020 06 18     158.00 A
06622700 2020 06 19     129.00 A
06622700 2020 06 20     116.00 A
06622700 2020 06 21     115.00 A
06622700 2020 06 22     114.00 A
06622700 2020 06 23     104.00 A
06622700 2020 06 24     109.00 A
06622700 2020 06 25     108.00 A
06622700 2020 06 26     114.00 A
06622700 2020 06 27     89.60 A
06622700 2020 06 28     74.80 A
06622700 2020 06 29     63.70 A
06622700 2020 06 30     56.10 A
06622700 2020 07 01     49.90 A
06622700 2020 07 02     44.70 A
06622700 2020 07 03     41.40 A
06622700 2020 07 04     38.40 A
06622700 2020 07 05     35.90 A
06622700 2020 07 06     31.40 A
06622700 2020 07 07     26.90 A
06622700 2020 07 08     23.40 A
06622700 2020 07 09     21.50 A
06622700 2020 07 10     20.20 A
06622700 2020 07 11     18.40 A
06622700 2020 07 12     17.30 A
06622700 2020 07 13     18.30 A
06622700 2020 07 14     18.60 A
06622700 2020 07 15     16.30 A
06622700 2020 07 16     15.40 A
06622700 2020 07 17     15.00 A
06622700 2020 07 18     15.60 A
06622700 2020 07 19     14.40 A
06622700 2020 07 20     14.00 A
06622700 2020 07 21     13.70 A
06622700 2020 07 22     13.10 A
06622700 2020 07 23     13.40 A
06622700 2020 07 24     14.30 A
06622700 2020 07 25     13.80 A
06622700 2020 07 26     13.10 A
06622700 2020 07 27     12.50 A
06622700 2020 07 28     13.20 A
06622700 2020 07 29     14.70 A
06622700 2020 07 30     13.00 A
06622700 2020 07 31     11.90 A
06622700 2020 08 01     11.20 A
06622700 2020 08 02     11.30 A
06622700 2020 08 03     11.00 A
06622700 2020 08 04     10.80 A
06622700 2020 08 05     10.60 A
06622700 2020 08 06     10.20 A
06622700 2020 08 07     9.87 A
06622700 2020 08 08     9.53 A
06622700 2020 08 09     9.30 A
06622700 2020 08 10     9.19 A
06622700 2020 08 11     9.15 A
06622700 2020 08 12     9.09 A
06622700 2020 08 13     8.91 A
06622700 2020 08 14     8.46 A
06622700 2020 08 15     8.32 A
06622700 2020 08 16     8.13 A
06622700 2020 08 17     8.21 A
06622700 2020 08 18     7.90 A
06622700 2020 08 19     7.90 A
06622700 2020 08 20     8.08 A
06622700 2020 08 21     8.45 A
06622700 2020 08 22     7.93 A
06622700 2020 08 23     7.68 A
06622700 2020 08 24     7.70 A
06622700 2020 08 25     7.65 A
06622700 2020 08 26     7.43 A
06622700 2020 08 27     7.43 A
06622700 2020 08 28     7.31 A
06622700 2020 08 29     7.94 A
06622700 2020 08 30     9.57 A
06622700 2020 08 31     8.05 A
06622700 2020 09 01     7.90 A
06622700 2020 09 02     7.67 A
06622700 2020 09 03     7.31 A
06622700 2020 09 04     7.12 A
06622700 2020 09 05     6.79 A
06622700 2020 09 06     6.70 A
06622700 2020 09 07     6.58 A
06622700 2020 09 08     7.52 A
06622700 2020 09 09     8.42 A
06622700 2020 09 10     8.96 A
06622700 2020 09 11     10.40 A
06622700 2020 09 12     9.27 A
06622700 2020 09 13     8.57 A
06622700 2020 09 14     8.03 A
06622700 2020 09 15     7.73 A
06622700 2020 09 16     7.45 A
06622700 2020 09 17     7.34 A
06622700 2020 09 18     7.30 A
06622700 2020 09 19     7.29 A
06622700 2020 09 20     7.54 A
06622700 2020 09 21     7.47 A
06622700 2020 09 22     7.43 A
06622700 2020 09 23     7.71 A
06622700 2020 09 24     7.53 A
06622700 2020 09 25     7.26 A
06622700 2020 09 26     7.05 A
06622700 2020 09 27     7.38 A
06622700 2020 09 28     7.89 A
06622700 2020 09 29     7.89 A
06622700 2020 09 30     7.83 A
06622700 2020 10 01     7.83 A
06622700 2020 10 02     7.84 A
06622700 2020 10 03     7.90 A
06622700 2020 10 04     8.03 A
06622700 2020 10 05     7.92 A
06622700 2020 10 06     7.94 A
06622700 2020 10 07     7.96 A
06622700 2020 10 08     7.98 A
06622700 2020 10 09     8.06 A
06622700 2020 10 10     8.15 A
06622700 2020 10 11     9.16 A
06622700 2020 10 12     9.77 A
06622700 2020 10 13     10.10 A
06622700 2020 10 14     11.20 A
06622700 2020 10 15     10.30 A
06622700 2020 10 16     10.10 A
06622700 2020 10 17     9.83 A
06622700 2020 10 18     10.20 A
06622700 2020 10 19     10.70 A
06622700 2020 10 20     10.70 A
06622700 2020 10 21     10.20 A
06622700 2020 10 22     10.20 A
06622700 2020 10 23     9.51 A
06622700 2020 10 24     9.92 A
06622700 2020 10 25     6.05 A
06622700 2020 10 26     11.50 A
06622700 2020 10 27     12.00 A
06622700 2020 10 28     11.60 A
06622700 2020 10 29     11.70 A
06622700 2020 10 30     11.20 A
06622700 2020 10 31     12.00 A
06622700 2020 11 01     11.50 A
06622700 2020 11 02     12.10 A
06622700 2020 11 03     12.40 A
06622700 2020 11 04     12.30 A
06622700 2020 11 05     12.30 A
06622700 2020 11 06     12.30 A
06622700 2020 11 07     12.70 A
06622700 2020 11 08     12.70 A
06622700 2020 11 09     12.10 A
06622700 2020 11 10     12.00 A
06622700 2020 11 11     12.70 A
06622700 2020 11 12     12.50 A
06622700 2020 11 13     12.60 A
06622700 2020 11 14     12.20 A
06622700 2020 11 15     12.10 A
06622700 2020 11 16     11.90 A
06622700 2020 11 17     11.80 A
06622700 2020 11 18     11.70 A
06622700 2020 11 19     11.80 A
06622700 2020 11 20     9.79 A
06622700 2020 11 21     11.00 A
06622700 2020 11 22     12.30 A
06622700 2020 11 23     12.30 A
06622700 2020 11 24     11.70 A
06622700 2020 11 25     12.00 A
06622700 2020 11 26     13.20 A
06622700 2020 11 27     14.50 A
06622700 2020 11 28     14.70 A
06622700 2020 11 29     14.70 A
06622700 2020 11 30     14.70 A
06622700 2020 12 01     14.70 A
06622700 2020 12 02     14.70 A
06622700 2020 12 03     14.80 A
06622700 2020 12 04     14.90 A
06622700 2020 12 05     14.90 A
06622700 2020 12 06     14.90 A
06622700 2020 12 07     15.30 A
06622700 2020 12 08     15.30 A
06622700 2020 12 09     15.30 A
06622700 2020 12 10     15.00 A
06622700 2020 12 11     15.00 A
06622700 2020 12 12     14.70 A
06622700 2020 12 13     13.60 A
06622700 2020 12 14     13.30 A
06622700 2020 12 15     13.80 A
06622700 2020 12 16     13.90 A
06622700 2020 12 17     14.00 A
06622700 2020 12 18     14.70 A
06622700 2020 12 19     14.60 A
06622700 2020 12 20     14.50 A
06622700 2020 12 21     14.00 A
06622700 2020 12 22     13.20 A
06622700 2020 12 23     12.20 A
06622700 2020 12 24     12.00 A
06622700 2020 12 25     12.00 A
06622700 2020 12 26     11.70 A
06622700 2020 12 27     11.60 A
06622700 2020 12 28     11.50 A
06622700 2020 12 29     11.30 A
06622700 2020 12 30     10.90 A
06622700 2020 12 31     11.00 A
06622700 2021 01 01     11.00 A
06622700 2021 01 02     10.80 A
06622700 2021 01 03     10.80 A
06622700 2021 01 04     10.80 A
06622700 2021 01 05     10.50 A
06622700 2021 01 06     11.10 A
06622700 2021 01 07     10.90 A
06622700 2021 01 08     10.00 A
06622700 2021 01 09     9.81 A
06622700 2021 01 10     9.37 A
06622700 2021 01 11     9.02 A
06622700 2021 01 12     8.85 A
06622700 2021 01 13     8.71 A
06622700 2021 01 14     8.69 A
06622700 2021 01 15     8.53 A
06622700 2021 01 16     8.67 A
06622700 2021 01 17     8.57 A
06622700 2021 01 18     8.64 A
06622700 2021 01 19     8.59 A
06622700 2021 01 20     8.64 A
06622700 2021 01 21     8.48 A
06622700 2021 01 22     8.56 A
06622700 2021 01 23     8.68 A
06622700 2021 01 24     8.54 A
06622700 2021 01 25     8.73 A
06622700 2021 01 26     8.63 A
06622700 2021 01 27     8.72 A
06622700 2021 01 28     8.53 A
06622700 2021 01 29     8.60 A
06622700 2021 01 30     8.83 A
06622700 2021 01 31     8.76 A
06622700 2021 02 01     8.85 A
06622700 2021 02 02     8.77 A
06622700 2021 02 03     8.98 A
06622700 2021 02 04     8.92 A
06622700 2021 02 05     8.93 A
06622700 2021 02 06     8.81 A
06622700 2021 02 07     8.98 A
06622700 2021 02 08     8.85 A
06622700 2021 02 09     8.85 A
06622700 2021 02 10     8.97 A
06622700 2021 02 11     8.98 A
06622700 2021 02 12     9.09 A
06622700 2021 02 13     9.17 A
06622700 2021 02 14     8.90 A
06622700 2021 02 15     9.20 A
06622700 2021 02 16     9.23 A
06622700 2021 02 17     9.29 A
06622700 2021 02 18     9.27 A
06622700 2021 02 19     9.29 A
06622700 2021 02 20     9.44 A
06622700 2021 02 21     9.43 A
06622700 2021 02 22     9.45 A
06622700 2021 02 23     9.53 A
06622700 2021 02 24     9.47 A
06622700 2021 02 25     9.48 A
06622700 2021 02 26     9.47 A
06622700 2021 02 27     9.55 A
06622700 2021 02 28     9.54 A
06622700 2021 03 01     9.63 A
06622700 2021 03 02     9.68 A
06622700 2021 03 03     9.69 A
06622700 2021 03 04     9.68 A
06622700 2021 03 05     9.71 A
06622700 2021 03 06     9.85 A
06622700 2021 03 07     9.99 A
06622700 2021 03 08     10.50 A
06622700 2021 03 09     10.50 A
06622700 2021 03 10     10.10 A
06622700 2021 03 11     10.20 A
06622700 2021 03 12     10.00 A
06622700 2021 03 13     9.89 A
06622700 2021 03 14     9.54 A
06622700 2021 03 15     10.10 A
06622700 2021 03 16     9.93 A
06622700 2021 03 17     9.87 A
06622700 2021 03 18     9.98 A
06622700 2021 03 19     10.70 A
06622700 2021 03 20     11.70 A
06622700 2021 03 21     11.80 A
06622700 2021 03 22     10.50 A
06622700 2021 03 23     10.70 A
06622700 2021 03 24     10.60 A
06622700 2021 03 25     10.60 A
06622700 2021 03 26     10.60 A
06622700 2021 03 27     10.40 A
06622700 2021 03 28     10.50 A
06622700 2021 03 29     10.90 A
06622700 2021 03 30     9.87 A
06622700 2021 03 31     10.40 A
06622700 2021 04 01     11.20 A
06622700 2021 04 02     12.60 A
06622700 2021 04 03     13.90 A
06622700 2021 04 04     15.40 A
06622700 2021 04 05     17.00 A
06622700 2021 04 06     17.40 A
06622700 2021 04 07     15.00 A
06622700 2021 04 08     14.50 A
06622700 2021 04 09     13.60 A
06622700 2021 04 10     15.80 A
06622700 2021 04 11     14.60 A
06622700 2021 04 12     14.70 A
06622700 2021 04 13     14.70 A
06622700 2021 04 14     15.10 A
06622700 2021 04 15     15.00 A
06622700 2021 04 16     14.30 A
06622700 2021 04 17     14.60 A
06622700 2021 04 18     14.60 A
06622700 2021 04 19     13.50 A
06622700 2021 04 20     16.70 A
06622700 2021 04 21     22.00 A
06622700 2021 04 22     14.70 A
06622700 2021 04 23     13.80 A
06622700 2021 04 24     13.60 A
06622700 2021 04 25     14.50 A
06622700 2021 04 26     16.40 A
06622700 2021 04 27     16.90 A
06622700 2021 04 28     17.20 A
06622700 2021 04 29     22.30 A
06622700 2021 04 30     31.40 A
06622700 2021 05 01     37.10 A
06622700 2021 05 02     39.30 A
06622700 2021 05 03     37.00 A
06622700 2021 05 04     31.00 A
06622700 2021 05 05     26.80 A
06622700 2021 05 06     29.10 A
06622700 2021 05 07     35.90 A
06622700 2021 05 08     42.20 A
06622700 2021 05 09     43.40 A
06622700 2021 05 10     39.90 A
06622700 2021 05 11     34.30 A
06622700 2021 05 12     32.30 A
06622700 2021 05 13     30.10 A
06622700 2021 05 14     28.30 A
06622700 2021 05 15     31.70 A
06622700 2021 05 16     46.80 A
06622700 2021 05 17     57.10 A
06622700 2021 05 18     81.20 A
06622700 2021 05 19     112.00 A
06622700 2021 05 20     151.00 A
06622700 2021 05 21     205.00 A
06622700 2021 05 22     225.00 A
06622700 2021 05 23     246.00 A
06622700 2021 05 24     194.00 A
06622700 2021 05 25     179.00 A
06622700 2021 05 26     197.00 A
06622700 2021 05 27     226.00 A
06622700 2021 05 28     220.00 A
06622700 2021 05 29     245.00 A
06622700 2021 05 30     224.00 A
06622700 2021 05 31     198.00 A
06622700 2021 06 01     206.00 A
06622700 2021 06 02     224.00 A
06622700 2021 06 03     275.00 A
06622700 2021 06 04     329.00 A
06622700 2021 06 05     360.00 A
06622700 2021 06 06     394.00 A
06622700 2021 06 07     321.00 A
06622700 2021 06 08     263.00 A
06622700 2021 06 09     219.00 A
06622700 2021 06 10     198.00 A
06622700 2021 06 11     156.00 A
06622700 2021 06 12     123.00 A
06622700 2021 06 13     116.00 A
06622700 2021 06 14     119.00 A
06622700 2021 06 15     101.00 A
06622700 2021 06 16     88.20 A
06622700 2021 06 17     73.00 A
06622700 2021 06 18     58.70 A
06622700 2021 06 19     50.70 A
06622700 2021 06 20     43.70 A
06622700 2021 06 21     36.60 A
06622700 2021 06 22     31.10 A
06622700 2021 06 23     30.50 A
06622700 2021 06 24     31.40 A
06622700 2021 06 25     37.40 A
06622700 2021 06 26     38.80 A
06622700 2021 06 27     36.10 A
06622700 2021 06 28     37.60 A
06622700 2021 06 29     27.20 A
06622700 2021 06 30     32.60 A
06622700 2021 07 01     31.80 A
06622700 2021 07 02     22.10 A
06622700 2021 07 03     18.80 A
06622700 2021 07 04     17.60 A
06622700 2021 07 05     16.70 A
06622700 2021 07 06     15.30 A
06622700 2021 07 07     12.80 A
06622700 2021 07 08     12.00 A
06622700 2021 07 09     11.60 A
06622700 2021 07 10     11.10 A
06622700 2021 07 11     9.99 A
06622700 2021 07 12     10.30 A
06622700 2021 07 13     10.90 A
06622700 2021 07 14     11.50 A
06622700 2021 07 15     12.10 A
06622700 2021 07 16     11.30 A
06622700 2021 07 17     11.00 A
06622700 2021 07 18     11.00 A
06622700 2021 07 19     10.10 A
06622700 2021 07 20     10.00 A
06622700 2021 07 21     10.50 A
06622700 2021 07 22     9.90 A
06622700 2021 07 23     10.70 A
06622700 2021 07 24     9.86 A
06622700 2021 07 25     9.16 A
06622700 2021 07 26     8.93 A
06622700 2021 07 27     8.51 A
06622700 2021 07 28     8.37 A
06622700 2021 07 29     8.44 A
06622700 2021 07 30     9.37 A
06622700 2021 07 31     9.97 A
06622700 2021 08 01     9.64 A
06622700 2021 08 02     8.63 A
06622700 2021 08 03     15.10 A
06622700 2021 08 04     16.20 A
06622700 2021 08 05     10.20 A
06622700 2021 08 06     9.12 A
06622700 2021 08 07     9.21 A
06622700 2021 08 08     8.73 A
06622700 2021 08 09     8.07 A
06622700 2021 08 10     7.96 A
06622700 2021 08 11     7.33 A
06622700 2021 08 12     7.18 A
06622700 2021 08 13     7.19 A
06622700 2021 08 14     7.15 A
06622700 2021 08 15     7.76 A
06622700 2021 08 16     8.17 A
06622700 2021 08 17     7.27 A
06622700 2021 08 18     7.77 A
06622700 2021 08 19     10.70 A
06622700 2021 08 20     9.75 A
06622700 2021 08 21     8.76 A
06622700 2021 08 22     8.08 A
06622700 2021 08 23     7.61 A
06622700 2021 08 24     7.15 A
06622700 2021 08 25     6.57 A
06622700 2021 08 26     6.81 A
06622700 2021 08 27     8.53 A
06622700 2021 08 28     7.09 A
06622700 2021 08 29     6.65 A
06622700 2021 08 30     6.60 A
06622700 2021 08 31     6.53 A
06622700 2021 09 01     7.23 A
06622700 2021 09 02     8.46 A
06622700 2021 09 03     7.58 A
06622700 2021 09 04     7.56 A
06622700 2021 09 05     7.03 A
06622700 2021 09 06     6.76 A
06622700 2021 09 07     6.57 A
06622700 2021 09 08     6.58 A
06622700 2021 09 09     6.46 A
06622700 2021 09 10     6.39 A
06622700 2021 09 11     7.16 A
06622700 2021 09 12     8.60 A
06622700 2021 09 13     10.60 A
06622700 2021 09 14     9.57 A
06622700 2021 09 15     7.99 A
06622700 2021 09 16     7.57 A
06622700 2021 09 17     7.33 A
06622700 2021 09 18     7.21 A
06622700 2021 09 19     7.62 A
06622700 2021 09 20     10.90 A
06622700 2021 09 21     10.20 A
06622700 2021 09 22     10.70 A
06622700 2021 09 23     10.10 A
06622700 2021 09 24     9.09 A
06622700 2021 09 25     8.73 A
06622700 2021 09 26     8.30 A
06622700 2021 09 27     8.19 A
06622700 2021 09 28     8.19 A
06622700 2021 09 29     11.10 A
06622700 2021 09 30     10.70 A
06622700 2021 10 01     9.61 A
06622700 2021 10 02     9.18 A
06622700 2021 10 03     8.94 A
06622700 2021 10 04     8.78 A
06622700 2021 10 05     8.70 A
06622700 2021 10 06     8.79 A
06622700 2021 10 07     8.90 A
06622700 2021 10 08     8.97 A
06622700 2021 10 09     11.00 A
06622700 2021 10 10     12.50 A
06622700 2021 10 11     11.10 A
06622700 2021 10 12     11.10 A
06622700 2021 10 13     12.10 A
06622700 2021 10 14     11.60 A
06622700 2021 10 15     11.50 A
06622700 2021 10 16     11.70 A
06622700 2021 10 17     12.80 A
06622700 2021 10 18     13.30 A
06622700 2021 10 19     13.70 A
06622700 2021 10 20     13.20 A
06622700 2021 10 21     12.80 A
06622700 2021 10 22     13.10 A
06622700 2021 10 23     13.50 A
06622700 2021 10 24     13.30 A
06622700 2021 10 25     13.90 A
06622700 2021 10 26     17.40 A
06622700 2021 10 27     14.40 A
06622700 2021 10 28     14.10 A
06622700 2021 10 29     14.60 A
06622700 2021 10 30     15.00 A
06622700 2021 10 31     14.40 A
06622700 2021 11 01     15.20 A
06622700 2021 11 02     16.30 A
06622700 2021 11 03     15.80 A
06622700 2021 11 04     14.90 A
06622700 2021 11 05     15.00 A
06622700 2021 11 06     14.60 A
06622700 2021 11 07     14.30 A
06622700 2021 11 08     14.20 A
06622700 2021 11 09     13.80 A
06622700 2021 11 10     13.20 A
06622700 2021 11 11     13.80 A
06622700 2021 11 12     14.00 A
06622700 2021 11 13     13.70 A
06622700 2021 11 14     13.40 A
06622700 2021 11 15     13.40 A
06622700 2021 11 16     13.50 A
06622700 2021 11 17     10.10 A
06622700 2021 11 18     12.50 A
06622700 2021 11 19     11.10 A
06622700 2021 11 20     7.14 A
06622700 2021 11 21     7.27 A
06622700 2021 11 22     7.83 A
06622700 2021 11 23     8.76 A
06622700 2021 11 24     8.68 A
06622700 2021 11 25     9.92 A
06622700 2021 11 26     11.30 A
06622700 2021 11 27     10.30 A
06622700 2021 11 28     10.60 A
06622700 2021 11 29     11.10 A
06622700 2021 11 30     11.40 A
06622700 2021 12 01     11.50 A
06622700 2021 12 02     11.20 A
06622700 2021 12 03     10.50 A
06622700 2021 12 04     11.20 A
06622700 2021 12 05     10.60 A
06622700 2021 12 06     9.54 A
06622700 2021 12 07     11.30 A
06622700 2021 12 08     10.30 A
06622700 2021 12 09     10.70 A
06622700 2021 12 10     10.90 A
06622700 2021 12 11     11.70 A
06622700 2021 12 12     11.80 A
06622700 2021 12 13     12.00 A
06622700 2021 12 14     12.30 A
06622700 2021 12 15     12.10 A
06622700 2021 12 16     11.70 A
06622700 2021 12 17     11.10 A
06622700 2021 12 18     10.30 A
06622700 2021 12 19     10.20 A
06622700 2021 12 20     9.85 A
06622700 2021 12 21     9.74 A
06622700 2021 12 22     9.74 A
06622700 2021 12 23     9.92 A
06622700 2021 12 24     10.00 A
06622700 2021 12 25     10.10 A
06622700 2021 12 26     10.80 A
06622700 2021 12 27     10.60 A
06622700 2021 12 28     10.80 A
06622700 2021 12 29     10.90 A
06622700 2021 12 30     11.10 A
06622700 2021 12 31     10.90 A
06622700 2022 01 01     10.60 A
06622700 2022 01 02     10.30 A
06622700 2022 01 03     10.40 A
06622700 2022 01 04     10.40 A
06622700 2022 01 05     10.30 A
06622700 2022 01 06     10.20 A
06622700 2022 01 07     10.40 A
06622700 2022 01 08     10.30 A
06622700 2022 01 09     9.38 A
06622700 2022 01 10     8.94 A
06622700 2022 01 11     9.24 A
06622700 2022 01 12     9.23 A
06622700 2022 01 13     9.14 A
06622700 2022 01 14     9.95 A
06622700 2022 01 15     10.30 A
06622700 2022 01 16     10.40 A
06622700 2022 01 17     10.40 A
06622700 2022 01 18     10.70 A
06622700 2022 01 19     10.50 A
06622700 2022 01 20     10.20 A
06622700 2022 01 21     10.40 A
06622700 2022 01 22     10.20 A
06622700 2022 01 23     10.50 A
06622700 2022 01 24     10.70 A
06622700 2022 01 25     10.40 A
06622700 2022 01 26     10.40 A
06622700 2022 01 27     10.60 A
06622700 2022 01 28     10.50 A
06622700 2022 01 29     10.50 A
06622700 2022 01 30     10.80 A
06622700 2022 01 31     10.60 A
06622700 2022 02 01     10.50 A
06622700 2022 02 02     10.00 A
06622700 2022 02 03     8.86 A
06622700 2022 02 04     7.92 A
06622700 2022 02 05     7.56 A
06622700 2022 02 06     7.49 A
06622700 2022 02 07     7.51 A
06622700 2022 02 08     7.58 A
06622700 2022 02 09     7.64 A
06622700 2022 02 10     7.73 A
06622700 2022 02 11     7.84 A
06622700 2022 02 12     7.95 A
06622700 2022 02 13     7.96 A
06622700 2022 02 14     7.79 A
06622700 2022 02 15     7.97 A
06622700 2022 02 16     8.14 A
06622700 2022 02 17     8.00 A
06622700 2022 02 18     8.14 A
06622700 2022 02 19     8.22 A
06622700 2022 02 20     8.01 A
06622700 2022 02 21     8.12 A
06622700 2022 02 22     8.03 A
06622700 2022 02 23     7.98 A
06622700 2022 02 24     7.83 A
06622700 2022 02 25     7.68 A
06622700 2022 02 26     7.56 A
06622700 2022 02 27     7.65 A
06622700 2022 02 28     7.71 A
06622700 2022 03 01     7.88 A
06622700 2022 03 02     8.27 A
06622700 2022 03 03     8.68 A
06622700 2022 03 04     8.51 A
06622700 2022 03 05     8.28 A
06622700 2022 03 06     7.98 A
06622700 2022 03 07     7.71 A
06622700 2022 03 08     8.37 A
06622700 2022 03 09     8.31 A
06622700 2022 03 10     8.13 A
06622700 2022 03 11     8.05 A
06622700 2022 03 12     8.01 A
06622700 2022 03 13     8.04 A
06622700 2022 03 14     8.10 A
06622700 2022 03 15     7.95 A
06622700 2022 03 16     8.00 A
06622700 2022 03 17     7.93 A
06622700 2022 03 18     8.03 A
06622700 2022 03 19     7.93 A
06622700 2022 03 20     7.98 A
06622700 2022 03 21     7.92 A
06622700 2022 03 22     7.65 A
06622700 2022 03 23     8.80 A
06622700 2022 03 24     8.26 A
06622700 2022 03 25     8.61 A
06622700 2022 03 26     9.06 A
06622700 2022 03 27     9.76 A
06622700 2022 03 28     11.00 A
06622700 2022 03 29     10.90 A
06622700 2022 03 30     11.50 A
06622700 2022 03 31     12.80 A
06622700 2022 04 01     10.60 A
06622700 2022 04 02     10.70 A
06622700 2022 04 03     10.40 A
06622700 2022 04 04     12.30 A
06622700 2022 04 05     10.30 A
06622700 2022 04 06     12.60 A
06622700 2022 04 07     12.40 A
06622700 2022 04 08     11.80 A
06622700 2022 04 09     11.50 A
06622700 2022 04 10     12.10 A
06622700 2022 04 11     13.40 A
06622700 2022 04 12     12.10 A
06622700 2022 04 13     16.20 A
06622700 2022 04 14     16.60 A
06622700 2022 04 15     13.90 A
06622700 2022 04 16     12.80 A
06622700 2022 04 17     11.10 A
06622700 2022 04 18     11.60 A
06622700 2022 04 19     14.40 A
06622700 2022 04 20     14.30 A
06622700 2022 04 21     14.80 A
06622700 2022 04 22     18.20 A
06622700 2022 04 23     16.20 A
06622700 2022 04 24     19.30 A
06622700 2022 04 25     19.90 A
06622700 2022 04 26     18.10 A
06622700 2022 04 27     17.90 A
06622700 2022 04 28     24.40 A
06622700 2022 04 29     25.70 A
06622700 2022 04 30     20.90 A
06622700 2022 05 01     19.00 A
06622700 2022 05 02     19.30 A
06622700 2022 05 03     22.20 A
06622700 2022 05 04     24.20 A
06622700 2022 05 05     27.20 A
06622700 2022 05 06     44.10 A
06622700 2022 05 07     59.80 A
06622700 2022 05 08     60.90 A
06622700 2022 05 09     54.60 A
06622700 2022 05 10     50.60 A
06622700 2022 05 11     70.20 A
06622700 2022 05 12     87.50 A
06622700 2022 05 13     69.90 A
06622700 2022 05 14     71.30 A
06622700 2022 05 15     106.00 A
06622700 2022 05 16     153.00 A
06622700 2022 05 17     173.00 A
06622700 2022 05 18     227.00 A
06622700 2022 05 19     260.00 A
06622700 2022 05 20     174.00 A
06622700 2022 05 21     126.00 A
06622700 2022 05 22     117.00 A
06622700 2022 05 23     105.00 A
06622700 2022 05 24     91.10 A
06622700 2022 05 25     93.70 A
06622700 2022 05 26     124.00 A
06622700 2022 05 27     214.00 A
06622700 2022 05 28     258.00 A
06622700 2022 05 29     236.00 A
06622700 2022 05 30     168.00 A
06622700 2022 05 31     134.00 A
06622700 2022 06 01     129.00 A
06622700 2022 06 02     164.00 A
06622700 2022 06 03     212.00 A
06622700 2022 06 04     267.00 A
06622700 2022 06 05     315.00 A
06622700 2022 06 06     363.00 A
06622700 2022 06 07     323.00 A
06622700 2022 06 08     292.00 A
06622700 2022 06 09     317.00 A
06622700 2022 06 10     376.00 A
06622700 2022 06 11     412.00 A
06622700 2022 06 12     412.00 A
06622700 2022 06 13     379.00 A
06622700 2022 06 14     214.00 A
06622700 2022 06 15     144.00 A
06622700 2022 06 16     147.00 A
06622700 2022 06 17     169.00 A
06622700 2022 06 18     165.00 A
06622700 2022 06 19     155.00 A
06622700 2022 06 20     129.00 A
06622700 2022 06 21     101.00 A
06622700 2022 06 22     85.80 A
06622700 2022 06 23     79.40 A
06622700 2022 06 24     85.80 A
06622700 2022 06 25     75.80 A
06622700 2022 06 26     65.70 A
06622700 2022 06 27     59.70 A
06622700 2022 06 28     53.30 A
06622700 2022 06 29     58.60 A
06622700 2022 06 30     76.50 A
06622700 2022 07 01     76.30 A
06622700 2022 07 02     48.50 A
06622700 2022 07 03     39.90 A
06622700 2022 07 04     34.70 A
06622700 2022 07 05     38.10 A
06622700 2022 07 06     33.50 A
06622700 2022 07 07     28.30 A
06622700 2022 07 08     25.40 A
06622700 2022 07 09     23.00 A
06622700 2022 07 10     20.90 A
06622700 2022 07 11     19.80 A
06622700 2022 07 12     18.50 A
06622700 2022 07 13     17.60 A
06622700 2022 07 14     17.20 A
06622700 2022 07 15     16.90 A
06622700 2022 07 16     16.90 A
06622700 2022 07 17     15.40 A
06622700 2022 07 18     14.90 A
06622700 2022 07 19     14.60 A
06622700 2022 07 20     14.10 A
06622700 2022 07 21     14.00 A
06622700 2022 07 22     13.60 A
06622700 2022 07 23     13.80 A
06622700 2022 07 24     15.40 A
06622700 2022 07 25     15.30 A
06622700 2022 07 26     14.00 A
06622700 2022 07 27     13.20 A
06622700 2022 07 28     13.40 A
06622700 2022 07 29     13.40 A
06622700 2022 07 30     12.90 A
06622700 2022 07 31     12.90 A
06622700 2022 08 01     12.60 A
06622700 2022 08 02     14.10 A
06622700 2022 08 03     16.70 A
06622700 2022 08 04     12.80 A
06622700 2022 08 05     12.30 A
06622700 2022 08 06     13.10 A
06622700 2022 08 07     12.00 A
06622700 2022 08 08     11.60 A
06622700 2022 08 09     12.00 A
06622700 2022 08 10     11.50 A
06622700 2022 08 11     10.80 A
06622700 2022 08 12     10.90 A
06622700 2022 08 13     12.00 A
06622700 2022 08 14     13.60 A
06622700 2022 08 15     16.50 A
06622700 2022 08 16     12.00 A
06622700 2022 08 17     10.60 A
06622700 2022 08 18     10.10 A
06622700 2022 08 19     9.89 A
06622700 2022 08 20     10.60 A
06622700 2022 08 21     14.40 A
06622700 2022 08 22     10.90 A
06622700 2022 08 23     10.40 A
06622700 2022 08 24     10.40 A
06622700 2022 08 25     9.86 A
06622700 2022 08 26     9.87 A
06622700 2022 08 27     10.10 A
06622700 2022 08 28     9.45 A
06622700 2022 08 29     8.95 A
06622700 2022 08 30     8.81 A
06622700 2022 08 31     8.53 A
06622700 2022 09 01     8.47 A
06622700 2022 09 02     8.38 A
06622700 2022 09 03     8.24 A
06622700 2022 09 04     8.15 A
06622700 2022 09 05     7.98 A
06622700 2022 09 06     7.80 A
06622700 2022 09 07     7.71 A
06622700 2022 09 08     7.62 A
06622700 2022 09 09     7.81 A
06622700 2022 09 10     7.97 A
06622700 2022 09 11     7.94 A
06622700 2022 09 12     7.81 A
06622700 2022 09 13     7.68 A
06622700 2022 09 14     7.94 A
06622700 2022 09 15     10.80 A
06622700 2022 09 16     12.00 A
06622700 2022 09 17     10.00 A
06622700 2022 09 18     12.10 A
06622700 2022 09 19     9.47 A
06622700 2022 09 20     8.74 A
06622700 2022 09 21     10.40 A
06622700 2022 09 22     11.70 A
06622700 2022 09 23     9.88 A
06622700 2022 09 24     8.73 A
06622700 2022 09 25     8.40 A
06622700 2022 09 26     8.27 A
06622700 2022 09 27     8.11 A
06622700 2022 09 28     8.03 A
06622700 2022 09 29     8.15 A
06622700 2022 09 30     14.00 A
06622700 2022 10 01     14.10 A
06622700 2022 10 02     12.50 A
06622700 2022 10 03     15.50 A
06622700 2022 10 04     12.20 A
06622700 2022 10 05     9.69 A
06622700 2022 10 06     9.06 A
06622700 2022 10 07     8.73 A
06622700 2022 10 08     8.56 A
06622700 2022 10 09     8.41 A
06622700 2022 10 10     8.36 A
06622700 2022 10 11     8.29 A
06622700 2022 10 12     8.20 A
06622700 2022 10 13     8.15 A
06622700 2022 10 14     8.05 A
06622700 2022 10 15     8.03 A
06622700 2022 10 16     7.98 A
06622700 2022 10 17     7.96 A
06622700 2022 10 18     7.89 A
06622700 2022 10 19     7.85 A
06622700 2022 10 20     7.76 A
06622700 2022 10 21     7.83 A
06622700 2022 10 22     7.82 A
06622700 2022 10 23     8.17 A
06622700 2022 10 24     8.19 A
06622700 2022 10 25     8.90 A
06622700 2022 10 26     9.27 A
06622700 2022 10 27     9.39 A
06622700 2022 10 28     9.91 A
06622700 2022 10 29     10.90 A
06622700 2022 10 30     9.35 A
06622700 2022 10 31     9.89 A
06622700 2022 11 01     9.30 A
06622700 2022 11 02     8.59 A
06622700 2022 11 03     8.49 A
06622700 2022 11 04     8.69 A
06622700 2022 11 05     8.89 A
06622700 2022 11 06     8.78 A
06622700 2022 11 07     9.12 A
06622700 2022 11 08     9.05 A
06622700 2022 11 09     8.77 A
06622700 2022 11 10     8.95 A
06622700 2022 11 11     8.95 A
06622700 2022 11 12     9.01 A
06622700 2022 11 13     9.12 A
06622700 2022 11 14     9.38 A
06622700 2022 11 15     9.60 A
06622700 2022 11 16     9.71 A
06622700 2022 11 17     9.70 A
06622700 2022 11 18     9.60 A
06622700 2022 11 19     10.10 A
06622700 2022 11 20     10.90 A
06622700 2022 11 21     10.40 A
06622700 2022 11 22     9.69 A
06622700 2022 11 23     9.11 A
06622700 2022 11 24     8.64 A
06622700 2022 11 25     8.17 A
06622700 2022 11 26     8.03 A
06622700 2022 11 27     8.12 A
06622700 2022 11 28     8.09 A
06622700 2022 11 29     8.05 A
06622700 2022 11 30     8.03 A
06622700 2022 12 01     8.04 A
06622700 2022 12 02     8.02 A
06622700 2022 12 03     7.91 A
06622700 2022 12 04     8.17 A
06622700 2022 12 05     8.10 A
06622700 2022 12 06     7.93 A
06622700 2022 12 07     8.09 A
06622700 2022 12 08     8.01 A
06622700 2022 12 09     7.85 A
06622700 2022 12 10     7.86 A
06622700 2022 12 11     7.90 A
06622700 2022 12 12     7.86 A
06622700 2022 12 13     7.77 A
06622700 2022 12 14     7.82 A
06622700 2022 12 15     7.93 A
06622700 2022 12 16     7.81 A
06622700 2022 12 17     7.80 A
06622700 2022 12 18     7.73 A
06622700 2022 12 19     7.76 A
06622700 2022 12 20     7.76 A
06622700 2022 12 21     7.85 A
06622700 2022 12 22     7.83 A
06622700 2022 12 23     7.73 A
06622700 2022 12 24     7.83 A
06622700 2022 12 25     7.76 A
06622700 2022 12 26     7.74 A
06622700 2022 12 27     7.79 A
06622700 2022 12 28     7.76 A
06622700 2022 12 29     7.74 A
06622700 2022 12 30     7.82 A
06622700 2022 12 31     7.86 A
06622700 2023 01 01     8.04 A
06622700 2023 01 02     7.92 A
06622700 2023 01 03     8.00 A
06622700 2023 01 04     7.91 A
06622700 2023 01 05     8.10 A
06622700 2023 01 06     8.35 A
06622700 2023 01 07     8.20 A
06622700 2023 01 08     8.17 A
06622700 2023 01 09     8.10 A
06622700 2023 01 10     8.14 A
06622700 2023 01 11     7.81 A
06622700 2023 01 12     7.84 A
06622700 2023 01 13     8.36 A
06622700 2023 01 14     8.38 A
06622700 2023 01 15     8.19 A
06622700 2023 01 16     8.16 A
06622700 2023 01 17     8.15 A
06622700 2023 01 18     8.02 A
06622700 2023 01 19     7.73 A
06622700 2023 01 20     8.41 A
06622700 2023 01 21     8.23 A
06622700 2023 01 22     8.09 A
06622700 2023 01 23     8.02 A
06622700 2023 01 24     7.98 A
06622700 2023 01 25     7.97 A
06622700 2023 01 26     7.90 A
06622700 2023 01 27     7.88 A
06622700 2023 01 28     8.16 A
06622700 2023 01 29     8.14 A
06622700 2023 01 30     7.96 A
06622700 2023 01 31     7.82 A
06622700 2023 02 01     7.91 A
06622700 2023 02 02     7.93 A
06622700 2023 02 03     7.92 A
06622700 2023 02 04     7.92 A
06622700 2023 02 05     7.95 A
06622700 2023 02 06     7.97 A
06622700 2023 02 07     7.89 A
06622700 2023 02 08     7.87 A
06622700 2023 02 09     7.94 A
06622700 2023 02 10     7.90 A
06622700 2023 02 11     7.90 A
06622700 2023 02 12     7.96 A
06622700 2023 02 13     7.81 A
06622700 2023 02 14     7.90 A
06622700 2023 02 15     7.81 A
06622700 2023 02 16     7.66 A
06622700 2023 02 17     7.67 A
06622700 2023 02 18     7.76 A
06622700 2023 02 19     7.97 A
06622700 2023 02 20     7.91 A
06622700 2023 02 21     7.86 A
06622700 2023 02 22     7.82 A
06622700 2023 02 23     7.70 A
06622700 2023 02 24     7.69 A
06622700 2023 02 25     7.62 A
06622700 2023 02 26     7.62 A
06622700 2023 02 27     7.66 A
06622700 2023 02 28     7.69 A
06622700 2023 03 01     7.66 A
06622700 2023 03 02     7.75 A
06622700 2023 03 03     7.67 A
06622700 2023 03 04     7.67 A
06622700 2023 03 05     7.69 A
06622700 2023 03 06     7.67 A
06622700 2023 03 07     7.67 A
06622700 2023 03 08     7.64 A
06622700 2023 03 09     7.63 A
06622700 2023 03 10     7.68 A
06622700 2023 03 11     7.67 A
06622700 2023 03 12     7.74 A
06622700 2023 03 13     7.75 A
06622700 2023 03 14     7.79 A
06622700 2023 03 15     7.80 A
06622700 2023 03 16     6.92 A
06622700 2023 03 17     6.96 A
06622700 2023 03 18     7.23 A
06622700 2023 03 19     8.61 A
06622700 2023 03 20     9.96 A
06622700 2023 03 21     9.79 A
06622700 2023 03 22     9.68 A
06622700 2023 03 23     9.55 A
06622700 2023 03 24     9.44 A
06622700 2023 03 25     9.46 A
06622700 2023 03 26     9.09 A
06622700 2023 03 27     9.30 A
06622700 2023 03 28     9.22 A
06622700 2023 03 29     9.47 A
06622700 2023 03 30     9.40 A
06622700 2023 03 31     9.31 A
06622700 2023 04 01     9.20 A
06622700 2023 04 02     9.23 A
06622700 2023 04 03     9.17 A
06622700 2023 04 04     9.15 A
06622700 2023 04 05     9.26 A
06622700 2023 04 06     9.50 A
06622700 2023 04 07     10.30 A
06622700 2023 04 08     10.50 A
06622700 2023 04 09     11.20 A
06622700 2023 04 10     11.20 A
06622700 2023 04 11     12.70 A
06622700 2023 04 12     13.50 A
06622700 2023 04 13     13.40 A
06622700 2023 04 14     13.00 A
06622700 2023 04 15     12.10 A
06622700 2023 04 16     11.70 A
06622700 2023 04 17     12.10 A
06622700 2023 04 18     12.70 A
06622700 2023 04 19     12.60 A
06622700 2023 04 20     12.20 A
06622700 2023 04 21     11.50 A
06622700 2023 04 22     10.80 A
06622700 2023 04 23     10.80 A
06622700 2023 04 24     13.00 A
06622700 2023 04 25     15.50 A
06622700 2023 04 26     15.50 A
06622700 2023 04 27     16.10 A
06622700 2023 04 28     15.30 A
06622700 2023 04 29     17.80 A
06622700 2023 04 30     26.40 A
06622700 2023 05 01     36.20 A
06622700 2023 05 02     44.60 A
06622700 2023 05 03     54.90 A
06622700 2023 05 04     59.90 A
06622700 2023 05 05     69.90 A
06622700 2023 05 06     66.80 A
06622700 2023 05 07     55.70 A
06622700 2023 05 08     55.10 A
06622700 2023 05 09     66.20 A
06622700 2023 05 10     91.20 A
06622700 2023 05 11     106.00 A
06622700 2023 05 12     131.00 A
06622700 2023 05 13     132.00 A
06622700 2023 05 14     145.00 A
06622700 2023 05 15     176.00 A
06622700 2023 05 16     194.00 A
06622700 2023 05 17     200.00 A
06622700 2023 05 18     224.00 A
06622700 2023 05 19     244.00 A
06622700 2023 05 20     307.00 A
06622700 2023 05 21     321.00 A
06622700 2023 05 22     343.00 A
06622700 2023 05 23     365.00 A
06622700 2023 05 24     338.00 A
06622700 2023 05 25     365.00 A
06622700 2023 05 26     416.00 A
06622700 2023 05 27     378.00 A
06622700 2023 05 28     366.00 A
06622700 2023 05 29     350.00 A
06622700 2023 05 30     328.00 A
06622700 2023 05 31     291.00 A
06622700 2023 06 01     267.00 A
06622700 2023 06 02     304.00 A
06622700 2023 06 03     287.00 A
06622700 2023 06 04     273.00 A
06622700 2023 06 05     290.00 A
06622700 2023 06 06     300.00 A
06622700 2023 06 07     302.00 A
06622700 2023 06 08     309.00 A
06622700 2023 06 09     244.00 A
06622700 2023 06 10     253.00 A
06622700 2023 06 11     233.00 A
06622700 2023 06 12     186.00 A
06622700 2023 06 13     218.00 A
06622700 2023 06 14     248.00 A
06622700 2023 06 15     308.00 A
06622700 2023 06 16     249.00 A
06622700 2023 06 17     180.00 A
06622700 2023 06 18     163.00 A
06622700 2023 06 19     204.00 A
06622700 2023 06 20     179.00 A
06622700 2023 06 21     148.00 A
06622700 2023 06 22     140.00 A
06622700 2023 06 23     134.00 A
06622700 2023 06 24     115.00 A
06622700 2023 06 25     100.00 A
06622700 2023 06 26     96.00 A
06622700 2023 06 27     89.40 A
06622700 2023 06 28     78.90 A
06622700 2023 06 29     68.40 A
06622700 2023 06 30     60.00 A
06622700 2023 07 01     53.40 A
06622700 2023 07 02     49.30 A
06622700 2023 07 03     46.10 A
06622700 2023 07 04     74.20 A
06622700 2023 07 05     83.50 A
06622700 2023 07 06     49.60 A
06622700 2023 07 07     42.30 A
06622700 2023 07 08     43.60 A
06622700 2023 07 09     47.70 A
06622700 2023 07 10     34.00 A
06622700 2023 07 11     29.90 A
06622700 2023 07 12     25.30 A
06622700 2023 07 13     22.30 A
06622700 2023 07 14     20.70 A
06622700 2023 07 15     20.30 A
06622700 2023 07 16     18.90 A
06622700 2023 07 17     17.70 A
06622700 2023 07 18     17.20 A
06622700 2023 07 19     17.60 A
06622700 2023 07 20     17.50 A
06622700 2023 07 21     17.70 A
06622700 2023 07 22     17.40 A
06622700 2023 07 23     16.40 A
06622700 2023 07 24     16.10 A
06622700 2023 07 25     15.80 A
06622700 2023 07 26     15.60 A
06622700 2023 07 27     16.50 A
06622700 2023 07 28     19.20 A
06622700 2023 07 29     15.60 A
06622700 2023 07 30     15.20 A
06622700 2023 07 31     23.50 A
06622700 2023 08 01     26.00 A
06622700 2023 08 02     20.70 A
06622700 2023 08 03     31.50 A
06622700 2023 08 04     26.10 A
06622700 2023 08 05     18.10 A
06622700 2023 08 06     15.20 A
06622700 2023 08 07     14.60 A
06622700 2023 08 08     15.10 A
06622700 2023 08 09     18.30 A
06622700 2023 08 10     13.20 A
06622700 2023 08 11     12.20 A
06622700 2023 08 12     11.80 A
06622700 2023 08 13     11.50 A
06622700 2023 08 14     11.30 A
06622700 2023 08 15     11.00 A
06622700 2023 08 16     10.90 A
06622700 2023 08 17     10.70 A
06622700 2023 08 18     10.60 A
06622700 2023 08 19     10.80 A
06622700 2023 08 20     10.50 A
06622700 2023 08 21     10.20 A
06622700 2023 08 22     9.98 A
06622700 2023 08 23     10.20 A
06622700 2023 08 24     11.20 A
06622700 2023 08 25     13.20 A
06622700 2023 08 26     11.10 A
06622700 2023 08 27     10.70 A
06622700 2023 08 28     10.90 A
06622700 2023 08 29     10.30 A
06622700 2023 08 30     9.82 A
06622700 2023 08 31     9.53 A
06622700 2023 09 01     9.43 A
06622700 2023 09 02     9.93 A
06622700 2023 09 03     9.90 A
06622700 2023 09 04     10.60 A
06622700 2023 09 05     10.50 A
06622700 2023 09 06     9.85 A
06622700 2023 09 07     9.40 A
06622700 2023 09 08     9.19 A
06622700 2023 09 09     9.04 A
06622700 2023 09 10     9.06 A
06622700 2023 09 11     9.87 A
06622700 2023 09 12     9.36 A
06622700 2023 09 13     9.12 A
06622700 2023 09 14     12.40 A
06622700 2023 09 15     13.00 A
06622700 2023 09 16     10.40 A
06622700 2023 09 17     9.87 A
06622700 2023 09 18     9.53 A
06622700 2023 09 19     9.53 A
06622700 2023 09 20     10.10 A
06622700 2023 09 21     9.73 A
06622700 2023 09 22     9.45 A
06622700 2023 09 23     9.59 A
06622700 2023 09 24     9.51 A
06622700 2023 09 25     9.35 A
06622700 2023 09 26     9.23 A
06622700 2023 09 27     9.11 A
06622700 2023 09 28     9.08 A
06622700 2023 09 29     8.99 A
06622700 2023 09 30     8.92 A
06622700 2023 10 01     9.00 A
06622700 2023 10 02     9.12 A
06622700 2023 10 03     9.48 A
06622700 2023 10 04     10.50 A
06622700 2023 10 05     10.60 A
06622700 2023 10 06     10.50 A
06622700 2023 10 07     9.83 A
06622700 2023 10 08     9.52 A
06622700 2023 10 09     9.43 A
06622700 2023 10 10     9.36 A
06622700 2023 10 11     9.84 A
06622700 2023 10 12     11.50 A
06622700 2023 10 13     11.00 A
06622700 2023 10 14     11.00 A
06622700 2023 10 15     11.40 A
06622700 2023 10 16     12.30 A
06622700 2023 10 17     13.20 A
06622700 2023 10 18     13.20 A
06622700 2023 10 19     12.10 A
06622700 2023 10 20     11.40 A
06622700 2023 10 21     10.80 A
06622700 2023 10 22     10.70 A
06622700 2023 10 23     10.40 A
06622700 2023 10 24     10.30 A
06622700 2023 10 25     10.20 A
06622700 2023 10 26     10.40 A
06622700 2023 10 27     10.70 A
06622700 2023 10 28     10.30 A
06622700 2023 10 29     10.40 A
06622700 2023 10 30     10.60 A
06622700 2023 10 31     10.90 A
06622700 2023 11 01     11.30 A
06622700 2023 11 02     11.70 A
06622700 2023 11 03     10.60 A
06622700 2023 11 04     10.60 A
06622700 2023 11 05     10.80 A
06622700 2023 11 06     10.60 A
06622700 2023 11 07     10.50 A
06622700 2023 11 08     10.30 A
06622700 2023 11 09     9.74 A
06622700 2023 11 10     10.30 A
06622700 2023 11 11     10.60 A
06622700 2023 11 12     10.70 A
06622700 2023 11 13     11.00 A
06622700 2023 11 14     11.00 A
06622700 2023 11 15     10.60 A
06622700 2023 11 16     10.10 A
06622700 2023 11 17     9.75 A
06622700 2023 11 18     9.90 A
06622700 2023 11 19     9.88 A
06622700 2023 11 20     9.88 A
06622700 2023 11 21     9.07 A
06622700 2023 11 22     9.54 A
06622700 2023 11 23     9.52 A
06622700 2023 11 24     9.32 A
06622700 2023 11 25     9.35 A
06622700 2023 11 26     9.61 A
06622700 2023 11 27     9.53 A
06622700 2023 11 28     9.66 A
06622700 2023 11 29     9.66 A
06622700 2023 11 30     9.83 A
06622700 2023 12 01     9.66 A
06622700 2023 12 02     9.95 A
06622700 2023 12 03     9.90 A
06622700 2023 12 04     9.95 A
06622700 2023 12 05     10.00 A
06622700 2023 12 06     10.20 A
06622700 2023 12 07     10.40 A
06622700 2023 12 08     10.10 A
06622700 2023 12 09     10.30 A
06622700 2023 12 10     10.30 A
06622700 2023 12 11     10.00 A
06622700 2023 12 12     9.68 A
06622700 2023 12 13     9.58 A
06622700 2023 12 14     9.52 A
06622700 2023 12 15     9.36 A
06622700 2023 12 16     9.22 A
06622700 2023 12 17     9.19 A
06622700 2023 12 18     9.15 A
06622700 2023 12 19     9.18 A
06622700 2023 12 20     9.20 A
06622700 2023 12 21     9.25 A
06622700 2023 12 22     9.18 A
06622700 2023 12 23     9.27 A
06622700 2023 12 24     9.27 A
06622700 2023 12 25     9.13 A
06622700 2023 12 26     9.12 A
06622700 2023 12 27     9.10 A
06622700 2023 12 28     9.08 A
06622700 2023 12 29     9.05 A
06622700 2023 12 30     9.06 A
06622700 2023 12 31     9.05 A
06622700 2024 01 01     9.01 A
06622700 2024 01 02     8.91 A
06622700 2024 01 03     8.75 A
06622700 2024 01 04     8.97 A
06622700 2024 01 05     9.02 A
06622700 2024 01 06     9.03 A
06622700 2024 01 07     9.02 A
06622700 2024 01 08     9.01 A
06622700 2024 01 09     8.99 A
06622700 2024 01 10     8.97 A
06622700 2024 01 11     8.98 A
06622700 2024 01 12     8.97 A
06622700 2024 01 13     8.91 A
06622700 2024 01 14     9.01 A
06622700 2024 01 15     8.69 A
06622700 2024 01 16     8.69 A
06622700 2024 01 17     8.85 A
06622700 2024 01 18     8.99 A
06622700 2024 01 19     9.03 A
06622700 2024 01 20     9.03 A
06622700 2024 01 21     9.03 A
06622700 2024 01 22     9.03 A
06622700 2024 01 23     9.03 A
06622700 2024 01 24     9.03 A
06622700 2024 01 25     9.03 A
06622700 2024 01 26     9.03 A
06622700 2024 01 27     8.94 A
06622700 2024 01 28     9.00 A
06622700 2024 01 29     9.03 A
06622700 2024 01 30     8.00 A
06622700 2024 01 31     8.73 A
06622700 2024 02 01     10.50 A
06622700 2024 02 02     10.50 A
06622700 2024 02 03     10.30 A
06622700 2024 02 04     10.30 A
06622700 2024 02 05     10.70 A
06622700 2024 02 06     10.70 A
06622700 2024 02 07     10.40 A
06622700 2024 02 08     9.79 A
06622700 2024 02 09     10.90 A
06622700 2024 02 10     10.60 A
06622700 2024 02 11     10.70 A
06622700 2024 02 12     10.60 A
06622700 2024 02 13     10.50 A
06622700 2024 02 14     10.60 A
06622700 2024 02 15     10.40 A
06622700 2024 02 16     10.40 A
06622700 2024 02 17     10.40 A
06622700 2024 02 18     10.40 A
06622700 2024 02 19     10.70 A
06622700 2024 02 20     10.50 A
06622700 2024 02 21     10.50 A
06622700 2024 02 22     10.60 A
06622700 2024 02 23     10.40 A
06622700 2024 02 24     10.70 A
06622700 2024 02 25     10.90 A
06622700 2024 02 26     10.70 A
06622700 2024 02 27     10.50 A
06622700 2024 02 28     10.60 A
06622700 2024 02 29     10.70 A
06622700 2024 03 01     10.70 A
06622700 2024 03 02     10.60 A
06622700 2024 03 03     10.60 A
06622700 2024 03 04     10.60 A
06622700 2024 03 05     10.60 A
06622700 2024 03 06     10.40 A
06622700 2024 03 07     10.50 A
06622700 2024 03 08     10.30 A
06622700 2024 03 09     9.92 A
06622700 2024 03 10     10.60 A
06622700 2024 03 11     10.40 A
06622700 2024 03 12     10.60 A
06622700 2024 03 13     10.60 A
06622700 2024 03 14     10.60 A
06622700 2024 03 15     10.60 A
06622700 2024 03 16     10.80 A
06622700 2024 03 17     10.80 A
06622700 2024 03 18     10.90 A
06622700 2024 03 19     11.50 A
06622700 2024 03 20     11.90 A
06622700 2024 03 21     11.60 A
06622700 2024 03 22     11.90 A
06622700 2024 03 23     11.90 A
06622700 2024 03 24     11.60 A
06622700 2024 03 25     11.00 A
06622700 2024 03 26     11.40 A
06622700 2024 03 27     10.90 A
06622700 2024 03 28     10.70 A
06622700 2024 03 29     10.80 A
06622700 2024 03 30     10.80 A
06622700 2024 03 31     10.90 A
06622700 2024 04 01     10.90 A
06622700 2024 04 02     11.00 A
06622700 2024 04 03     11.70 A
06622700 2024 04 04     13.10 A
06622700 2024 04 05     15.00 A
06622700 2024 04 06     15.70 A
06622700 2024 04 07     15.50 A
06622700 2024 04 08     14.00 A
06622700 2024 04 09     17.30 A
06622700 2024 04 10     14.00 A
06622700 2024 04 11     15.50 A
06622700 2024 04 12     16.90 A
06622700 2024 04 13     22.70 A
06622700 2024 04 14     29.50 A
06622700 2024 04 15     30.90 A
06622700 2024 04 16     25.20 A
06622700 2024 04 17     20.90 A
06622700 2024 04 18     18.70 A
06622700 2024 04 19     18.00 A
06622700 2024 04 20     16.80 A
06622700 2024 04 21     19.70 A
06622700 2024 04 22     23.90 A
06622700 2024 04 23     29.30 A
06622700 2024 04 24     38.90 A
06622700 2024 04 25     45.90 A
06622700 2024 04 26     47.30 A
06622700 2024 04 27     40.50 A
06622700 2024 04 28     33.70 A
06622700 2024 04 29     31.30 A
06622700 2024 04 30     33.00 A
06622700 2024 05 01     27.90 A
06622700 2024 05 02     26.50 A
06622700 2024 05 03     22.70 A
06622700 2024 05 04     27.70 A
06622700 2024 05 05     33.40 A
06622700 2024 05 06     39.00 A
06622700 2024 05 07     32.40 A
06622700 2024 05 08     25.40 A
06622700 2024 05 09     26.80 A
06622700 2024 05 10     27.70 A
06622700 2024 05 11     33.40 A
06622700 2024 05 12     42.60 A
06622700 2024 05 13     60.10 A
06622700 2024 05 14     89.70 A
06622700 2024 05 15     113.00 A
06622700 2024 05 16     123.00 A
06622700 2024 05 17     138.00 A
06622700 2024 05 18     165.00 A
06622700 2024 05 19     185.00 A
06622700 2024 05 20     224.00 A
06622700 2024 05 21     194.00 A
06622700 2024 05 22     144.00 A
06622700 2024 05 23     124.00 A
06622700 2024 05 24     118.00 A
06622700 2024 05 25     135.00 A
06622700 2024 05 26     137.00 A
06622700 2024 05 27     145.00 A
06622700 2024 05 28     214.00 A
06622700 2024 05 29     295.00 A
06622700 2024 05 30     367.00 A
06622700 2024 05 31     371.00 A
06622700 2024 06 01     360.00 A
06622700 2024 06 02     434.00 A
06622700 2024 06 03     427.00 A
06622700 2024 06 04     537.00 A
06622700 2024 06 05     538.00 A
06622700 2024 06 06     506.00 A
06622700 2024 06 07     445.00 A
06622700 2024 06 08     590.00 A
06622700 2024 06 09     498.00 A
06622700 2024 06 10     474.00 A
06622700 2024 06 11     418.00 A
06622700 2024 06 12     405.00 A
06622700 2024 06 13     405.00 A
06622700 2024 06 14     343.00 A
06622700 2024 06 15     277.00 A
06622700 2024 06 16     232.00 A
06622700 2024 06 17     200.00 A
06622700 2024 06 18     153.00 A
06622700 2024 06 19     117.00 A
06622700 2024 06 20     118.00 A
06622700 2024 06 21     131.00 A
06622700 2024 06 22     126.00 A
06622700 2024 06 23     115.00 A
06622700 2024 06 24     110.00 A
06622700 2024 06 25     95.00 A
06622700 2024 06 26     85.90 A
06622700 2024 06 27     87.10 A
06622700 2024 06 28     71.30 A
06622700 2024 06 29     55.60 A
06622700 2024 06 30     47.60 A
06622700 2024 07 01     50.10 A
06622700 2024 07 02     44.40 A
06622700 2024 07 03     33.70 A
06622700 2024 07 04     29.10 A
06622700 2024 07 05     26.70 A
06622700 2024 07 06     24.40 A
06622700 2024 07 07     22.10 A
06622700 2024 07 08     20.80 A
06622700 2024 07 09     19.10 A
06622700 2024 07 10     18.30 A
06622700 2024 07 11     21.90 A
06622700 2024 07 12     16.20 A
06622700 2024 07 13     13.90 A
06622700 2024 07 14     13.20 A
06622700 2024 07 15     13.00 A
06622700 2024 07 16     13.30 A
06622700 2024 07 17     12.00 A
06622700 2024 07 18     11.60 A
06622700 2024 07 19     11.30 A
06622700 2024 07 20     11.30 A
06622700 2024 07 21     10.80 A
06622700 2024 07 22     10.70 A
06622700 2024 07 23     10.00 A
06622700 2024 07 24     9.86 A
06622700 2024 07 25     10.40 A
06622700 2024 07 26     15.40 A
06622700 2024 07 27     10.50 A
06622700 2024 07 28     10.50 A
06622700 2024 07 29     9.51 A
06622700 2024 07 30     9.27 A
06622700 2024 07 31     9.00 A
06622700 2024 08 01     8.84 A
06622700 2024 08 02     8.60 A
06622700 2024 08 03     8.44 A
06622700 2024 08 04     8.52 A
06622700 2024 08 05     8.66 A
06622700 2024 08 06     8.35 A
06622700 2024 08 07     8.43 A
06622700 2024 08 08     8.80 A
06622700 2024 08 09     8.27 A
06622700 2024 08 10     10.40 A
06622700 2024 08 11     9.99 A
06622700 2024 08 12     9.02 A
06622700 2024 08 13     11.90 A
06622700 2024 08 14     9.93 A
06622700 2024 08 15     9.32 A
06622700 2024 08 16     12.00 A
06622700 2024 08 17     9.02 A
06622700 2024 08 18     8.31 A
06622700 2024 08 19     8.05 A
06622700 2024 08 20     7.94 A
06622700 2024 08 21     7.66 A
06622700 2024 08 22     7.70 A
06622700 2024 08 23     8.51 A
06622700 2024 08 24     8.62 A
06622700 2024 08 25     8.99 A
06622700 2024 08 26     11.50 A
06622700 2024 08 27     8.75 A
06622700 2024 08 28     7.84 A
06622700 2024 08 29     7.38 A
06622700 2024 08 30     7.18 A
06622700 2024 08 31     7.07 A
06622700 2024 09 01     6.93 A
06622700 2024 09 02     6.77 A
06622700 2024 09 03     7.27 A
06622700 2024 09 04     9.17 A
06622700 2024 09 05     9.65 A
06622700 2024 09 06     8.09 A
06622700 2024 09 07     7.46 A
06622700 2024 09 08     7.11 A
06622700 2024 09 09     7.03 A
06622700 2024 09 10     6.98 A
06622700 2024 09 11     7.08 A
06622700 2024 09 12     7.06 A
06622700 2024 09 13     6.80 A
06622700 2024 09 14     6.69 A
06622700 2024 09 15     6.62 A
06622700 2024 09 16     6.87 A
06622700 2024 09 17     7.79 A
06622700 2024 09 18     8.76 A
06622700 2024 09 19     7.51 A
06622700 2024 09 20     7.14 A
06622700 2024 09 21     6.98 A
06622700 2024 09 22     6.96 A
06622700 2024 09 23     6.92 A
06622700 2024 09 24     6.90 A
06622700 2024 09 25     6.87 A
06622700 2024 09 26     6.80 A
06622700 2024 09 27     6.69 A
06622700 2024 09 28     6.71 A
06622700 2024 09 29     6.66 A
06622700 2024 09 30     6.59 A
06622700 2024 10 01     6.55 A
06622700 2024 10 02     6.59 A
06622700 2024 10 03     6.53 A
06622700 2024 10 04     6.54 A
06622700 2024 10 05     6.47 A
06622700 2024 10 06     6.50 A
06622700 2024 10 07     6.62 A
06622700 2024 10 08     6.69 A
06622700 2024 10 09     6.70 A
06622700 2024 10 10     6.75 A
06622700 2024 10 11     6.72 A
06622700 2024 10 12     6.64 A
06622700 2024 10 13     6.64 A
06622700 2024 10 14     6.67 A
06622700 2024 10 15     6.73 A
06622700 2024 10 16     6.78 A
06622700 2024 10 17     7.08 A
06622700 2024 10 18     8.95 A
06622700 2024 10 19     8.46 A
06622700 2024 10 20     7.66 A
06622700 2024 10 21     8.88 A
06622700 2024 10 22     8.52 A
06622700 2024 10 23     7.71 A
06622700 2024 10 24     8.00 A
06622700 2024 10 25     7.99 A
06622700 2024 10 26     8.29 A
06622700 2024 10 27     7.95 A
06622700 2024 10 28     7.91 A
06622700 2024 10 29     8.79 A
06622700 2024 10 30     8.37 A
06622700 2024 10 31     7.78 A
06622700 2024 11 01     7.91 A
06622700 2024 11 02     7.87 A
06622700 2024 11 03     8.07 A
06622700 2024 11 04     7.38 A
06622700 2024 11 05     8.45 A
06622700 2024 11 06     10.10 A
06622700 2024 11 07     8.24 A
06622700 2024 11 08     11.50 A
06622700 2024 11 09     12.00 A
06622700 2024 11 10     10.40 A
06622700 2024 11 11     8.88 A
06622700 2024 11 12     7.73 A
06622700 2024 11 13     8.12 A
06622700 2024 11 14     8.14 A
06622700 2024 11 15     8.49 A
06622700 2024 11 16     8.47 A
06622700 2024 11 17     8.23 A
06622700 2024 11 18     8.38 A
06622700 2024 11 19     7.94 A
06622700 2024 11 20     8.66 A
06622700 2024 11 21     9.65 A
06622700 2024 11 22     10.30 A
06622700 2024 11 23     10.70 A
06622700 2024 11 24     10.20 A
06622700 2024 11 25     8.98 A
06622700 2024 11 26     8.47 A
06622700 2024 11 27     8.21 A
06622700 2024 11 28     7.87 A
06622700 2024 11 29     8.11 A
06622700 2024 11 30     7.78 A
06622700 2024 12 01     7.75 A
06622700 2024 12 02     7.91 A
06622700 2024 12 03     8.21 A
06622700 2024 12 04     8.48 A
06622700 2024 12 05     8.61 A
06622700 2024 12 06     8.73 A
06622700 2024 12 07     9.20 A
06622700 2024 12 08     9.71 A
06622700 2024 12 09     9.25 A
06622700 2024 12 10     8.54 A
06622700 2024 12 11     8.18 A
06622700 2024 12 12     8.08 A
06622700 2024 12 13     8.08 A
06622700 2024 12 14     8.14 A
06622700 2024 12 15     8.07 A
06622700 2024 12 16     7.77 A
06622700 2024 12 17     7.66 A
06622700 2024 12 18     7.54 A
06622700 2024 12 19     7.56 A
06622700 2024 12 20     7.68 A
06622700 2024 12 21     8.11 A
06622700 2024 12 22     8.41 A
06622700 2024 12 23     8.38 A
06622700 2024 12 24     8.50 A
06622700 2024 12 25     7.97 A
06622700 2024 12 26     8.25 A
06622700 2024 12 27     8.37 A
06622700 2024 12 28     7.65 A
06622700 2024 12 29     7.58 A
06622700 2024 12 30     7.29 A
06622700 2024 12 31     8.13 A
