06630000 1980 01 01     325.00 A
06630000 1980 01 02     350.00 A
06630000 1980 01 03     375.00 A
06630000 1980 01 04     400.00 A
06630000 1980 01 05     425.00 A
06630000 1980 01 06     440.00 A
06630000 1980 01 07     450.00 A
06630000 1980 01 08     460.00 A
06630000 1980 01 09     465.00 A
06630000 1980 01 10     470.00 A
06630000 1980 01 11     495.00 A
06630000 1980 01 12     525.00 A
06630000 1980 01 13     550.00 A
06630000 1980 01 14     575.00 A
06630000 1980 01 15     595.00 A
06630000 1980 01 16     615.00 A
06630000 1980 01 17     605.00 A
06630000 1980 01 18     585.00 A
06630000 1980 01 19     540.00 A
06630000 1980 01 20     510.00 A
06630000 1980 01 21     480.00 A
06630000 1980 01 22     470.00 A
06630000 1980 01 23     465.00 A
06630000 1980 01 24     460.00 A
06630000 1980 01 25     455.00 A
06630000 1980 01 26     440.00 A
06630000 1980 01 27     415.00 A
06630000 1980 01 28     350.00 A
06630000 1980 01 29     230.00 A
06630000 1980 01 30     180.00 A
06630000 1980 01 31     205.00 A
06630000 1980 02 01     240.00 A
06630000 1980 02 02     285.00 A
06630000 1980 02 03     315.00 A
06630000 1980 02 04     300.00 A
06630000 1980 02 05     285.00 A
06630000 1980 02 06     255.00 A
06630000 1980 02 07     230.00 A
06630000 1980 02 08     210.00 A
06630000 1980 02 09     205.00 A
06630000 1980 02 10     215.00 A
06630000 1980 02 11     235.00 A
06630000 1980 02 12     255.00 A
06630000 1980 02 13     275.00 A
06630000 1980 02 14     300.00 A
06630000 1980 02 15     320.00 A
06630000 1980 02 16     345.00 A
06630000 1980 02 17     370.00 A
06630000 1980 02 18     390.00 A
06630000 1980 02 19     405.00 A
06630000 1980 02 20     410.00 A
06630000 1980 02 21     410.00 A
06630000 1980 02 22     405.00 A
06630000 1980 02 23     390.00 A
06630000 1980 02 24     380.00 A
06630000 1980 02 25     375.00 A
06630000 1980 02 26     385.00 A
06630000 1980 02 27     410.00 A
06630000 1980 02 28     410.00 A
06630000 1980 02 29     405.00 A
06630000 1980 03 01     375.00 A
06630000 1980 03 02     395.00 A
06630000 1980 03 03     425.00 A
06630000 1980 03 04     450.00 A
06630000 1980 03 05     465.00 A
06630000 1980 03 06     480.00 A
06630000 1980 03 07     480.00 A
06630000 1980 03 08     470.00 A
06630000 1980 03 09     460.00 A
06630000 1980 03 10     470.00 A
06630000 1980 03 11     480.00 A
06630000 1980 03 12     495.00 A
06630000 1980 03 13     520.00 A
06630000 1980 03 14     560.00 A
06630000 1980 03 15     595.00 A
06630000 1980 03 16     600.00 A
06630000 1980 03 17     595.00 A
06630000 1980 03 18     590.00 A
06630000 1980 03 19     580.00 A
06630000 1980 03 20     590.00 A
06630000 1980 03 21     600.00 A
06630000 1980 03 22     625.00 A
06630000 1980 03 23     650.00 A
06630000 1980 03 24     670.00 A
06630000 1980 03 25     695.00 A
06630000 1980 03 26     660.00 A
06630000 1980 03 27     620.00 A
06630000 1980 03 28     570.00 A
06630000 1980 03 29     540.00 A
06630000 1980 03 30     520.00 A
06630000 1980 03 31     510.00 A
06630000 1980 04 01     500.00 A
06630000 1980 04 02     490.00 A
06630000 1980 04 03     460.00 A
06630000 1980 04 04     430.00 A
06630000 1980 04 05     486.00 A
06630000 1980 04 06     752.00 A
06630000 1980 04 07     833.00 A
06630000 1980 04 08     617.00 A
06630000 1980 04 09     526.00 A
06630000 1980 04 10     608.00 A
06630000 1980 04 11     707.00 A
06630000 1980 04 12     582.00 A
06630000 1980 04 13     486.00 A
06630000 1980 04 14     494.00 A
06630000 1980 04 15     671.00 A
06630000 1980 04 16     1150.00 A
06630000 1980 04 17     1490.00 A
06630000 1980 04 18     1420.00 A
06630000 1980 04 19     1620.00 A
06630000 1980 04 20     1930.00 A
06630000 1980 04 21     1960.00 A
06630000 1980 04 22     2260.00 A
06630000 1980 04 23     2860.00 A
06630000 1980 04 24     3920.00 A
06630000 1980 04 25     4790.00 A
06630000 1980 04 26     5580.00 A
06630000 1980 04 27     5290.00 A
06630000 1980 04 28     4740.00 A
06630000 1980 04 29     4240.00 A
06630000 1980 04 30     4340.00 A
06630000 1980 05 01     4580.00 A
06630000 1980 05 02     4650.00 A
06630000 1980 05 03     4410.00 A
06630000 1980 05 04     4770.00 A
06630000 1980 05 05     4440.00 A
06630000 1980 05 06     4360.00 A
06630000 1980 05 07     4680.00 A
06630000 1980 05 08     5010.00 A
06630000 1980 05 09     5740.00 A
06630000 1980 05 10     6330.00 A
06630000 1980 05 11     6490.00 A
06630000 1980 05 12     7030.00 A
06630000 1980 05 13     6950.00 A
06630000 1980 05 14     5960.00 A
06630000 1980 05 15     5100.00 A
06630000 1980 05 16     4540.00 A
06630000 1980 05 17     4490.00 A
06630000 1980 05 18     4810.00 A
06630000 1980 05 19     4720.00 A
06630000 1980 05 20     4830.00 A
06630000 1980 05 21     4950.00 A
06630000 1980 05 22     5330.00 A
06630000 1980 05 23     6270.00 A
06630000 1980 05 24     7450.00 A
06630000 1980 05 25     8090.00 A
06630000 1980 05 26     7810.00 A
06630000 1980 05 27     6910.00 A
06630000 1980 05 28     6190.00 A
06630000 1980 05 29     5890.00 A
06630000 1980 05 30     5820.00 A
06630000 1980 05 31     5420.00 A
06630000 1980 06 01     5100.00 A
06630000 1980 06 02     4830.00 A
06630000 1980 06 03     4540.00 A
06630000 1980 06 04     4510.00 A
06630000 1980 06 05     4790.00 A
06630000 1980 06 06     5190.00 A
06630000 1980 06 07     5510.00 A
06630000 1980 06 08     5510.00 A
06630000 1980 06 09     5600.00 A
06630000 1980 06 10     5780.00 A
06630000 1980 06 11     6090.00 A
06630000 1980 06 12     6370.00 A
06630000 1980 06 13     6530.00 A
06630000 1980 06 14     6290.00 A
06630000 1980 06 15     6000.00 A
06630000 1980 06 16     5460.00 A
06630000 1980 06 17     4830.00 A
06630000 1980 06 18     4440.00 A
06630000 1980 06 19     4300.00 A
06630000 1980 06 20     4300.00 A
06630000 1980 06 21     4220.00 A
06630000 1980 06 22     4070.00 A
06630000 1980 06 23     3900.00 A
06630000 1980 06 24     3730.00 A
06630000 1980 06 25     3520.00 A
06630000 1980 06 26     3320.00 A
06630000 1980 06 27     3200.00 A
06630000 1980 06 28     3030.00 A
06630000 1980 06 29     2790.00 A
06630000 1980 06 30     2550.00 A
06630000 1980 07 01     2460.00 A
06630000 1980 07 02     2680.00 A
06630000 1980 07 03     3500.00 A
06630000 1980 07 04     3200.00 A
06630000 1980 07 05     2760.00 A
06630000 1980 07 06     2330.00 A
06630000 1980 07 07     1980.00 A
06630000 1980 07 08     1830.00 A
06630000 1980 07 09     1900.00 A
06630000 1980 07 10     1770.00 A
06630000 1980 07 11     1520.00 A
06630000 1980 07 12     1400.00 A
06630000 1980 07 13     1280.00 A
06630000 1980 07 14     1270.00 A
06630000 1980 07 15     1210.00 A
06630000 1980 07 16     1120.00 A
06630000 1980 07 17     950.00 A
06630000 1980 07 18     842.00 A
06630000 1980 07 19     824.00 A
06630000 1980 07 20     833.00 A
06630000 1980 07 21     824.00 A
06630000 1980 07 22     779.00 A
06630000 1980 07 23     743.00 A
06630000 1980 07 24     689.00 A
06630000 1980 07 25     653.00 A
06630000 1980 07 26     617.00 A
06630000 1980 07 27     582.00 A
06630000 1980 07 28     566.00 A
06630000 1980 07 29     526.00 A
06630000 1980 07 30     518.00 A
06630000 1980 07 31     494.00 A
06630000 1980 08 01     486.00 A
06630000 1980 08 02     478.00 A
06630000 1980 08 03     470.00 A
06630000 1980 08 04     446.00 A
06630000 1980 08 05     414.00 A
06630000 1980 08 06     374.00 A
06630000 1980 08 07     358.00 A
06630000 1980 08 08     343.00 A
06630000 1980 08 09     336.00 A
06630000 1980 08 10     329.00 A
06630000 1980 08 11     322.00 A
06630000 1980 08 12     301.00 A
06630000 1980 08 13     287.00 A
06630000 1980 08 14     266.00 A
06630000 1980 08 15     266.00 A
06630000 1980 08 16     287.00 A
06630000 1980 08 17     350.00 A
06630000 1980 08 18     382.00 A
06630000 1980 08 19     374.00 A
06630000 1980 08 20     336.00 A
06630000 1980 08 21     308.00 A
06630000 1980 08 22     287.00 A
06630000 1980 08 23     266.00 A
06630000 1980 08 24     259.00 A
06630000 1980 08 25     259.00 A
06630000 1980 08 26     280.00 A
06630000 1980 08 27     470.00 A
06630000 1980 08 28     343.00 A
06630000 1980 08 29     329.00 A
06630000 1980 08 30     301.00 A
06630000 1980 08 31     273.00 A
06630000 1980 09 01     238.00 A
06630000 1980 09 02     245.00 A
06630000 1980 09 03     238.00 A
06630000 1980 09 04     231.00 A
06630000 1980 09 05     217.00 A
06630000 1980 09 06     192.00 A
06630000 1980 09 07     174.00 A
06630000 1980 09 08     180.00 A
06630000 1980 09 09     186.00 A
06630000 1980 09 10     217.00 A
06630000 1980 09 11     259.00 A
06630000 1980 09 12     294.00 A
06630000 1980 09 13     329.00 A
06630000 1980 09 14     446.00 A
06630000 1980 09 15     374.00 A
06630000 1980 09 16     329.00 A
06630000 1980 09 17     294.00 A
06630000 1980 09 18     266.00 A
06630000 1980 09 19     238.00 A
06630000 1980 09 20     231.00 A
06630000 1980 09 21     252.00 A
06630000 1980 09 22     259.00 A
06630000 1980 09 23     259.00 A
06630000 1980 09 24     273.00 A
06630000 1980 09 25     266.00 A
06630000 1980 09 26     259.00 A
06630000 1980 09 27     259.00 A
06630000 1980 09 28     252.00 A
06630000 1980 09 29     252.00 A
06630000 1980 09 30     238.00 A
06630000 1980 10 01     227.00 A
06630000 1980 10 02     227.00 A
06630000 1980 10 03     234.00 A
06630000 1980 10 04     234.00 A
06630000 1980 10 05     234.00 A
06630000 1980 10 06     234.00 A
06630000 1980 10 07     234.00 A
06630000 1980 10 08     240.00 A
06630000 1980 10 09     234.00 A
06630000 1980 10 10     228.00 A
06630000 1980 10 11     227.00 A
06630000 1980 10 12     234.00 A
06630000 1980 10 13     234.00 A
06630000 1980 10 14     247.00 A
06630000 1980 10 15     295.00 A
06630000 1980 10 16     421.00 A
06630000 1980 10 17     438.00 A
06630000 1980 10 18     438.00 A
06630000 1980 10 19     446.00 A
06630000 1980 10 20     471.00 A
06630000 1980 10 21     488.00 A
06630000 1980 10 22     497.00 A
06630000 1980 10 23     505.00 A
06630000 1980 10 24     488.00 A
06630000 1980 10 25     421.00 A
06630000 1980 10 26     382.00 A
06630000 1980 10 27     414.00 A
06630000 1980 10 28     421.00 A
06630000 1980 10 29     421.00 A
06630000 1980 10 30     382.00 A
06630000 1980 10 31     367.00 A
06630000 1980 11 01     430.00 A
06630000 1980 11 02     438.00 A
06630000 1980 11 03     438.00 A
06630000 1980 11 04     438.00 A
06630000 1980 11 05     430.00 A
06630000 1980 11 06     421.00 A
06630000 1980 11 07     398.00 A
06630000 1980 11 08     406.00 A
06630000 1980 11 09     422.00 A
06630000 1980 11 10     430.00 A
06630000 1980 11 11     406.00 A
06630000 1980 11 12     414.00 A
06630000 1980 11 13     438.00 A
06630000 1980 11 14     446.00 A
06630000 1980 11 15     360.00 A
06630000 1980 11 16     265.00 A
06630000 1980 11 17     245.00 A
06630000 1980 11 18     236.00 A
06630000 1980 11 19     240.00 A
06630000 1980 11 20     250.00 A
06630000 1980 11 21     260.00 A
06630000 1980 11 22     265.00 A
06630000 1980 11 23     270.00 A
06630000 1980 11 24     265.00 A
06630000 1980 11 25     260.00 A
06630000 1980 11 26     265.00 A
06630000 1980 11 27     270.00 A
06630000 1980 11 28     285.00 A
06630000 1980 11 29     305.00 A
06630000 1980 11 30     330.00 A
06630000 1980 12 01     350.00 A
06630000 1980 12 02     365.00 A
06630000 1980 12 03     375.00 A
06630000 1980 12 04     380.00 A
06630000 1980 12 05     380.00 A
06630000 1980 12 06     375.00 A
06630000 1980 12 07     360.00 A
06630000 1980 12 08     340.00 A
06630000 1980 12 09     335.00 A
06630000 1980 12 10     335.00 A
06630000 1980 12 11     340.00 A
06630000 1980 12 12     340.00 A
06630000 1980 12 13     345.00 A
06630000 1980 12 14     350.00 A
06630000 1980 12 15     355.00 A
06630000 1980 12 16     360.00 A
06630000 1980 12 17     360.00 A
06630000 1980 12 18     360.00 A
06630000 1980 12 19     360.00 A
06630000 1980 12 20     360.00 A
06630000 1980 12 21     360.00 A
06630000 1980 12 22     360.00 A
06630000 1980 12 23     360.00 A
06630000 1980 12 24     365.00 A
06630000 1980 12 25     365.00 A
06630000 1980 12 26     370.00 A
06630000 1980 12 27     370.00 A
06630000 1980 12 28     370.00 A
06630000 1980 12 29     370.00 A
06630000 1980 12 30     370.00 A
06630000 1980 12 31     370.00 A
06630000 1981 01 01     365.00 A
06630000 1981 01 02     360.00 A
06630000 1981 01 03     355.00 A
06630000 1981 01 04     350.00 A
06630000 1981 01 05     345.00 A
06630000 1981 01 06     340.00 A
06630000 1981 01 07     335.00 A
06630000 1981 01 08     330.00 A
06630000 1981 01 09     325.00 A
06630000 1981 01 10     320.00 A
06630000 1981 01 11     320.00 A
06630000 1981 01 12     315.00 A
06630000 1981 01 13     315.00 A
06630000 1981 01 14     310.00 A
06630000 1981 01 15     310.00 A
06630000 1981 01 16     305.00 A
06630000 1981 01 17     305.00 A
06630000 1981 01 18     305.00 A
06630000 1981 01 19     302.00 A
06630000 1981 01 20     302.00 A
06630000 1981 01 21     302.00 A
06630000 1981 01 22     305.00 A
06630000 1981 01 23     310.00 A
06630000 1981 01 24     315.00 A
06630000 1981 01 25     315.00 A
06630000 1981 01 26     320.00 A
06630000 1981 01 27     320.00 A
06630000 1981 01 28     320.00 A
06630000 1981 01 29     320.00 A
06630000 1981 01 30     315.00 A
06630000 1981 01 31     300.00 A
06630000 1981 02 01     265.00 A
06630000 1981 02 02     235.00 A
06630000 1981 02 03     220.00 A
06630000 1981 02 04     220.00 A
06630000 1981 02 05     225.00 A
06630000 1981 02 06     240.00 A
06630000 1981 02 07     255.00 A
06630000 1981 02 08     265.00 A
06630000 1981 02 09     265.00 A
06630000 1981 02 10     230.00 A
06630000 1981 02 11     240.00 A
06630000 1981 02 12     250.00 A
06630000 1981 02 13     260.00 A
06630000 1981 02 14     270.00 A
06630000 1981 02 15     280.00 A
06630000 1981 02 16     290.00 A
06630000 1981 02 17     300.00 A
06630000 1981 02 18     310.00 A
06630000 1981 02 19     320.00 A
06630000 1981 02 20     330.00 A
06630000 1981 02 21     335.00 A
06630000 1981 02 22     340.00 A
06630000 1981 02 23     345.00 A
06630000 1981 02 24     350.00 A
06630000 1981 02 25     350.00 A
06630000 1981 02 26     350.00 A
06630000 1981 02 27     350.00 A
06630000 1981 02 28     350.00 A
06630000 1981 03 01     345.00 A
06630000 1981 03 02     340.00 A
06630000 1981 03 03     335.00 A
06630000 1981 03 04     330.00 A
06630000 1981 03 05     330.00 A
06630000 1981 03 06     331.00 A
06630000 1981 03 07     345.00 A
06630000 1981 03 08     331.00 A
06630000 1981 03 09     324.00 A
06630000 1981 03 10     317.00 A
06630000 1981 03 11     324.00 A
06630000 1981 03 12     324.00 A
06630000 1981 03 13     334.00 A
06630000 1981 03 14     338.00 A
06630000 1981 03 15     334.00 A
06630000 1981 03 16     334.00 A
06630000 1981 03 17     338.00 A
06630000 1981 03 18     353.00 A
06630000 1981 03 19     331.00 A
06630000 1981 03 20     334.00 A
06630000 1981 03 21     353.00 A
06630000 1981 03 22     338.00 A
06630000 1981 03 23     338.00 A
06630000 1981 03 24     345.00 A
06630000 1981 03 25     353.00 A
06630000 1981 03 26     338.00 A
06630000 1981 03 27     360.00 A
06630000 1981 03 28     390.00 A
06630000 1981 03 29     421.00 A
06630000 1981 03 30     382.00 A
06630000 1981 03 31     375.00 A
06630000 1981 04 01     345.00 A
06630000 1981 04 02     338.00 A
06630000 1981 04 03     353.00 A
06630000 1981 04 04     398.00 A
06630000 1981 04 05     390.00 A
06630000 1981 04 06     353.00 A
06630000 1981 04 07     367.00 A
06630000 1981 04 08     438.00 A
06630000 1981 04 09     414.00 A
06630000 1981 04 10     406.00 A
06630000 1981 04 11     471.00 A
06630000 1981 04 12     514.00 A
06630000 1981 04 13     584.00 A
06630000 1981 04 14     655.00 A
06630000 1981 04 15     602.00 A
06630000 1981 04 16     602.00 A
06630000 1981 04 17     567.00 A
06630000 1981 04 18     619.00 A
06630000 1981 04 19     683.00 A
06630000 1981 04 20     692.00 A
06630000 1981 04 21     655.00 A
06630000 1981 04 22     593.00 A
06630000 1981 04 23     497.00 A
06630000 1981 04 24     414.00 A
06630000 1981 04 25     390.00 A
06630000 1981 04 26     479.00 A
06630000 1981 04 27     558.00 A
06630000 1981 04 28     646.00 A
06630000 1981 04 29     628.00 A
06630000 1981 04 30     602.00 A
06630000 1981 05 01     567.00 A
06630000 1981 05 02     619.00 A
06630000 1981 05 03     730.00 A
06630000 1981 05 04     1790.00 A
06630000 1981 05 05     1420.00 A
06630000 1981 05 06     1180.00 A
06630000 1981 05 07     1020.00 A
06630000 1981 05 08     940.00 A
06630000 1981 05 09     811.00 A
06630000 1981 05 10     720.00 A
06630000 1981 05 11     674.00 A
06630000 1981 05 12     655.00 A
06630000 1981 05 13     610.00 A
06630000 1981 05 14     558.00 A
06630000 1981 05 15     505.00 A
06630000 1981 05 16     505.00 A
06630000 1981 05 17     610.00 A
06630000 1981 05 18     929.00 A
06630000 1981 05 19     896.00 A
06630000 1981 05 20     864.00 A
06630000 1981 05 21     940.00 A
06630000 1981 05 22     1150.00 A
06630000 1981 05 23     1390.00 A
06630000 1981 05 24     1920.00 A
06630000 1981 05 25     1960.00 A
06630000 1981 05 26     1860.00 A
06630000 1981 05 27     1990.00 A
06630000 1981 05 28     2360.00 A
06630000 1981 05 29     2460.00 A
06630000 1981 05 30     2460.00 A
06630000 1981 05 31     2470.00 A
06630000 1981 06 01     2700.00 A
06630000 1981 06 02     2590.00 A
06630000 1981 06 03     2670.00 A
06630000 1981 06 04     3010.00 A
06630000 1981 06 05     3030.00 A
06630000 1981 06 06     2980.00 A
06630000 1981 06 07     3010.00 A
06630000 1981 06 08     3230.00 A
06630000 1981 06 09     3640.00 A
06630000 1981 06 10     3620.00 A
06630000 1981 06 11     3280.00 A
06630000 1981 06 12     3110.00 A
06630000 1981 06 13     2640.00 A
06630000 1981 06 14     2210.00 A
06630000 1981 06 15     1870.00 A
06630000 1981 06 16     1600.00 A
06630000 1981 06 17     1370.00 A
06630000 1981 06 18     1170.00 A
06630000 1981 06 19     1010.00 A
06630000 1981 06 20     885.00 A
06630000 1981 06 21     801.00 A
06630000 1981 06 22     720.00 A
06630000 1981 06 23     646.00 A
06630000 1981 06 24     567.00 A
06630000 1981 06 25     532.00 A
06630000 1981 06 26     479.00 A
06630000 1981 06 27     446.00 A
06630000 1981 06 28     430.00 A
06630000 1981 06 29     488.00 A
06630000 1981 06 30     655.00 A
06630000 1981 07 01     720.00 A
06630000 1981 07 02     619.00 A
06630000 1981 07 03     610.00 A
06630000 1981 07 04     1120.00 A
06630000 1981 07 05     1270.00 A
06630000 1981 07 06     986.00 A
06630000 1981 07 07     811.00 A
06630000 1981 07 08     655.00 A
06630000 1981 07 09     567.00 A
06630000 1981 07 10     497.00 A
06630000 1981 07 11     454.00 A
06630000 1981 07 12     446.00 A
06630000 1981 07 13     619.00 A
06630000 1981 07 14     780.00 A
06630000 1981 07 15     619.00 A
06630000 1981 07 16     550.00 A
06630000 1981 07 17     497.00 A
06630000 1981 07 18     505.00 A
06630000 1981 07 19     497.00 A
06630000 1981 07 20     523.00 A
06630000 1981 07 21     488.00 A
06630000 1981 07 22     421.00 A
06630000 1981 07 23     367.00 A
06630000 1981 07 24     338.00 A
06630000 1981 07 25     331.00 A
06630000 1981 07 26     360.00 A
06630000 1981 07 27     430.00 A
06630000 1981 07 28     619.00 A
06630000 1981 07 29     523.00 A
06630000 1981 07 30     446.00 A
06630000 1981 07 31     414.00 A
06630000 1981 08 01     390.00 A
06630000 1981 08 02     360.00 A
06630000 1981 08 03     345.00 A
06630000 1981 08 04     338.00 A
06630000 1981 08 05     331.00 A
06630000 1981 08 06     303.00 A
06630000 1981 08 07     260.00 A
06630000 1981 08 08     234.00 A
06630000 1981 08 09     253.00 A
06630000 1981 08 10     215.00 A
06630000 1981 08 11     209.00 A
06630000 1981 08 12     215.00 A
06630000 1981 08 13     247.00 A
06630000 1981 08 14     281.00 A
06630000 1981 08 15     317.00 A
06630000 1981 08 16     353.00 A
06630000 1981 08 17     338.00 A
06630000 1981 08 18     338.00 A
06630000 1981 08 19     310.00 A
06630000 1981 08 20     288.00 A
06630000 1981 08 21     253.00 A
06630000 1981 08 22     247.00 A
06630000 1981 08 23     227.00 A
06630000 1981 08 24     203.00 A
06630000 1981 08 25     191.00 A
06630000 1981 08 26     186.00 A
06630000 1981 08 27     191.00 A
06630000 1981 08 28     180.00 A
06630000 1981 08 29     186.00 A
06630000 1981 08 30     197.00 A
06630000 1981 08 31     191.00 A
06630000 1981 09 01     197.00 A
06630000 1981 09 02     191.00 A
06630000 1981 09 03     180.00 A
06630000 1981 09 04     180.00 A
06630000 1981 09 05     191.00 A
06630000 1981 09 06     221.00 A
06630000 1981 09 07     253.00 A
06630000 1981 09 08     295.00 A
06630000 1981 09 09     288.00 A
06630000 1981 09 10     281.00 A
06630000 1981 09 11     253.00 A
06630000 1981 09 12     203.00 A
06630000 1981 09 13     186.00 A
06630000 1981 09 14     221.00 A
06630000 1981 09 15     227.00 A
06630000 1981 09 16     209.00 A
06630000 1981 09 17     191.00 A
06630000 1981 09 18     176.00 A
06630000 1981 09 19     172.00 A
06630000 1981 09 20     164.00 A
06630000 1981 09 21     156.00 A
06630000 1981 09 22     148.00 A
06630000 1981 09 23     144.00 A
06630000 1981 09 24     148.00 A
06630000 1981 09 25     152.00 A
06630000 1981 09 26     156.00 A
06630000 1981 09 27     168.00 A
06630000 1981 09 28     156.00 A
06630000 1981 09 29     148.00 A
06630000 1981 09 30     140.00 A
06630000 1981 10 01     140.00 A
06630000 1981 10 02     134.00 A
06630000 1981 10 03     134.00 A
06630000 1981 10 04     163.00 A
06630000 1981 10 05     214.00 A
06630000 1981 10 06     336.00 A
06630000 1981 10 07     386.00 A
06630000 1981 10 08     336.00 A
06630000 1981 10 09     357.00 A
06630000 1981 10 10     450.00 A
06630000 1981 10 11     386.00 A
06630000 1981 10 12     336.00 A
06630000 1981 10 13     336.00 A
06630000 1981 10 14     386.00 A
06630000 1981 10 15     531.00 A
06630000 1981 10 16     450.00 A
06630000 1981 10 17     450.00 A
06630000 1981 10 18     459.00 A
06630000 1981 10 19     476.00 A
06630000 1981 10 20     459.00 A
06630000 1981 10 21     425.00 A
06630000 1981 10 22     409.00 A
06630000 1981 10 23     394.00 A
06630000 1981 10 24     372.00 A
06630000 1981 10 25     379.00 A
06630000 1981 10 26     394.00 A
06630000 1981 10 27     372.00 A
06630000 1981 10 28     379.00 A
06630000 1981 10 29     394.00 A
06630000 1981 10 30     425.00 A
06630000 1981 10 31     485.00 A
06630000 1981 11 01     433.00 A
06630000 1981 11 02     394.00 A
06630000 1981 11 03     386.00 A
06630000 1981 11 04     394.00 A
06630000 1981 11 05     394.00 A
06630000 1981 11 06     386.00 A
06630000 1981 11 07     379.00 A
06630000 1981 11 08     372.00 A
06630000 1981 11 09     386.00 A
06630000 1981 11 10     364.00 A
06630000 1981 11 11     343.00 A
06630000 1981 11 12     343.00 A
06630000 1981 11 13     330.00 A
06630000 1981 11 14     323.00 A
06630000 1981 11 15     350.00 A
06630000 1981 11 16     379.00 A
06630000 1981 11 17     402.00 A
06630000 1981 11 18     402.00 A
06630000 1981 11 19     417.00 A
06630000 1981 11 20     394.00 A
06630000 1981 11 21     357.00 A
06630000 1981 11 22     343.00 A
06630000 1981 11 23     364.00 A
06630000 1981 11 24     402.00 A
06630000 1981 11 25     409.00 A
06630000 1981 11 26     320.00 A
06630000 1981 11 27     270.00 A
06630000 1981 11 28     280.00 A
06630000 1981 11 29     295.00 A
06630000 1981 11 30     310.00 A
06630000 1981 12 01     320.00 A
06630000 1981 12 02     330.00 A
06630000 1981 12 03     340.00 A
06630000 1981 12 04     350.00 A
06630000 1981 12 05     370.00 A
06630000 1981 12 06     400.00 A
06630000 1981 12 07     435.00 A
06630000 1981 12 08     460.00 A
06630000 1981 12 09     470.00 A
06630000 1981 12 10     455.00 A
06630000 1981 12 11     440.00 A
06630000 1981 12 12     425.00 A
06630000 1981 12 13     420.00 A
06630000 1981 12 14     425.00 A
06630000 1981 12 15     435.00 A
06630000 1981 12 16     420.00 A
06630000 1981 12 17     400.00 A
06630000 1981 12 18     400.00 A
06630000 1981 12 19     410.00 A
06630000 1981 12 20     430.00 A
06630000 1981 12 21     425.00 A
06630000 1981 12 22     410.00 A
06630000 1981 12 23     395.00 A
06630000 1981 12 24     385.00 A
06630000 1981 12 25     395.00 A
06630000 1981 12 26     390.00 A
06630000 1981 12 27     380.00 A
06630000 1981 12 28     370.00 A
06630000 1981 12 29     390.00 A
06630000 1981 12 30     405.00 A
06630000 1981 12 31     415.00 A
06630000 1982 01 01     410.00 A
06630000 1982 01 02     395.00 A
06630000 1982 01 03     385.00 A
06630000 1982 01 04     375.00 A
06630000 1982 01 05     365.00 A
06630000 1982 01 06     360.00 A
06630000 1982 01 07     355.00 A
06630000 1982 01 08     350.00 A
06630000 1982 01 09     360.00 A
06630000 1982 01 10     370.00 A
06630000 1982 01 11     385.00 A
06630000 1982 01 12     385.00 A
06630000 1982 01 13     380.00 A
06630000 1982 01 14     380.00 A
06630000 1982 01 15     375.00 A
06630000 1982 01 16     375.00 A
06630000 1982 01 17     380.00 A
06630000 1982 01 18     380.00 A
06630000 1982 01 19     380.00 A
06630000 1982 01 20     380.00 A
06630000 1982 01 21     380.00 A
06630000 1982 01 22     380.00 A
06630000 1982 01 23     380.00 A
06630000 1982 01 24     385.00 A
06630000 1982 01 25     400.00 A
06630000 1982 01 26     420.00 A
06630000 1982 01 27     425.00 A
06630000 1982 01 28     415.00 A
06630000 1982 01 29     400.00 A
06630000 1982 01 30     390.00 A
06630000 1982 01 31     375.00 A
06630000 1982 02 01     360.00 A
06630000 1982 02 02     330.00 A
06630000 1982 02 03     290.00 A
06630000 1982 02 04     260.00 A
06630000 1982 02 05     220.00 A
06630000 1982 02 06     225.00 A
06630000 1982 02 07     235.00 A
06630000 1982 02 08     250.00 A
06630000 1982 02 09     240.00 A
06630000 1982 02 10     245.00 A
06630000 1982 02 11     250.00 A
06630000 1982 02 12     250.00 A
06630000 1982 02 13     255.00 A
06630000 1982 02 14     265.00 A
06630000 1982 02 15     275.00 A
06630000 1982 02 16     295.00 A
06630000 1982 02 17     310.00 A
06630000 1982 02 18     330.00 A
06630000 1982 02 19     345.00 A
06630000 1982 02 20     365.00 A
06630000 1982 02 21     390.00 A
06630000 1982 02 22     410.00 A
06630000 1982 02 23     410.00 A
06630000 1982 02 24     395.00 A
06630000 1982 02 25     380.00 A
06630000 1982 02 26     385.00 A
06630000 1982 02 27     395.00 A
06630000 1982 02 28     405.00 A
06630000 1982 03 01     410.00 A
06630000 1982 03 02     410.00 A
06630000 1982 03 03     400.00 A
06630000 1982 03 04     395.00 A
06630000 1982 03 05     395.00 A
06630000 1982 03 06     400.00 A
06630000 1982 03 07     415.00 A
06630000 1982 03 08     430.00 A
06630000 1982 03 09     445.00 A
06630000 1982 03 10     460.00 A
06630000 1982 03 11     485.00 A
06630000 1982 03 12     521.00 A
06630000 1982 03 13     566.00 A
06630000 1982 03 14     550.00 A
06630000 1982 03 15     618.00 A
06630000 1982 03 16     654.00 A
06630000 1982 03 17     645.00 A
06630000 1982 03 18     645.00 A
06630000 1982 03 19     600.00 A
06630000 1982 03 20     627.00 A
06630000 1982 03 21     531.00 A
06630000 1982 03 22     540.00 A
06630000 1982 03 23     512.00 A
06630000 1982 03 24     494.00 A
06630000 1982 03 25     521.00 A
06630000 1982 03 26     476.00 A
06630000 1982 03 27     503.00 A
06630000 1982 03 28     531.00 A
06630000 1982 03 29     540.00 A
06630000 1982 03 30     583.00 A
06630000 1982 03 31     512.00 A
06630000 1982 04 01     512.00 A
06630000 1982 04 02     558.00 A
06630000 1982 04 03     600.00 A
06630000 1982 04 04     540.00 A
06630000 1982 04 05     566.00 A
06630000 1982 04 06     550.00 A
06630000 1982 04 07     575.00 A
06630000 1982 04 08     583.00 A
06630000 1982 04 09     503.00 A
06630000 1982 04 10     450.00 A
06630000 1982 04 11     442.00 A
06630000 1982 04 12     531.00 A
06630000 1982 04 13     730.00 A
06630000 1982 04 14     862.00 A
06630000 1982 04 15     1100.00 A
06630000 1982 04 16     1340.00 A
06630000 1982 04 17     1650.00 A
06630000 1982 04 18     1490.00 A
06630000 1982 04 19     1290.00 A
06630000 1982 04 20     1140.00 A
06630000 1982 04 21     974.00 A
06630000 1982 04 22     841.00 A
06630000 1982 04 23     852.00 A
06630000 1982 04 24     852.00 A
06630000 1982 04 25     951.00 A
06630000 1982 04 26     1220.00 A
06630000 1982 04 27     1490.00 A
06630000 1982 04 28     1600.00 A
06630000 1982 04 29     1570.00 A
06630000 1982 04 30     1640.00 A
06630000 1982 05 01     1680.00 A
06630000 1982 05 02     1800.00 A
06630000 1982 05 03     2180.00 A
06630000 1982 05 04     2770.00 A
06630000 1982 05 05     3580.00 A
06630000 1982 05 06     3640.00 A
06630000 1982 05 07     3330.00 A
06630000 1982 05 08     2880.00 A
06630000 1982 05 09     2490.00 A
06630000 1982 05 10     2410.00 A
06630000 1982 05 11     2470.00 A
06630000 1982 05 12     2520.00 A
06630000 1982 05 13     2410.00 A
06630000 1982 05 14     2610.00 A
06630000 1982 05 15     2620.00 A
06630000 1982 05 16     2410.00 A
06630000 1982 05 17     2380.00 A
06630000 1982 05 18     2360.00 A
06630000 1982 05 19     2520.00 A
06630000 1982 05 20     2610.00 A
06630000 1982 05 21     2770.00 A
06630000 1982 05 22     2910.00 A
06630000 1982 05 23     3130.00 A
06630000 1982 05 24     3510.00 A
06630000 1982 05 25     3870.00 A
06630000 1982 05 26     3810.00 A
06630000 1982 05 27     3740.00 A
06630000 1982 05 28     3910.00 A
06630000 1982 05 29     4210.00 A
06630000 1982 05 30     4380.00 A
06630000 1982 05 31     4710.00 A
06630000 1982 06 01     4730.00 A
06630000 1982 06 02     4700.00 A
06630000 1982 06 03     4520.00 A
06630000 1982 06 04     4310.00 A
06630000 1982 06 05     4210.00 A
06630000 1982 06 06     4190.00 A
06630000 1982 06 07     4170.00 A
06630000 1982 06 08     4120.00 A
06630000 1982 06 09     4090.00 A
06630000 1982 06 10     3920.00 A
06630000 1982 06 11     4010.00 A
06630000 1982 06 12     4210.00 A
06630000 1982 06 13     4560.00 A
06630000 1982 06 14     5070.00 A
06630000 1982 06 15     5320.00 A
06630000 1982 06 16     5550.00 A
06630000 1982 06 17     5760.00 A
06630000 1982 06 18     6070.00 A
06630000 1982 06 19     6230.00 A
06630000 1982 06 20     6310.00 A
06630000 1982 06 21     6190.00 A
06630000 1982 06 22     5960.00 A
06630000 1982 06 23     6740.00 A
06630000 1982 06 24     7200.00 A
06630000 1982 06 25     7510.00 A
06630000 1982 06 26     8000.00 A
06630000 1982 06 27     8450.00 A
06630000 1982 06 28     7530.00 A
06630000 1982 06 29     7270.00 A
06630000 1982 06 30     7200.00 A
06630000 1982 07 01     7040.00 A
06630000 1982 07 02     7080.00 A
06630000 1982 07 03     6550.00 A
06630000 1982 07 04     5920.00 A
06630000 1982 07 05     5380.00 A
06630000 1982 07 06     5090.00 A
06630000 1982 07 07     4640.00 A
06630000 1982 07 08     3970.00 A
06630000 1982 07 09     3450.00 A
06630000 1982 07 10     3480.00 A
06630000 1982 07 11     3290.00 A
06630000 1982 07 12     3230.00 A
06630000 1982 07 13     3130.00 A
06630000 1982 07 14     3270.00 A
06630000 1982 07 15     3290.00 A
06630000 1982 07 16     3010.00 A
06630000 1982 07 17     2700.00 A
06630000 1982 07 18     2520.00 A
06630000 1982 07 19     2380.00 A
06630000 1982 07 20     2300.00 A
06630000 1982 07 21     2210.00 A
06630000 1982 07 22     2100.00 A
06630000 1982 07 23     1950.00 A
06630000 1982 07 24     1920.00 A
06630000 1982 07 25     1950.00 A
06630000 1982 07 26     2030.00 A
06630000 1982 07 27     2330.00 A
06630000 1982 07 28     2650.00 A
06630000 1982 07 29     3100.00 A
06630000 1982 07 30     3410.00 A
06630000 1982 07 31     2880.00 A
06630000 1982 08 01     2420.00 A
06630000 1982 08 02     2050.00 A
06630000 1982 08 03     1860.00 A
06630000 1982 08 04     1730.00 A
06630000 1982 08 05     1650.00 A
06630000 1982 08 06     1530.00 A
06630000 1982 08 07     1390.00 A
06630000 1982 08 08     1280.00 A
06630000 1982 08 09     1140.00 A
06630000 1982 08 10     1060.00 A
06630000 1982 08 11     1040.00 A
06630000 1982 08 12     950.00 A
06630000 1982 08 13     900.00 A
06630000 1982 08 14     960.00 A
06630000 1982 08 15     1050.00 A
06630000 1982 08 16     1000.00 A
06630000 1982 08 17     940.00 A
06630000 1982 08 18     852.00 A
06630000 1982 08 19     770.00 A
06630000 1982 08 20     750.00 A
06630000 1982 08 21     770.00 A
06630000 1982 08 22     730.00 A
06630000 1982 08 23     694.00 A
06630000 1982 08 24     640.00 A
06630000 1982 08 25     622.00 A
06630000 1982 08 26     595.00 A
06630000 1982 08 27     631.00 A
06630000 1982 08 28     622.00 A
06630000 1982 08 29     586.00 A
06630000 1982 08 30     568.00 A
06630000 1982 08 31     568.00 A
06630000 1982 09 01     550.00 A
06630000 1982 09 02     534.00 A
06630000 1982 09 03     486.00 A
06630000 1982 09 04     446.00 A
06630000 1982 09 05     422.00 A
06630000 1982 09 06     406.00 A
06630000 1982 09 07     406.00 A
06630000 1982 09 08     398.00 A
06630000 1982 09 09     398.00 A
06630000 1982 09 10     414.00 A
06630000 1982 09 11     430.00 A
06630000 1982 09 12     534.00 A
06630000 1982 09 13     631.00 A
06630000 1982 09 14     770.00 A
06630000 1982 09 15     790.00 A
06630000 1982 09 16     820.00 A
06630000 1982 09 17     852.00 A
06630000 1982 09 18     780.00 A
06630000 1982 09 19     694.00 A
06630000 1982 09 20     631.00 A
06630000 1982 09 21     577.00 A
06630000 1982 09 22     550.00 A
06630000 1982 09 23     521.00 A
06630000 1982 09 24     503.00 A
06630000 1982 09 25     476.00 A
06630000 1982 09 26     468.00 A
06630000 1982 09 27     476.00 A
06630000 1982 09 28     494.00 A
06630000 1982 09 29     592.00 A
06630000 1982 09 30     720.00 A
06630000 1982 10 01     791.00 A
06630000 1982 10 02     899.00 A
06630000 1982 10 03     791.00 A
06630000 1982 10 04     753.00 A
06630000 1982 10 05     698.00 A
06630000 1982 10 06     662.00 A
06630000 1982 10 07     662.00 A
06630000 1982 10 08     644.00 A
06630000 1982 10 09     636.00 A
06630000 1982 10 10     653.00 A
06630000 1982 10 11     627.00 A
06630000 1982 10 12     662.00 A
06630000 1982 10 13     725.00 A
06630000 1982 10 14     744.00 A
06630000 1982 10 15     744.00 A
06630000 1982 10 16     753.00 A
06630000 1982 10 17     772.00 A
06630000 1982 10 18     716.00 A
06630000 1982 10 19     707.00 A
06630000 1982 10 20     707.00 A
06630000 1982 10 21     671.00 A
06630000 1982 10 22     636.00 A
06630000 1982 10 23     636.00 A
06630000 1982 10 24     644.00 A
06630000 1982 10 25     636.00 A
06630000 1982 10 26     644.00 A
06630000 1982 10 27     653.00 A
06630000 1982 10 28     707.00 A
06630000 1982 10 29     744.00 A
06630000 1982 10 30     689.00 A
06630000 1982 10 31     680.00 A
06630000 1982 11 01     744.00 A
06630000 1982 11 02     800.00 A
06630000 1982 11 03     772.00 A
06630000 1982 11 04     671.00 A
06630000 1982 11 05     601.00 A
06630000 1982 11 06     610.00 A
06630000 1982 11 07     636.00 A
06630000 1982 11 08     636.00 A
06630000 1982 11 09     680.00 A
06630000 1982 11 10     716.00 A
06630000 1982 11 11     716.00 A
06630000 1982 11 12     734.00 A
06630000 1982 11 13     560.00 A
06630000 1982 11 14     490.00 A
06630000 1982 11 15     425.00 A
06630000 1982 11 16     500.00 A
06630000 1982 11 17     580.00 A
06630000 1982 11 18     640.00 A
06630000 1982 11 19     725.00 A
06630000 1982 11 20     660.00 A
06630000 1982 11 21     580.00 A
06630000 1982 11 22     520.00 A
06630000 1982 11 23     450.00 A
06630000 1982 11 24     375.00 A
06630000 1982 11 25     400.00 A
06630000 1982 11 26     440.00 A
06630000 1982 11 27     480.00 A
06630000 1982 11 28     500.00 A
06630000 1982 11 29     540.00 A
06630000 1982 11 30     600.00 A
06630000 1982 12 01     590.00 A
06630000 1982 12 02     550.00 A
06630000 1982 12 03     510.00 A
06630000 1982 12 04     520.00 A
06630000 1982 12 05     540.00 A
06630000 1982 12 06     550.00 A
06630000 1982 12 07     540.00 A
06630000 1982 12 08     500.00 A
06630000 1982 12 09     470.00 A
06630000 1982 12 10     470.00 A
06630000 1982 12 11     490.00 A
06630000 1982 12 12     500.00 A
06630000 1982 12 13     520.00 A
06630000 1982 12 14     510.00 A
06630000 1982 12 15     500.00 A
06630000 1982 12 16     520.00 A
06630000 1982 12 17     550.00 A
06630000 1982 12 18     560.00 A
06630000 1982 12 19     500.00 A
06630000 1982 12 20     520.00 A
06630000 1982 12 21     560.00 A
06630000 1982 12 22     600.00 A
06630000 1982 12 23     600.00 A
06630000 1982 12 24     560.00 A
06630000 1982 12 25     500.00 A
06630000 1982 12 26     450.00 A
06630000 1982 12 27     390.00 A
06630000 1982 12 28     350.00 A
06630000 1982 12 29     340.00 A
06630000 1982 12 30     350.00 A
06630000 1982 12 31     360.00 A
06630000 1983 01 01     365.00 A
06630000 1983 01 02     355.00 A
06630000 1983 01 03     365.00 A
06630000 1983 01 04     370.00 A
06630000 1983 01 05     385.00 A
06630000 1983 01 06     400.00 A
06630000 1983 01 07     420.00 A
06630000 1983 01 08     430.00 A
06630000 1983 01 09     415.00 A
06630000 1983 01 10     390.00 A
06630000 1983 01 11     370.00 A
06630000 1983 01 12     370.00 A
06630000 1983 01 13     370.00 A
06630000 1983 01 14     370.00 A
06630000 1983 01 15     365.00 A
06630000 1983 01 16     360.00 A
06630000 1983 01 17     350.00 A
06630000 1983 01 18     355.00 A
06630000 1983 01 19     355.00 A
06630000 1983 01 20     360.00 A
06630000 1983 01 21     355.00 A
06630000 1983 01 22     355.00 A
06630000 1983 01 23     350.00 A
06630000 1983 01 24     350.00 A
06630000 1983 01 25     335.00 A
06630000 1983 01 26     350.00 A
06630000 1983 01 27     370.00 A
06630000 1983 01 28     365.00 A
06630000 1983 01 29     355.00 A
06630000 1983 01 30     355.00 A
06630000 1983 01 31     345.00 A
06630000 1983 02 01     335.00 A
06630000 1983 02 02     330.00 A
06630000 1983 02 03     325.00 A
06630000 1983 02 04     315.00 A
06630000 1983 02 05     310.00 A
06630000 1983 02 06     325.00 A
06630000 1983 02 07     330.00 A
06630000 1983 02 08     345.00 A
06630000 1983 02 09     350.00 A
06630000 1983 02 10     360.00 A
06630000 1983 02 11     360.00 A
06630000 1983 02 12     365.00 A
06630000 1983 02 13     375.00 A
06630000 1983 02 14     380.00 A
06630000 1983 02 15     380.00 A
06630000 1983 02 16     380.00 A
06630000 1983 02 17     385.00 A
06630000 1983 02 18     405.00 A
06630000 1983 02 19     400.00 A
06630000 1983 02 20     390.00 A
06630000 1983 02 21     385.00 A
06630000 1983 02 22     385.00 A
06630000 1983 02 23     390.00 A
06630000 1983 02 24     385.00 A
06630000 1983 02 25     390.00 A
06630000 1983 02 26     400.00 A
06630000 1983 02 27     410.00 A
06630000 1983 02 28     410.00 A
06630000 1983 03 01     420.00 A
06630000 1983 03 02     430.00 A
06630000 1983 03 03     425.00 A
06630000 1983 03 04     420.00 A
06630000 1983 03 05     420.00 A
06630000 1983 03 06     425.00 A
06630000 1983 03 07     430.00 A
06630000 1983 03 08     430.00 A
06630000 1983 03 09     440.00 A
06630000 1983 03 10     470.00 A
06630000 1983 03 11     490.00 A
06630000 1983 03 12     510.00 A
06630000 1983 03 13     525.00 A
06630000 1983 03 14     550.00 A
06630000 1983 03 15     550.00 A
06630000 1983 03 16     525.00 A
06630000 1983 03 17     500.00 A
06630000 1983 03 18     490.00 A
06630000 1983 03 19     480.00 A
06630000 1983 03 20     470.00 A
06630000 1983 03 21     480.00 A
06630000 1983 03 22     500.00 A
06630000 1983 03 23     520.00 A
06630000 1983 03 24     520.00 A
06630000 1983 03 25     515.00 A
06630000 1983 03 26     515.00 A
06630000 1983 03 27     535.00 A
06630000 1983 03 28     543.00 A
06630000 1983 03 29     551.00 A
06630000 1983 03 30     495.00 A
06630000 1983 03 31     551.00 A
06630000 1983 04 01     610.00 A
06630000 1983 04 02     584.00 A
06630000 1983 04 03     560.00 A
06630000 1983 04 04     500.00 A
06630000 1983 04 05     480.00 A
06630000 1983 04 06     435.00 A
06630000 1983 04 07     450.00 A
06630000 1983 04 08     470.00 A
06630000 1983 04 09     511.00 A
06630000 1983 04 10     543.00 A
06630000 1983 04 11     519.00 A
06630000 1983 04 12     618.00 A
06630000 1983 04 13     618.00 A
06630000 1983 04 14     535.00 A
06630000 1983 04 15     495.00 A
06630000 1983 04 16     527.00 A
06630000 1983 04 17     527.00 A
06630000 1983 04 18     535.00 A
06630000 1983 04 19     601.00 A
06630000 1983 04 20     849.00 A
06630000 1983 04 21     1200.00 A
06630000 1983 04 22     1550.00 A
06630000 1983 04 23     1650.00 A
06630000 1983 04 24     1870.00 A
06630000 1983 04 25     2270.00 A
06630000 1983 04 26     2760.00 A
06630000 1983 04 27     2680.00 A
06630000 1983 04 28     2410.00 A
06630000 1983 04 29     2210.00 A
06630000 1983 04 30     2140.00 A
06630000 1983 05 01     2090.00 A
06630000 1983 05 02     2050.00 A
06630000 1983 05 03     1870.00 A
06630000 1983 05 04     1710.00 A
06630000 1983 05 05     1630.00 A
06630000 1983 05 06     1730.00 A
06630000 1983 05 07     1990.00 A
06630000 1983 05 08     2040.00 A
06630000 1983 05 09     2010.00 A
06630000 1983 05 10     2260.00 A
06630000 1983 05 11     2810.00 A
06630000 1983 05 12     3310.00 A
06630000 1983 05 13     3380.00 A
06630000 1983 05 14     3120.00 A
06630000 1983 05 15     2690.00 A
06630000 1983 05 16     2290.00 A
06630000 1983 05 17     2110.00 A
06630000 1983 05 18     2120.00 A
06630000 1983 05 19     2110.00 A
06630000 1983 05 20     2290.00 A
06630000 1983 05 21     2460.00 A
06630000 1983 05 22     2360.00 A
06630000 1983 05 23     2420.00 A
06630000 1983 05 24     2740.00 A
06630000 1983 05 25     3260.00 A
06630000 1983 05 26     4150.00 A
06630000 1983 05 27     5140.00 A
06630000 1983 05 28     6360.00 A
06630000 1983 05 29     7340.00 A
06630000 1983 05 30     8110.00 A
06630000 1983 05 31     8790.00 A
06630000 1983 06 01     8580.00 A
06630000 1983 06 02     8560.00 A
06630000 1983 06 03     8460.00 A
06630000 1983 06 04     8380.00 A
06630000 1983 06 05     8910.00 A
06630000 1983 06 06     8910.00 A
06630000 1983 06 07     8420.00 A
06630000 1983 06 08     8560.00 A
06630000 1983 06 09     8580.00 A
06630000 1983 06 10     8770.00 A
06630000 1983 06 11     9330.00 A
06630000 1983 06 12     10300.00 A
06630000 1983 06 13     11400.00 A
06630000 1983 06 14     11300.00 A
06630000 1983 06 15     10100.00 A
06630000 1983 06 16     9140.00 A
06630000 1983 06 17     8220.00 A
06630000 1983 06 18     8110.00 A
06630000 1983 06 19     8650.00 A
06630000 1983 06 20     9780.00 A
06630000 1983 06 21     10400.00 A
06630000 1983 06 22     10700.00 A
06630000 1983 06 23     11200.00 A
06630000 1983 06 24     11400.00 A
06630000 1983 06 25     11800.00 A
06630000 1983 06 26     12500.00 A
06630000 1983 06 27     12800.00 A
06630000 1983 06 28     12500.00 A
06630000 1983 06 29     12600.00 A
06630000 1983 06 30     11600.00 A
06630000 1983 07 01     10800.00 A
06630000 1983 07 02     9740.00 A
06630000 1983 07 03     8730.00 A
06630000 1983 07 04     9450.00 A
06630000 1983 07 05     8480.00 A
06630000 1983 07 06     8050.00 A
06630000 1983 07 07     6990.00 A
06630000 1983 07 08     6340.00 A
06630000 1983 07 09     6400.00 A
06630000 1983 07 10     6790.00 A
06630000 1983 07 11     6910.00 A
06630000 1983 07 12     6240.00 A
06630000 1983 07 13     5610.00 A
06630000 1983 07 14     4720.00 A
06630000 1983 07 15     4110.00 A
06630000 1983 07 16     3840.00 A
06630000 1983 07 17     3550.00 A
06630000 1983 07 18     3190.00 A
06630000 1983 07 19     2870.00 A
06630000 1983 07 20     2740.00 A
06630000 1983 07 21     2760.00 A
06630000 1983 07 22     3070.00 A
06630000 1983 07 23     3980.00 A
06630000 1983 07 24     4380.00 A
06630000 1983 07 25     3770.00 A
06630000 1983 07 26     3430.00 A
06630000 1983 07 27     3640.00 A
06630000 1983 07 28     3570.00 A
06630000 1983 07 29     3220.00 A
06630000 1983 07 30     2870.00 A
06630000 1983 07 31     2710.00 A
06630000 1983 08 01     2320.00 A
06630000 1983 08 02     2110.00 A
06630000 1983 08 03     2010.00 A
06630000 1983 08 04     2080.00 A
06630000 1983 08 05     2080.00 A
06630000 1983 08 06     2270.00 A
06630000 1983 08 07     2290.00 A
06630000 1983 08 08     2010.00 A
06630000 1983 08 09     1830.00 A
06630000 1983 08 10     1640.00 A
06630000 1983 08 11     1590.00 A
06630000 1983 08 12     1520.00 A
06630000 1983 08 13     1650.00 A
06630000 1983 08 14     1750.00 A
06630000 1983 08 15     1610.00 A
06630000 1983 08 16     1520.00 A
06630000 1983 08 17     1300.00 A
06630000 1983 08 18     1230.00 A
06630000 1983 08 19     1250.00 A
06630000 1983 08 20     1300.00 A
06630000 1983 08 21     1460.00 A
06630000 1983 08 22     1390.00 A
06630000 1983 08 23     1190.00 A
06630000 1983 08 24     1020.00 A
06630000 1983 08 25     899.00 A
06630000 1983 08 26     839.00 A
06630000 1983 08 27     791.00 A
06630000 1983 08 28     800.00 A
06630000 1983 08 29     781.00 A
06630000 1983 08 30     772.00 A
06630000 1983 08 31     716.00 A
06630000 1983 09 01     662.00 A
06630000 1983 09 02     636.00 A
06630000 1983 09 03     610.00 A
06630000 1983 09 04     680.00 A
06630000 1983 09 05     772.00 A
06630000 1983 09 06     859.00 A
06630000 1983 09 07     772.00 A
06630000 1983 09 08     671.00 A
06630000 1983 09 09     576.00 A
06630000 1983 09 10     551.00 A
06630000 1983 09 11     519.00 A
06630000 1983 09 12     495.00 A
06630000 1983 09 13     465.00 A
06630000 1983 09 14     442.00 A
06630000 1983 09 15     442.00 A
06630000 1983 09 16     435.00 A
06630000 1983 09 17     420.00 A
06630000 1983 09 18     405.00 A
06630000 1983 09 19     384.00 A
06630000 1983 09 20     384.00 A
06630000 1983 09 21     384.00 A
06630000 1983 09 22     405.00 A
06630000 1983 09 23     435.00 A
06630000 1983 09 24     427.00 A
06630000 1983 09 25     427.00 A
06630000 1983 09 26     442.00 A
06630000 1983 09 27     435.00 A
06630000 1983 09 28     420.00 A
06630000 1983 09 29     413.00 A
06630000 1983 09 30     405.00 A
06630000 1983 10 01     405.00 A
06630000 1983 10 02     420.00 A
06630000 1983 10 03     457.00 A
06630000 1983 10 04     608.00 A
06630000 1983 10 05     636.00 A
06630000 1983 10 06     636.00 A
06630000 1983 10 07     636.00 A
06630000 1983 10 08     610.00 A
06630000 1983 10 09     584.00 A
06630000 1983 10 10     601.00 A
06630000 1983 10 11     610.00 A
06630000 1983 10 12     688.00 A
06630000 1983 10 13     716.00 A
06630000 1983 10 14     716.00 A
06630000 1983 10 15     671.00 A
06630000 1983 10 16     662.00 A
06630000 1983 10 17     671.00 A
06630000 1983 10 18     671.00 A
06630000 1983 10 19     671.00 A
06630000 1983 10 20     780.00 A
06630000 1983 10 21     772.00 A
06630000 1983 10 22     762.00 A
06630000 1983 10 23     699.00 A
06630000 1983 10 24     671.00 A
06630000 1983 10 25     662.00 A
06630000 1983 10 26     636.00 A
06630000 1983 10 27     618.00 A
06630000 1983 10 28     618.00 A
06630000 1983 10 29     610.00 A
06630000 1983 10 30     610.00 A
06630000 1983 10 31     601.00 A
06630000 1983 11 01     601.00 A
06630000 1983 11 02     627.00 A
06630000 1983 11 03     618.00 A
06630000 1983 11 04     618.00 A
06630000 1983 11 05     618.00 A
06630000 1983 11 06     610.00 A
06630000 1983 11 07     593.00 A
06630000 1983 11 08     601.00 A
06630000 1983 11 09     688.00 A
06630000 1983 11 10     707.00 A
06630000 1983 11 11     680.00 A
06630000 1983 11 12     716.00 A
06630000 1983 11 13     790.00 A
06630000 1983 11 14     781.00 A
06630000 1983 11 15     726.00 A
06630000 1983 11 16     602.00 A
06630000 1983 11 17     593.00 A
06630000 1983 11 18     670.00 A
06630000 1983 11 19     790.00 A
06630000 1983 11 20     762.00 A
06630000 1983 11 21     642.00 A
06630000 1983 11 22     550.00 A
06630000 1983 11 23     464.00 A
06630000 1983 11 24     485.00 A
06630000 1983 11 25     498.00 A
06630000 1983 11 26     505.00 A
06630000 1983 11 27     547.00 A
06630000 1983 11 28     580.00 A
06630000 1983 11 29     525.00 A
06630000 1983 11 30     470.00 A
06630000 1983 12 01     490.00 A
06630000 1983 12 02     524.00 A
06630000 1983 12 03     550.00 A
06630000 1983 12 04     542.00 A
06630000 1983 12 05     515.00 A
06630000 1983 12 06     475.00 A
06630000 1983 12 07     430.00 A
06630000 1983 12 08     460.00 A
06630000 1983 12 09     485.00 A
06630000 1983 12 10     518.00 A
06630000 1983 12 11     515.00 A
06630000 1983 12 12     525.00 A
06630000 1983 12 13     500.00 A
06630000 1983 12 14     483.00 A
06630000 1983 12 15     465.00 A
06630000 1983 12 16     437.00 A
06630000 1983 12 17     418.00 A
06630000 1983 12 18     382.00 A
06630000 1983 12 19     392.00 A
06630000 1983 12 20     385.00 A
06630000 1983 12 21     378.00 A
06630000 1983 12 22     404.00 A
06630000 1983 12 23     424.00 A
06630000 1983 12 24     448.00 A
06630000 1983 12 25     460.00 A
06630000 1983 12 26     480.00 A
06630000 1983 12 27     470.00 A
06630000 1983 12 28     480.00 A
06630000 1983 12 29     490.00 A
06630000 1983 12 30     497.00 A
06630000 1983 12 31     483.00 A
06630000 1984 01 01     468.00 A
06630000 1984 01 02     455.00 A
06630000 1984 01 03     468.00 A
06630000 1984 01 04     483.00 A
06630000 1984 01 05     500.00 A
06630000 1984 01 06     518.00 A
06630000 1984 01 07     525.00 A
06630000 1984 01 08     540.00 A
06630000 1984 01 09     525.00 A
06630000 1984 01 10     505.00 A
06630000 1984 01 11     485.00 A
06630000 1984 01 12     464.00 A
06630000 1984 01 13     445.00 A
06630000 1984 01 14     430.00 A
06630000 1984 01 15     418.00 A
06630000 1984 01 16     392.00 A
06630000 1984 01 17     375.00 A
06630000 1984 01 18     362.00 A
06630000 1984 01 19     350.00 A
06630000 1984 01 20     360.00 A
06630000 1984 01 21     380.00 A
06630000 1984 01 22     387.00 A
06630000 1984 01 23     390.00 A
06630000 1984 01 24     402.00 A
06630000 1984 01 25     415.00 A
06630000 1984 01 26     412.00 A
06630000 1984 01 27     418.00 A
06630000 1984 01 28     412.00 A
06630000 1984 01 29     410.00 A
06630000 1984 01 30     413.00 A
06630000 1984 01 31     415.00 A
06630000 1984 02 01     423.00 A
06630000 1984 02 02     414.00 A
06630000 1984 02 03     408.00 A
06630000 1984 02 04     410.00 A
06630000 1984 02 05     407.00 A
06630000 1984 02 06     410.00 A
06630000 1984 02 07     410.00 A
06630000 1984 02 08     404.00 A
06630000 1984 02 09     410.00 A
06630000 1984 02 10     410.00 A
06630000 1984 02 11     408.00 A
06630000 1984 02 12     408.00 A
06630000 1984 02 13     410.00 A
06630000 1984 02 14     408.00 A
06630000 1984 02 15     410.00 A
06630000 1984 02 16     413.00 A
06630000 1984 02 17     417.00 A
06630000 1984 02 18     413.00 A
06630000 1984 02 19     410.00 A
06630000 1984 02 20     410.00 A
06630000 1984 02 21     408.00 A
06630000 1984 02 22     408.00 A
06630000 1984 02 23     403.00 A
06630000 1984 02 24     405.00 A
06630000 1984 02 25     403.00 A
06630000 1984 02 26     408.00 A
06630000 1984 02 27     417.00 A
06630000 1984 02 28     427.00 A
06630000 1984 02 29     430.00 A
06630000 1984 03 01     430.00 A
06630000 1984 03 02     425.00 A
06630000 1984 03 03     427.00 A
06630000 1984 03 04     425.00 A
06630000 1984 03 05     420.00 A
06630000 1984 03 06     430.00 A
06630000 1984 03 07     427.00 A
06630000 1984 03 08     440.00 A
06630000 1984 03 09     470.00 A
06630000 1984 03 10     495.00 A
06630000 1984 03 11     545.00 A
06630000 1984 03 12     600.00 A
06630000 1984 03 13     650.00 A
06630000 1984 03 14     710.00 A
06630000 1984 03 15     760.00 A
06630000 1984 03 16     820.00 A
06630000 1984 03 17     870.00 A
06630000 1984 03 18     840.00 A
06630000 1984 03 19     800.00 A
06630000 1984 03 20     770.00 A
06630000 1984 03 21     765.00 A
06630000 1984 03 22     785.00 A
06630000 1984 03 23     810.00 A
06630000 1984 03 24     760.00 A
06630000 1984 03 25     740.00 A
06630000 1984 03 26     720.00 A
06630000 1984 03 27     690.00 A
06630000 1984 03 28     670.00 A
06630000 1984 03 29     650.00 A
06630000 1984 03 30     630.00 A
06630000 1984 03 31     660.00 A
06630000 1984 04 01     675.00 A
06630000 1984 04 02     680.00 A
06630000 1984 04 03     660.00 A
06630000 1984 04 04     625.00 A
06630000 1984 04 05     610.00 A
06630000 1984 04 06     690.00 A
06630000 1984 04 07     800.00 A
06630000 1984 04 08     1130.00 A
06630000 1984 04 09     1220.00 A
06630000 1984 04 10     1090.00 A
06630000 1984 04 11     961.00 A
06630000 1984 04 12     880.00 A
06630000 1984 04 13     793.00 A
06630000 1984 04 14     820.00 A
06630000 1984 04 15     839.00 A
06630000 1984 04 16     939.00 A
06630000 1984 04 17     1180.00 A
06630000 1984 04 18     1500.00 A
06630000 1984 04 19     1800.00 A
06630000 1984 04 20     1860.00 A
06630000 1984 04 21     1790.00 A
06630000 1984 04 22     1560.00 A
06630000 1984 04 23     1510.00 A
06630000 1984 04 24     1670.00 A
06630000 1984 04 25     2090.00 A
06630000 1984 04 26     2600.00 A
06630000 1984 04 27     2200.00 A
06630000 1984 04 28     1740.00 A
06630000 1984 04 29     1580.00 A
06630000 1984 04 30     1580.00 A
06630000 1984 05 01     1580.00 A
06630000 1984 05 02     1770.00 A
06630000 1984 05 03     2020.00 A
06630000 1984 05 04     2120.00 A
06630000 1984 05 05     2150.00 A
06630000 1984 05 06     2380.00 A
06630000 1984 05 07     2380.00 A
06630000 1984 05 08     2200.00 A
06630000 1984 05 09     2120.00 A
06630000 1984 05 10     2680.00 A
06630000 1984 05 11     3960.00 A
06630000 1984 05 12     5750.00 A
06630000 1984 05 13     8090.00 A
06630000 1984 05 14     10100.00 A
06630000 1984 05 15     11300.00 A
06630000 1984 05 16     12000.00 A
06630000 1984 05 17     13300.00 A
06630000 1984 05 18     13900.00 A
06630000 1984 05 19     13700.00 A
06630000 1984 05 20     12400.00 A
06630000 1984 05 21     12300.00 A
06630000 1984 05 22     12900.00 A
06630000 1984 05 23     12600.00 A
06630000 1984 05 24     12800.00 A
06630000 1984 05 25     14000.00 A
06630000 1984 05 26     14700.00 A
06630000 1984 05 27     13500.00 A
06630000 1984 05 28     13100.00 A
06630000 1984 05 29     12100.00 A
06630000 1984 05 30     10900.00 A
06630000 1984 05 31     10800.00 A
06630000 1984 06 01     11200.00 A
06630000 1984 06 02     11700.00 A
06630000 1984 06 03     11400.00 A
06630000 1984 06 04     11200.00 A
06630000 1984 06 05     11500.00 A
06630000 1984 06 06     10800.00 A
06630000 1984 06 07     10100.00 A
06630000 1984 06 08     9690.00 A
06630000 1984 06 09     8630.00 A
06630000 1984 06 10     7880.00 A
06630000 1984 06 11     6870.00 A
06630000 1984 06 12     6110.00 A
06630000 1984 06 13     5470.00 A
06630000 1984 06 14     5480.00 A
06630000 1984 06 15     6140.00 A
06630000 1984 06 16     6900.00 A
06630000 1984 06 17     7460.00 A
06630000 1984 06 18     7740.00 A
06630000 1984 06 19     7650.00 A
06630000 1984 06 20     7480.00 A
06630000 1984 06 21     7160.00 A
06630000 1984 06 22     6850.00 A
06630000 1984 06 23     7070.00 A
06630000 1984 06 24     6680.00 A
06630000 1984 06 25     6300.00 A
06630000 1984 06 26     5990.00 A
06630000 1984 06 27     6010.00 A
06630000 1984 06 28     5820.00 A
06630000 1984 06 29     5380.00 A
06630000 1984 06 30     5130.00 A
06630000 1984 07 01     5340.00 A
06630000 1984 07 02     5410.00 A
06630000 1984 07 03     5200.00 A
06630000 1984 07 04     4700.00 A
06630000 1984 07 05     4360.00 A
06630000 1984 07 06     3810.00 A
06630000 1984 07 07     3380.00 A
06630000 1984 07 08     3100.00 A
06630000 1984 07 09     3020.00 A
06630000 1984 07 10     3670.00 A
06630000 1984 07 11     4240.00 A
06630000 1984 07 12     4130.00 A
06630000 1984 07 13     3870.00 A
06630000 1984 07 14     3180.00 A
06630000 1984 07 15     3000.00 A
06630000 1984 07 16     2630.00 A
06630000 1984 07 17     2380.00 A
06630000 1984 07 18     2210.00 A
06630000 1984 07 19     2100.00 A
06630000 1984 07 20     1900.00 A
06630000 1984 07 21     1760.00 A
06630000 1984 07 22     1750.00 A
06630000 1984 07 23     1760.00 A
06630000 1984 07 24     1900.00 A
06630000 1984 07 25     2210.00 A
06630000 1984 07 26     2260.00 A
06630000 1984 07 27     2230.00 A
06630000 1984 07 28     2120.00 A
06630000 1984 07 29     2110.00 A
06630000 1984 07 30     2120.00 A
06630000 1984 07 31     2300.00 A
06630000 1984 08 01     2530.00 A
06630000 1984 08 02     2640.00 A
06630000 1984 08 03     2160.00 A
06630000 1984 08 04     1860.00 A
06630000 1984 08 05     1600.00 A
06630000 1984 08 06     1540.00 A
06630000 1984 08 07     1590.00 A
06630000 1984 08 08     1590.00 A
06630000 1984 08 09     1550.00 A
06630000 1984 08 10     1360.00 A
06630000 1984 08 11     1260.00 A
06630000 1984 08 12     1150.00 A
06630000 1984 08 13     1090.00 A
06630000 1984 08 14     1030.00 A
06630000 1984 08 15     1080.00 A
06630000 1984 08 16     1170.00 A
06630000 1984 08 17     1200.00 A
06630000 1984 08 18     1260.00 A
06630000 1984 08 19     1080.00 A
06630000 1984 08 20     996.00 A
06630000 1984 08 21     1090.00 A
06630000 1984 08 22     1220.00 A
06630000 1984 08 23     1270.00 A
06630000 1984 08 24     1230.00 A
06630000 1984 08 25     1080.00 A
06630000 1984 08 26     1000.00 A
06630000 1984 08 27     1010.00 A
06630000 1984 08 28     971.00 A
06630000 1984 08 29     860.00 A
06630000 1984 08 30     782.00 A
06630000 1984 08 31     726.00 A
06630000 1984 09 01     728.00 A
06630000 1984 09 02     762.00 A
06630000 1984 09 03     868.00 A
06630000 1984 09 04     899.00 A
06630000 1984 09 05     821.00 A
06630000 1984 09 06     699.00 A
06630000 1984 09 07     628.00 A
06630000 1984 09 08     627.00 A
06630000 1984 09 09     618.00 A
06630000 1984 09 10     644.00 A
06630000 1984 09 11     618.00 A
06630000 1984 09 12     610.00 A
06630000 1984 09 13     725.00 A
06630000 1984 09 14     877.00 A
06630000 1984 09 15     970.00 A
06630000 1984 09 16     860.00 A
06630000 1984 09 17     782.00 A
06630000 1984 09 18     781.00 A
06630000 1984 09 19     800.00 A
06630000 1984 09 20     772.00 A
06630000 1984 09 21     725.00 A
06630000 1984 09 22     734.00 A
06630000 1984 09 23     897.00 A
06630000 1984 09 24     830.00 A
06630000 1984 09 25     829.00 A
06630000 1984 09 26     859.00 A
06630000 1984 09 27     859.00 A
06630000 1984 09 28     899.00 A
06630000 1984 09 29     850.00 A
06630000 1984 09 30     820.00 A
06630000 1984 10 01     781.00 A
06630000 1984 10 02     749.00 A
06630000 1984 10 03     744.00 A
06630000 1984 10 04     734.00 A
06630000 1984 10 05     744.00 A
06630000 1984 10 06     799.00 A
06630000 1984 10 07     820.00 A
06630000 1984 10 08     791.00 A
06630000 1984 10 09     810.00 A
06630000 1984 10 10     800.00 A
06630000 1984 10 11     762.00 A
06630000 1984 10 12     734.00 A
06630000 1984 10 13     725.00 A
06630000 1984 10 14     725.00 A
06630000 1984 10 15     734.00 A
06630000 1984 10 16     734.00 A
06630000 1984 10 17     734.00 A
06630000 1984 10 18     725.00 A
06630000 1984 10 19     772.00 A
06630000 1984 10 20     791.00 A
06630000 1984 10 21     820.00 A
06630000 1984 10 22     849.00 A
06630000 1984 10 23     782.00 A
06630000 1984 10 24     810.00 A
06630000 1984 10 25     810.00 A
06630000 1984 10 26     791.00 A
06630000 1984 10 27     791.00 A
06630000 1984 10 28     810.00 A
06630000 1984 10 29     781.00 A
06630000 1984 10 30     810.00 A
06630000 1984 10 31     810.00 A
06630000 1984 11 01     878.00 A
06630000 1984 11 02     830.00 A
06630000 1984 11 03     791.00 A
06630000 1984 11 04     800.00 A
06630000 1984 11 05     735.00 A
06630000 1984 11 06     689.00 A
06630000 1984 11 07     743.00 A
06630000 1984 11 08     762.00 A
06630000 1984 11 09     791.00 A
06630000 1984 11 10     750.00 A
06630000 1984 11 11     726.00 A
06630000 1984 11 12     689.00 A
06630000 1984 11 13     771.00 A
06630000 1984 11 14     791.00 A
06630000 1984 11 15     785.00 A
06630000 1984 11 16     720.00 A
06630000 1984 11 17     625.00 A
06630000 1984 11 18     625.00 A
06630000 1984 11 19     630.00 A
06630000 1984 11 20     645.00 A
06630000 1984 11 21     654.00 A
06630000 1984 11 22     680.00 A
06630000 1984 11 23     725.00 A
06630000 1984 11 24     698.00 A
06630000 1984 11 25     645.00 A
06630000 1984 11 26     460.00 A
06630000 1984 11 27     425.00 A
06630000 1984 11 28     490.00 A
06630000 1984 11 29     565.00 A
06630000 1984 11 30     620.00 A
06630000 1984 12 01     580.00 A
06630000 1984 12 02     520.00 A
06630000 1984 12 03     450.00 A
06630000 1984 12 04     415.00 A
06630000 1984 12 05     395.00 A
06630000 1984 12 06     330.00 A
06630000 1984 12 07     375.00 A
06630000 1984 12 08     400.00 A
06630000 1984 12 09     440.00 A
06630000 1984 12 10     465.00 A
06630000 1984 12 11     490.00 A
06630000 1984 12 12     490.00 A
06630000 1984 12 13     460.00 A
06630000 1984 12 14     440.00 A
06630000 1984 12 15     415.00 A
06630000 1984 12 16     430.00 A
06630000 1984 12 17     440.00 A
06630000 1984 12 18     465.00 A
06630000 1984 12 19     480.00 A
06630000 1984 12 20     470.00 A
06630000 1984 12 21     450.00 A
06630000 1984 12 22     425.00 A
06630000 1984 12 23     430.00 A
06630000 1984 12 24     445.00 A
06630000 1984 12 25     470.00 A
06630000 1984 12 26     505.00 A
06630000 1984 12 27     545.00 A
06630000 1984 12 28     555.00 A
06630000 1984 12 29     545.00 A
06630000 1984 12 30     533.00 A
06630000 1984 12 31     500.00 A
06630000 1985 01 01     470.00 A
06630000 1985 01 02     455.00 A
06630000 1985 01 03     435.00 A
06630000 1985 01 04     420.00 A
06630000 1985 01 05     420.00 A
06630000 1985 01 06     435.00 A
06630000 1985 01 07     440.00 A
06630000 1985 01 08     440.00 A
06630000 1985 01 09     440.00 A
06630000 1985 01 10     435.00 A
06630000 1985 01 11     430.00 A
06630000 1985 01 12     420.00 A
06630000 1985 01 13     430.00 A
06630000 1985 01 14     435.00 A
06630000 1985 01 15     445.00 A
06630000 1985 01 16     455.00 A
06630000 1985 01 17     470.00 A
06630000 1985 01 18     475.00 A
06630000 1985 01 19     480.00 A
06630000 1985 01 20     465.00 A
06630000 1985 01 21     460.00 A
06630000 1985 01 22     455.00 A
06630000 1985 01 23     440.00 A
06630000 1985 01 24     420.00 A
06630000 1985 01 25     425.00 A
06630000 1985 01 26     430.00 A
06630000 1985 01 27     435.00 A
06630000 1985 01 28     435.00 A
06630000 1985 01 29     440.00 A
06630000 1985 01 30     430.00 A
06630000 1985 01 31     425.00 A
06630000 1985 02 01     425.00 A
06630000 1985 02 02     430.00 A
06630000 1985 02 03     440.00 A
06630000 1985 02 04     440.00 A
06630000 1985 02 05     445.00 A
06630000 1985 02 06     450.00 A
06630000 1985 02 07     460.00 A
06630000 1985 02 08     465.00 A
06630000 1985 02 09     465.00 A
06630000 1985 02 10     455.00 A
06630000 1985 02 11     470.00 A
06630000 1985 02 12     470.00 A
06630000 1985 02 13     470.00 A
06630000 1985 02 14     480.00 A
06630000 1985 02 15     485.00 A
06630000 1985 02 16     485.00 A
06630000 1985 02 17     490.00 A
06630000 1985 02 18     485.00 A
06630000 1985 02 19     490.00 A
06630000 1985 02 20     505.00 A
06630000 1985 02 21     495.00 A
06630000 1985 02 22     485.00 A
06630000 1985 02 23     480.00 A
06630000 1985 02 24     470.00 A
06630000 1985 02 25     475.00 A
06630000 1985 02 26     450.00 A
06630000 1985 02 27     455.00 A
06630000 1985 02 28     465.00 A
06630000 1985 03 01     475.00 A
06630000 1985 03 02     490.00 A
06630000 1985 03 03     485.00 A
06630000 1985 03 04     470.00 A
06630000 1985 03 05     450.00 A
06630000 1985 03 06     480.00 A
06630000 1985 03 07     490.00 A
06630000 1985 03 08     490.00 A
06630000 1985 03 09     505.00 A
06630000 1985 03 10     540.00 A
06630000 1985 03 11     565.00 A
06630000 1985 03 12     600.00 A
06630000 1985 03 13     655.00 A
06630000 1985 03 14     640.00 A
06630000 1985 03 15     635.00 A
06630000 1985 03 16     675.00 A
06630000 1985 03 17     705.00 A
06630000 1985 03 18     755.00 A
06630000 1985 03 19     800.00 A
06630000 1985 03 20     840.00 A
06630000 1985 03 21     890.00 A
06630000 1985 03 22     940.00 A
06630000 1985 03 23     1010.00 A
06630000 1985 03 24     1100.00 A
06630000 1985 03 25     1220.00 A
06630000 1985 03 26     1400.00 A
06630000 1985 03 27     1510.00 A
06630000 1985 03 28     1400.00 A
06630000 1985 03 29     1070.00 A
06630000 1985 03 30     900.00 A
06630000 1985 03 31     830.00 A
06630000 1985 04 01     870.00 A
06630000 1985 04 02     930.00 A
06630000 1985 04 03     1010.00 A
06630000 1985 04 04     1300.00 A
06630000 1985 04 05     1720.00 A
06630000 1985 04 06     1500.00 A
06630000 1985 04 07     1540.00 A
06630000 1985 04 08     1760.00 A
06630000 1985 04 09     2000.00 A
06630000 1985 04 10     2560.00 A
06630000 1985 04 11     2720.00 A
06630000 1985 04 12     2760.00 A
06630000 1985 04 13     2820.00 A
06630000 1985 04 14     2790.00 A
06630000 1985 04 15     2690.00 A
06630000 1985 04 16     2870.00 A
06630000 1985 04 17     3150.00 A
06630000 1985 04 18     3340.00 A
06630000 1985 04 19     3640.00 A
06630000 1985 04 20     3770.00 A
06630000 1985 04 21     3470.00 A
06630000 1985 04 22     3050.00 A
06630000 1985 04 23     2660.00 A
06630000 1985 04 24     2520.00 A
06630000 1985 04 25     2410.00 A
06630000 1985 04 26     2270.00 A
06630000 1985 04 27     2120.00 A
06630000 1985 04 28     2000.00 A
06630000 1985 04 29     2180.00 A
06630000 1985 04 30     2470.00 A
06630000 1985 05 01     2650.00 A
06630000 1985 05 02     2760.00 A
06630000 1985 05 03     3100.00 A
06630000 1985 05 04     3660.00 A
06630000 1985 05 05     4480.00 A
06630000 1985 05 06     5090.00 A
06630000 1985 05 07     5450.00 A
06630000 1985 05 08     5770.00 A
06630000 1985 05 09     6140.00 A
06630000 1985 05 10     6500.00 A
06630000 1985 05 11     6930.00 A
06630000 1985 05 12     7150.00 A
06630000 1985 05 13     6510.00 A
06630000 1985 05 14     5720.00 A
06630000 1985 05 15     4810.00 A
06630000 1985 05 16     4110.00 A
06630000 1985 05 17     3720.00 A
06630000 1985 05 18     3480.00 A
06630000 1985 05 19     3290.00 A
06630000 1985 05 20     3430.00 A
06630000 1985 05 21     3430.00 A
06630000 1985 05 22     3330.00 A
06630000 1985 05 23     3270.00 A
06630000 1985 05 24     3380.00 A
06630000 1985 05 25     3570.00 A
06630000 1985 05 26     3860.00 A
06630000 1985 05 27     4440.00 A
06630000 1985 05 28     4860.00 A
06630000 1985 05 29     5180.00 A
06630000 1985 05 30     5460.00 A
06630000 1985 05 31     5300.00 A
06630000 1985 06 01     4790.00 A
06630000 1985 06 02     4530.00 A
06630000 1985 06 03     4250.00 A
06630000 1985 06 04     4060.00 A
06630000 1985 06 05     4150.00 A
06630000 1985 06 06     4020.00 A
06630000 1985 06 07     3800.00 A
06630000 1985 06 08     4100.00 A
06630000 1985 06 09     5190.00 A
06630000 1985 06 10     5610.00 A
06630000 1985 06 11     5530.00 A
06630000 1985 06 12     5050.00 A
06630000 1985 06 13     4400.00 A
06630000 1985 06 14     3810.00 A
06630000 1985 06 15     3430.00 A
06630000 1985 06 16     3210.00 A
06630000 1985 06 17     3150.00 A
06630000 1985 06 18     3090.00 A
06630000 1985 06 19     2990.00 A
06630000 1985 06 20     2820.00 A
06630000 1985 06 21     2580.00 A
06630000 1985 06 22     2320.00 A
06630000 1985 06 23     2070.00 A
06630000 1985 06 24     1880.00 A
06630000 1985 06 25     1800.00 A
06630000 1985 06 26     2140.00 A
06630000 1985 06 27     2360.00 A
06630000 1985 06 28     2150.00 A
06630000 1985 06 29     1860.00 A
06630000 1985 06 30     1550.00 A
06630000 1985 07 01     1340.00 A
06630000 1985 07 02     1210.00 A
06630000 1985 07 03     1130.00 A
06630000 1985 07 04     1070.00 A
06630000 1985 07 05     982.00 A
06630000 1985 07 06     900.00 A
06630000 1985 07 07     859.00 A
06630000 1985 07 08     839.00 A
06630000 1985 07 09     839.00 A
06630000 1985 07 10     847.00 A
06630000 1985 07 11     829.00 A
06630000 1985 07 12     829.00 A
06630000 1985 07 13     979.00 A
06630000 1985 07 14     960.00 A
06630000 1985 07 15     929.00 A
06630000 1985 07 16     870.00 A
06630000 1985 07 17     839.00 A
06630000 1985 07 18     898.00 A
06630000 1985 07 19     1080.00 A
06630000 1985 07 20     1540.00 A
06630000 1985 07 21     1720.00 A
06630000 1985 07 22     1710.00 A
06630000 1985 07 23     1650.00 A
06630000 1985 07 24     1530.00 A
06630000 1985 07 25     1430.00 A
06630000 1985 07 26     1330.00 A
06630000 1985 07 27     1270.00 A
06630000 1985 07 28     1210.00 A
06630000 1985 07 29     1090.00 A
06630000 1985 07 30     1060.00 A
06630000 1985 07 31     1080.00 A
06630000 1985 08 01     1090.00 A
06630000 1985 08 02     993.00 A
06630000 1985 08 03     880.00 A
06630000 1985 08 04     821.00 A
06630000 1985 08 05     754.00 A
06630000 1985 08 06     712.00 A
06630000 1985 08 07     645.00 A
06630000 1985 08 08     594.00 A
06630000 1985 08 09     528.00 A
06630000 1985 08 10     488.00 A
06630000 1985 08 11     465.00 A
06630000 1985 08 12     509.00 A
06630000 1985 08 13     543.00 A
06630000 1985 08 14     527.00 A
06630000 1985 08 15     519.00 A
06630000 1985 08 16     480.00 A
06630000 1985 08 17     436.00 A
06630000 1985 08 18     427.00 A
06630000 1985 08 19     405.00 A
06630000 1985 08 20     391.00 A
06630000 1985 08 21     370.00 A
06630000 1985 08 22     363.00 A
06630000 1985 08 23     353.00 A
06630000 1985 08 24     363.00 A
06630000 1985 08 25     330.00 A
06630000 1985 08 26     298.00 A
06630000 1985 08 27     279.00 A
06630000 1985 08 28     261.00 A
06630000 1985 08 29     261.00 A
06630000 1985 08 30     261.00 A
06630000 1985 08 31     249.00 A
06630000 1985 09 01     244.00 A
06630000 1985 09 02     238.00 A
06630000 1985 09 03     244.00 A
06630000 1985 09 04     261.00 A
06630000 1985 09 05     298.00 A
06630000 1985 09 06     310.00 A
06630000 1985 09 07     304.00 A
06630000 1985 09 08     304.00 A
06630000 1985 09 09     343.00 A
06630000 1985 09 10     350.00 A
06630000 1985 09 11     334.00 A
06630000 1985 09 12     330.00 A
06630000 1985 09 13     317.00 A
06630000 1985 09 14     323.00 A
06630000 1985 09 15     317.00 A
06630000 1985 09 16     304.00 A
06630000 1985 09 17     292.00 A
06630000 1985 09 18     285.00 A
06630000 1985 09 19     267.00 A
06630000 1985 09 20     261.00 A
06630000 1985 09 21     273.00 A
06630000 1985 09 22     273.00 A
06630000 1985 09 23     285.00 A
06630000 1985 09 24     304.00 A
06630000 1985 09 25     330.00 A
06630000 1985 09 26     363.00 A
06630000 1985 09 27     377.00 A
06630000 1985 09 28     398.00 A
06630000 1985 09 29     435.00 A
06630000 1985 09 30     442.00 A
06630000 1985 10 01     449.00 A
06630000 1985 10 02     457.00 A
06630000 1985 10 03     435.00 A
06630000 1985 10 04     405.00 A
06630000 1985 10 05     398.00 A
06630000 1985 10 06     377.00 A
06630000 1985 10 07     384.00 A
06630000 1985 10 08     413.00 A
06630000 1985 10 09     574.00 A
06630000 1985 10 10     643.00 A
06630000 1985 10 11     752.00 A
06630000 1985 10 12     828.00 A
06630000 1985 10 13     908.00 A
06630000 1985 10 14     1020.00 A
06630000 1985 10 15     941.00 A
06630000 1985 10 16     860.00 A
06630000 1985 10 17     801.00 A
06630000 1985 10 18     772.00 A
06630000 1985 10 19     762.00 A
06630000 1985 10 20     725.00 A
06630000 1985 10 21     707.00 A
06630000 1985 10 22     680.00 A
06630000 1985 10 23     680.00 A
06630000 1985 10 24     662.00 A
06630000 1985 10 25     653.00 A
06630000 1985 10 26     644.00 A
06630000 1985 10 27     653.00 A
06630000 1985 10 28     636.00 A
06630000 1985 10 29     627.00 A
06630000 1985 10 30     627.00 A
06630000 1985 10 31     627.00 A
06630000 1985 11 01     644.00 A
06630000 1985 11 02     618.00 A
06630000 1985 11 03     618.00 A
06630000 1985 11 04     627.00 A
06630000 1985 11 05     610.00 A
06630000 1985 11 06     610.00 A
06630000 1985 11 07     593.00 A
06630000 1985 11 08     560.00 A
06630000 1985 11 09     540.00 A
06630000 1985 11 10     490.00 A
06630000 1985 11 11     480.00 A
06630000 1985 11 12     540.00 A
06630000 1985 11 13     620.00 A
06630000 1985 11 14     600.00 A
06630000 1985 11 15     500.00 A
06630000 1985 11 16     470.00 A
06630000 1985 11 17     500.00 A
06630000 1985 11 18     570.00 A
06630000 1985 11 19     520.00 A
06630000 1985 11 20     480.00 A
06630000 1985 11 21     490.00 A
06630000 1985 11 22     460.00 A
06630000 1985 11 23     450.00 A
06630000 1985 11 24     500.00 A
06630000 1985 11 25     560.00 A
06630000 1985 11 26     680.00 A
06630000 1985 11 27     720.00 A
06630000 1985 11 28     700.00 A
06630000 1985 11 29     650.00 A
06630000 1985 11 30     580.00 A
06630000 1985 12 01     520.00 A
06630000 1985 12 02     460.00 A
06630000 1985 12 03     490.00 A
06630000 1985 12 04     580.00 A
06630000 1985 12 05     580.00 A
06630000 1985 12 06     550.00 A
06630000 1985 12 07     530.00 A
06630000 1985 12 08     500.00 A
06630000 1985 12 09     440.00 A
06630000 1985 12 10     330.00 A
06630000 1985 12 11     290.00 A
06630000 1985 12 12     330.00 A
06630000 1985 12 13     350.00 A
06630000 1985 12 14     360.00 A
06630000 1985 12 15     380.00 A
06630000 1985 12 16     390.00 A
06630000 1985 12 17     410.00 A
06630000 1985 12 18     430.00 A
06630000 1985 12 19     460.00 A
06630000 1985 12 20     500.00 A
06630000 1985 12 21     520.00 A
06630000 1985 12 22     540.00 A
06630000 1985 12 23     520.00 A
06630000 1985 12 24     510.00 A
06630000 1985 12 25     490.00 A
06630000 1985 12 26     480.00 A
06630000 1985 12 27     450.00 A
06630000 1985 12 28     440.00 A
06630000 1985 12 29     470.00 A
06630000 1985 12 30     460.00 A
06630000 1985 12 31     450.00 A
06630000 1986 01 01     430.00 A
06630000 1986 01 02     430.00 A
06630000 1986 01 03     450.00 A
06630000 1986 01 04     450.00 A
06630000 1986 01 05     420.00 A
06630000 1986 01 06     440.00 A
06630000 1986 01 07     430.00 A
06630000 1986 01 08     420.00 A
06630000 1986 01 09     400.00 A
06630000 1986 01 10     410.00 A
06630000 1986 01 11     430.00 A
06630000 1986 01 12     450.00 A
06630000 1986 01 13     440.00 A
06630000 1986 01 14     420.00 A
06630000 1986 01 15     430.00 A
06630000 1986 01 16     450.00 A
06630000 1986 01 17     470.00 A
06630000 1986 01 18     480.00 A
06630000 1986 01 19     490.00 A
06630000 1986 01 20     510.00 A
06630000 1986 01 21     490.00 A
06630000 1986 01 22     470.00 A
06630000 1986 01 23     470.00 A
06630000 1986 01 24     450.00 A
06630000 1986 01 25     430.00 A
06630000 1986 01 26     410.00 A
06630000 1986 01 27     390.00 A
06630000 1986 01 28     400.00 A
06630000 1986 01 29     420.00 A
06630000 1986 01 30     430.00 A
06630000 1986 01 31     430.00 A
06630000 1986 02 01     440.00 A
06630000 1986 02 02     450.00 A
06630000 1986 02 03     450.00 A
06630000 1986 02 04     440.00 A
06630000 1986 02 05     420.00 A
06630000 1986 02 06     410.00 A
06630000 1986 02 07     400.00 A
06630000 1986 02 08     380.00 A
06630000 1986 02 09     370.00 A
06630000 1986 02 10     360.00 A
06630000 1986 02 11     370.00 A
06630000 1986 02 12     370.00 A
06630000 1986 02 13     390.00 A
06630000 1986 02 14     410.00 A
06630000 1986 02 15     440.00 A
06630000 1986 02 16     480.00 A
06630000 1986 02 17     500.00 A
06630000 1986 02 18     550.00 A
06630000 1986 02 19     680.00 A
06630000 1986 02 20     840.00 A
06630000 1986 02 21     740.00 A
06630000 1986 02 22     680.00 A
06630000 1986 02 23     660.00 A
06630000 1986 02 24     650.00 A
06630000 1986 02 25     710.00 A
06630000 1986 02 26     880.00 A
06630000 1986 02 27     1150.00 A
06630000 1986 02 28     1050.00 A
06630000 1986 03 01     940.00 A
06630000 1986 03 02     890.00 A
06630000 1986 03 03     879.00 A
06630000 1986 03 04     839.00 A
06630000 1986 03 05     829.00 A
06630000 1986 03 06     839.00 A
06630000 1986 03 07     849.00 A
06630000 1986 03 08     898.00 A
06630000 1986 03 09     1030.00 A
06630000 1986 03 10     1180.00 A
06630000 1986 03 11     1190.00 A
06630000 1986 03 12     1190.00 A
06630000 1986 03 13     1170.00 A
06630000 1986 03 14     1080.00 A
06630000 1986 03 15     1060.00 A
06630000 1986 03 16     1040.00 A
06630000 1986 03 17     992.00 A
06630000 1986 03 18     1030.00 A
06630000 1986 03 19     972.00 A
06630000 1986 03 20     870.00 A
06630000 1986 03 21     869.00 A
06630000 1986 03 22     824.00 A
06630000 1986 03 23     868.00 A
06630000 1986 03 24     980.00 A
06630000 1986 03 25     1150.00 A
06630000 1986 03 26     1440.00 A
06630000 1986 03 27     1610.00 A
06630000 1986 03 28     1790.00 A
06630000 1986 03 29     2040.00 A
06630000 1986 03 30     2570.00 A
06630000 1986 03 31     2990.00 A
06630000 1986 04 01     3240.00 A
06630000 1986 04 02     3290.00 A
06630000 1986 04 03     3310.00 A
06630000 1986 04 04     3070.00 A
06630000 1986 04 05     2500.00 A
06630000 1986 04 06     2410.00 A
06630000 1986 04 07     2570.00 A
06630000 1986 04 08     2710.00 A
06630000 1986 04 09     2740.00 A
06630000 1986 04 10     2720.00 A
06630000 1986 04 11     2610.00 A
06630000 1986 04 12     2500.00 A
06630000 1986 04 13     2390.00 A
06630000 1986 04 14     2470.00 A
06630000 1986 04 15     2330.00 A
06630000 1986 04 16     2070.00 A
06630000 1986 04 17     2110.00 A
06630000 1986 04 18     2260.00 A
06630000 1986 04 19     2210.00 A
06630000 1986 04 20     1950.00 A
06630000 1986 04 21     1790.00 A
06630000 1986 04 22     1830.00 A
06630000 1986 04 23     2200.00 A
06630000 1986 04 24     2890.00 A
06630000 1986 04 25     3450.00 A
06630000 1986 04 26     3780.00 A
06630000 1986 04 27     3780.00 A
06630000 1986 04 28     3550.00 A
06630000 1986 04 29     3080.00 A
06630000 1986 04 30     2890.00 A
06630000 1986 05 01     2950.00 A
06630000 1986 05 02     3260.00 A
06630000 1986 05 03     3830.00 A
06630000 1986 05 04     4540.00 A
06630000 1986 05 05     5440.00 A
06630000 1986 05 06     5870.00 A
06630000 1986 05 07     5590.00 A
06630000 1986 05 08     5610.00 A
06630000 1986 05 09     4980.00 A
06630000 1986 05 10     4630.00 A
06630000 1986 05 11     4140.00 A
06630000 1986 05 12     3730.00 A
06630000 1986 05 13     3530.00 A
06630000 1986 05 14     3460.00 A
06630000 1986 05 15     3460.00 A
06630000 1986 05 16     3480.00 A
06630000 1986 05 17     3680.00 A
06630000 1986 05 18     3820.00 A
06630000 1986 05 19     3780.00 A
06630000 1986 05 20     3910.00 A
06630000 1986 05 21     4360.00 A
06630000 1986 05 22     5170.00 A
06630000 1986 05 23     5700.00 A
06630000 1986 05 24     5380.00 A
06630000 1986 05 25     5100.00 A
06630000 1986 05 26     4940.00 A
06630000 1986 05 27     5120.00 A
06630000 1986 05 28     5530.00 A
06630000 1986 05 29     5990.00 A
06630000 1986 05 30     6340.00 A
06630000 1986 05 31     6540.00 A
06630000 1986 06 01     6970.00 A
06630000 1986 06 02     7420.00 A
06630000 1986 06 03     7850.00 A
06630000 1986 06 04     8130.00 A
06630000 1986 06 05     8600.00 A
06630000 1986 06 06     8920.00 A
06630000 1986 06 07     9630.00 A
06630000 1986 06 08     9630.00 A
06630000 1986 06 09     9410.00 A
06630000 1986 06 10     11000.00 A
06630000 1986 06 11     14800.00 A
06630000 1986 06 12     12600.00 A
06630000 1986 06 13     10400.00 A
06630000 1986 06 14     8710.00 A
06630000 1986 06 15     7790.00 A
06630000 1986 06 16     7380.00 A
06630000 1986 06 17     7130.00 A
06630000 1986 06 18     6950.00 A
06630000 1986 06 19     7010.00 A
06630000 1986 06 20     7010.00 A
06630000 1986 06 21     6620.00 A
06630000 1986 06 22     6260.00 A
06630000 1986 06 23     5760.00 A
06630000 1986 06 24     5250.00 A
06630000 1986 06 25     4850.00 A
06630000 1986 06 26     4700.00 A
06630000 1986 06 27     4940.00 A
06630000 1986 06 28     5020.00 A
06630000 1986 06 29     5000.00 A
06630000 1986 06 30     4670.00 A
06630000 1986 07 01     4430.00 A
06630000 1986 07 02     4080.00 A
06630000 1986 07 03     3610.00 A
06630000 1986 07 04     3190.00 A
06630000 1986 07 05     3140.00 A
06630000 1986 07 06     3650.00 A
06630000 1986 07 07     3570.00 A
06630000 1986 07 08     3430.00 A
06630000 1986 07 09     3140.00 A
06630000 1986 07 10     2970.00 A
06630000 1986 07 11     2760.00 A
06630000 1986 07 12     2600.00 A
06630000 1986 07 13     2380.00 A
06630000 1986 07 14     2230.00 A
06630000 1986 07 15     2080.00 A
06630000 1986 07 16     2200.00 A
06630000 1986 07 17     2320.00 A
06630000 1986 07 18     2300.00 A
06630000 1986 07 19     2280.00 A
06630000 1986 07 20     2080.00 A
06630000 1986 07 21     1970.00 A
06630000 1986 07 22     1910.00 A
06630000 1986 07 23     1840.00 A
06630000 1986 07 24     1730.00 A
06630000 1986 07 25     1640.00 A
06630000 1986 07 26     1670.00 A
06630000 1986 07 27     1650.00 A
06630000 1986 07 28     1560.00 A
06630000 1986 07 29     1430.00 A
06630000 1986 07 30     1300.00 A
06630000 1986 07 31     1180.00 A
06630000 1986 08 01     1090.00 A
06630000 1986 08 02     1030.00 A
06630000 1986 08 03     982.00 A
06630000 1986 08 04     920.00 A
06630000 1986 08 05     899.00 A
06630000 1986 08 06     869.00 A
06630000 1986 08 07     859.00 A
06630000 1986 08 08     820.00 A
06630000 1986 08 09     800.00 A
06630000 1986 08 10     800.00 A
06630000 1986 08 11     781.00 A
06630000 1986 08 12     753.00 A
06630000 1986 08 13     725.00 A
06630000 1986 08 14     734.00 A
06630000 1986 08 15     689.00 A
06630000 1986 08 16     644.00 A
06630000 1986 08 17     601.00 A
06630000 1986 08 18     568.00 A
06630000 1986 08 19     535.00 A
06630000 1986 08 20     519.00 A
06630000 1986 08 21     535.00 A
06630000 1986 08 22     600.00 A
06630000 1986 08 23     697.00 A
06630000 1986 08 24     716.00 A
06630000 1986 08 25     671.00 A
06630000 1986 08 26     636.00 A
06630000 1986 08 27     610.00 A
06630000 1986 08 28     603.00 A
06630000 1986 08 29     576.00 A
06630000 1986 08 30     706.00 A
06630000 1986 08 31     602.00 A
06630000 1986 09 01     697.00 A
06630000 1986 09 02     734.00 A
06630000 1986 09 03     716.00 A
06630000 1986 09 04     671.00 A
06630000 1986 09 05     614.00 A
06630000 1986 09 06     576.00 A
06630000 1986 09 07     528.00 A
06630000 1986 09 08     488.00 A
06630000 1986 09 09     446.00 A
06630000 1986 09 10     457.00 A
06630000 1986 09 11     488.00 A
06630000 1986 09 12     542.00 A
06630000 1986 09 13     531.00 A
06630000 1986 09 14     488.00 A
06630000 1986 09 15     449.00 A
06630000 1986 09 16     420.00 A
06630000 1986 09 17     402.00 A
06630000 1986 09 18     377.00 A
06630000 1986 09 19     377.00 A
06630000 1986 09 20     377.00 A
06630000 1986 09 21     398.00 A
06630000 1986 09 22     405.00 A
06630000 1986 09 23     435.00 A
06630000 1986 09 24     495.00 A
06630000 1986 09 25     593.00 A
06630000 1986 09 26     679.00 A
06630000 1986 09 27     716.00 A
06630000 1986 09 28     771.00 A
06630000 1986 09 29     826.00 A
06630000 1986 09 30     791.00 A
06630000 1986 10 01     762.00 A
06630000 1986 10 02     772.00 A
06630000 1986 10 03     838.00 A
06630000 1986 10 04     888.00 A
06630000 1986 10 05     909.00 A
06630000 1986 10 06     899.00 A
06630000 1986 10 07     849.00 A
06630000 1986 10 08     800.00 A
06630000 1986 10 09     781.00 A
06630000 1986 10 10     753.00 A
06630000 1986 10 11     744.00 A
06630000 1986 10 12     734.00 A
06630000 1986 10 13     689.00 A
06630000 1986 10 14     671.00 A
06630000 1986 10 15     716.00 A
06630000 1986 10 16     699.00 A
06630000 1986 10 17     689.00 A
06630000 1986 10 18     671.00 A
06630000 1986 10 19     662.00 A
06630000 1986 10 20     653.00 A
06630000 1986 10 21     662.00 A
06630000 1986 10 22     715.00 A
06630000 1986 10 23     828.00 A
06630000 1986 10 24     813.00 A
06630000 1986 10 25     810.00 A
06630000 1986 10 26     829.00 A
06630000 1986 10 27     791.00 A
06630000 1986 10 28     766.00 A
06630000 1986 10 29     762.00 A
06630000 1986 10 30     744.00 A
06630000 1986 10 31     753.00 A
06630000 1986 11 01     800.00 A
06630000 1986 11 02     791.00 A
06630000 1986 11 03     744.00 A
06630000 1986 11 04     791.00 A
06630000 1986 11 05     829.00 A
06630000 1986 11 06     773.00 A
06630000 1986 11 07     810.00 A
06630000 1986 11 08     770.00 A
06630000 1986 11 09     700.00 A
06630000 1986 11 10     500.00 A
06630000 1986 11 11     460.00 A
06630000 1986 11 12     475.00 A
06630000 1986 11 13     560.00 A
06630000 1986 11 14     635.00 A
06630000 1986 11 15     780.00 A
06630000 1986 11 16     878.00 A
06630000 1986 11 17     889.00 A
06630000 1986 11 18     870.00 A
06630000 1986 11 19     764.00 A
06630000 1986 11 20     856.00 A
06630000 1986 11 21     773.00 A
06630000 1986 11 22     858.00 A
06630000 1986 11 23     884.00 A
06630000 1986 11 24     718.00 A
06630000 1986 11 25     680.00 A
06630000 1986 11 26     812.00 A
06630000 1986 11 27     820.00 A
06630000 1986 11 28     708.00 A
06630000 1986 11 29     655.00 A
06630000 1986 11 30     743.00 A
06630000 1986 12 01     650.00 A
06630000 1986 12 02     560.00 A
06630000 1986 12 03     595.00 A
06630000 1986 12 04     635.00 A
06630000 1986 12 05     670.00 A
06630000 1986 12 06     700.00 A
06630000 1986 12 07     660.00 A
06630000 1986 12 08     600.00 A
06630000 1986 12 09     395.00 A
06630000 1986 12 10     285.00 A
06630000 1986 12 11     340.00 A
06630000 1986 12 12     390.00 A
06630000 1986 12 13     425.00 A
06630000 1986 12 14     490.00 A
06630000 1986 12 15     535.00 A
06630000 1986 12 16     545.00 A
06630000 1986 12 17     500.00 A
06630000 1986 12 18     445.00 A
06630000 1986 12 19     390.00 A
06630000 1986 12 20     410.00 A
06630000 1986 12 21     425.00 A
06630000 1986 12 22     397.00 A
06630000 1986 12 23     372.00 A
06630000 1986 12 24     348.00 A
06630000 1986 12 25     320.00 A
06630000 1986 12 26     300.00 A
06630000 1986 12 27     310.00 A
06630000 1986 12 28     318.00 A
06630000 1986 12 29     324.00 A
06630000 1986 12 30     318.00 A
06630000 1986 12 31     298.00 A
06630000 1987 01 01     282.00 A
06630000 1987 01 02     292.00 A
06630000 1987 01 03     300.00 A
06630000 1987 01 04     298.00 A
06630000 1987 01 05     318.00 A
06630000 1987 01 06     350.00 A
06630000 1987 01 07     375.00 A
06630000 1987 01 08     335.00 A
06630000 1987 01 09     300.00 A
06630000 1987 01 10     276.00 A
06630000 1987 01 11     278.00 A
06630000 1987 01 12     298.00 A
06630000 1987 01 13     318.00 A
06630000 1987 01 14     295.00 A
06630000 1987 01 15     270.00 A
06630000 1987 01 16     248.00 A
06630000 1987 01 17     260.00 A
06630000 1987 01 18     270.00 A
06630000 1987 01 19     280.00 A
06630000 1987 01 20     268.00 A
06630000 1987 01 21     287.00 A
06630000 1987 01 22     302.00 A
06630000 1987 01 23     310.00 A
06630000 1987 01 24     320.00 A
06630000 1987 01 25     333.00 A
06630000 1987 01 26     335.00 A
06630000 1987 01 27     357.00 A
06630000 1987 01 28     360.00 A
06630000 1987 01 29     360.00 A
06630000 1987 01 30     356.00 A
06630000 1987 01 31     350.00 A
06630000 1987 02 01     370.00 A
06630000 1987 02 02     363.00 A
06630000 1987 02 03     373.00 A
06630000 1987 02 04     390.00 A
06630000 1987 02 05     400.00 A
06630000 1987 02 06     412.00 A
06630000 1987 02 07     425.00 A
06630000 1987 02 08     440.00 A
06630000 1987 02 09     455.00 A
06630000 1987 02 10     485.00 A
06630000 1987 02 11     533.00 A
06630000 1987 02 12     553.00 A
06630000 1987 02 13     560.00 A
06630000 1987 02 14     555.00 A
06630000 1987 02 15     550.00 A
06630000 1987 02 16     542.00 A
06630000 1987 02 17     537.00 A
06630000 1987 02 18     525.00 A
06630000 1987 02 19     507.00 A
06630000 1987 02 20     480.00 A
06630000 1987 02 21     465.00 A
06630000 1987 02 22     450.00 A
06630000 1987 02 23     433.00 A
06630000 1987 02 24     445.00 A
06630000 1987 02 25     435.00 A
06630000 1987 02 26     428.00 A
06630000 1987 02 27     420.00 A
06630000 1987 02 28     412.00 A
06630000 1987 03 01     400.00 A
06630000 1987 03 02     420.00 A
06630000 1987 03 03     450.00 A
06630000 1987 03 04     486.00 A
06630000 1987 03 05     535.00 A
06630000 1987 03 06     585.00 A
06630000 1987 03 07     635.00 A
06630000 1987 03 08     670.00 A
06630000 1987 03 09     670.00 A
06630000 1987 03 10     650.00 A
06630000 1987 03 11     640.00 A
06630000 1987 03 12     690.00 A
06630000 1987 03 13     745.00 A
06630000 1987 03 14     805.00 A
06630000 1987 03 15     860.00 A
06630000 1987 03 16     800.00 A
06630000 1987 03 17     780.00 A
06630000 1987 03 18     755.00 A
06630000 1987 03 19     710.00 A
06630000 1987 03 20     690.00 A
06630000 1987 03 21     685.00 A
06630000 1987 03 22     655.00 A
06630000 1987 03 23     615.00 A
06630000 1987 03 24     604.00 A
06630000 1987 03 25     570.00 A
06630000 1987 03 26     569.00 A
06630000 1987 03 27     545.00 A
06630000 1987 03 28     520.00 A
06630000 1987 03 29     435.00 A
06630000 1987 03 30     445.00 A
06630000 1987 03 31     475.00 A
06630000 1987 04 01     530.00 A
06630000 1987 04 02     601.00 A
06630000 1987 04 03     619.00 A
06630000 1987 04 04     653.00 A
06630000 1987 04 05     808.00 A
06630000 1987 04 06     898.00 A
06630000 1987 04 07     970.00 A
06630000 1987 04 08     1060.00 A
06630000 1987 04 09     1140.00 A
06630000 1987 04 10     1280.00 A
06630000 1987 04 11     1190.00 A
06630000 1987 04 12     1200.00 A
06630000 1987 04 13     1200.00 A
06630000 1987 04 14     983.00 A
06630000 1987 04 15     860.00 A
06630000 1987 04 16     999.00 A
06630000 1987 04 17     1350.00 A
06630000 1987 04 18     1710.00 A
06630000 1987 04 19     1880.00 A
06630000 1987 04 20     2050.00 A
06630000 1987 04 21     1910.00 A
06630000 1987 04 22     1690.00 A
06630000 1987 04 23     1540.00 A
06630000 1987 04 24     1680.00 A
06630000 1987 04 25     1940.00 A
06630000 1987 04 26     2120.00 A
06630000 1987 04 27     2170.00 A
06630000 1987 04 28     2220.00 A
06630000 1987 04 29     2470.00 A
06630000 1987 04 30     2530.00 A
06630000 1987 05 01     2600.00 A
06630000 1987 05 02     2760.00 A
06630000 1987 05 03     2640.00 A
06630000 1987 05 04     2300.00 A
06630000 1987 05 05     2030.00 A
06630000 1987 05 06     1840.00 A
06630000 1987 05 07     1750.00 A
06630000 1987 05 08     1690.00 A
06630000 1987 05 09     1550.00 A
06630000 1987 05 10     1540.00 A
06630000 1987 05 11     1600.00 A
06630000 1987 05 12     1640.00 A
06630000 1987 05 13     1910.00 A
06630000 1987 05 14     1910.00 A
06630000 1987 05 15     1820.00 A
06630000 1987 05 16     1830.00 A
06630000 1987 05 17     1980.00 A
06630000 1987 05 18     2200.00 A
06630000 1987 05 19     2210.00 A
06630000 1987 05 20     2150.00 A
06630000 1987 05 21     2170.00 A
06630000 1987 05 22     2110.00 A
06630000 1987 05 23     2000.00 A
06630000 1987 05 24     1980.00 A
06630000 1987 05 25     1950.00 A
06630000 1987 05 26     1910.00 A
06630000 1987 05 27     1730.00 A
06630000 1987 05 28     1640.00 A
06630000 1987 05 29     1540.00 A
06630000 1987 05 30     1440.00 A
06630000 1987 05 31     1300.00 A
06630000 1987 06 01     1150.00 A
06630000 1987 06 02     1020.00 A
06630000 1987 06 03     891.00 A
06630000 1987 06 04     823.00 A
06630000 1987 06 05     767.00 A
06630000 1987 06 06     758.00 A
06630000 1987 06 07     788.00 A
06630000 1987 06 08     867.00 A
06630000 1987 06 09     1450.00 A
06630000 1987 06 10     2060.00 A
06630000 1987 06 11     1850.00 A
06630000 1987 06 12     1620.00 A
06630000 1987 06 13     1390.00 A
06630000 1987 06 14     1210.00 A
06630000 1987 06 15     1090.00 A
06630000 1987 06 16     994.00 A
06630000 1987 06 17     891.00 A
06630000 1987 06 18     792.00 A
06630000 1987 06 19     735.00 A
06630000 1987 06 20     663.00 A
06630000 1987 06 21     602.00 A
06630000 1987 06 22     553.00 A
06630000 1987 06 23     512.00 A
06630000 1987 06 24     482.00 A
06630000 1987 06 25     452.00 A
06630000 1987 06 26     431.00 A
06630000 1987 06 27     396.00 A
06630000 1987 06 28     356.00 A
06630000 1987 06 29     333.00 A
06630000 1987 06 30     311.00 A
06630000 1987 07 01     361.00 A
06630000 1987 07 02     456.00 A
06630000 1987 07 03     470.00 A
06630000 1987 07 04     444.00 A
06630000 1987 07 05     433.00 A
06630000 1987 07 06     409.00 A
06630000 1987 07 07     371.00 A
06630000 1987 07 08     342.00 A
06630000 1987 07 09     330.00 A
06630000 1987 07 10     330.00 A
06630000 1987 07 11     311.00 A
06630000 1987 07 12     308.00 A
06630000 1987 07 13     371.00 A
06630000 1987 07 14     518.00 A
06630000 1987 07 15     576.00 A
06630000 1987 07 16     506.00 A
06630000 1987 07 17     427.00 A
06630000 1987 07 18     405.00 A
06630000 1987 07 19     600.00 A
06630000 1987 07 20     428.00 A
06630000 1987 07 21     373.00 A
06630000 1987 07 22     346.00 A
06630000 1987 07 23     319.00 A
06630000 1987 07 24     313.00 A
06630000 1987 07 25     302.00 A
06630000 1987 07 26     297.00 A
06630000 1987 07 27     297.00 A
06630000 1987 07 28     292.00 A
06630000 1987 07 29     319.00 A
06630000 1987 07 30     446.00 A
06630000 1987 07 31     433.00 A
06630000 1987 08 01     461.00 A
06630000 1987 08 02     483.00 A
06630000 1987 08 03     468.00 A
06630000 1987 08 04     406.00 A
06630000 1987 08 05     347.00 A
06630000 1987 08 06     308.00 A
06630000 1987 08 07     286.00 A
06630000 1987 08 08     295.00 A
06630000 1987 08 09     341.00 A
06630000 1987 08 10     302.00 A
06630000 1987 08 11     281.00 A
06630000 1987 08 12     276.00 A
06630000 1987 08 13     255.00 A
06630000 1987 08 14     245.00 A
06630000 1987 08 15     240.00 A
06630000 1987 08 16     250.00 A
06630000 1987 08 17     250.00 A
06630000 1987 08 18     255.00 A
06630000 1987 08 19     245.00 A
06630000 1987 08 20     230.00 A
06630000 1987 08 21     205.00 A
06630000 1987 08 22     227.00 A
06630000 1987 08 23     210.00 A
06630000 1987 08 24     230.00 A
06630000 1987 08 25     235.00 A
06630000 1987 08 26     291.00 A
06630000 1987 08 27     324.00 A
06630000 1987 08 28     313.00 A
06630000 1987 08 29     286.00 A
06630000 1987 08 30     255.00 A
06630000 1987 08 31     245.00 A
06630000 1987 09 01     230.00 A
06630000 1987 09 02     215.00 A
06630000 1987 09 03     200.00 A
06630000 1987 09 04     205.00 A
06630000 1987 09 05     225.00 A
06630000 1987 09 06     210.00 A
06630000 1987 09 07     200.00 A
06630000 1987 09 08     190.00 A
06630000 1987 09 09     180.00 A
06630000 1987 09 10     183.00 A
06630000 1987 09 11     191.00 A
06630000 1987 09 12     177.00 A
06630000 1987 09 13     154.00 A
06630000 1987 09 14     150.00 A
06630000 1987 09 15     153.00 A
06630000 1987 09 16     150.00 A
06630000 1987 09 17     168.00 A
06630000 1987 09 18     173.00 A
06630000 1987 09 19     172.00 A
06630000 1987 09 20     186.00 A
06630000 1987 09 21     195.00 A
06630000 1987 09 22     196.00 A
06630000 1987 09 23     186.00 A
06630000 1987 09 24     172.00 A
06630000 1987 09 25     163.00 A
06630000 1987 09 26     154.00 A
06630000 1987 09 27     150.00 A
06630000 1987 09 28     150.00 A
06630000 1987 09 29     150.00 A
06630000 1987 09 30     154.00 A
06630000 1987 10 01     154.00 A
06630000 1987 10 02     159.00 A
06630000 1987 10 03     163.00 A
06630000 1987 10 04     163.00 A
06630000 1987 10 05     168.00 A
06630000 1987 10 06     172.00 A
06630000 1987 10 07     172.00 A
06630000 1987 10 08     172.00 A
06630000 1987 10 09     172.00 A
06630000 1987 10 10     172.00 A
06630000 1987 10 11     177.00 A
06630000 1987 10 12     182.00 A
06630000 1987 10 13     200.00 A
06630000 1987 10 14     254.00 A
06630000 1987 10 15     297.00 A
06630000 1987 10 16     302.00 A
06630000 1987 10 17     308.00 A
06630000 1987 10 18     324.00 A
06630000 1987 10 19     308.00 A
06630000 1987 10 20     292.00 A
06630000 1987 10 21     276.00 A
06630000 1987 10 22     260.00 A
06630000 1987 10 23     255.00 A
06630000 1987 10 24     265.00 A
06630000 1987 10 25     271.00 A
06630000 1987 10 26     286.00 A
06630000 1987 10 27     313.00 A
06630000 1987 10 28     313.00 A
06630000 1987 10 29     313.00 A
06630000 1987 10 30     313.00 A
06630000 1987 10 31     319.00 A
06630000 1987 11 01     335.00 A
06630000 1987 11 02     352.00 A
06630000 1987 11 03     358.00 A
06630000 1987 11 04     385.00 A
06630000 1987 11 05     385.00 A
06630000 1987 11 06     372.00 A
06630000 1987 11 07     352.00 A
06630000 1987 11 08     341.00 A
06630000 1987 11 09     330.00 A
06630000 1987 11 10     313.00 A
06630000 1987 11 11     286.00 A
06630000 1987 11 12     281.00 A
06630000 1987 11 13     297.00 A
06630000 1987 11 14     281.00 A
06630000 1987 11 15     340.00 A
06630000 1987 11 16     330.00 A
06630000 1987 11 17     270.00 A
06630000 1987 11 18     248.00 A
06630000 1987 11 19     290.00 A
06630000 1987 11 20     340.00 A
06630000 1987 11 21     373.00 A
06630000 1987 11 22     386.00 A
06630000 1987 11 23     390.00 A
06630000 1987 11 24     390.00 A
06630000 1987 11 25     380.00 A
06630000 1987 11 26     360.00 A
06630000 1987 11 27     345.00 A
06630000 1987 11 28     333.00 A
06630000 1987 11 29     320.00 A
06630000 1987 11 30     307.00 A
06630000 1987 12 01     325.00 A
06630000 1987 12 02     352.00 A
06630000 1987 12 03     390.00 A
06630000 1987 12 04     435.00 A
06630000 1987 12 05     477.00 A
06630000 1987 12 06     503.00 A
06630000 1987 12 07     520.00 A
06630000 1987 12 08     502.00 A
06630000 1987 12 09     480.00 A
06630000 1987 12 10     520.00 A
06630000 1987 12 11     487.00 A
06630000 1987 12 12     437.00 A
06630000 1987 12 13     363.00 A
06630000 1987 12 14     310.00 A
06630000 1987 12 15     320.00 A
06630000 1987 12 16     346.00 A
06630000 1987 12 17     370.00 A
06630000 1987 12 18     350.00 A
06630000 1987 12 19     337.00 A
06630000 1987 12 20     327.00 A
06630000 1987 12 21     337.00 A
06630000 1987 12 22     347.00 A
06630000 1987 12 23     315.00 A
06630000 1987 12 24     272.00 A
06630000 1987 12 25     247.00 A
06630000 1987 12 26     230.00 A
06630000 1987 12 27     241.00 A
06630000 1987 12 28     253.00 A
06630000 1987 12 29     257.00 A
06630000 1987 12 30     258.00 A
06630000 1987 12 31     260.00 A
06630000 1988 01 01     252.00 A
06630000 1988 01 02     246.00 A
06630000 1988 01 03     242.00 A
06630000 1988 01 04     240.00 A
06630000 1988 01 05     232.00 A
06630000 1988 01 06     238.00 A
06630000 1988 01 07     240.00 A
06630000 1988 01 08     248.00 A
06630000 1988 01 09     256.00 A
06630000 1988 01 10     264.00 A
06630000 1988 01 11     272.00 A
06630000 1988 01 12     277.00 A
06630000 1988 01 13     275.00 A
06630000 1988 01 14     278.00 A
06630000 1988 01 15     290.00 A
06630000 1988 01 16     288.00 A
06630000 1988 01 17     291.00 A
06630000 1988 01 18     293.00 A
06630000 1988 01 19     300.00 A
06630000 1988 01 20     300.00 A
06630000 1988 01 21     312.00 A
06630000 1988 01 22     313.00 A
06630000 1988 01 23     312.00 A
06630000 1988 01 24     307.00 A
06630000 1988 01 25     304.00 A
06630000 1988 01 26     311.00 A
06630000 1988 01 27     323.00 A
06630000 1988 01 28     350.00 A
06630000 1988 01 29     363.00 A
06630000 1988 01 30     370.00 A
06630000 1988 01 31     370.00 A
06630000 1988 02 01     368.00 A
06630000 1988 02 02     353.00 A
06630000 1988 02 03     350.00 A
06630000 1988 02 04     355.00 A
06630000 1988 02 05     360.00 A
06630000 1988 02 06     367.00 A
06630000 1988 02 07     370.00 A
06630000 1988 02 08     373.00 A
06630000 1988 02 09     378.00 A
06630000 1988 02 10     383.00 A
06630000 1988 02 11     383.00 A
06630000 1988 02 12     388.00 A
06630000 1988 02 13     382.00 A
06630000 1988 02 14     373.00 A
06630000 1988 02 15     366.00 A
06630000 1988 02 16     359.00 A
06630000 1988 02 17     352.00 A
06630000 1988 02 18     350.00 A
06630000 1988 02 19     350.00 A
06630000 1988 02 20     363.00 A
06630000 1988 02 21     383.00 A
06630000 1988 02 22     390.00 A
06630000 1988 02 23     400.00 A
06630000 1988 02 24     393.00 A
06630000 1988 02 25     367.00 A
06630000 1988 02 26     356.00 A
06630000 1988 02 27     363.00 A
06630000 1988 02 28     370.00 A
06630000 1988 02 29     373.00 A
06630000 1988 03 01     384.00 A
06630000 1988 03 02     394.00 A
06630000 1988 03 03     403.00 A
06630000 1988 03 04     393.00 A
06630000 1988 03 05     378.00 A
06630000 1988 03 06     382.00 A
06630000 1988 03 07     392.00 A
06630000 1988 03 08     370.00 A
06630000 1988 03 09     362.00 A
06630000 1988 03 10     358.00 A
06630000 1988 03 11     340.00 A
06630000 1988 03 12     337.00 A
06630000 1988 03 13     327.00 A
06630000 1988 03 14     322.00 A
06630000 1988 03 15     337.00 A
06630000 1988 03 16     322.00 A
06630000 1988 03 17     330.00 A
06630000 1988 03 18     340.00 A
06630000 1988 03 19     360.00 A
06630000 1988 03 20     400.00 A
06630000 1988 03 21     535.00 A
06630000 1988 03 22     705.00 A
06630000 1988 03 23     830.00 A
06630000 1988 03 24     735.00 A
06630000 1988 03 25     615.00 A
06630000 1988 03 26     780.00 A
06630000 1988 03 27     1150.00 A
06630000 1988 03 28     1500.00 A
06630000 1988 03 29     1210.00 A
06630000 1988 03 30     892.00 A
06630000 1988 03 31     709.00 A
06630000 1988 04 01     848.00 A
06630000 1988 04 02     716.00 A
06630000 1988 04 03     716.00 A
06630000 1988 04 04     887.00 A
06630000 1988 04 05     970.00 A
06630000 1988 04 06     890.00 A
06630000 1988 04 07     970.00 A
06630000 1988 04 08     1580.00 A
06630000 1988 04 09     1900.00 A
06630000 1988 04 10     1630.00 A
06630000 1988 04 11     1390.00 A
06630000 1988 04 12     1400.00 A
06630000 1988 04 13     1840.00 A
06630000 1988 04 14     2380.00 A
06630000 1988 04 15     3320.00 A
06630000 1988 04 16     3710.00 A
06630000 1988 04 17     4220.00 A
06630000 1988 04 18     4190.00 A
06630000 1988 04 19     3970.00 A
06630000 1988 04 20     3440.00 A
06630000 1988 04 21     3430.00 A
06630000 1988 04 22     3410.00 A
06630000 1988 04 23     3190.00 A
06630000 1988 04 24     2690.00 A
06630000 1988 04 25     2240.00 A
06630000 1988 04 26     1980.00 A
06630000 1988 04 27     1720.00 A
06630000 1988 04 28     1560.00 A
06630000 1988 04 29     1540.00 A
06630000 1988 04 30     1630.00 A
06630000 1988 05 01     1940.00 A
06630000 1988 05 02     2490.00 A
06630000 1988 05 03     2610.00 A
06630000 1988 05 04     2470.00 A
06630000 1988 05 05     2230.00 A
06630000 1988 05 06     2050.00 A
06630000 1988 05 07     2110.00 A
06630000 1988 05 08     2100.00 A
06630000 1988 05 09     2020.00 A
06630000 1988 05 10     1870.00 A
06630000 1988 05 11     1820.00 A
06630000 1988 05 12     1810.00 A
06630000 1988 05 13     1980.00 A
06630000 1988 05 14     2390.00 A
06630000 1988 05 15     2940.00 A
06630000 1988 05 16     3450.00 A
06630000 1988 05 17     3960.00 A
06630000 1988 05 18     4460.00 A
06630000 1988 05 19     5460.00 A
06630000 1988 05 20     6160.00 A
06630000 1988 05 21     5580.00 A
06630000 1988 05 22     4870.00 A
06630000 1988 05 23     3980.00 A
06630000 1988 05 24     3340.00 A
06630000 1988 05 25     3050.00 A
06630000 1988 05 26     3090.00 A
06630000 1988 05 27     3450.00 A
06630000 1988 05 28     3890.00 A
06630000 1988 05 29     4360.00 A
06630000 1988 05 30     4870.00 A
06630000 1988 05 31     4960.00 A
06630000 1988 06 01     4260.00 A
06630000 1988 06 02     3800.00 A
06630000 1988 06 03     3550.00 A
06630000 1988 06 04     3680.00 A
06630000 1988 06 05     4220.00 A
06630000 1988 06 06     4930.00 A
06630000 1988 06 07     5430.00 A
06630000 1988 06 08     5690.00 A
06630000 1988 06 09     5530.00 A
06630000 1988 06 10     5220.00 A
06630000 1988 06 11     5060.00 A
06630000 1988 06 12     4980.00 A
06630000 1988 06 13     4670.00 A
06630000 1988 06 14     4340.00 A
06630000 1988 06 15     3870.00 A
06630000 1988 06 16     3500.00 A
06630000 1988 06 17     3330.00 A
06630000 1988 06 18     3240.00 A
06630000 1988 06 19     3100.00 A
06630000 1988 06 20     3000.00 A
06630000 1988 06 21     2970.00 A
06630000 1988 06 22     2850.00 A
06630000 1988 06 23     2770.00 A
06630000 1988 06 24     2530.00 A
06630000 1988 06 25     2330.00 A
06630000 1988 06 26     2100.00 A
06630000 1988 06 27     1980.00 A
06630000 1988 06 28     1810.00 A
06630000 1988 06 29     2200.00 A
06630000 1988 06 30     2360.00 A
06630000 1988 07 01     1840.00 A
06630000 1988 07 02     1580.00 A
06630000 1988 07 03     1340.00 A
06630000 1988 07 04     1240.00 A
06630000 1988 07 05     1220.00 A
06630000 1988 07 06     1120.00 A
06630000 1988 07 07     1030.00 A
06630000 1988 07 08     950.00 A
06630000 1988 07 09     889.00 A
06630000 1988 07 10     829.00 A
06630000 1988 07 11     781.00 A
06630000 1988 07 12     810.00 A
06630000 1988 07 13     772.00 A
06630000 1988 07 14     689.00 A
06630000 1988 07 15     611.00 A
06630000 1988 07 16     569.00 A
06630000 1988 07 17     545.00 A
06630000 1988 07 18     533.00 A
06630000 1988 07 19     517.00 A
06630000 1988 07 20     498.00 A
06630000 1988 07 21     472.00 A
06630000 1988 07 22     450.00 A
06630000 1988 07 23     426.00 A
06630000 1988 07 24     402.00 A
06630000 1988 07 25     375.00 A
06630000 1988 07 26     346.00 A
06630000 1988 07 27     330.00 A
06630000 1988 07 28     313.00 A
06630000 1988 07 29     335.00 A
06630000 1988 07 30     335.00 A
06630000 1988 07 31     355.00 A
06630000 1988 08 01     358.00 A
06630000 1988 08 02     358.00 A
06630000 1988 08 03     378.00 A
06630000 1988 08 04     378.00 A
06630000 1988 08 05     365.00 A
06630000 1988 08 06     330.00 A
06630000 1988 08 07     324.00 A
06630000 1988 08 08     319.00 A
06630000 1988 08 09     302.00 A
06630000 1988 08 10     281.00 A
06630000 1988 08 11     258.00 A
06630000 1988 08 12     240.00 A
06630000 1988 08 13     225.00 A
06630000 1988 08 14     220.00 A
06630000 1988 08 15     205.00 A
06630000 1988 08 16     200.00 A
06630000 1988 08 17     196.00 A
06630000 1988 08 18     210.00 A
06630000 1988 08 19     205.00 A
06630000 1988 08 20     225.00 A
06630000 1988 08 21     208.00 A
06630000 1988 08 22     220.00 A
06630000 1988 08 23     230.00 A
06630000 1988 08 24     220.00 A
06630000 1988 08 25     205.00 A
06630000 1988 08 26     191.00 A
06630000 1988 08 27     172.00 A
06630000 1988 08 28     168.00 A
06630000 1988 08 29     146.00 A
06630000 1988 08 30     131.00 A
06630000 1988 08 31     131.00 A
06630000 1988 09 01     115.00 A
06630000 1988 09 02     116.00 A
06630000 1988 09 03     113.00 A
06630000 1988 09 04     92.00 A
06630000 1988 09 05     95.00 A
06630000 1988 09 06     99.00 A
06630000 1988 09 07     99.00 A
06630000 1988 09 08     85.00 A
06630000 1988 09 09     75.00 A
06630000 1988 09 10     81.00 A
06630000 1988 09 11     99.00 A
06630000 1988 09 12     116.00 A
06630000 1988 09 13     163.00 A
06630000 1988 09 14     240.00 A
06630000 1988 09 15     240.00 A
06630000 1988 09 16     240.00 A
06630000 1988 09 17     281.00 A
06630000 1988 09 18     271.00 A
06630000 1988 09 19     250.00 A
06630000 1988 09 20     230.00 A
06630000 1988 09 21     240.00 A
06630000 1988 09 22     220.00 A
06630000 1988 09 23     210.00 A
06630000 1988 09 24     217.00 A
06630000 1988 09 25     225.00 A
06630000 1988 09 26     220.00 A
06630000 1988 09 27     210.00 A
06630000 1988 09 28     205.00 A
06630000 1988 09 29     215.00 A
06630000 1988 09 30     230.00 A
06630000 1988 10 01     240.00 A
06630000 1988 10 02     245.00 A
06630000 1988 10 03     250.00 A
06630000 1988 10 04     250.00 A
06630000 1988 10 05     250.00 A
06630000 1988 10 06     245.00 A
06630000 1988 10 07     245.00 A
06630000 1988 10 08     245.00 A
06630000 1988 10 09     245.00 A
06630000 1988 10 10     250.00 A
06630000 1988 10 11     250.00 A
06630000 1988 10 12     250.00 A
06630000 1988 10 13     240.00 A
06630000 1988 10 14     235.00 A
06630000 1988 10 15     235.00 A
06630000 1988 10 16     235.00 A
06630000 1988 10 17     230.00 A
06630000 1988 10 18     230.00 A
06630000 1988 10 19     230.00 A
06630000 1988 10 20     227.00 A
06630000 1988 10 21     233.00 A
06630000 1988 10 22     245.00 A
06630000 1988 10 23     250.00 A
06630000 1988 10 24     251.00 A
06630000 1988 10 25     247.00 A
06630000 1988 10 26     244.00 A
06630000 1988 10 27     257.00 A
06630000 1988 10 28     244.00 A
06630000 1988 10 29     236.00 A
06630000 1988 10 30     234.00 A
06630000 1988 10 31     243.00 A
06630000 1988 11 01     245.00 A
06630000 1988 11 02     247.00 A
06630000 1988 11 03     252.00 A
06630000 1988 11 04     261.00 A
06630000 1988 11 05     279.00 A
06630000 1988 11 06     285.00 A
06630000 1988 11 07     283.00 A
06630000 1988 11 08     284.00 A
06630000 1988 11 09     293.00 A
06630000 1988 11 10     314.00 A
06630000 1988 11 11     314.00 A
06630000 1988 11 12     329.00 A
06630000 1988 11 13     349.00 A
06630000 1988 11 14     358.00 A
06630000 1988 11 15     382.00 A
06630000 1988 11 16     396.00 A
06630000 1988 11 17     376.00 A
06630000 1988 11 18     352.00 A
06630000 1988 11 19     338.00 A
06630000 1988 11 20     312.00 A
06630000 1988 11 21     340.00 A
06630000 1988 11 22     358.00 A
06630000 1988 11 23     400.00 A
06630000 1988 11 24     385.00 A
06630000 1988 11 25     364.00 A
06630000 1988 11 26     342.00 A
06630000 1988 11 27     333.00 A
06630000 1988 11 28     345.00 A
06630000 1988 11 29     333.00 A
06630000 1988 11 30     343.00 A
06630000 1988 12 01     367.00 A
06630000 1988 12 02     390.00 A
06630000 1988 12 03     390.00 A
06630000 1988 12 04     370.00 A
06630000 1988 12 05     390.00 A
06630000 1988 12 06     380.00 A
06630000 1988 12 07     368.00 A
06630000 1988 12 08     368.00 A
06630000 1988 12 09     363.00 A
06630000 1988 12 10     348.00 A
06630000 1988 12 11     374.00 A
06630000 1988 12 12     370.00 A
06630000 1988 12 13     360.00 A
06630000 1988 12 14     377.00 A
06630000 1988 12 15     367.00 A
06630000 1988 12 16     350.00 A
06630000 1988 12 17     335.00 A
06630000 1988 12 18     325.00 A
06630000 1988 12 19     350.00 A
06630000 1988 12 20     355.00 A
06630000 1988 12 21     338.00 A
06630000 1988 12 22     320.00 A
06630000 1988 12 23     310.00 A
06630000 1988 12 24     298.00 A
06630000 1988 12 25     292.00 A
06630000 1988 12 26     290.00 A
06630000 1988 12 27     298.00 A
06630000 1988 12 28     303.00 A
06630000 1988 12 29     314.00 A
06630000 1988 12 30     320.00 A
06630000 1988 12 31     315.00 A
06630000 1989 01 01     305.00 A
06630000 1989 01 02     327.00 A
06630000 1989 01 03     333.00 A
06630000 1989 01 04     328.00 A
06630000 1989 01 05     317.00 A
06630000 1989 01 06     302.00 A
06630000 1989 01 07     294.00 A
06630000 1989 01 08     288.00 A
06630000 1989 01 09     306.00 A
06630000 1989 01 10     290.00 A
06630000 1989 01 11     284.00 A
06630000 1989 01 12     272.00 A
06630000 1989 01 13     262.00 A
06630000 1989 01 14     273.00 A
06630000 1989 01 15     277.00 A
06630000 1989 01 16     283.00 A
06630000 1989 01 17     287.00 A
06630000 1989 01 18     292.00 A
06630000 1989 01 19     286.00 A
06630000 1989 01 20     287.00 A
06630000 1989 01 21     290.00 A
06630000 1989 01 22     295.00 A
06630000 1989 01 23     292.00 A
06630000 1989 01 24     294.00 A
06630000 1989 01 25     288.00 A
06630000 1989 01 26     302.00 A
06630000 1989 01 27     312.00 A
06630000 1989 01 28     318.00 A
06630000 1989 01 29     320.00 A
06630000 1989 01 30     320.00 A
06630000 1989 01 31     327.00 A
06630000 1989 02 01     320.00 A
06630000 1989 02 02     305.00 A
06630000 1989 02 03     274.00 A
06630000 1989 02 04     238.00 A
06630000 1989 02 05     228.00 A
06630000 1989 02 06     238.00 A
06630000 1989 02 07     242.00 A
06630000 1989 02 08     255.00 A
06630000 1989 02 09     263.00 A
06630000 1989 02 10     287.00 A
06630000 1989 02 11     306.00 A
06630000 1989 02 12     307.00 A
06630000 1989 02 13     293.00 A
06630000 1989 02 14     292.00 A
06630000 1989 02 15     303.00 A
06630000 1989 02 16     320.00 A
06630000 1989 02 17     330.00 A
06630000 1989 02 18     347.00 A
06630000 1989 02 19     363.00 A
06630000 1989 02 20     353.00 A
06630000 1989 02 21     343.00 A
06630000 1989 02 22     333.00 A
06630000 1989 02 23     340.00 A
06630000 1989 02 24     358.00 A
06630000 1989 02 25     370.00 A
06630000 1989 02 26     370.00 A
06630000 1989 02 27     357.00 A
06630000 1989 02 28     348.00 A
06630000 1989 03 01     340.00 A
06630000 1989 03 02     350.00 A
06630000 1989 03 03     357.00 A
06630000 1989 03 04     348.00 A
06630000 1989 03 05     328.00 A
06630000 1989 03 06     324.00 A
06630000 1989 03 07     350.00 A
06630000 1989 03 08     420.00 A
06630000 1989 03 09     545.00 A
06630000 1989 03 10     1100.00 A
06630000 1989 03 11     1900.00 A
06630000 1989 03 12     1550.00 A
06630000 1989 03 13     1270.00 A
06630000 1989 03 14     1100.00 A
06630000 1989 03 15     1300.00 A
06630000 1989 03 16     1480.00 A
06630000 1989 03 17     1350.00 A
06630000 1989 03 18     1250.00 A
06630000 1989 03 19     1200.00 A
06630000 1989 03 20     1050.00 A
06630000 1989 03 21     1000.00 A
06630000 1989 03 22     975.00 A
06630000 1989 03 23     955.00 A
06630000 1989 03 24     987.00 A
06630000 1989 03 25     1010.00 A
06630000 1989 03 26     1040.00 A
06630000 1989 03 27     1100.00 A
06630000 1989 03 28     1160.00 A
06630000 1989 03 29     1160.00 A
06630000 1989 03 30     1250.00 A
06630000 1989 03 31     1110.00 A
06630000 1989 04 01     947.00 A
06630000 1989 04 02     933.00 A
06630000 1989 04 03     913.00 A
06630000 1989 04 04     852.00 A
06630000 1989 04 05     752.00 A
06630000 1989 04 06     675.00 A
06630000 1989 04 07     705.00 A
06630000 1989 04 08     822.00 A
06630000 1989 04 09     1080.00 A
06630000 1989 04 10     1140.00 A
06630000 1989 04 11     982.00 A
06630000 1989 04 12     884.00 A
06630000 1989 04 13     859.00 A
06630000 1989 04 14     843.00 A
06630000 1989 04 15     889.00 A
06630000 1989 04 16     950.00 A
06630000 1989 04 17     1080.00 A
06630000 1989 04 18     1220.00 A
06630000 1989 04 19     1370.00 A
06630000 1989 04 20     1470.00 A
06630000 1989 04 21     1550.00 A
06630000 1989 04 22     1670.00 A
06630000 1989 04 23     1780.00 A
06630000 1989 04 24     1900.00 A
06630000 1989 04 25     1850.00 A
06630000 1989 04 26     1790.00 A
06630000 1989 04 27     1710.00 A
06630000 1989 04 28     1560.00 A
06630000 1989 04 29     1340.00 A
06630000 1989 04 30     1170.00 A
06630000 1989 05 01     1020.00 A
06630000 1989 05 02     895.00 A
06630000 1989 05 03     840.00 A
06630000 1989 05 04     772.00 A
06630000 1989 05 05     693.00 A
06630000 1989 05 06     656.00 A
06630000 1989 05 07     730.00 A
06630000 1989 05 08     857.00 A
06630000 1989 05 09     1030.00 A
06630000 1989 05 10     1140.00 A
06630000 1989 05 11     1350.00 A
06630000 1989 05 12     1440.00 A
06630000 1989 05 13     1610.00 A
06630000 1989 05 14     1440.00 A
06630000 1989 05 15     1340.00 A
06630000 1989 05 16     1220.00 A
06630000 1989 05 17     1210.00 A
06630000 1989 05 18     1140.00 A
06630000 1989 05 19     1120.00 A
06630000 1989 05 20     1230.00 A
06630000 1989 05 21     1200.00 A
06630000 1989 05 22     1240.00 A
06630000 1989 05 23     1280.00 A
06630000 1989 05 24     1470.00 A
06630000 1989 05 25     1540.00 A
06630000 1989 05 26     1430.00 A
06630000 1989 05 27     1320.00 A
06630000 1989 05 28     1260.00 A
06630000 1989 05 29     1260.00 A
06630000 1989 05 30     1430.00 A
06630000 1989 05 31     1640.00 A
06630000 1989 06 01     1670.00 A
06630000 1989 06 02     1620.00 A
06630000 1989 06 03     1600.00 A
06630000 1989 06 04     1510.00 A
06630000 1989 06 05     1470.00 A
06630000 1989 06 06     1510.00 A
06630000 1989 06 07     1610.00 A
06630000 1989 06 08     1530.00 A
06630000 1989 06 09     1550.00 A
06630000 1989 06 10     1520.00 A
06630000 1989 06 11     1550.00 A
06630000 1989 06 12     1690.00 A
06630000 1989 06 13     1660.00 A
06630000 1989 06 14     1710.00 A
06630000 1989 06 15     1660.00 A
06630000 1989 06 16     1460.00 A
06630000 1989 06 17     1340.00 A
06630000 1989 06 18     1350.00 A
06630000 1989 06 19     1310.00 A
06630000 1989 06 20     1250.00 A
06630000 1989 06 21     1100.00 A
06630000 1989 06 22     1010.00 A
06630000 1989 06 23     945.00 A
06630000 1989 06 24     986.00 A
06630000 1989 06 25     1020.00 A
06630000 1989 06 26     919.00 A
06630000 1989 06 27     845.00 A
06630000 1989 06 28     727.00 A
06630000 1989 06 29     629.00 A
06630000 1989 06 30     584.00 A
06630000 1989 07 01     545.00 A
06630000 1989 07 02     518.00 A
06630000 1989 07 03     499.00 A
06630000 1989 07 04     455.00 A
06630000 1989 07 05     411.00 A
06630000 1989 07 06     361.00 A
06630000 1989 07 07     307.00 A
06630000 1989 07 08     261.00 A
06630000 1989 07 09     232.00 A
06630000 1989 07 10     234.00 A
06630000 1989 07 11     236.00 A
06630000 1989 07 12     228.00 A
06630000 1989 07 13     290.00 A
06630000 1989 07 14     360.00 A
06630000 1989 07 15     417.00 A
06630000 1989 07 16     416.00 A
06630000 1989 07 17     392.00 A
06630000 1989 07 18     352.00 A
06630000 1989 07 19     326.00 A
06630000 1989 07 20     317.00 A
06630000 1989 07 21     306.00 A
06630000 1989 07 22     295.00 A
06630000 1989 07 23     306.00 A
06630000 1989 07 24     343.00 A
06630000 1989 07 25     471.00 A
06630000 1989 07 26     544.00 A
06630000 1989 07 27     614.00 A
06630000 1989 07 28     643.00 A
06630000 1989 07 29     543.00 A
06630000 1989 07 30     571.00 A
06630000 1989 07 31     601.00 A
06630000 1989 08 01     632.00 A
06630000 1989 08 02     594.00 A
06630000 1989 08 03     544.00 A
06630000 1989 08 04     468.00 A
06630000 1989 08 05     412.00 A
06630000 1989 08 06     384.00 A
06630000 1989 08 07     356.00 A
06630000 1989 08 08     338.00 A
06630000 1989 08 09     318.00 A
06630000 1989 08 10     305.00 A
06630000 1989 08 11     293.00 A
06630000 1989 08 12     351.00 A
06630000 1989 08 13     397.00 A
06630000 1989 08 14     439.00 A
06630000 1989 08 15     418.00 A
06630000 1989 08 16     392.00 A
06630000 1989 08 17     342.00 A
06630000 1989 08 18     315.00 A
06630000 1989 08 19     294.00 A
06630000 1989 08 20     273.00 A
06630000 1989 08 21     280.00 A
06630000 1989 08 22     266.00 A
06630000 1989 08 23     264.00 A
06630000 1989 08 24     254.00 A
06630000 1989 08 25     235.00 A
06630000 1989 08 26     223.00 A
06630000 1989 08 27     210.00 A
06630000 1989 08 28     196.00 A
06630000 1989 08 29     187.00 A
06630000 1989 08 30     175.00 A
06630000 1989 08 31     161.00 A
06630000 1989 09 01     156.00 A
06630000 1989 09 02     150.00 A
06630000 1989 09 03     140.00 A
06630000 1989 09 04     134.00 A
06630000 1989 09 05     128.00 A
06630000 1989 09 06     120.00 A
06630000 1989 09 07     116.00 A
06630000 1989 09 08     127.00 A
06630000 1989 09 09     271.00 A
06630000 1989 09 10     462.00 A
06630000 1989 09 11     454.00 A
06630000 1989 09 12     290.00 A
06630000 1989 09 13     251.00 A
06630000 1989 09 14     215.00 A
06630000 1989 09 15     205.00 A
06630000 1989 09 16     213.00 A
06630000 1989 09 17     190.00 A
06630000 1989 09 18     182.00 A
06630000 1989 09 19     176.00 A
06630000 1989 09 20     172.00 A
06630000 1989 09 21     177.00 A
06630000 1989 09 22     192.00 A
06630000 1989 09 23     193.00 A
06630000 1989 09 24     201.00 A
06630000 1989 09 25     207.00 A
06630000 1989 09 26     208.00 A
06630000 1989 09 27     204.00 A
06630000 1989 09 28     202.00 A
06630000 1989 09 29     206.00 A
06630000 1989 09 30     206.00 A
06630000 1989 10 01     208.00 A
06630000 1989 10 02     214.00 A
06630000 1989 10 03     217.00 A
06630000 1989 10 04     214.00 A
06630000 1989 10 05     228.00 A
06630000 1989 10 06     234.00 A
06630000 1989 10 07     235.00 A
06630000 1989 10 08     241.00 A
06630000 1989 10 09     249.00 A
06630000 1989 10 10     248.00 A
06630000 1989 10 11     245.00 A
06630000 1989 10 12     254.00 A
06630000 1989 10 13     251.00 A
06630000 1989 10 14     258.00 A
06630000 1989 10 15     260.00 A
06630000 1989 10 16     257.00 A
06630000 1989 10 17     260.00 A
06630000 1989 10 18     271.00 A
06630000 1989 10 19     280.00 A
06630000 1989 10 20     289.00 A
06630000 1989 10 21     281.00 A
06630000 1989 10 22     296.00 A
06630000 1989 10 23     306.00 A
06630000 1989 10 24     304.00 A
06630000 1989 10 25     309.00 A
06630000 1989 10 26     312.00 A
06630000 1989 10 27     315.00 A
06630000 1989 10 28     340.00 A
06630000 1989 10 29     332.00 A
06630000 1989 10 30     332.00 A
06630000 1989 10 31     314.00 A
06630000 1989 11 01     284.00 A
06630000 1989 11 02     250.00 A
06630000 1989 11 03     250.00 A
06630000 1989 11 04     255.00 A
06630000 1989 11 05     293.00 A
06630000 1989 11 06     348.00 A
06630000 1989 11 07     340.00 A
06630000 1989 11 08     312.00 A
06630000 1989 11 09     317.00 A
06630000 1989 11 10     325.00 A
06630000 1989 11 11     312.00 A
06630000 1989 11 12     368.00 A
06630000 1989 11 13     381.00 A
06630000 1989 11 14     351.00 A
06630000 1989 11 15     315.00 A
06630000 1989 11 16     283.00 A
06630000 1989 11 17     276.00 A
06630000 1989 11 18     281.00 A
06630000 1989 11 19     319.00 A
06630000 1989 11 20     355.00 A
06630000 1989 11 21     360.00 A
06630000 1989 11 22     353.00 A
06630000 1989 11 23     338.00 A
06630000 1989 11 24     317.00 A
06630000 1989 11 25     339.00 A
06630000 1989 11 26     349.00 A
06630000 1989 11 27     328.00 A
06630000 1989 11 28     243.00 A
06630000 1989 11 29     207.00 A
06630000 1989 11 30     232.00 A
06630000 1989 12 01     268.00 A
06630000 1989 12 02     310.00 A
06630000 1989 12 03     355.00 A
06630000 1989 12 04     385.00 A
06630000 1989 12 05     400.00 A
06630000 1989 12 06     362.00 A
06630000 1989 12 07     310.00 A
06630000 1989 12 08     340.00 A
06630000 1989 12 09     363.00 A
06630000 1989 12 10     327.00 A
06630000 1989 12 11     290.00 A
06630000 1989 12 12     258.00 A
06630000 1989 12 13     232.00 A
06630000 1989 12 14     213.00 A
06630000 1989 12 15     229.00 A
06630000 1989 12 16     217.00 A
06630000 1989 12 17     190.00 A
06630000 1989 12 18     170.00 A
06630000 1989 12 19     175.00 A
06630000 1989 12 20     178.00 A
06630000 1989 12 21     187.00 A
06630000 1989 12 22     192.00 A
06630000 1989 12 23     190.00 A
06630000 1989 12 24     210.00 A
06630000 1989 12 25     242.00 A
06630000 1989 12 26     267.00 A
06630000 1989 12 27     292.00 A
06630000 1989 12 28     280.00 A
06630000 1989 12 29     267.00 A
06630000 1989 12 30     252.00 A
06630000 1989 12 31     240.00 A
06630000 1990 01 01     242.00 A
06630000 1990 01 02     238.00 A
06630000 1990 01 03     232.00 A
06630000 1990 01 04     224.00 A
06630000 1990 01 05     222.00 A
06630000 1990 01 06     229.00 A
06630000 1990 01 07     241.00 A
06630000 1990 01 08     263.00 A
06630000 1990 01 09     261.00 A
06630000 1990 01 10     290.00 A
06630000 1990 01 11     329.00 A
06630000 1990 01 12     332.00 A
06630000 1990 01 13     328.00 A
06630000 1990 01 14     314.00 A
06630000 1990 01 15     305.00 A
06630000 1990 01 16     293.00 A
06630000 1990 01 17     277.00 A
06630000 1990 01 18     260.00 A
06630000 1990 01 19     230.00 A
06630000 1990 01 20     223.00 A
06630000 1990 01 21     234.00 A
06630000 1990 01 22     242.00 A
06630000 1990 01 23     252.00 A
06630000 1990 01 24     246.00 A
06630000 1990 01 25     240.00 A
06630000 1990 01 26     236.00 A
06630000 1990 01 27     246.00 A
06630000 1990 01 28     249.00 A
06630000 1990 01 29     251.00 A
06630000 1990 01 30     263.00 A
06630000 1990 01 31     273.00 A
06630000 1990 02 01     280.00 A
06630000 1990 02 02     282.00 A
06630000 1990 02 03     277.00 A
06630000 1990 02 04     270.00 A
06630000 1990 02 05     277.00 A
06630000 1990 02 06     282.00 A
06630000 1990 02 07     290.00 A
06630000 1990 02 08     292.00 A
06630000 1990 02 09     283.00 A
06630000 1990 02 10     300.00 A
06630000 1990 02 11     320.00 A
06630000 1990 02 12     343.00 A
06630000 1990 02 13     350.00 A
06630000 1990 02 14     323.00 A
06630000 1990 02 15     295.00 A
06630000 1990 02 16     303.00 A
06630000 1990 02 17     320.00 A
06630000 1990 02 18     329.00 A
06630000 1990 02 19     333.00 A
06630000 1990 02 20     322.00 A
06630000 1990 02 21     323.00 A
06630000 1990 02 22     337.00 A
06630000 1990 02 23     347.00 A
06630000 1990 02 24     364.00 A
06630000 1990 02 25     372.00 A
06630000 1990 02 26     377.00 A
06630000 1990 02 27     387.00 A
06630000 1990 02 28     377.00 A
06630000 1990 03 01     367.00 A
06630000 1990 03 02     376.00 A
06630000 1990 03 03     391.00 A
06630000 1990 03 04     435.00 A
06630000 1990 03 05     505.00 A
06630000 1990 03 06     575.00 A
06630000 1990 03 07     603.00 A
06630000 1990 03 08     620.00 A
06630000 1990 03 09     675.00 A
06630000 1990 03 10     713.00 A
06630000 1990 03 11     665.00 A
06630000 1990 03 12     620.00 A
06630000 1990 03 13     560.00 A
06630000 1990 03 14     500.00 A
06630000 1990 03 15     470.00 A
06630000 1990 03 16     490.00 A
06630000 1990 03 17     500.00 A
06630000 1990 03 18     520.00 A
06630000 1990 03 19     520.00 A
06630000 1990 03 20     540.00 A
06630000 1990 03 21     511.00 A
06630000 1990 03 22     575.00 A
06630000 1990 03 23     606.00 A
06630000 1990 03 24     666.00 A
06630000 1990 03 25     678.00 A
06630000 1990 03 26     684.00 A
06630000 1990 03 27     672.00 A
06630000 1990 03 28     792.00 A
06630000 1990 03 29     859.00 A
06630000 1990 03 30     825.00 A
06630000 1990 03 31     805.00 A
06630000 1990 04 01     804.00 A
06630000 1990 04 02     862.00 A
06630000 1990 04 03     936.00 A
06630000 1990 04 04     1060.00 A
06630000 1990 04 05     1320.00 A
06630000 1990 04 06     1390.00 A
06630000 1990 04 07     1190.00 A
06630000 1990 04 08     1070.00 A
06630000 1990 04 09     1070.00 A
06630000 1990 04 10     1080.00 A
06630000 1990 04 11     1020.00 A
06630000 1990 04 12     952.00 A
06630000 1990 04 13     974.00 A
06630000 1990 04 14     964.00 A
06630000 1990 04 15     916.00 A
06630000 1990 04 16     937.00 A
06630000 1990 04 17     1100.00 A
06630000 1990 04 18     1190.00 A
06630000 1990 04 19     1190.00 A
06630000 1990 04 20     1190.00 A
06630000 1990 04 21     1200.00 A
06630000 1990 04 22     1200.00 A
06630000 1990 04 23     1280.00 A
06630000 1990 04 24     1370.00 A
06630000 1990 04 25     1420.00 A
06630000 1990 04 26     1450.00 A
06630000 1990 04 27     1340.00 A
06630000 1990 04 28     1160.00 A
06630000 1990 04 29     1020.00 A
06630000 1990 04 30     1020.00 A
06630000 1990 05 01     1030.00 A
06630000 1990 05 02     953.00 A
06630000 1990 05 03     874.00 A
06630000 1990 05 04     804.00 A
06630000 1990 05 05     750.00 A
06630000 1990 05 06     722.00 A
06630000 1990 05 07     763.00 A
06630000 1990 05 08     1030.00 A
06630000 1990 05 09     1130.00 A
06630000 1990 05 10     988.00 A
06630000 1990 05 11     895.00 A
06630000 1990 05 12     980.00 A
06630000 1990 05 13     915.00 A
06630000 1990 05 14     942.00 A
06630000 1990 05 15     878.00 A
06630000 1990 05 16     887.00 A
06630000 1990 05 17     857.00 A
06630000 1990 05 18     828.00 A
06630000 1990 05 19     941.00 A
06630000 1990 05 20     939.00 A
06630000 1990 05 21     928.00 A
06630000 1990 05 22     934.00 A
06630000 1990 05 23     1090.00 A
06630000 1990 05 24     1300.00 A
06630000 1990 05 25     1630.00 A
06630000 1990 05 26     1770.00 A
06630000 1990 05 27     1710.00 A
06630000 1990 05 28     1730.00 A
06630000 1990 05 29     1900.00 A
06630000 1990 05 30     2270.00 A
06630000 1990 05 31     2250.00 A
06630000 1990 06 01     2420.00 A
06630000 1990 06 02     2350.00 A
06630000 1990 06 03     2260.00 A
06630000 1990 06 04     2130.00 A
06630000 1990 06 05     2360.00 A
06630000 1990 06 06     2850.00 A
06630000 1990 06 07     3070.00 A
06630000 1990 06 08     3250.00 A
06630000 1990 06 09     3490.00 A
06630000 1990 06 10     3390.00 A
06630000 1990 06 11     3770.00 A
06630000 1990 06 12     4630.00 A
06630000 1990 06 13     5820.00 A
06630000 1990 06 14     5530.00 A
06630000 1990 06 15     4780.00 A
06630000 1990 06 16     3570.00 A
06630000 1990 06 17     3100.00 A
06630000 1990 06 18     2880.00 A
06630000 1990 06 19     2760.00 A
06630000 1990 06 20     2610.00 A
06630000 1990 06 21     2500.00 A
06630000 1990 06 22     2390.00 A
06630000 1990 06 23     2300.00 A
06630000 1990 06 24     2190.00 A
06630000 1990 06 25     2110.00 A
06630000 1990 06 26     2030.00 A
06630000 1990 06 27     1930.00 A
06630000 1990 06 28     1760.00 A
06630000 1990 06 29     1580.00 A
06630000 1990 06 30     1410.00 A
06630000 1990 07 01     1280.00 A
06630000 1990 07 02     1180.00 A
06630000 1990 07 03     1070.00 A
06630000 1990 07 04     1150.00 A
06630000 1990 07 05     1360.00 A
06630000 1990 07 06     1310.00 A
06630000 1990 07 07     1140.00 A
06630000 1990 07 08     1060.00 A
06630000 1990 07 09     1160.00 A
06630000 1990 07 10     1610.00 A
06630000 1990 07 11     1660.00 A
06630000 1990 07 12     1400.00 A
06630000 1990 07 13     1210.00 A
06630000 1990 07 14     1030.00 A
06630000 1990 07 15     931.00 A
06630000 1990 07 16     900.00 A
06630000 1990 07 17     801.00 A
06630000 1990 07 18     773.00 A
06630000 1990 07 19     767.00 A
06630000 1990 07 20     775.00 A
06630000 1990 07 21     822.00 A
06630000 1990 07 22     1030.00 A
06630000 1990 07 23     1070.00 A
06630000 1990 07 24     1030.00 A
06630000 1990 07 25     890.00 A
06630000 1990 07 26     810.00 A
06630000 1990 07 27     793.00 A
06630000 1990 07 28     724.00 A
06630000 1990 07 29     627.00 A
06630000 1990 07 30     596.00 A
06630000 1990 07 31     579.00 A
06630000 1990 08 01     535.00 A
06630000 1990 08 02     515.00 A
06630000 1990 08 03     496.00 A
06630000 1990 08 04     446.00 A
06630000 1990 08 05     450.00 A
06630000 1990 08 06     749.00 A
06630000 1990 08 07     393.00 A
06630000 1990 08 08     357.00 A
06630000 1990 08 09     334.00 A
06630000 1990 08 10     309.00 A
06630000 1990 08 11     293.00 A
06630000 1990 08 12     668.00 A
06630000 1990 08 13     569.00 A
06630000 1990 08 14     377.00 A
06630000 1990 08 15     353.00 A
06630000 1990 08 16     335.00 A
06630000 1990 08 17     321.00 A
06630000 1990 08 18     362.00 A
06630000 1990 08 19     420.00 A
06630000 1990 08 20     400.00 A
06630000 1990 08 21     379.00 A
06630000 1990 08 22     359.00 A
06630000 1990 08 23     338.00 A
06630000 1990 08 24     319.00 A
06630000 1990 08 25     293.00 A
06630000 1990 08 26     270.00 A
06630000 1990 08 27     253.00 A
06630000 1990 08 28     243.00 A
06630000 1990 08 29     235.00 A
06630000 1990 08 30     218.00 A
06630000 1990 08 31     209.00 A
06630000 1990 09 01     196.00 A
06630000 1990 09 02     218.00 A
06630000 1990 09 03     253.00 A
06630000 1990 09 04     281.00 A
06630000 1990 09 05     276.00 A
06630000 1990 09 06     274.00 A
06630000 1990 09 07     272.00 A
06630000 1990 09 08     266.00 A
06630000 1990 09 09     240.00 A
06630000 1990 09 10     228.00 A
06630000 1990 09 11     217.00 A
06630000 1990 09 12     202.00 A
06630000 1990 09 13     191.00 A
06630000 1990 09 14     182.00 A
06630000 1990 09 15     180.00 A
06630000 1990 09 16     174.00 A
06630000 1990 09 17     173.00 A
06630000 1990 09 18     207.00 A
06630000 1990 09 19     231.00 A
06630000 1990 09 20     255.00 A
06630000 1990 09 21     263.00 A
06630000 1990 09 22     273.00 A
06630000 1990 09 23     259.00 A
06630000 1990 09 24     240.00 A
06630000 1990 09 25     227.00 A
06630000 1990 09 26     219.00 A
06630000 1990 09 27     217.00 A
06630000 1990 09 28     215.00 A
06630000 1990 09 29     222.00 A
06630000 1990 09 30     224.00 A
06630000 1990 10 01     228.00 A
06630000 1990 10 02     221.00 A
06630000 1990 10 03     219.00 A
06630000 1990 10 04     217.00 A
06630000 1990 10 05     213.00 A
06630000 1990 10 06     214.00 A
06630000 1990 10 07     224.00 A
06630000 1990 10 08     243.00 A
06630000 1990 10 09     311.00 A
06630000 1990 10 10     315.00 A
06630000 1990 10 11     334.00 A
06630000 1990 10 12     338.00 A
06630000 1990 10 13     343.00 A
06630000 1990 10 14     333.00 A
06630000 1990 10 15     335.00 A
06630000 1990 10 16     332.00 A
06630000 1990 10 17     343.00 A
06630000 1990 10 18     381.00 A
06630000 1990 10 19     382.00 A
06630000 1990 10 20     388.00 A
06630000 1990 10 21     452.00 A
06630000 1990 10 22     426.00 A
06630000 1990 10 23     423.00 A
06630000 1990 10 24     426.00 A
06630000 1990 10 25     420.00 A
06630000 1990 10 26     406.00 A
06630000 1990 10 27     401.00 A
06630000 1990 10 28     405.00 A
06630000 1990 10 29     401.00 A
06630000 1990 10 30     399.00 A
06630000 1990 10 31     389.00 A
06630000 1990 11 01     373.00 A
06630000 1990 11 02     384.00 A
06630000 1990 11 03     411.00 A
06630000 1990 11 04     430.00 A
06630000 1990 11 05     373.00 A
06630000 1990 11 06     335.00 A
06630000 1990 11 07     300.00 A
06630000 1990 11 08     320.00 A
06630000 1990 11 09     345.00 A
06630000 1990 11 10     377.00 A
06630000 1990 11 11     470.00 A
06630000 1990 11 12     464.00 A
06630000 1990 11 13     439.00 A
06630000 1990 11 14     417.00 A
06630000 1990 11 15     422.00 A
06630000 1990 11 16     458.00 A
06630000 1990 11 17     474.00 A
06630000 1990 11 18     467.00 A
06630000 1990 11 19     472.00 A
06630000 1990 11 20     470.00 A
06630000 1990 11 21     466.00 A
06630000 1990 11 22     410.00 A
06630000 1990 11 23     435.00 A
06630000 1990 11 24     461.00 A
06630000 1990 11 25     404.00 A
06630000 1990 11 26     455.00 A
06630000 1990 11 27     380.00 A
06630000 1990 11 28     345.00 A
06630000 1990 11 29     365.00 A
06630000 1990 11 30     390.00 A
06630000 1990 12 01     380.00 A
06630000 1990 12 02     325.00 A
06630000 1990 12 03     310.00 A
06630000 1990 12 04     335.00 A
06630000 1990 12 05     330.00 A
06630000 1990 12 06     315.00 A
06630000 1990 12 07     340.00 A
06630000 1990 12 08     360.00 A
06630000 1990 12 09     380.00 A
06630000 1990 12 10     395.00 A
06630000 1990 12 11     420.00 A
06630000 1990 12 12     435.00 A
06630000 1990 12 13     425.00 A
06630000 1990 12 14     390.00 A
06630000 1990 12 15     340.00 A
06630000 1990 12 16     310.00 A
06630000 1990 12 17     325.00 A
06630000 1990 12 18     350.00 A
06630000 1990 12 19     320.00 A
06630000 1990 12 20     265.00 A
06630000 1990 12 21     200.00 A
06630000 1990 12 22     180.00 A
06630000 1990 12 23     210.00 A
06630000 1990 12 24     230.00 A
06630000 1990 12 25     255.00 A
06630000 1990 12 26     275.00 A
06630000 1990 12 27     285.00 A
06630000 1990 12 28     280.00 A
06630000 1990 12 29     270.00 A
06630000 1990 12 30     265.00 A
06630000 1990 12 31     275.00 A
06630000 1991 01 01     285.00 A
06630000 1991 01 02     295.00 A
06630000 1991 01 03     280.00 A
06630000 1991 01 04     280.00 A
06630000 1991 01 05     280.00 A
06630000 1991 01 06     270.00 A
06630000 1991 01 07     260.00 A
06630000 1991 01 08     250.00 A
06630000 1991 01 09     240.00 A
06630000 1991 01 10     230.00 A
06630000 1991 01 11     235.00 A
06630000 1991 01 12     245.00 A
06630000 1991 01 13     245.00 A
06630000 1991 01 14     240.00 A
06630000 1991 01 15     235.00 A
06630000 1991 01 16     230.00 A
06630000 1991 01 17     220.00 A
06630000 1991 01 18     210.00 A
06630000 1991 01 19     205.00 A
06630000 1991 01 20     195.00 A
06630000 1991 01 21     185.00 A
06630000 1991 01 22     185.00 A
06630000 1991 01 23     195.00 A
06630000 1991 01 24     200.00 A
06630000 1991 01 25     190.00 A
06630000 1991 01 26     200.00 A
06630000 1991 01 27     200.00 A
06630000 1991 01 28     210.00 A
06630000 1991 01 29     210.00 A
06630000 1991 01 30     210.00 A
06630000 1991 01 31     220.00 A
06630000 1991 02 01     222.00 A
06630000 1991 02 02     220.00 A
06630000 1991 02 03     217.00 A
06630000 1991 02 04     222.00 A
06630000 1991 02 05     237.00 A
06630000 1991 02 06     250.00 A
06630000 1991 02 07     242.00 A
06630000 1991 02 08     250.00 A
06630000 1991 02 09     262.00 A
06630000 1991 02 10     268.00 A
06630000 1991 02 11     270.00 A
06630000 1991 02 12     277.00 A
06630000 1991 02 13     288.00 A
06630000 1991 02 14     295.00 A
06630000 1991 02 15     303.00 A
06630000 1991 02 16     320.00 A
06630000 1991 02 17     305.00 A
06630000 1991 02 18     292.00 A
06630000 1991 02 19     280.00 A
06630000 1991 02 20     270.00 A
06630000 1991 02 21     288.00 A
06630000 1991 02 22     320.00 A
06630000 1991 02 23     335.00 A
06630000 1991 02 24     323.00 A
06630000 1991 02 25     313.00 A
06630000 1991 02 26     328.00 A
06630000 1991 02 27     348.00 A
06630000 1991 02 28     375.00 A
06630000 1991 03 01     410.00 A
06630000 1991 03 02     435.00 A
06630000 1991 03 03     470.00 A
06630000 1991 03 04     490.00 A
06630000 1991 03 05     465.00 A
06630000 1991 03 06     435.00 A
06630000 1991 03 07     415.00 A
06630000 1991 03 08     385.00 A
06630000 1991 03 09     380.00 A
06630000 1991 03 10     400.00 A
06630000 1991 03 11     430.00 A
06630000 1991 03 12     425.00 A
06630000 1991 03 13     405.00 A
06630000 1991 03 14     390.00 A
06630000 1991 03 15     410.00 A
06630000 1991 03 16     430.00 A
06630000 1991 03 17     450.00 A
06630000 1991 03 18     480.00 A
06630000 1991 03 19     500.00 A
06630000 1991 03 20     458.00 A
06630000 1991 03 21     445.00 A
06630000 1991 03 22     436.00 A
06630000 1991 03 23     450.00 A
06630000 1991 03 24     437.00 A
06630000 1991 03 25     469.00 A
06630000 1991 03 26     526.00 A
06630000 1991 03 27     572.00 A
06630000 1991 03 28     523.00 A
06630000 1991 03 29     448.00 A
06630000 1991 03 30     481.00 A
06630000 1991 03 31     422.00 A
06630000 1991 04 01     449.00 A
06630000 1991 04 02     482.00 A
06630000 1991 04 03     583.00 A
06630000 1991 04 04     755.00 A
06630000 1991 04 05     798.00 A
06630000 1991 04 06     955.00 A
06630000 1991 04 07     1200.00 A
06630000 1991 04 08     1520.00 A
06630000 1991 04 09     1410.00 A
06630000 1991 04 10     1210.00 A
06630000 1991 04 11     1060.00 A
06630000 1991 04 12     914.00 A
06630000 1991 04 13     728.00 A
06630000 1991 04 14     628.00 A
06630000 1991 04 15     583.00 A
06630000 1991 04 16     605.00 A
06630000 1991 04 17     608.00 A
06630000 1991 04 18     678.00 A
06630000 1991 04 19     795.00 A
06630000 1991 04 20     798.00 A
06630000 1991 04 21     776.00 A
06630000 1991 04 22     755.00 A
06630000 1991 04 23     703.00 A
06630000 1991 04 24     694.00 A
06630000 1991 04 25     698.00 A
06630000 1991 04 26     765.00 A
06630000 1991 04 27     844.00 A
06630000 1991 04 28     782.00 A
06630000 1991 04 29     716.00 A
06630000 1991 04 30     651.00 A
06630000 1991 05 01     578.00 A
06630000 1991 05 02     543.00 A
06630000 1991 05 03     546.00 A
06630000 1991 05 04     553.00 A
06630000 1991 05 05     552.00 A
06630000 1991 05 06     520.00 A
06630000 1991 05 07     537.00 A
06630000 1991 05 08     556.00 A
06630000 1991 05 09     605.00 A
06630000 1991 05 10     837.00 A
06630000 1991 05 11     1140.00 A
06630000 1991 05 12     1480.00 A
06630000 1991 05 13     1560.00 A
06630000 1991 05 14     1430.00 A
06630000 1991 05 15     1560.00 A
06630000 1991 05 16     1680.00 A
06630000 1991 05 17     1610.00 A
06630000 1991 05 18     1760.00 A
06630000 1991 05 19     2200.00 A
06630000 1991 05 20     2520.00 A
06630000 1991 05 21     2900.00 A
06630000 1991 05 22     3290.00 A
06630000 1991 05 23     3830.00 A
06630000 1991 05 24     3980.00 A
06630000 1991 05 25     3890.00 A
06630000 1991 05 26     3830.00 A
06630000 1991 05 27     3980.00 A
06630000 1991 05 28     4290.00 A
06630000 1991 05 29     4000.00 A
06630000 1991 05 30     3520.00 A
06630000 1991 05 31     3310.00 A
06630000 1991 06 01     3040.00 A
06630000 1991 06 02     4350.00 A
06630000 1991 06 03     5470.00 A
06630000 1991 06 04     5540.00 A
06630000 1991 06 05     5600.00 A
06630000 1991 06 06     5260.00 A
06630000 1991 06 07     5080.00 A
06630000 1991 06 08     4940.00 A
06630000 1991 06 09     4620.00 A
06630000 1991 06 10     4430.00 A
06630000 1991 06 11     4180.00 A
06630000 1991 06 12     3880.00 A
06630000 1991 06 13     3690.00 A
06630000 1991 06 14     3770.00 A
06630000 1991 06 15     4230.00 A
06630000 1991 06 16     4210.00 A
06630000 1991 06 17     3840.00 A
06630000 1991 06 18     3450.00 A
06630000 1991 06 19     3000.00 A
06630000 1991 06 20     2660.00 A
06630000 1991 06 21     2410.00 A
06630000 1991 06 22     2060.00 A
06630000 1991 06 23     1770.00 A
06630000 1991 06 24     1570.00 A
06630000 1991 06 25     1430.00 A
06630000 1991 06 26     1220.00 A
06630000 1991 06 27     1050.00 A
06630000 1991 06 28     913.00 A
06630000 1991 06 29     832.00 A
06630000 1991 06 30     756.00 A
06630000 1991 07 01     752.00 A
06630000 1991 07 02     770.00 A
06630000 1991 07 03     759.00 A
06630000 1991 07 04     719.00 A
06630000 1991 07 05     660.00 A
06630000 1991 07 06     631.00 A
06630000 1991 07 07     568.00 A
06630000 1991 07 08     550.00 A
06630000 1991 07 09     583.00 A
06630000 1991 07 10     657.00 A
06630000 1991 07 11     742.00 A
06630000 1991 07 12     728.00 A
06630000 1991 07 13     694.00 A
06630000 1991 07 14     613.00 A
06630000 1991 07 15     551.00 A
06630000 1991 07 16     529.00 A
06630000 1991 07 17     520.00 A
06630000 1991 07 18     519.00 A
06630000 1991 07 19     558.00 A
06630000 1991 07 20     646.00 A
06630000 1991 07 21     668.00 A
06630000 1991 07 22     796.00 A
06630000 1991 07 23     744.00 A
06630000 1991 07 24     820.00 A
06630000 1991 07 25     715.00 A
06630000 1991 07 26     803.00 A
06630000 1991 07 27     973.00 A
06630000 1991 07 28     849.00 A
06630000 1991 07 29     722.00 A
06630000 1991 07 30     616.00 A
06630000 1991 07 31     539.00 A
06630000 1991 08 01     501.00 A
06630000 1991 08 02     491.00 A
06630000 1991 08 03     499.00 A
06630000 1991 08 04     484.00 A
06630000 1991 08 05     588.00 A
06630000 1991 08 06     567.00 A
06630000 1991 08 07     548.00 A
06630000 1991 08 08     518.00 A
06630000 1991 08 09     455.00 A
06630000 1991 08 10     439.00 A
06630000 1991 08 11     406.00 A
06630000 1991 08 12     380.00 A
06630000 1991 08 13     400.00 A
06630000 1991 08 14     399.00 A
06630000 1991 08 15     366.00 A
06630000 1991 08 16     362.00 A
06630000 1991 08 17     377.00 A
06630000 1991 08 18     377.00 A
06630000 1991 08 19     367.00 A
06630000 1991 08 20     356.00 A
06630000 1991 08 21     344.00 A
06630000 1991 08 22     365.00 A
06630000 1991 08 23     357.00 A
06630000 1991 08 24     361.00 A
06630000 1991 08 25     326.00 A
06630000 1991 08 26     296.00 A
06630000 1991 08 27     294.00 A
06630000 1991 08 28     290.00 A
06630000 1991 08 29     273.00 A
06630000 1991 08 30     248.00 A
06630000 1991 08 31     220.00 A
06630000 1991 09 01     207.00 A
06630000 1991 09 02     206.00 A
06630000 1991 09 03     192.00 A
06630000 1991 09 04     189.00 A
06630000 1991 09 05     186.00 A
06630000 1991 09 06     185.00 A
06630000 1991 09 07     184.00 A
06630000 1991 09 08     188.00 A
06630000 1991 09 09     196.00 A
06630000 1991 09 10     232.00 A
06630000 1991 09 11     246.00 A
06630000 1991 09 12     218.00 A
06630000 1991 09 13     228.00 A
06630000 1991 09 14     233.00 A
06630000 1991 09 15     224.00 A
06630000 1991 09 16     237.00 A
06630000 1991 09 17     259.00 A
06630000 1991 09 18     299.00 A
06630000 1991 09 19     312.00 A
06630000 1991 09 20     303.00 A
06630000 1991 09 21     283.00 A
06630000 1991 09 22     266.00 A
06630000 1991 09 23     247.00 A
06630000 1991 09 24     245.00 A
06630000 1991 09 25     246.00 A
06630000 1991 09 26     243.00 A
06630000 1991 09 27     239.00 A
06630000 1991 09 28     234.00 A
06630000 1991 09 29     232.00 A
06630000 1991 09 30     246.00 A
06630000 1991 10 01     298.00 A
06630000 1991 10 02     284.00 A
06630000 1991 10 03     260.00 A
06630000 1991 10 04     249.00 A
06630000 1991 10 05     241.00 A
06630000 1991 10 06     241.00 A
06630000 1991 10 07     243.00 A
06630000 1991 10 08     246.00 A
06630000 1991 10 09     248.00 A
06630000 1991 10 10     238.00 A
06630000 1991 10 11     240.00 A
06630000 1991 10 12     245.00 A
06630000 1991 10 13     245.00 A
06630000 1991 10 14     242.00 A
06630000 1991 10 15     241.00 A
06630000 1991 10 16     240.00 A
06630000 1991 10 17     237.00 A
06630000 1991 10 18     235.00 A
06630000 1991 10 19     231.00 A
06630000 1991 10 20     228.00 A
06630000 1991 10 21     222.00 A
06630000 1991 10 22     217.00 A
06630000 1991 10 23     220.00 A
06630000 1991 10 24     233.00 A
06630000 1991 10 25     243.00 A
06630000 1991 10 26     253.00 A
06630000 1991 10 27     255.00 A
06630000 1991 10 28     258.00 A
06630000 1991 10 29     220.00 A
06630000 1991 10 30     185.00 A
06630000 1991 10 31     155.00 A
06630000 1991 11 01     133.00 A
06630000 1991 11 02     120.00 A
06630000 1991 11 03     137.00 A
06630000 1991 11 04     165.00 A
06630000 1991 11 05     190.00 A
06630000 1991 11 06     220.00 A
06630000 1991 11 07     265.00 A
06630000 1991 11 08     313.00 A
06630000 1991 11 09     360.00 A
06630000 1991 11 10     395.00 A
06630000 1991 11 11     420.00 A
06630000 1991 11 12     435.00 A
06630000 1991 11 13     448.00 A
06630000 1991 11 14     476.00 A
06630000 1991 11 15     455.00 A
06630000 1991 11 16     430.00 A
06630000 1991 11 17     385.00 A
06630000 1991 11 18     395.00 A
06630000 1991 11 19     380.00 A
06630000 1991 11 20     390.00 A
06630000 1991 11 21     350.00 A
06630000 1991 11 22     303.00 A
06630000 1991 11 23     267.00 A
06630000 1991 11 24     205.00 A
06630000 1991 11 25     225.00 A
06630000 1991 11 26     260.00 A
06630000 1991 11 27     300.00 A
06630000 1991 11 28     273.00 A
06630000 1991 11 29     230.00 A
06630000 1991 11 30     198.00 A
06630000 1991 12 01     198.00 A
06630000 1991 12 02     210.00 A
06630000 1991 12 03     225.00 A
06630000 1991 12 04     255.00 A
06630000 1991 12 05     280.00 A
06630000 1991 12 06     303.00 A
06630000 1991 12 07     310.00 A
06630000 1991 12 08     290.00 A
06630000 1991 12 09     285.00 A
06630000 1991 12 10     282.00 A
06630000 1991 12 11     265.00 A
06630000 1991 12 12     273.00 A
06630000 1991 12 13     280.00 A
06630000 1991 12 14     295.00 A
06630000 1991 12 15     310.00 A
06630000 1991 12 16     297.00 A
06630000 1991 12 17     285.00 A
06630000 1991 12 18     295.00 A
06630000 1991 12 19     277.00 A
06630000 1991 12 20     252.00 A
06630000 1991 12 21     233.00 A
06630000 1991 12 22     230.00 A
06630000 1991 12 23     222.00 A
06630000 1991 12 24     223.00 A
06630000 1991 12 25     232.00 A
06630000 1991 12 26     237.00 A
06630000 1991 12 27     238.00 A
06630000 1991 12 28     233.00 A
06630000 1991 12 29     239.00 A
06630000 1991 12 30     237.00 A
06630000 1991 12 31     230.00 A
06630000 1992 01 01     237.00 A
06630000 1992 01 02     250.00 A
06630000 1992 01 03     256.00 A
06630000 1992 01 04     257.00 A
06630000 1992 01 05     258.00 A
06630000 1992 01 06     270.00 A
06630000 1992 01 07     273.00 A
06630000 1992 01 08     262.00 A
06630000 1992 01 09     252.00 A
06630000 1992 01 10     260.00 A
06630000 1992 01 11     248.00 A
06630000 1992 01 12     242.00 A
06630000 1992 01 13     233.00 A
06630000 1992 01 14     228.00 A
06630000 1992 01 15     228.00 A
06630000 1992 01 16     240.00 A
06630000 1992 01 17     235.00 A
06630000 1992 01 18     227.00 A
06630000 1992 01 19     228.00 A
06630000 1992 01 20     227.00 A
06630000 1992 01 21     226.00 A
06630000 1992 01 22     225.00 A
06630000 1992 01 23     233.00 A
06630000 1992 01 24     240.00 A
06630000 1992 01 25     247.00 A
06630000 1992 01 26     254.00 A
06630000 1992 01 27     263.00 A
06630000 1992 01 28     253.00 A
06630000 1992 01 29     266.00 A
06630000 1992 01 30     275.00 A
06630000 1992 01 31     284.00 A
06630000 1992 02 01     288.00 A
06630000 1992 02 02     293.00 A
06630000 1992 02 03     298.00 A
06630000 1992 02 04     297.00 A
06630000 1992 02 05     280.00 A
06630000 1992 02 06     290.00 A
06630000 1992 02 07     302.00 A
06630000 1992 02 08     313.00 A
06630000 1992 02 09     323.00 A
06630000 1992 02 10     338.00 A
06630000 1992 02 11     347.00 A
06630000 1992 02 12     360.00 A
06630000 1992 02 13     368.00 A
06630000 1992 02 14     377.00 A
06630000 1992 02 15     374.00 A
06630000 1992 02 16     371.00 A
06630000 1992 02 17     361.00 A
06630000 1992 02 18     352.00 A
06630000 1992 02 19     352.00 A
06630000 1992 02 20     357.00 A
06630000 1992 02 21     373.00 A
06630000 1992 02 22     390.00 A
06630000 1992 02 23     402.00 A
06630000 1992 02 24     400.00 A
06630000 1992 02 25     395.00 A
06630000 1992 02 26     392.00 A
06630000 1992 02 27     400.00 A
06630000 1992 02 28     415.00 A
06630000 1992 02 29     435.00 A
06630000 1992 03 01     455.00 A
06630000 1992 03 02     485.00 A
06630000 1992 03 03     520.00 A
06630000 1992 03 04     520.00 A
06630000 1992 03 05     530.00 A
06630000 1992 03 06     540.00 A
06630000 1992 03 07     545.00 A
06630000 1992 03 08     505.00 A
06630000 1992 03 09     475.00 A
06630000 1992 03 10     435.00 A
06630000 1992 03 11     420.00 A
06630000 1992 03 12     440.00 A
06630000 1992 03 13     480.00 A
06630000 1992 03 14     515.00 A
06630000 1992 03 15     550.00 A
06630000 1992 03 16     575.00 A
06630000 1992 03 17     597.00 A
06630000 1992 03 18     617.00 A
06630000 1992 03 19     648.00 A
06630000 1992 03 20     619.00 A
06630000 1992 03 21     575.00 A
06630000 1992 03 22     557.00 A
06630000 1992 03 23     535.00 A
06630000 1992 03 24     541.00 A
06630000 1992 03 25     564.00 A
06630000 1992 03 26     526.00 A
06630000 1992 03 27     520.00 A
06630000 1992 03 28     555.00 A
06630000 1992 03 29     585.00 A
06630000 1992 03 30     628.00 A
06630000 1992 03 31     671.00 A
06630000 1992 04 01     674.00 A
06630000 1992 04 02     662.00 A
06630000 1992 04 03     705.00 A
06630000 1992 04 04     706.00 A
06630000 1992 04 05     751.00 A
06630000 1992 04 06     845.00 A
06630000 1992 04 07     910.00 A
06630000 1992 04 08     919.00 A
06630000 1992 04 09     889.00 A
06630000 1992 04 10     882.00 A
06630000 1992 04 11     880.00 A
06630000 1992 04 12     875.00 A
06630000 1992 04 13     847.00 A
06630000 1992 04 14     940.00 A
06630000 1992 04 15     960.00 A
06630000 1992 04 16     957.00 A
06630000 1992 04 17     985.00 A
06630000 1992 04 18     998.00 A
06630000 1992 04 19     1070.00 A
06630000 1992 04 20     1000.00 A
06630000 1992 04 21     894.00 A
06630000 1992 04 22     774.00 A
06630000 1992 04 23     742.00 A
06630000 1992 04 24     719.00 A
06630000 1992 04 25     661.00 A
06630000 1992 04 26     615.00 A
06630000 1992 04 27     609.00 A
06630000 1992 04 28     637.00 A
06630000 1992 04 29     732.00 A
06630000 1992 04 30     866.00 A
06630000 1992 05 01     984.00 A
06630000 1992 05 02     1140.00 A
06630000 1992 05 03     1110.00 A
06630000 1992 05 04     1010.00 A
06630000 1992 05 05     941.00 A
06630000 1992 05 06     927.00 A
06630000 1992 05 07     846.00 A
06630000 1992 05 08     822.00 A
06630000 1992 05 09     809.00 A
06630000 1992 05 10     902.00 A
06630000 1992 05 11     926.00 A
06630000 1992 05 12     806.00 A
06630000 1992 05 13     762.00 A
06630000 1992 05 14     765.00 A
06630000 1992 05 15     805.00 A
06630000 1992 05 16     842.00 A
06630000 1992 05 17     886.00 A
06630000 1992 05 18     872.00 A
06630000 1992 05 19     872.00 A
06630000 1992 05 20     918.00 A
06630000 1992 05 21     1000.00 A
06630000 1992 05 22     1680.00 A
06630000 1992 05 23     1700.00 A
06630000 1992 05 24     1480.00 A
06630000 1992 05 25     1390.00 A
06630000 1992 05 26     1340.00 A
06630000 1992 05 27     1680.00 A
06630000 1992 05 28     3540.00 A
06630000 1992 05 29     3170.00 A
06630000 1992 05 30     2710.00 A
06630000 1992 05 31     2500.00 A
06630000 1992 06 01     2640.00 A
06630000 1992 06 02     2680.00 A
06630000 1992 06 03     2440.00 A
06630000 1992 06 04     2060.00 A
06630000 1992 06 05     1740.00 A
06630000 1992 06 06     1520.00 A
06630000 1992 06 07     1440.00 A
06630000 1992 06 08     1440.00 A
06630000 1992 06 09     1490.00 A
06630000 1992 06 10     1630.00 A
06630000 1992 06 11     1620.00 A
06630000 1992 06 12     1570.00 A
06630000 1992 06 13     1600.00 A
06630000 1992 06 14     1400.00 A
06630000 1992 06 15     1200.00 A
06630000 1992 06 16     1060.00 A
06630000 1992 06 17     933.00 A
06630000 1992 06 18     954.00 A
06630000 1992 06 19     1010.00 A
06630000 1992 06 20     926.00 A
06630000 1992 06 21     797.00 A
06630000 1992 06 22     712.00 A
06630000 1992 06 23     619.00 A
06630000 1992 06 24     688.00 A
06630000 1992 06 25     658.00 A
06630000 1992 06 26     783.00 A
06630000 1992 06 27     1080.00 A
06630000 1992 06 28     991.00 A
06630000 1992 06 29     933.00 A
06630000 1992 06 30     876.00 A
06630000 1992 07 01     754.00 A
06630000 1992 07 02     657.00 A
06630000 1992 07 03     678.00 A
06630000 1992 07 04     782.00 A
06630000 1992 07 05     674.00 A
06630000 1992 07 06     588.00 A
06630000 1992 07 07     538.00 A
06630000 1992 07 08     519.00 A
06630000 1992 07 09     533.00 A
06630000 1992 07 10     535.00 A
06630000 1992 07 11     550.00 A
06630000 1992 07 12     576.00 A
06630000 1992 07 13     697.00 A
06630000 1992 07 14     867.00 A
06630000 1992 07 15     823.00 A
06630000 1992 07 16     740.00 A
06630000 1992 07 17     637.00 A
06630000 1992 07 18     694.00 A
06630000 1992 07 19     799.00 A
06630000 1992 07 20     789.00 A
06630000 1992 07 21     870.00 A
06630000 1992 07 22     918.00 A
06630000 1992 07 23     812.00 A
06630000 1992 07 24     732.00 A
06630000 1992 07 25     655.00 A
06630000 1992 07 26     629.00 A
06630000 1992 07 27     610.00 A
06630000 1992 07 28     606.00 A
06630000 1992 07 29     560.00 A
06630000 1992 07 30     507.00 A
06630000 1992 07 31     452.00 A
06630000 1992 08 01     415.00 A
06630000 1992 08 02     392.00 A
06630000 1992 08 03     367.00 A
06630000 1992 08 04     366.00 A
06630000 1992 08 05     399.00 A
06630000 1992 08 06     370.00 A
06630000 1992 08 07     373.00 A
06630000 1992 08 08     336.00 A
06630000 1992 08 09     309.00 A
06630000 1992 08 10     297.00 A
06630000 1992 08 11     290.00 A
06630000 1992 08 12     268.00 A
06630000 1992 08 13     250.00 A
06630000 1992 08 14     249.00 A
06630000 1992 08 15     235.00 A
06630000 1992 08 16     249.00 A
06630000 1992 08 17     331.00 A
06630000 1992 08 18     314.00 A
06630000 1992 08 19     294.00 A
06630000 1992 08 20     258.00 A
06630000 1992 08 21     242.00 A
06630000 1992 08 22     218.00 A
06630000 1992 08 23     206.00 A
06630000 1992 08 24     214.00 A
06630000 1992 08 25     245.00 A
06630000 1992 08 26     248.00 A
06630000 1992 08 27     236.00 A
06630000 1992 08 28     241.00 A
06630000 1992 08 29     228.00 A
06630000 1992 08 30     220.00 A
06630000 1992 08 31     222.00 A
06630000 1992 09 01     214.00 A
06630000 1992 09 02     220.00 A
06630000 1992 09 03     236.00 A
06630000 1992 09 04     239.00 A
06630000 1992 09 05     225.00 A
06630000 1992 09 06     188.00 A
06630000 1992 09 07     191.00 A
06630000 1992 09 08     199.00 A
06630000 1992 09 09     196.00 A
06630000 1992 09 10     192.00 A
06630000 1992 09 11     182.00 A
06630000 1992 09 12     176.00 A
06630000 1992 09 13     163.00 A
06630000 1992 09 14     150.00 A
06630000 1992 09 15     148.00 A
06630000 1992 09 16     137.00 A
06630000 1992 09 17     131.00 A
06630000 1992 09 18     141.00 A
06630000 1992 09 19     167.00 A
06630000 1992 09 20     189.00 A
06630000 1992 09 21     178.00 A
06630000 1992 09 22     183.00 A
06630000 1992 09 23     170.00 A
06630000 1992 09 24     162.00 A
06630000 1992 09 25     181.00 A
06630000 1992 09 26     185.00 A
06630000 1992 09 27     224.00 A
06630000 1992 09 28     221.00 A
06630000 1992 09 29     219.00 A
06630000 1992 09 30     250.00 A
06630000 1992 10 01     237.00 A
06630000 1992 10 02     224.00 A
06630000 1992 10 03     217.00 A
06630000 1992 10 04     208.00 A
06630000 1992 10 05     203.00 A
06630000 1992 10 06     208.00 A
06630000 1992 10 07     218.00 A
06630000 1992 10 08     230.00 A
06630000 1992 10 09     235.00 A
06630000 1992 10 10     233.00 A
06630000 1992 10 11     239.00 A
06630000 1992 10 12     242.00 A
06630000 1992 10 13     245.00 A
06630000 1992 10 14     241.00 A
06630000 1992 10 15     236.00 A
06630000 1992 10 16     242.00 A
06630000 1992 10 17     240.00 A
06630000 1992 10 18     241.00 A
06630000 1992 10 19     243.00 A
06630000 1992 10 20     249.00 A
06630000 1992 10 21     249.00 A
06630000 1992 10 22     250.00 A
06630000 1992 10 23     245.00 A
06630000 1992 10 24     248.00 A
06630000 1992 10 25     250.00 A
06630000 1992 10 26     251.00 A
06630000 1992 10 27     266.00 A
06630000 1992 10 28     316.00 A
06630000 1992 10 29     312.00 A
06630000 1992 10 30     324.00 A
06630000 1992 10 31     353.00 A
06630000 1992 11 01     400.00 A
06630000 1992 11 02     399.00 A
06630000 1992 11 03     376.00 A
06630000 1992 11 04     357.00 A
06630000 1992 11 05     290.00 A
06630000 1992 11 06     272.00 A
06630000 1992 11 07     339.00 A
06630000 1992 11 08     366.00 A
06630000 1992 11 09     407.00 A
06630000 1992 11 10     385.00 A
06630000 1992 11 11     345.00 A
06630000 1992 11 12     290.00 A
06630000 1992 11 13     290.00 A
06630000 1992 11 14     345.00 A
06630000 1992 11 15     385.00 A
06630000 1992 11 16     410.00 A
06630000 1992 11 17     415.00 A
06630000 1992 11 18     417.00 A
06630000 1992 11 19     440.00 A
06630000 1992 11 20     428.00 A
06630000 1992 11 21     400.00 A
06630000 1992 11 22     360.00 A
06630000 1992 11 23     360.00 A
06630000 1992 11 24     340.00 A
06630000 1992 11 25     320.00 A
06630000 1992 11 26     310.00 A
06630000 1992 11 27     315.00 A
06630000 1992 11 28     328.00 A
06630000 1992 11 29     332.00 A
06630000 1992 11 30     340.00 A
06630000 1992 12 01     335.00 A
06630000 1992 12 02     325.00 A
06630000 1992 12 03     315.00 A
06630000 1992 12 04     300.00 A
06630000 1992 12 05     280.00 A
06630000 1992 12 06     275.00 A
06630000 1992 12 07     265.00 A
06630000 1992 12 08     270.00 A
06630000 1992 12 09     285.00 A
06630000 1992 12 10     305.00 A
06630000 1992 12 11     320.00 A
06630000 1992 12 12     315.00 A
06630000 1992 12 13     300.00 A
06630000 1992 12 14     285.00 A
06630000 1992 12 15     280.00 A
06630000 1992 12 16     275.00 A
06630000 1992 12 17     270.00 A
06630000 1992 12 18     262.00 A
06630000 1992 12 19     255.00 A
06630000 1992 12 20     255.00 A
06630000 1992 12 21     260.00 A
06630000 1992 12 22     270.00 A
06630000 1992 12 23     280.00 A
06630000 1992 12 24     275.00 A
06630000 1992 12 25     265.00 A
06630000 1992 12 26     265.00 A
06630000 1992 12 27     270.00 A
06630000 1992 12 28     275.00 A
06630000 1992 12 29     275.00 A
06630000 1992 12 30     285.00 A
06630000 1992 12 31     290.00 A
06630000 1993 01 01     300.00 A
06630000 1993 01 02     305.00 A
06630000 1993 01 03     300.00 A
06630000 1993 01 04     300.00 A
06630000 1993 01 05     295.00 A
06630000 1993 01 06     295.00 A
06630000 1993 01 07     300.00 A
06630000 1993 01 08     295.00 A
06630000 1993 01 09     290.00 A
06630000 1993 01 10     290.00 A
06630000 1993 01 11     300.00 A
06630000 1993 01 12     300.00 A
06630000 1993 01 13     305.00 A
06630000 1993 01 14     315.00 A
06630000 1993 01 15     325.00 A
06630000 1993 01 16     330.00 A
06630000 1993 01 17     330.00 A
06630000 1993 01 18     325.00 A
06630000 1993 01 19     320.00 A
06630000 1993 01 20     325.00 A
06630000 1993 01 21     335.00 A
06630000 1993 01 22     340.00 A
06630000 1993 01 23     330.00 A
06630000 1993 01 24     335.00 A
06630000 1993 01 25     345.00 A
06630000 1993 01 26     355.00 A
06630000 1993 01 27     360.00 A
06630000 1993 01 28     350.00 A
06630000 1993 01 29     345.00 A
06630000 1993 01 30     335.00 A
06630000 1993 01 31     330.00 A
06630000 1993 02 01     325.00 A
06630000 1993 02 02     330.00 A
06630000 1993 02 03     340.00 A
06630000 1993 02 04     330.00 A
06630000 1993 02 05     320.00 A
06630000 1993 02 06     320.00 A
06630000 1993 02 07     325.00 A
06630000 1993 02 08     330.00 A
06630000 1993 02 09     340.00 A
06630000 1993 02 10     350.00 A
06630000 1993 02 11     350.00 A
06630000 1993 02 12     340.00 A
06630000 1993 02 13     330.00 A
06630000 1993 02 14     320.00 A
06630000 1993 02 15     290.00 A
06630000 1993 02 16     270.00 A
06630000 1993 02 17     260.00 A
06630000 1993 02 18     270.00 A
06630000 1993 02 19     280.00 A
06630000 1993 02 20     290.00 A
06630000 1993 02 21     290.00 A
06630000 1993 02 22     290.00 A
06630000 1993 02 23     280.00 A
06630000 1993 02 24     285.00 A
06630000 1993 02 25     300.00 A
06630000 1993 02 26     310.00 A
06630000 1993 02 27     325.00 A
06630000 1993 02 28     315.00 A
06630000 1993 03 01     310.00 A
06630000 1993 03 02     315.00 A
06630000 1993 03 03     320.00 A
06630000 1993 03 04     325.00 A
06630000 1993 03 05     325.00 A
06630000 1993 03 06     330.00 A
06630000 1993 03 07     350.00 A
06630000 1993 03 08     365.00 A
06630000 1993 03 09     385.00 A
06630000 1993 03 10     400.00 A
06630000 1993 03 11     425.00 A
06630000 1993 03 12     400.00 A
06630000 1993 03 13     380.00 A
06630000 1993 03 14     370.00 A
06630000 1993 03 15     390.00 A
06630000 1993 03 16     410.00 A
06630000 1993 03 17     440.00 A
06630000 1993 03 18     470.00 A
06630000 1993 03 19     510.00 A
06630000 1993 03 20     570.00 A
06630000 1993 03 21     570.00 A
06630000 1993 03 22     590.00 A
06630000 1993 03 23     640.00 A
06630000 1993 03 24     710.00 A
06630000 1993 03 25     790.00 A
06630000 1993 03 26     843.00 A
06630000 1993 03 27     903.00 A
06630000 1993 03 28     955.00 A
06630000 1993 03 29     1030.00 A
06630000 1993 03 30     1100.00 A
06630000 1993 03 31     1100.00 A
06630000 1993 04 01     1070.00 A
06630000 1993 04 02     1040.00 A
06630000 1993 04 03     1040.00 A
06630000 1993 04 04     1010.00 A
06630000 1993 04 05     1010.00 A
06630000 1993 04 06     1230.00 A
06630000 1993 04 07     1330.00 A
06630000 1993 04 08     1150.00 A
06630000 1993 04 09     1000.00 A
06630000 1993 04 10     973.00 A
06630000 1993 04 11     970.00 A
06630000 1993 04 12     1020.00 A
06630000 1993 04 13     965.00 A
06630000 1993 04 14     980.00 A
06630000 1993 04 15     905.00 A
06630000 1993 04 16     865.00 A
06630000 1993 04 17     842.00 A
06630000 1993 04 18     822.00 A
06630000 1993 04 19     863.00 A
06630000 1993 04 20     934.00 A
06630000 1993 04 21     906.00 A
06630000 1993 04 22     922.00 A
06630000 1993 04 23     959.00 A
06630000 1993 04 24     1110.00 A
06630000 1993 04 25     1260.00 A
06630000 1993 04 26     1280.00 A
06630000 1993 04 27     1350.00 A
06630000 1993 04 28     1590.00 A
06630000 1993 04 29     1790.00 A
06630000 1993 04 30     1950.00 A
06630000 1993 05 01     2010.00 A
06630000 1993 05 02     1870.00 A
06630000 1993 05 03     1710.00 A
06630000 1993 05 04     1630.00 A
06630000 1993 05 05     1790.00 A
06630000 1993 05 06     2250.00 A
06630000 1993 05 07     2440.00 A
06630000 1993 05 08     2310.00 A
06630000 1993 05 09     2150.00 A
06630000 1993 05 10     1970.00 A
06630000 1993 05 11     1800.00 A
06630000 1993 05 12     1880.00 A
06630000 1993 05 13     2250.00 A
06630000 1993 05 14     2840.00 A
06630000 1993 05 15     3430.00 A
06630000 1993 05 16     3990.00 A
06630000 1993 05 17     4550.00 A
06630000 1993 05 18     5320.00 A
06630000 1993 05 19     5430.00 A
06630000 1993 05 20     5470.00 A
06630000 1993 05 21     5630.00 A
06630000 1993 05 22     6210.00 A
06630000 1993 05 23     6990.00 A
06630000 1993 05 24     6880.00 A
06630000 1993 05 25     6530.00 A
06630000 1993 05 26     6260.00 A
06630000 1993 05 27     6410.00 A
06630000 1993 05 28     6760.00 A
06630000 1993 05 29     7000.00 A
06630000 1993 05 30     7060.00 A
06630000 1993 05 31     6880.00 A
06630000 1993 06 01     6790.00 A
06630000 1993 06 02     6670.00 A
06630000 1993 06 03     6750.00 A
06630000 1993 06 04     6880.00 A
06630000 1993 06 05     6390.00 A
06630000 1993 06 06     5770.00 A
06630000 1993 06 07     5310.00 A
06630000 1993 06 08     5190.00 A
06630000 1993 06 09     5720.00 A
06630000 1993 06 10     5950.00 A
06630000 1993 06 11     5100.00 A
06630000 1993 06 12     4540.00 A
06630000 1993 06 13     4560.00 A
06630000 1993 06 14     4440.00 A
06630000 1993 06 15     4530.00 A
06630000 1993 06 16     5060.00 A
06630000 1993 06 17     5700.00 A
06630000 1993 06 18     6640.00 A
06630000 1993 06 19     7530.00 A
06630000 1993 06 20     7120.00 A
06630000 1993 06 21     6710.00 A
06630000 1993 06 22     6390.00 A
06630000 1993 06 23     6000.00 A
06630000 1993 06 24     5390.00 A
06630000 1993 06 25     4700.00 A
06630000 1993 06 26     4110.00 A
06630000 1993 06 27     3850.00 A
06630000 1993 06 28     3780.00 A
06630000 1993 06 29     3660.00 A
06630000 1993 06 30     3790.00 A
06630000 1993 07 01     3490.00 A
06630000 1993 07 02     3320.00 A
06630000 1993 07 03     3160.00 A
06630000 1993 07 04     3100.00 A
06630000 1993 07 05     2880.00 A
06630000 1993 07 06     2700.00 A
06630000 1993 07 07     2340.00 A
06630000 1993 07 08     2000.00 A
06630000 1993 07 09     1760.00 A
06630000 1993 07 10     1620.00 A
06630000 1993 07 11     1540.00 A
06630000 1993 07 12     1560.00 A
06630000 1993 07 13     1680.00 A
06630000 1993 07 14     1840.00 A
06630000 1993 07 15     1950.00 A
06630000 1993 07 16     1890.00 A
06630000 1993 07 17     1720.00 A
06630000 1993 07 18     1590.00 A
06630000 1993 07 19     1460.00 A
06630000 1993 07 20     1360.00 A
06630000 1993 07 21     1260.00 A
06630000 1993 07 22     1190.00 A
06630000 1993 07 23     1140.00 A
06630000 1993 07 24     1140.00 A
06630000 1993 07 25     1200.00 A
06630000 1993 07 26     1240.00 A
06630000 1993 07 27     1180.00 A
06630000 1993 07 28     1070.00 A
06630000 1993 07 29     945.00 A
06630000 1993 07 30     873.00 A
06630000 1993 07 31     812.00 A
06630000 1993 08 01     766.00 A
06630000 1993 08 02     719.00 A
06630000 1993 08 03     697.00 A
06630000 1993 08 04     680.00 A
06630000 1993 08 05     704.00 A
06630000 1993 08 06     786.00 A
06630000 1993 08 07     784.00 A
06630000 1993 08 08     770.00 A
06630000 1993 08 09     721.00 A
06630000 1993 08 10     670.00 A
06630000 1993 08 11     657.00 A
06630000 1993 08 12     762.00 A
06630000 1993 08 13     791.00 A
06630000 1993 08 14     735.00 A
06630000 1993 08 15     685.00 A
06630000 1993 08 16     637.00 A
06630000 1993 08 17     609.00 A
06630000 1993 08 18     582.00 A
06630000 1993 08 19     544.00 A
06630000 1993 08 20     508.00 A
06630000 1993 08 21     504.00 A
06630000 1993 08 22     525.00 A
06630000 1993 08 23     548.00 A
06630000 1993 08 24     535.00 A
06630000 1993 08 25     522.00 A
06630000 1993 08 26     505.00 A
06630000 1993 08 27     490.00 A
06630000 1993 08 28     480.00 A
06630000 1993 08 29     470.00 A
06630000 1993 08 30     462.00 A
06630000 1993 08 31     460.00 A
06630000 1993 09 01     433.00 A
06630000 1993 09 02     424.00 A
06630000 1993 09 03     423.00 A
06630000 1993 09 04     430.00 A
06630000 1993 09 05     423.00 A
06630000 1993 09 06     413.00 A
06630000 1993 09 07     421.00 A
06630000 1993 09 08     427.00 A
06630000 1993 09 09     431.00 A
06630000 1993 09 10     421.00 A
06630000 1993 09 11     393.00 A
06630000 1993 09 12     367.00 A
06630000 1993 09 13     344.00 A
06630000 1993 09 14     343.00 A
06630000 1993 09 15     385.00 A
06630000 1993 09 16     407.00 A
06630000 1993 09 17     481.00 A
06630000 1993 09 18     570.00 A
06630000 1993 09 19     655.00 A
06630000 1993 09 20     650.00 A
06630000 1993 09 21     591.00 A
06630000 1993 09 22     550.00 A
06630000 1993 09 23     509.00 A
06630000 1993 09 24     480.00 A
06630000 1993 09 25     451.00 A
06630000 1993 09 26     443.00 A
06630000 1993 09 27     434.00 A
06630000 1993 09 28     435.00 A
06630000 1993 09 29     440.00 A
06630000 1993 09 30     426.00 A
06630000 1993 10 01     391.00 A
06630000 1993 10 02     375.00 A
06630000 1993 10 03     373.00 A
06630000 1993 10 04     369.00 A
06630000 1993 10 05     367.00 A
06630000 1993 10 06     361.00 A
06630000 1993 10 07     393.00 A
06630000 1993 10 08     467.00 A
06630000 1993 10 09     589.00 A
06630000 1993 10 10     557.00 A
06630000 1993 10 11     539.00 A
06630000 1993 10 12     547.00 A
06630000 1993 10 13     587.00 A
06630000 1993 10 14     718.00 A
06630000 1993 10 15     686.00 A
06630000 1993 10 16     743.00 A
06630000 1993 10 17     757.00 A
06630000 1993 10 18     768.00 A
06630000 1993 10 19     859.00 A
06630000 1993 10 20     824.00 A
06630000 1993 10 21     758.00 A
06630000 1993 10 22     698.00 A
06630000 1993 10 23     659.00 A
06630000 1993 10 24     633.00 A
06630000 1993 10 25     601.00 A
06630000 1993 10 26     578.00 A
06630000 1993 10 27     561.00 A
06630000 1993 10 28     518.00 A
06630000 1993 10 29     525.00 A
06630000 1993 10 30     500.00 A
06630000 1993 10 31     457.00 A
06630000 1993 11 01     445.00 A
06630000 1993 11 02     617.00 A
06630000 1993 11 03     623.00 A
06630000 1993 11 04     573.00 A
06630000 1993 11 05     590.00 A
06630000 1993 11 06     540.00 A
06630000 1993 11 07     500.00 A
06630000 1993 11 08     520.00 A
06630000 1993 11 09     560.00 A
06630000 1993 11 10     580.00 A
06630000 1993 11 11     620.00 A
06630000 1993 11 12     646.00 A
06630000 1993 11 13     687.00 A
06630000 1993 11 14     610.00 A
06630000 1993 11 15     580.00 A
06630000 1993 11 16     560.00 A
06630000 1993 11 17     540.00 A
06630000 1993 11 18     510.00 A
06630000 1993 11 19     480.00 A
06630000 1993 11 20     460.00 A
06630000 1993 11 21     500.00 A
06630000 1993 11 22     510.00 A
06630000 1993 11 23     490.00 A
06630000 1993 11 24     470.00 A
06630000 1993 11 25     355.00 A
06630000 1993 11 26     370.00 A
06630000 1993 11 27     410.00 A
06630000 1993 11 28     440.00 A
06630000 1993 11 29     460.00 A
06630000 1993 11 30     480.00 A
06630000 1993 12 01     460.00 A
06630000 1993 12 02     450.00 A
06630000 1993 12 03     430.00 A
06630000 1993 12 04     420.00 A
06630000 1993 12 05     400.00 A
06630000 1993 12 06     365.00 A
06630000 1993 12 07     380.00 A
06630000 1993 12 08     400.00 A
06630000 1993 12 09     420.00 A
06630000 1993 12 10     450.00 A
06630000 1993 12 11     470.00 A
06630000 1993 12 12     460.00 A
06630000 1993 12 13     440.00 A
06630000 1993 12 14     400.00 A
06630000 1993 12 15     410.00 A
06630000 1993 12 16     425.00 A
06630000 1993 12 17     435.00 A
06630000 1993 12 18     400.00 A
06630000 1993 12 19     385.00 A
06630000 1993 12 20     385.00 A
06630000 1993 12 21     400.00 A
06630000 1993 12 22     410.00 A
06630000 1993 12 23     400.00 A
06630000 1993 12 24     420.00 A
06630000 1993 12 25     440.00 A
06630000 1993 12 26     460.00 A
06630000 1993 12 27     460.00 A
06630000 1993 12 28     460.00 A
06630000 1993 12 29     435.00 A
06630000 1993 12 30     410.00 A
06630000 1993 12 31     395.00 A
06630000 1994 01 01     405.00 A
06630000 1994 01 02     400.00 A
06630000 1994 01 03     410.00 A
06630000 1994 01 04     415.00 A
06630000 1994 01 05     400.00 A
06630000 1994 01 06     390.00 A
06630000 1994 01 07     375.00 A
06630000 1994 01 08     360.00 A
06630000 1994 01 09     370.00 A
06630000 1994 01 10     380.00 A
06630000 1994 01 11     370.00 A
06630000 1994 01 12     355.00 A
06630000 1994 01 13     365.00 A
06630000 1994 01 14     375.00 A
06630000 1994 01 15     390.00 A
06630000 1994 01 16     380.00 A
06630000 1994 01 17     375.00 A
06630000 1994 01 18     370.00 A
06630000 1994 01 19     375.00 A
06630000 1994 01 20     380.00 A
06630000 1994 01 21     375.00 A
06630000 1994 01 22     370.00 A
06630000 1994 01 23     370.00 A
06630000 1994 01 24     380.00 A
06630000 1994 01 25     375.00 A
06630000 1994 01 26     370.00 A
06630000 1994 01 27     365.00 A
06630000 1994 01 28     360.00 A
06630000 1994 01 29     350.00 A
06630000 1994 01 30     340.00 A
06630000 1994 01 31     340.00 A
06630000 1994 02 01     335.00 A
06630000 1994 02 02     345.00 A
06630000 1994 02 03     350.00 A
06630000 1994 02 04     360.00 A
06630000 1994 02 05     380.00 A
06630000 1994 02 06     395.00 A
06630000 1994 02 07     400.00 A
06630000 1994 02 08     380.00 A
06630000 1994 02 09     380.00 A
06630000 1994 02 10     405.00 A
06630000 1994 02 11     385.00 A
06630000 1994 02 12     365.00 A
06630000 1994 02 13     380.00 A
06630000 1994 02 14     415.00 A
06630000 1994 02 15     470.00 A
06630000 1994 02 16     505.00 A
06630000 1994 02 17     525.00 A
06630000 1994 02 18     500.00 A
06630000 1994 02 19     460.00 A
06630000 1994 02 20     430.00 A
06630000 1994 02 21     415.00 A
06630000 1994 02 22     430.00 A
06630000 1994 02 23     455.00 A
06630000 1994 02 24     500.00 A
06630000 1994 02 25     525.00 A
06630000 1994 02 26     625.00 A
06630000 1994 02 27     600.00 A
06630000 1994 02 28     560.00 A
06630000 1994 03 01     560.00 A
06630000 1994 03 02     590.00 A
06630000 1994 03 03     610.00 A
06630000 1994 03 04     580.00 A
06630000 1994 03 05     570.00 A
06630000 1994 03 06     570.00 A
06630000 1994 03 07     600.00 A
06630000 1994 03 08     630.00 A
06630000 1994 03 09     650.00 A
06630000 1994 03 10     630.00 A
06630000 1994 03 11     660.00 A
06630000 1994 03 12     680.00 A
06630000 1994 03 13     710.00 A
06630000 1994 03 14     728.00 A
06630000 1994 03 15     768.00 A
06630000 1994 03 16     796.00 A
06630000 1994 03 17     857.00 A
06630000 1994 03 18     922.00 A
06630000 1994 03 19     981.00 A
06630000 1994 03 20     1170.00 A
06630000 1994 03 21     1240.00 A
06630000 1994 03 22     1170.00 A
06630000 1994 03 23     1260.00 A
06630000 1994 03 24     1370.00 A
06630000 1994 03 25     1020.00 A
06630000 1994 03 26     614.00 A
06630000 1994 03 27     957.00 A
06630000 1994 03 28     810.00 A
06630000 1994 03 29     725.00 A
06630000 1994 03 30     754.00 A
06630000 1994 03 31     685.00 A
06630000 1994 04 01     716.00 A
06630000 1994 04 02     750.00 A
06630000 1994 04 03     850.00 A
06630000 1994 04 04     978.00 A
06630000 1994 04 05     1180.00 A
06630000 1994 04 06     1090.00 A
06630000 1994 04 07     987.00 A
06630000 1994 04 08     891.00 A
06630000 1994 04 09     821.00 A
06630000 1994 04 10     804.00 A
06630000 1994 04 11     756.00 A
06630000 1994 04 12     751.00 A
06630000 1994 04 13     719.00 A
06630000 1994 04 14     762.00 A
06630000 1994 04 15     958.00 A
06630000 1994 04 16     1020.00 A
06630000 1994 04 17     1110.00 A
06630000 1994 04 18     1290.00 A
06630000 1994 04 19     1520.00 A
06630000 1994 04 20     1690.00 A
06630000 1994 04 21     1870.00 A
06630000 1994 04 22     2090.00 A
06630000 1994 04 23     2320.00 A
06630000 1994 04 24     2650.00 A
06630000 1994 04 25     2870.00 A
06630000 1994 04 26     2930.00 A
06630000 1994 04 27     2570.00 A
06630000 1994 04 28     2220.00 A
06630000 1994 04 29     2010.00 A
06630000 1994 04 30     1890.00 A
06630000 1994 05 01     1710.00 A
06630000 1994 05 02     1640.00 A
06630000 1994 05 03     1770.00 A
06630000 1994 05 04     1790.00 A
06630000 1994 05 05     1650.00 A
06630000 1994 05 06     1630.00 A
06630000 1994 05 07     1940.00 A
06630000 1994 05 08     2350.00 A
06630000 1994 05 09     2740.00 A
06630000 1994 05 10     2940.00 A
06630000 1994 05 11     3280.00 A
06630000 1994 05 12     3610.00 A
06630000 1994 05 13     3940.00 A
06630000 1994 05 14     4170.00 A
06630000 1994 05 15     4160.00 A
06630000 1994 05 16     3920.00 A
06630000 1994 05 17     4030.00 A
06630000 1994 05 18     4050.00 A
06630000 1994 05 19     3900.00 A
06630000 1994 05 20     3840.00 A
06630000 1994 05 21     3570.00 A
06630000 1994 05 22     3190.00 A
06630000 1994 05 23     2970.00 A
06630000 1994 05 24     2680.00 A
06630000 1994 05 25     2470.00 A
06630000 1994 05 26     2480.00 A
06630000 1994 05 27     2480.00 A
06630000 1994 05 28     2400.00 A
06630000 1994 05 29     2710.00 A
06630000 1994 05 30     2820.00 A
06630000 1994 05 31     2950.00 A
06630000 1994 06 01     3230.00 A
06630000 1994 06 02     3480.00 A
06630000 1994 06 03     3060.00 A
06630000 1994 06 04     2850.00 A
06630000 1994 06 05     2550.00 A
06630000 1994 06 06     2290.00 A
06630000 1994 06 07     2050.00 A
06630000 1994 06 08     1860.00 A
06630000 1994 06 09     1650.00 A
06630000 1994 06 10     1460.00 A
06630000 1994 06 11     1320.00 A
06630000 1994 06 12     1200.00 A
06630000 1994 06 13     1110.00 A
06630000 1994 06 14     1020.00 A
06630000 1994 06 15     944.00 A
06630000 1994 06 16     924.00 A
06630000 1994 06 17     820.00 A
06630000 1994 06 18     737.00 A
06630000 1994 06 19     685.00 A
06630000 1994 06 20     692.00 A
06630000 1994 06 21     825.00 A
06630000 1994 06 22     903.00 A
06630000 1994 06 23     1130.00 A
06630000 1994 06 24     1160.00 A
06630000 1994 06 25     1030.00 A
06630000 1994 06 26     844.00 A
06630000 1994 06 27     700.00 A
06630000 1994 06 28     586.00 A
06630000 1994 06 29     501.00 A
06630000 1994 06 30     443.00 A
06630000 1994 07 01     408.00 A
06630000 1994 07 02     382.00 A
06630000 1994 07 03     388.00 A
06630000 1994 07 04     428.00 A
06630000 1994 07 05     439.00 A
06630000 1994 07 06     423.00 A
06630000 1994 07 07     400.00 A
06630000 1994 07 08     381.00 A
06630000 1994 07 09     397.00 A
06630000 1994 07 10     371.00 A
06630000 1994 07 11     352.00 A
06630000 1994 07 12     337.00 A
06630000 1994 07 13     311.00 A
06630000 1994 07 14     299.00 A
06630000 1994 07 15     293.00 A
06630000 1994 07 16     308.00 A
06630000 1994 07 17     298.00 A
06630000 1994 07 18     296.00 A
06630000 1994 07 19     270.00 A
06630000 1994 07 20     260.00 A
06630000 1994 07 21     255.00 A
06630000 1994 07 22     251.00 A
06630000 1994 07 23     241.00 A
06630000 1994 07 24     232.00 A
06630000 1994 07 25     243.00 A
06630000 1994 07 26     246.00 A
06630000 1994 07 27     243.00 A
06630000 1994 07 28     233.00 A
06630000 1994 07 29     224.00 A
06630000 1994 07 30     218.00 A
06630000 1994 07 31     208.00 A
06630000 1994 08 01     202.00 A
06630000 1994 08 02     211.00 A
06630000 1994 08 03     260.00 A
06630000 1994 08 04     249.00 A
06630000 1994 08 05     247.00 A
06630000 1994 08 06     229.00 A
06630000 1994 08 07     219.00 A
06630000 1994 08 08     202.00 A
06630000 1994 08 09     199.00 A
06630000 1994 08 10     206.00 A
06630000 1994 08 11     226.00 A
06630000 1994 08 12     220.00 A
06630000 1994 08 13     210.00 A
06630000 1994 08 14     220.00 A
06630000 1994 08 15     219.00 A
06630000 1994 08 16     207.00 A
06630000 1994 08 17     188.00 A
06630000 1994 08 18     176.00 A
06630000 1994 08 19     169.00 A
06630000 1994 08 20     162.00 A
06630000 1994 08 21     166.00 A
06630000 1994 08 22     171.00 A
06630000 1994 08 23     161.00 A
06630000 1994 08 24     168.00 A
06630000 1994 08 25     158.00 A
06630000 1994 08 26     140.00 A
06630000 1994 08 27     124.00 A
06630000 1994 08 28     117.00 A
06630000 1994 08 29     117.00 A
06630000 1994 08 30     121.00 A
06630000 1994 08 31     122.00 A
06630000 1994 09 01     112.00 A
06630000 1994 09 02     104.00 A
06630000 1994 09 03     101.00 A
06630000 1994 09 04     104.00 A
06630000 1994 09 05     112.00 A
06630000 1994 09 06     128.00 A
06630000 1994 09 07     129.00 A
06630000 1994 09 08     115.00 A
06630000 1994 09 09     104.00 A
06630000 1994 09 10     99.00 A
06630000 1994 09 11     94.00 A
06630000 1994 09 12     93.00 A
06630000 1994 09 13     102.00 A
06630000 1994 09 14     100.00 A
06630000 1994 09 15     97.00 A
06630000 1994 09 16     103.00 A
06630000 1994 09 17     111.00 A
06630000 1994 09 18     117.00 A
06630000 1994 09 19     115.00 A
06630000 1994 09 20     116.00 A
06630000 1994 09 21     121.00 A
06630000 1994 09 22     133.00 A
06630000 1994 09 23     136.00 A
06630000 1994 09 24     142.00 A
06630000 1994 09 25     161.00 A
06630000 1994 09 26     167.00 A
06630000 1994 09 27     170.00 A
06630000 1994 09 28     168.00 A
06630000 1994 09 29     169.00 A
06630000 1994 09 30     169.00 A
06630000 1994 10 01     169.00 A
06630000 1994 10 02     172.00 A
06630000 1994 10 03     205.00 A
06630000 1994 10 04     231.00 A
06630000 1994 10 05     228.00 A
06630000 1994 10 06     226.00 A
06630000 1994 10 07     230.00 A
06630000 1994 10 08     249.00 A
06630000 1994 10 09     272.00 A
06630000 1994 10 10     266.00 A
06630000 1994 10 11     263.00 A
06630000 1994 10 12     267.00 A
06630000 1994 10 13     272.00 A
06630000 1994 10 14     266.00 A
06630000 1994 10 15     267.00 A
06630000 1994 10 16     268.00 A
06630000 1994 10 17     289.00 A
06630000 1994 10 18     307.00 A
06630000 1994 10 19     296.00 A
06630000 1994 10 20     291.00 A
06630000 1994 10 21     290.00 A
06630000 1994 10 22     283.00 A
06630000 1994 10 23     280.00 A
06630000 1994 10 24     302.00 A
06630000 1994 10 25     298.00 A
06630000 1994 10 26     296.00 A
06630000 1994 10 27     281.00 A
06630000 1994 10 28     284.00 A
06630000 1994 10 29     307.00 A
06630000 1994 10 30     301.00 A
06630000 1994 10 31     295.00 A
06630000 1994 11 01     276.00 A
06630000 1994 11 02     272.00 A
06630000 1994 11 03     327.00 A
06630000 1994 11 04     339.00 A
06630000 1994 11 05     321.00 A
06630000 1994 11 06     308.00 A
06630000 1994 11 07     319.00 A
06630000 1994 11 08     355.00 A
06630000 1994 11 09     361.00 A
06630000 1994 11 10     366.00 A
06630000 1994 11 11     355.00 A
06630000 1994 11 12     346.00 A
06630000 1994 11 13     355.00 A
06630000 1994 11 14     358.00 A
06630000 1994 11 15     340.00 A
06630000 1994 11 16     360.00 A
06630000 1994 11 17     300.00 A
06630000 1994 11 18     270.00 A
06630000 1994 11 19     220.00 A
06630000 1994 11 20     248.00 A
06630000 1994 11 21     275.00 A
06630000 1994 11 22     270.00 A
06630000 1994 11 23     290.00 A
06630000 1994 11 24     310.00 A
06630000 1994 11 25     325.00 A
06630000 1994 11 26     313.00 A
06630000 1994 11 27     285.00 A
06630000 1994 11 28     240.00 A
06630000 1994 11 29     290.00 A
06630000 1994 11 30     323.00 A
06630000 1994 12 01     350.00 A
06630000 1994 12 02     333.00 A
06630000 1994 12 03     345.00 A
06630000 1994 12 04     345.00 A
06630000 1994 12 05     330.00 A
06630000 1994 12 06     302.00 A
06630000 1994 12 07     285.00 A
06630000 1994 12 08     268.00 A
06630000 1994 12 09     250.00 A
06630000 1994 12 10     260.00 A
06630000 1994 12 11     280.00 A
06630000 1994 12 12     300.00 A
06630000 1994 12 13     320.00 A
06630000 1994 12 14     305.00 A
06630000 1994 12 15     290.00 A
06630000 1994 12 16     310.00 A
06630000 1994 12 17     330.00 A
06630000 1994 12 18     330.00 A
06630000 1994 12 19     340.00 A
06630000 1994 12 20     310.00 A
06630000 1994 12 21     300.00 A
06630000 1994 12 22     300.00 A
06630000 1994 12 23     300.00 A
06630000 1994 12 24     318.00 A
06630000 1994 12 25     328.00 A
06630000 1994 12 26     320.00 A
06630000 1994 12 27     307.00 A
06630000 1994 12 28     295.00 A
06630000 1994 12 29     310.00 A
06630000 1994 12 30     310.00 A
06630000 1994 12 31     272.00 A
06630000 1995 01 01     250.00 A
06630000 1995 01 02     230.00 A
06630000 1995 01 03     212.00 A
06630000 1995 01 04     237.00 A
06630000 1995 01 05     270.00 A
06630000 1995 01 06     300.00 A
06630000 1995 01 07     325.00 A
06630000 1995 01 08     345.00 A
06630000 1995 01 09     340.00 A
06630000 1995 01 10     335.00 A
06630000 1995 01 11     330.00 A
06630000 1995 01 12     320.00 A
06630000 1995 01 13     320.00 A
06630000 1995 01 14     340.00 A
06630000 1995 01 15     348.00 A
06630000 1995 01 16     343.00 A
06630000 1995 01 17     330.00 A
06630000 1995 01 18     312.00 A
06630000 1995 01 19     330.00 A
06630000 1995 01 20     340.00 A
06630000 1995 01 21     345.00 A
06630000 1995 01 22     330.00 A
06630000 1995 01 23     330.00 A
06630000 1995 01 24     350.00 A
06630000 1995 01 25     362.00 A
06630000 1995 01 26     395.00 A
06630000 1995 01 27     395.00 A
06630000 1995 01 28     380.00 A
06630000 1995 01 29     355.00 A
06630000 1995 01 30     365.00 A
06630000 1995 01 31     385.00 A
06630000 1995 02 01     400.00 A
06630000 1995 02 02     400.00 A
06630000 1995 02 03     380.00 A
06630000 1995 02 04     375.00 A
06630000 1995 02 05     370.00 A
06630000 1995 02 06     370.00 A
06630000 1995 02 07     360.00 A
06630000 1995 02 08     340.00 A
06630000 1995 02 09     325.00 A
06630000 1995 02 10     295.00 A
06630000 1995 02 11     270.00 A
06630000 1995 02 12     257.00 A
06630000 1995 02 13     270.00 A
06630000 1995 02 14     290.00 A
06630000 1995 02 15     300.00 A
06630000 1995 02 16     333.00 A
06630000 1995 02 17     352.00 A
06630000 1995 02 18     360.00 A
06630000 1995 02 19     375.00 A
06630000 1995 02 20     392.00 A
06630000 1995 02 21     415.00 A
06630000 1995 02 22     400.00 A
06630000 1995 02 23     400.00 A
06630000 1995 02 24     418.00 A
06630000 1995 02 25     413.00 A
06630000 1995 02 26     418.00 A
06630000 1995 02 27     404.00 A
06630000 1995 02 28     390.00 A
06630000 1995 03 01     375.00 A
06630000 1995 03 02     370.00 A
06630000 1995 03 03     400.00 A
06630000 1995 03 04     422.00 A
06630000 1995 03 05     405.00 A
06630000 1995 03 06     390.00 A
06630000 1995 03 07     385.00 A
06630000 1995 03 08     395.00 A
06630000 1995 03 09     403.00 A
06630000 1995 03 10     435.00 A
06630000 1995 03 11     451.00 A
06630000 1995 03 12     541.00 A
06630000 1995 03 13     644.00 A
06630000 1995 03 14     587.00 A
06630000 1995 03 15     594.00 A
06630000 1995 03 16     612.00 A
06630000 1995 03 17     655.00 A
06630000 1995 03 18     679.00 A
06630000 1995 03 19     703.00 A
06630000 1995 03 20     810.00 A
06630000 1995 03 21     749.00 A
06630000 1995 03 22     767.00 A
06630000 1995 03 23     817.00 A
06630000 1995 03 24     750.00 A
06630000 1995 03 25     752.00 A
06630000 1995 03 26     658.00 A
06630000 1995 03 27     622.00 A
06630000 1995 03 28     485.00 A
06630000 1995 03 29     523.00 A
06630000 1995 03 30     496.00 A
06630000 1995 03 31     456.00 A
06630000 1995 04 01     437.00 A
06630000 1995 04 02     444.00 A
06630000 1995 04 03     464.00 A
06630000 1995 04 04     460.00 A
06630000 1995 04 05     474.00 A
06630000 1995 04 06     503.00 A
06630000 1995 04 07     529.00 A
06630000 1995 04 08     559.00 A
06630000 1995 04 09     609.00 A
06630000 1995 04 10     603.00 A
06630000 1995 04 11     579.00 A
06630000 1995 04 12     508.00 A
06630000 1995 04 13     483.00 A
06630000 1995 04 14     458.00 A
06630000 1995 04 15     508.00 A
06630000 1995 04 16     549.00 A
06630000 1995 04 17     555.00 A
06630000 1995 04 18     574.00 A
06630000 1995 04 19     552.00 A
06630000 1995 04 20     538.00 A
06630000 1995 04 21     499.00 A
06630000 1995 04 22     456.00 A
06630000 1995 04 23     437.00 A
06630000 1995 04 24     419.00 A
06630000 1995 04 25     410.00 A
06630000 1995 04 26     414.00 A
06630000 1995 04 27     426.00 A
06630000 1995 04 28     437.00 A
06630000 1995 04 29     439.00 A
06630000 1995 04 30     450.00 A
06630000 1995 05 01     465.00 A
06630000 1995 05 02     525.00 A
06630000 1995 05 03     697.00 A
06630000 1995 05 04     915.00 A
06630000 1995 05 05     933.00 A
06630000 1995 05 06     834.00 A
06630000 1995 05 07     755.00 A
06630000 1995 05 08     786.00 A
06630000 1995 05 09     944.00 A
06630000 1995 05 10     1170.00 A
06630000 1995 05 11     1350.00 A
06630000 1995 05 12     1370.00 A
06630000 1995 05 13     1420.00 A
06630000 1995 05 14     1430.00 A
06630000 1995 05 15     1280.00 A
06630000 1995 05 16     1310.00 A
06630000 1995 05 17     1530.00 A
06630000 1995 05 18     1770.00 A
06630000 1995 05 19     1870.00 A
06630000 1995 05 20     1980.00 A
06630000 1995 05 21     2030.00 A
06630000 1995 05 22     2180.00 A
06630000 1995 05 23     2770.00 A
06630000 1995 05 24     3120.00 A
06630000 1995 05 25     3010.00 A
06630000 1995 05 26     3000.00 A
06630000 1995 05 27     3260.00 A
06630000 1995 05 28     3660.00 A
06630000 1995 05 29     3820.00 A
06630000 1995 05 30     4050.00 A
06630000 1995 05 31     4660.00 A
06630000 1995 06 01     5370.00 A
06630000 1995 06 02     5710.00 A
06630000 1995 06 03     5910.00 A
06630000 1995 06 04     6320.00 A
06630000 1995 06 05     6710.00 A
06630000 1995 06 06     7220.00 A
06630000 1995 06 07     7940.00 A
06630000 1995 06 08     8150.00 A
06630000 1995 06 09     8660.00 A
06630000 1995 06 10     9720.00 A
06630000 1995 06 11     8690.00 A
06630000 1995 06 12     7800.00 A
06630000 1995 06 13     7390.00 A
06630000 1995 06 14     7730.00 A
06630000 1995 06 15     8540.00 A
06630000 1995 06 16     9440.00 A
06630000 1995 06 17     9780.00 A
06630000 1995 06 18     10500.00 A
06630000 1995 06 19     11200.00 A
06630000 1995 06 20     10300.00 A
06630000 1995 06 21     10100.00 A
06630000 1995 06 22     9390.00 A
06630000 1995 06 23     8790.00 A
06630000 1995 06 24     8150.00 A
06630000 1995 06 25     7440.00 A
06630000 1995 06 26     6850.00 A
06630000 1995 06 27     6550.00 A
06630000 1995 06 28     6630.00 A
06630000 1995 06 29     7050.00 A
06630000 1995 06 30     7080.00 A
06630000 1995 07 01     6370.00 A
06630000 1995 07 02     5890.00 A
06630000 1995 07 03     5890.00 A
06630000 1995 07 04     6130.00 A
06630000 1995 07 05     6390.00 A
06630000 1995 07 06     5860.00 A
06630000 1995 07 07     5410.00 A
06630000 1995 07 08     5180.00 A
06630000 1995 07 09     4980.00 A
06630000 1995 07 10     5060.00 A
06630000 1995 07 11     5200.00 A
06630000 1995 07 12     5160.00 A
06630000 1995 07 13     5040.00 A
06630000 1995 07 14     5310.00 A
06630000 1995 07 15     5740.00 A
06630000 1995 07 16     5420.00 A
06630000 1995 07 17     4870.00 A
06630000 1995 07 18     4230.00 A
06630000 1995 07 19     3960.00 A
06630000 1995 07 20     4270.00 A
06630000 1995 07 21     4110.00 A
06630000 1995 07 22     3790.00 A
06630000 1995 07 23     3460.00 A
06630000 1995 07 24     3050.00 A
06630000 1995 07 25     2700.00 A
06630000 1995 07 26     2430.00 A
06630000 1995 07 27     2170.00 A
06630000 1995 07 28     1950.00 A
06630000 1995 07 29     1780.00 A
06630000 1995 07 30     1650.00 A
06630000 1995 07 31     1590.00 A
06630000 1995 08 01     1520.00 A
06630000 1995 08 02     1400.00 A
06630000 1995 08 03     1270.00 A
06630000 1995 08 04     1180.00 A
06630000 1995 08 05     1130.00 A
06630000 1995 08 06     1080.00 A
06630000 1995 08 07     1010.00 A
06630000 1995 08 08     946.00 A
06630000 1995 08 09     875.00 A
06630000 1995 08 10     808.00 A
06630000 1995 08 11     758.00 A
06630000 1995 08 12     747.00 A
06630000 1995 08 13     735.00 A
06630000 1995 08 14     738.00 A
06630000 1995 08 15     715.00 A
06630000 1995 08 16     689.00 A
06630000 1995 08 17     642.00 A
06630000 1995 08 18     588.00 A
06630000 1995 08 19     549.00 A
06630000 1995 08 20     506.00 A
06630000 1995 08 21     497.00 A
06630000 1995 08 22     524.00 A
06630000 1995 08 23     531.00 A
06630000 1995 08 24     510.00 A
06630000 1995 08 25     542.00 A
06630000 1995 08 26     592.00 A
06630000 1995 08 27     550.00 A
06630000 1995 08 28     513.00 A
06630000 1995 08 29     477.00 A
06630000 1995 08 30     450.00 A
06630000 1995 08 31     414.00 A
06630000 1995 09 01     384.00 A
06630000 1995 09 02     366.00 A
06630000 1995 09 03     352.00 A
06630000 1995 09 04     344.00 A
06630000 1995 09 05     340.00 A
06630000 1995 09 06     333.00 A
06630000 1995 09 07     355.00 A
06630000 1995 09 08     367.00 A
06630000 1995 09 09     404.00 A
06630000 1995 09 10     450.00 A
06630000 1995 09 11     483.00 A
06630000 1995 09 12     487.00 A
06630000 1995 09 13     444.00 A
06630000 1995 09 14     408.00 A
06630000 1995 09 15     367.00 A
06630000 1995 09 16     335.00 A
06630000 1995 09 17     319.00 A
06630000 1995 09 18     320.00 A
06630000 1995 09 19     371.00 A
06630000 1995 09 20     435.00 A
06630000 1995 09 21     426.00 A
06630000 1995 09 22     456.00 A
06630000 1995 09 23     480.00 A
06630000 1995 09 24     522.00 A
06630000 1995 09 25     521.00 A
06630000 1995 09 26     502.00 A
06630000 1995 09 27     464.00 A
06630000 1995 09 28     446.00 A
06630000 1995 09 29     437.00 A
06630000 1995 09 30     452.00 A
06630000 1995 10 01     560.00 A
06630000 1995 10 02     563.00 A
06630000 1995 10 03     541.00 A
06630000 1995 10 04     559.00 A
06630000 1995 10 05     655.00 A
06630000 1995 10 06     654.00 A
06630000 1995 10 07     606.00 A
06630000 1995 10 08     619.00 A
06630000 1995 10 09     613.00 A
06630000 1995 10 10     596.00 A
06630000 1995 10 11     585.00 A
06630000 1995 10 12     572.00 A
06630000 1995 10 13     560.00 A
06630000 1995 10 14     562.00 A
06630000 1995 10 15     548.00 A
06630000 1995 10 16     552.00 A
06630000 1995 10 17     547.00 A
06630000 1995 10 18     532.00 A
06630000 1995 10 19     514.00 A
06630000 1995 10 20     495.00 A
06630000 1995 10 21     478.00 A
06630000 1995 10 22     509.00 A
06630000 1995 10 23     569.00 A
06630000 1995 10 24     551.00 A
06630000 1995 10 25     481.00 A
06630000 1995 10 26     543.00 A
06630000 1995 10 27     642.00 A
06630000 1995 10 28     679.00 A
06630000 1995 10 29     649.00 A
06630000 1995 10 30     649.00 A
06630000 1995 10 31     661.00 A
06630000 1995 11 01     745.00 A
06630000 1995 11 02     860.00 A
06630000 1995 11 03     755.00 A
06630000 1995 11 04     725.00 A
06630000 1995 11 05     630.00 A
06630000 1995 11 06     676.00 A
06630000 1995 11 07     705.00 A
06630000 1995 11 08     669.00 A
06630000 1995 11 09     702.00 A
06630000 1995 11 10     713.00 A
06630000 1995 11 11     650.00 A
06630000 1995 11 12     671.00 A
06630000 1995 11 13     643.00 A
06630000 1995 11 14     763.00 A
06630000 1995 11 15     877.00 A
06630000 1995 11 16     994.00 A
06630000 1995 11 17     968.00 A
06630000 1995 11 18     901.00 A
06630000 1995 11 19     819.00 A
06630000 1995 11 20     796.00 A
06630000 1995 11 21     752.00 A
06630000 1995 11 22     697.00 A
06630000 1995 11 23     698.00 A
06630000 1995 11 24     682.00 A
06630000 1995 11 25     658.00 A
06630000 1995 11 26     648.00 A
06630000 1995 11 27     651.00 A
06630000 1995 11 28     631.00 A
06630000 1995 11 29     575.00 A
06630000 1995 11 30     522.00 A
06630000 1995 12 01     622.00 A
06630000 1995 12 02     722.00 A
06630000 1995 12 03     739.00 A
06630000 1995 12 04     677.00 A
06630000 1995 12 05     640.00 A
06630000 1995 12 06     579.00 A
06630000 1995 12 07     678.00 A
06630000 1995 12 08     689.00 A
06630000 1995 12 09     572.00 A
06630000 1995 12 10     583.00 A
06630000 1995 12 11     606.00 A
06630000 1995 12 12     702.00 A
06630000 1995 12 13     700.00 A
06630000 1995 12 14     640.00 A
06630000 1995 12 15     580.00 A
06630000 1995 12 16     510.00 A
06630000 1995 12 17     420.00 A
06630000 1995 12 18     370.00 A
06630000 1995 12 19     400.00 A
06630000 1995 12 20     424.00 A
06630000 1995 12 21     429.00 A
06630000 1995 12 22     406.00 A
06630000 1995 12 23     392.00 A
06630000 1995 12 24     476.00 A
06630000 1995 12 25     545.00 A
06630000 1995 12 26     468.00 A
06630000 1995 12 27     436.00 A
06630000 1995 12 28     464.00 A
06630000 1995 12 29     457.00 A
06630000 1995 12 30     489.00 A
06630000 1995 12 31     516.00 A
06630000 1996 01 01     523.00 A
06630000 1996 01 02     526.00 A
06630000 1996 01 03     523.00 A
06630000 1996 01 04     510.00 A
06630000 1996 01 05     450.00 A
06630000 1996 01 06     480.00 A
06630000 1996 01 07     520.00 A
06630000 1996 01 08     570.00 A
06630000 1996 01 09     610.00 A
06630000 1996 01 10     570.00 A
06630000 1996 01 11     510.00 A
06630000 1996 01 12     460.00 A
06630000 1996 01 13     460.00 A
06630000 1996 01 14     500.00 A
06630000 1996 01 15     540.00 A
06630000 1996 01 16     480.00 A
06630000 1996 01 17     400.00 A
06630000 1996 01 18     450.00 A
06630000 1996 01 19     475.00 A
06630000 1996 01 20     510.00 A
06630000 1996 01 21     470.00 A
06630000 1996 01 22     450.00 A
06630000 1996 01 23     400.00 A
06630000 1996 01 24     460.00 A
06630000 1996 01 25     500.00 A
06630000 1996 01 26     480.00 A
06630000 1996 01 27     500.00 A
06630000 1996 01 28     540.00 A
06630000 1996 01 29     540.00 A
06630000 1996 01 30     510.00 A
06630000 1996 01 31     450.00 A
06630000 1996 02 01     380.00 A
06630000 1996 02 02     425.00 A
06630000 1996 02 03     475.00 A
06630000 1996 02 04     540.00 A
06630000 1996 02 05     580.00 A
06630000 1996 02 06     640.00 A
06630000 1996 02 07     680.00 A
06630000 1996 02 08     640.00 A
06630000 1996 02 09     600.00 A
06630000 1996 02 10     540.00 A
06630000 1996 02 11     480.00 A
06630000 1996 02 12     570.00 A
06630000 1996 02 13     700.00 A
06630000 1996 02 14     590.00 A
06630000 1996 02 15     540.00 A
06630000 1996 02 16     600.00 A
06630000 1996 02 17     700.00 A
06630000 1996 02 18     780.00 A
06630000 1996 02 19     820.00 A
06630000 1996 02 20     830.00 A
06630000 1996 02 21     800.00 A
06630000 1996 02 22     750.00 A
06630000 1996 02 23     680.00 A
06630000 1996 02 24     700.00 A
06630000 1996 02 25     750.00 A
06630000 1996 02 26     806.00 A
06630000 1996 02 27     783.00 A
06630000 1996 02 28     762.00 A
06630000 1996 02 29     817.00 A
06630000 1996 03 01     851.00 A
06630000 1996 03 02     860.00 A
06630000 1996 03 03     911.00 A
06630000 1996 03 04     866.00 A
06630000 1996 03 05     802.00 A
06630000 1996 03 06     761.00 A
06630000 1996 03 07     719.00 A
06630000 1996 03 08     744.00 A
06630000 1996 03 09     760.00 A
06630000 1996 03 10     770.00 A
06630000 1996 03 11     790.00 A
06630000 1996 03 12     850.00 A
06630000 1996 03 13     900.00 A
06630000 1996 03 14     810.00 A
06630000 1996 03 15     700.00 A
06630000 1996 03 16     727.00 A
06630000 1996 03 17     766.00 A
06630000 1996 03 18     724.00 A
06630000 1996 03 19     670.00 A
06630000 1996 03 20     635.00 A
06630000 1996 03 21     647.00 A
06630000 1996 03 22     692.00 A
06630000 1996 03 23     756.00 A
06630000 1996 03 24     864.00 A
06630000 1996 03 25     762.00 A
06630000 1996 03 26     649.00 A
06630000 1996 03 27     701.00 A
06630000 1996 03 28     730.00 A
06630000 1996 03 29     748.00 A
06630000 1996 03 30     769.00 A
06630000 1996 03 31     809.00 A
06630000 1996 04 01     873.00 A
06630000 1996 04 02     973.00 A
06630000 1996 04 03     1370.00 A
06630000 1996 04 04     2030.00 A
06630000 1996 04 05     2170.00 A
06630000 1996 04 06     2610.00 A
06630000 1996 04 07     2990.00 A
06630000 1996 04 08     2960.00 A
06630000 1996 04 09     2940.00 A
06630000 1996 04 10     3240.00 A
06630000 1996 04 11     3830.00 A
06630000 1996 04 12     4590.00 A
06630000 1996 04 13     4240.00 A
06630000 1996 04 14     3340.00 A
06630000 1996 04 15     2700.00 A
06630000 1996 04 16     2250.00 A
06630000 1996 04 17     2180.00 A
06630000 1996 04 18     2240.00 A
06630000 1996 04 19     2240.00 A
06630000 1996 04 20     2040.00 A
06630000 1996 04 21     1800.00 A
06630000 1996 04 22     1660.00 A
06630000 1996 04 23     1540.00 A
06630000 1996 04 24     1440.00 A
06630000 1996 04 25     1520.00 A
06630000 1996 04 26     2220.00 A
06630000 1996 04 27     2700.00 A
06630000 1996 04 28     2700.00 A
06630000 1996 04 29     2360.00 A
06630000 1996 04 30     2090.00 A
06630000 1996 05 01     1800.00 A
06630000 1996 05 02     1640.00 A
06630000 1996 05 03     1620.00 A
06630000 1996 05 04     1790.00 A
06630000 1996 05 05     1990.00 A
06630000 1996 05 06     2290.00 A
06630000 1996 05 07     2770.00 A
06630000 1996 05 08     3130.00 A
06630000 1996 05 09     3370.00 A
06630000 1996 05 10     3800.00 A
06630000 1996 05 11     3940.00 A
06630000 1996 05 12     4190.00 A
06630000 1996 05 13     4630.00 A
06630000 1996 05 14     5140.00 A
06630000 1996 05 15     5780.00 A
06630000 1996 05 16     6340.00 A
06630000 1996 05 17     6950.00 A
06630000 1996 05 18     8080.00 A
06630000 1996 05 19     8430.00 A
06630000 1996 05 20     8640.00 A
06630000 1996 05 21     7660.00 A
06630000 1996 05 22     6520.00 A
06630000 1996 05 23     5810.00 A
06630000 1996 05 24     5370.00 A
06630000 1996 05 25     5190.00 A
06630000 1996 05 26     6000.00 A
06630000 1996 05 27     6920.00 A
06630000 1996 05 28     7010.00 A
06630000 1996 05 29     6340.00 A
06630000 1996 05 30     5780.00 A
06630000 1996 05 31     5360.00 A
06630000 1996 06 01     4980.00 A
06630000 1996 06 02     4630.00 A
06630000 1996 06 03     4500.00 A
06630000 1996 06 04     4640.00 A
06630000 1996 06 05     5020.00 A
06630000 1996 06 06     5740.00 A
06630000 1996 06 07     6230.00 A
06630000 1996 06 08     6160.00 A
06630000 1996 06 09     6180.00 A
06630000 1996 06 10     6320.00 A
06630000 1996 06 11     6640.00 A
06630000 1996 06 12     6660.00 A
06630000 1996 06 13     6260.00 A
06630000 1996 06 14     6120.00 A
06630000 1996 06 15     5870.00 A
06630000 1996 06 16     5450.00 A
06630000 1996 06 17     5240.00 A
06630000 1996 06 18     5100.00 A
06630000 1996 06 19     4970.00 A
06630000 1996 06 20     4610.00 A
06630000 1996 06 21     4430.00 A
06630000 1996 06 22     5450.00 A
06630000 1996 06 23     5870.00 A
06630000 1996 06 24     5730.00 A
06630000 1996 06 25     5330.00 A
06630000 1996 06 26     4390.00 A
06630000 1996 06 27     3530.00 A
06630000 1996 06 28     3350.00 A
06630000 1996 06 29     3290.00 A
06630000 1996 06 30     3140.00 A
06630000 1996 07 01     2800.00 A
06630000 1996 07 02     2460.00 A
06630000 1996 07 03     2240.00 A
06630000 1996 07 04     2100.00 A
06630000 1996 07 05     2100.00 A
06630000 1996 07 06     2190.00 A
06630000 1996 07 07     2150.00 A
06630000 1996 07 08     2050.00 A
06630000 1996 07 09     1900.00 A
06630000 1996 07 10     1830.00 A
06630000 1996 07 11     1780.00 A
06630000 1996 07 12     1550.00 A
06630000 1996 07 13     1310.00 A
06630000 1996 07 14     1170.00 A
06630000 1996 07 15     1090.00 A
06630000 1996 07 16     1020.00 A
06630000 1996 07 17     1050.00 A
06630000 1996 07 18     1080.00 A
06630000 1996 07 19     979.00 A
06630000 1996 07 20     993.00 A
06630000 1996 07 21     959.00 A
06630000 1996 07 22     858.00 A
06630000 1996 07 23     762.00 A
06630000 1996 07 24     723.00 A
06630000 1996 07 25     719.00 A
06630000 1996 07 26     671.00 A
06630000 1996 07 27     658.00 A
06630000 1996 07 28     646.00 A
06630000 1996 07 29     627.00 A
06630000 1996 07 30     673.00 A
06630000 1996 07 31     825.00 A
06630000 1996 08 01     832.00 A
06630000 1996 08 02     752.00 A
06630000 1996 08 03     665.00 A
06630000 1996 08 04     645.00 A
06630000 1996 08 05     834.00 A
06630000 1996 08 06     782.00 A
06630000 1996 08 07     678.00 A
06630000 1996 08 08     602.00 A
06630000 1996 08 09     546.00 A
06630000 1996 08 10     498.00 A
06630000 1996 08 11     490.00 A
06630000 1996 08 12     476.00 A
06630000 1996 08 13     466.00 A
06630000 1996 08 14     449.00 A
06630000 1996 08 15     435.00 A
06630000 1996 08 16     422.00 A
06630000 1996 08 17     421.00 A
06630000 1996 08 18     410.00 A
06630000 1996 08 19     391.00 A
06630000 1996 08 20     412.00 A
06630000 1996 08 21     407.00 A
06630000 1996 08 22     385.00 A
06630000 1996 08 23     388.00 A
06630000 1996 08 24     390.00 A
06630000 1996 08 25     367.00 A
06630000 1996 08 26     353.00 A
06630000 1996 08 27     336.00 A
06630000 1996 08 28     319.00 A
06630000 1996 08 29     310.00 A
06630000 1996 08 30     305.00 A
06630000 1996 08 31     307.00 A
06630000 1996 09 01     305.00 A
06630000 1996 09 02     287.00 A
06630000 1996 09 03     267.00 A
06630000 1996 09 04     253.00 A
06630000 1996 09 05     241.00 A
06630000 1996 09 06     243.00 A
06630000 1996 09 07     253.00 A
06630000 1996 09 08     259.00 A
06630000 1996 09 09     255.00 A
06630000 1996 09 10     261.00 A
06630000 1996 09 11     261.00 A
06630000 1996 09 12     259.00 A
06630000 1996 09 13     257.00 A
06630000 1996 09 14     261.00 A
06630000 1996 09 15     281.00 A
06630000 1996 09 16     284.00 A
06630000 1996 09 17     280.00 A
06630000 1996 09 18     276.00 A
06630000 1996 09 19     267.00 A
06630000 1996 09 20     275.00 A
06630000 1996 09 21     275.00 A
06630000 1996 09 22     285.00 A
06630000 1996 09 23     291.00 A
06630000 1996 09 24     295.00 A
06630000 1996 09 25     316.00 A
06630000 1996 09 26     318.00 A
06630000 1996 09 27     369.00 A
06630000 1996 09 28     432.00 A
06630000 1996 09 29     484.00 A
06630000 1996 09 30     475.00 A
06630000 1996 10 01     452.00 A
06630000 1996 10 02     449.00 A
06630000 1996 10 03     425.00 A
06630000 1996 10 04     426.00 A
06630000 1996 10 05     436.00 A
06630000 1996 10 06     443.00 A
06630000 1996 10 07     426.00 A
06630000 1996 10 08     417.00 A
06630000 1996 10 09     405.00 A
06630000 1996 10 10     391.00 A
06630000 1996 10 11     380.00 A
06630000 1996 10 12     372.00 A
06630000 1996 10 13     365.00 A
06630000 1996 10 14     362.00 A
06630000 1996 10 15     358.00 A
06630000 1996 10 16     362.00 A
06630000 1996 10 17     367.00 A
06630000 1996 10 18     375.00 A
06630000 1996 10 19     368.00 A
06630000 1996 10 20     388.00 A
06630000 1996 10 21     444.00 A
06630000 1996 10 22     440.00 A
06630000 1996 10 23     408.00 A
06630000 1996 10 24     402.00 A
06630000 1996 10 25     420.00 A
06630000 1996 10 26     426.00 A
06630000 1996 10 27     495.00 A
06630000 1996 10 28     444.00 A
06630000 1996 10 29     436.00 A
06630000 1996 10 30     562.00 A
06630000 1996 10 31     525.00 A
06630000 1996 11 01     520.00 A
06630000 1996 11 02     584.00 A
06630000 1996 11 03     561.00 A
06630000 1996 11 04     549.00 A
06630000 1996 11 05     571.00 A
06630000 1996 11 06     612.00 A
06630000 1996 11 07     480.00 A
06630000 1996 11 08     420.00 A
06630000 1996 11 09     460.00 A
06630000 1996 11 10     525.00 A
06630000 1996 11 11     608.00 A
06630000 1996 11 12     601.00 A
06630000 1996 11 13     582.00 A
06630000 1996 11 14     602.00 A
06630000 1996 11 15     626.00 A
06630000 1996 11 16     636.00 A
06630000 1996 11 17     565.00 A
06630000 1996 11 18     475.00 A
06630000 1996 11 19     512.00 A
06630000 1996 11 20     651.00 A
06630000 1996 11 21     743.00 A
06630000 1996 11 22     761.00 A
06630000 1996 11 23     793.00 A
06630000 1996 11 24     880.00 A
06630000 1996 11 25     845.00 A
06630000 1996 11 26     780.00 A
06630000 1996 11 27     660.00 A
06630000 1996 11 28     680.00 A
06630000 1996 11 29     530.00 A
06630000 1996 11 30     460.00 A
06630000 1996 12 01     460.00 A
06630000 1996 12 02     480.00 A
06630000 1996 12 03     380.00 A
06630000 1996 12 04     400.00 A
06630000 1996 12 05     430.00 A
06630000 1996 12 06     410.00 A
06630000 1996 12 07     450.00 A
06630000 1996 12 08     480.00 A
06630000 1996 12 09     520.00 A
06630000 1996 12 10     470.00 A
06630000 1996 12 11     440.00 A
06630000 1996 12 12     400.00 A
06630000 1996 12 13     420.00 A
06630000 1996 12 14     370.00 A
06630000 1996 12 15     350.00 A
06630000 1996 12 16     340.00 A
06630000 1996 12 17     350.00 A
06630000 1996 12 18     390.00 A
06630000 1996 12 19     420.00 A
06630000 1996 12 20     500.00 A
06630000 1996 12 21     470.00 A
06630000 1996 12 22     450.00 A
06630000 1996 12 23     440.00 A
06630000 1996 12 24     450.00 A
06630000 1996 12 25     510.00 A
06630000 1996 12 26     540.00 A
06630000 1996 12 27     530.00 A
06630000 1996 12 28     520.00 A
06630000 1996 12 29     570.00 A
06630000 1996 12 30     600.00 A
06630000 1996 12 31     570.00 A
06630000 1997 01 01     600.00 A
06630000 1997 01 02     620.00 A
06630000 1997 01 03     640.00 A
06630000 1997 01 04     680.00 A
06630000 1997 01 05     600.00 A
06630000 1997 01 06     510.00 A
06630000 1997 01 07     480.00 A
06630000 1997 01 08     450.00 A
06630000 1997 01 09     460.00 A
06630000 1997 01 10     450.00 A
06630000 1997 01 11     500.00 A
06630000 1997 01 12     450.00 A
06630000 1997 01 13     410.00 A
06630000 1997 01 14     410.00 A
06630000 1997 01 15     430.00 A
06630000 1997 01 16     450.00 A
06630000 1997 01 17     470.00 A
06630000 1997 01 18     500.00 A
06630000 1997 01 19     510.00 A
06630000 1997 01 20     530.00 A
06630000 1997 01 21     520.00 A
06630000 1997 01 22     500.00 A
06630000 1997 01 23     460.00 A
06630000 1997 01 24     420.00 A
06630000 1997 01 25     440.00 A
06630000 1997 01 26     480.00 A
06630000 1997 01 27     460.00 A
06630000 1997 01 28     440.00 A
06630000 1997 01 29     440.00 A
06630000 1997 01 30     460.00 A
06630000 1997 01 31     490.00 A
06630000 1997 02 01     480.00 A
06630000 1997 02 02     470.00 A
06630000 1997 02 03     450.00 A
06630000 1997 02 04     440.00 A
06630000 1997 02 05     450.00 A
06630000 1997 02 06     460.00 A
06630000 1997 02 07     460.00 A
06630000 1997 02 08     460.00 A
06630000 1997 02 09     450.00 A
06630000 1997 02 10     450.00 A
06630000 1997 02 11     460.00 A
06630000 1997 02 12     490.00 A
06630000 1997 02 13     500.00 A
06630000 1997 02 14     480.00 A
06630000 1997 02 15     490.00 A
06630000 1997 02 16     480.00 A
06630000 1997 02 17     500.00 A
06630000 1997 02 18     500.00 A
06630000 1997 02 19     500.00 A
06630000 1997 02 20     480.00 A
06630000 1997 02 21     460.00 A
06630000 1997 02 22     440.00 A
06630000 1997 02 23     420.00 A
06630000 1997 02 24     400.00 A
06630000 1997 02 25     420.00 A
06630000 1997 02 26     440.00 A
06630000 1997 02 27     460.00 A
06630000 1997 02 28     480.00 A
06630000 1997 03 01     460.00 A
06630000 1997 03 02     520.00 A
06630000 1997 03 03     500.00 A
06630000 1997 03 04     490.00 A
06630000 1997 03 05     510.00 A
06630000 1997 03 06     560.00 A
06630000 1997 03 07     540.00 A
06630000 1997 03 08     590.00 A
06630000 1997 03 09     570.00 A
06630000 1997 03 10     630.00 A
06630000 1997 03 11     700.00 A
06630000 1997 03 12     800.00 A
06630000 1997 03 13     850.00 A
06630000 1997 03 14     760.00 A
06630000 1997 03 15     750.00 A
06630000 1997 03 16     750.00 A
06630000 1997 03 17     800.00 A
06630000 1997 03 18     1000.00 A
06630000 1997 03 19     1100.00 A
06630000 1997 03 20     1380.00 A
06630000 1997 03 21     1620.00 A
06630000 1997 03 22     1900.00 A
06630000 1997 03 23     2030.00 A
06630000 1997 03 24     2480.00 A
06630000 1997 03 25     2690.00 A
06630000 1997 03 26     2540.00 A
06630000 1997 03 27     2190.00 A
06630000 1997 03 28     2010.00 A
06630000 1997 03 29     1690.00 A
06630000 1997 03 30     1630.00 A
06630000 1997 03 31     1480.00 A
06630000 1997 04 01     1410.00 A
06630000 1997 04 02     1410.00 A
06630000 1997 04 03     1300.00 A
06630000 1997 04 04     1230.00 A
06630000 1997 04 05     1420.00 A
06630000 1997 04 06     1330.00 A
06630000 1997 04 07     1160.00 A
06630000 1997 04 08     1060.00 A
06630000 1997 04 09     1100.00 A
06630000 1997 04 10     1090.00 A
06630000 1997 04 11     1020.00 A
06630000 1997 04 12     910.00 A
06630000 1997 04 13     746.00 A
06630000 1997 04 14     849.00 A
06630000 1997 04 15     913.00 A
06630000 1997 04 16     923.00 A
06630000 1997 04 17     1020.00 A
06630000 1997 04 18     1300.00 A
06630000 1997 04 19     1680.00 A
06630000 1997 04 20     2060.00 A
06630000 1997 04 21     2440.00 A
06630000 1997 04 22     2710.00 A
06630000 1997 04 23     2650.00 A
06630000 1997 04 24     2430.00 A
06630000 1997 04 25     2190.00 A
06630000 1997 04 26     2000.00 A
06630000 1997 04 27     1920.00 A
06630000 1997 04 28     1970.00 A
06630000 1997 04 29     2310.00 A
06630000 1997 04 30     2790.00 A
06630000 1997 05 01     2990.00 A
06630000 1997 05 02     2930.00 A
06630000 1997 05 03     2560.00 A
06630000 1997 05 04     2160.00 A
06630000 1997 05 05     2040.00 A
06630000 1997 05 06     2230.00 A
06630000 1997 05 07     2690.00 A
06630000 1997 05 08     3220.00 A
06630000 1997 05 09     3550.00 A
06630000 1997 05 10     3880.00 A
06630000 1997 05 11     4190.00 A
06630000 1997 05 12     4460.00 A
06630000 1997 05 13     4410.00 A
06630000 1997 05 14     4550.00 A
06630000 1997 05 15     4760.00 A
06630000 1997 05 16     4980.00 A
06630000 1997 05 17     5400.00 A
06630000 1997 05 18     6000.00 A
06630000 1997 05 19     6680.00 A
06630000 1997 05 20     7230.00 A
06630000 1997 05 21     7010.00 A
06630000 1997 05 22     6790.00 A
06630000 1997 05 23     7010.00 A
06630000 1997 05 24     6920.00 A
06630000 1997 05 25     7060.00 A
06630000 1997 05 26     7720.00 A
06630000 1997 05 27     7290.00 A
06630000 1997 05 28     6470.00 A
06630000 1997 05 29     5820.00 A
06630000 1997 05 30     6690.00 A
06630000 1997 05 31     7190.00 A
06630000 1997 06 01     7490.00 A
06630000 1997 06 02     8720.00 A
06630000 1997 06 03     9910.00 A
06630000 1997 06 04     10600.00 A
06630000 1997 06 05     10800.00 A
06630000 1997 06 06     11000.00 A
06630000 1997 06 07     10900.00 A
06630000 1997 06 08     10200.00 A
06630000 1997 06 09     10500.00 A
06630000 1997 06 10     10600.00 A
06630000 1997 06 11     9780.00 A
06630000 1997 06 12     9360.00 A
06630000 1997 06 13     8680.00 A
06630000 1997 06 14     8040.00 A
06630000 1997 06 15     7530.00 A
06630000 1997 06 16     6900.00 A
06630000 1997 06 17     6600.00 A
06630000 1997 06 18     6240.00 A
06630000 1997 06 19     6300.00 A
06630000 1997 06 20     6860.00 A
06630000 1997 06 21     6900.00 A
06630000 1997 06 22     7300.00 A
06630000 1997 06 23     7050.00 A
06630000 1997 06 24     6370.00 A
06630000 1997 06 25     5590.00 A
06630000 1997 06 26     4980.00 A
06630000 1997 06 27     4340.00 A
06630000 1997 06 28     3750.00 A
06630000 1997 06 29     3420.00 A
06630000 1997 06 30     3190.00 A
06630000 1997 07 01     2920.00 A
06630000 1997 07 02     2590.00 A
06630000 1997 07 03     2350.00 A
06630000 1997 07 04     2190.00 A
06630000 1997 07 05     2060.00 A
06630000 1997 07 06     2010.00 A
06630000 1997 07 07     1890.00 A
06630000 1997 07 08     1770.00 A
06630000 1997 07 09     1610.00 A
06630000 1997 07 10     1560.00 A
06630000 1997 07 11     1570.00 A
06630000 1997 07 12     1610.00 A
06630000 1997 07 13     1610.00 A
06630000 1997 07 14     1590.00 A
06630000 1997 07 15     1460.00 A
06630000 1997 07 16     1330.00 A
06630000 1997 07 17     1190.00 A
06630000 1997 07 18     1090.00 A
06630000 1997 07 19     1110.00 A
06630000 1997 07 20     1220.00 A
06630000 1997 07 21     1350.00 A
06630000 1997 07 22     1210.00 A
06630000 1997 07 23     1060.00 A
06630000 1997 07 24     1070.00 A
06630000 1997 07 25     1000.00 A
06630000 1997 07 26     924.00 A
06630000 1997 07 27     903.00 A
06630000 1997 07 28     884.00 A
06630000 1997 07 29     890.00 A
06630000 1997 07 30     1060.00 A
06630000 1997 07 31     1050.00 A
06630000 1997 08 01     1320.00 A
06630000 1997 08 02     1390.00 A
06630000 1997 08 03     1220.00 A
06630000 1997 08 04     1030.00 A
06630000 1997 08 05     899.00 A
06630000 1997 08 06     1100.00 A
06630000 1997 08 07     1200.00 A
06630000 1997 08 08     1050.00 A
06630000 1997 08 09     1010.00 A
06630000 1997 08 10     959.00 A
06630000 1997 08 11     1000.00 A
06630000 1997 08 12     1180.00 A
06630000 1997 08 13     1310.00 A
06630000 1997 08 14     1280.00 A
06630000 1997 08 15     1090.00 A
06630000 1997 08 16     1010.00 A
06630000 1997 08 17     971.00 A
06630000 1997 08 18     844.00 A
06630000 1997 08 19     787.00 A
06630000 1997 08 20     756.00 A
06630000 1997 08 21     759.00 A
06630000 1997 08 22     742.00 A
06630000 1997 08 23     710.00 A
06630000 1997 08 24     670.00 A
06630000 1997 08 25     628.00 A
06630000 1997 08 26     610.00 A
06630000 1997 08 27     602.00 A
06630000 1997 08 28     624.00 A
06630000 1997 08 29     637.00 A
06630000 1997 08 30     616.00 A
06630000 1997 08 31     584.00 A
06630000 1997 09 01     577.00 A
06630000 1997 09 02     604.00 A
06630000 1997 09 03     552.00 A
06630000 1997 09 04     536.00 A
06630000 1997 09 05     526.00 A
06630000 1997 09 06     520.00 A
06630000 1997 09 07     515.00 A
06630000 1997 09 08     529.00 A
06630000 1997 09 09     525.00 A
06630000 1997 09 10     525.00 A
06630000 1997 09 11     513.00 A
06630000 1997 09 12     495.00 A
06630000 1997 09 13     492.00 A
06630000 1997 09 14     500.00 A
06630000 1997 09 15     501.00 A
06630000 1997 09 16     517.00 A
06630000 1997 09 17     578.00 A
06630000 1997 09 18     477.00 A
06630000 1997 09 19     661.00 A
06630000 1997 09 20     1730.00 A
06630000 1997 09 21     2680.00 A
06630000 1997 09 22     3740.00 A
06630000 1997 09 23     4050.00 A
06630000 1997 09 24     3540.00 A
06630000 1997 09 25     2420.00 A
06630000 1997 09 26     1850.00 A
06630000 1997 09 27     1570.00 A
06630000 1997 09 28     1460.00 A
06630000 1997 09 29     1450.00 A
06630000 1997 09 30     1320.00 A
06630000 1997 10 01     1170.00 A
06630000 1997 10 02     1070.00 A
06630000 1997 10 03     979.00 A
06630000 1997 10 04     1060.00 A
06630000 1997 10 05     1040.00 A
06630000 1997 10 06     1010.00 A
06630000 1997 10 07     919.00 A
06630000 1997 10 08     851.00 A
06630000 1997 10 09     866.00 A
06630000 1997 10 10     867.00 A
06630000 1997 10 11     873.00 A
06630000 1997 10 12     889.00 A
06630000 1997 10 13     953.00 A
06630000 1997 10 14     929.00 A
06630000 1997 10 15     931.00 A
06630000 1997 10 16     951.00 A
06630000 1997 10 17     960.00 A
06630000 1997 10 18     963.00 A
06630000 1997 10 19     949.00 A
06630000 1997 10 20     912.00 A
06630000 1997 10 21     887.00 A
06630000 1997 10 22     865.00 A
06630000 1997 10 23     849.00 A
06630000 1997 10 24     843.00 A
06630000 1997 10 25     851.00 A
06630000 1997 10 26     813.00 A
06630000 1997 10 27     717.00 A
06630000 1997 10 28     808.00 A
06630000 1997 10 29     903.00 A
06630000 1997 10 30     949.00 A
06630000 1997 10 31     933.00 A
06630000 1997 11 01     910.00 A
06630000 1997 11 02     906.00 A
06630000 1997 11 03     873.00 A
06630000 1997 11 04     777.00 A
06630000 1997 11 05     853.00 A
06630000 1997 11 06     838.00 A
06630000 1997 11 07     864.00 A
06630000 1997 11 08     859.00 A
06630000 1997 11 09     863.00 A
06630000 1997 11 10     830.00 A
06630000 1997 11 11     820.00 A
06630000 1997 11 12     810.00 A
06630000 1997 11 13     740.00 A
06630000 1997 11 14     650.00 A
06630000 1997 11 15     500.00 A
06630000 1997 11 16     350.00 A
06630000 1997 11 17     400.00 A
06630000 1997 11 18     500.00 A
06630000 1997 11 19     700.00 A
06630000 1997 11 20     660.00 A
06630000 1997 11 21     650.00 A
06630000 1997 11 22     650.00 A
06630000 1997 11 23     640.00 A
06630000 1997 11 24     640.00 A
06630000 1997 11 25     660.00 A
06630000 1997 11 26     680.00 A
06630000 1997 11 27     670.00 A
06630000 1997 11 28     660.00 A
06630000 1997 11 29     640.00 A
06630000 1997 11 30     590.00 A
06630000 1997 12 01     620.00 A
06630000 1997 12 02     590.00 A
06630000 1997 12 03     560.00 A
06630000 1997 12 04     550.00 A
06630000 1997 12 05     570.00 A
06630000 1997 12 06     630.00 A
06630000 1997 12 07     600.00 A
06630000 1997 12 08     590.00 A
06630000 1997 12 09     590.00 A
06630000 1997 12 10     570.00 A
06630000 1997 12 11     560.00 A
06630000 1997 12 12     520.00 A
06630000 1997 12 13     540.00 A
06630000 1997 12 14     580.00 A
06630000 1997 12 15     610.00 A
06630000 1997 12 16     600.00 A
06630000 1997 12 17     600.00 A
06630000 1997 12 18     610.00 A
06630000 1997 12 19     590.00 A
06630000 1997 12 20     560.00 A
06630000 1997 12 21     540.00 A
06630000 1997 12 22     510.00 A
06630000 1997 12 23     500.00 A
06630000 1997 12 24     500.00 A
06630000 1997 12 25     520.00 A
06630000 1997 12 26     540.00 A
06630000 1997 12 27     510.00 A
06630000 1997 12 28     510.00 A
06630000 1997 12 29     530.00 A
06630000 1997 12 30     540.00 A
06630000 1997 12 31     580.00 A
06630000 1998 01 01     560.00 A
06630000 1998 01 02     540.00 A
06630000 1998 01 03     520.00 A
06630000 1998 01 04     500.00 A
06630000 1998 01 05     470.00 A
06630000 1998 01 06     450.00 A
06630000 1998 01 07     460.00 A
06630000 1998 01 08     490.00 A
06630000 1998 01 09     510.00 A
06630000 1998 01 10     520.00 A
06630000 1998 01 11     530.00 A
06630000 1998 01 12     520.00 A
06630000 1998 01 13     510.00 A
06630000 1998 01 14     500.00 A
06630000 1998 01 15     490.00 A
06630000 1998 01 16     490.00 A
06630000 1998 01 17     500.00 A
06630000 1998 01 18     520.00 A
06630000 1998 01 19     520.00 A
06630000 1998 01 20     520.00 A
06630000 1998 01 21     500.00 A
06630000 1998 01 22     490.00 A
06630000 1998 01 23     520.00 A
06630000 1998 01 24     520.00 A
06630000 1998 01 25     530.00 A
06630000 1998 01 26     530.00 A
06630000 1998 01 27     540.00 A
06630000 1998 01 28     540.00 A
06630000 1998 01 29     550.00 A
06630000 1998 01 30     570.00 A
06630000 1998 01 31     550.00 A
06630000 1998 02 01     570.00 A
06630000 1998 02 02     580.00 A
06630000 1998 02 03     600.00 A
06630000 1998 02 04     600.00 A
06630000 1998 02 05     600.00 A
06630000 1998 02 06     600.00 A
06630000 1998 02 07     600.00 A
06630000 1998 02 08     580.00 A
06630000 1998 02 09     540.00 A
06630000 1998 02 10     520.00 A
06630000 1998 02 11     500.00 A
06630000 1998 02 12     490.00 A
06630000 1998 02 13     490.00 A
06630000 1998 02 14     500.00 A
06630000 1998 02 15     510.00 A
06630000 1998 02 16     520.00 A
06630000 1998 02 17     530.00 A
06630000 1998 02 18     530.00 A
06630000 1998 02 19     510.00 A
06630000 1998 02 20     520.00 A
06630000 1998 02 21     520.00 A
06630000 1998 02 22     540.00 A
06630000 1998 02 23     540.00 A
06630000 1998 02 24     550.00 A
06630000 1998 02 25     560.00 A
06630000 1998 02 26     530.00 A
06630000 1998 02 27     500.00 A
06630000 1998 02 28     450.00 A
06630000 1998 03 01     470.00 A
06630000 1998 03 02     540.00 A
06630000 1998 03 03     600.00 A
06630000 1998 03 04     660.00 A
06630000 1998 03 05     660.00 A
06630000 1998 03 06     600.00 A
06630000 1998 03 07     570.00 A
06630000 1998 03 08     580.00 A
06630000 1998 03 09     580.00 A
06630000 1998 03 10     600.00 A
06630000 1998 03 11     620.00 A
06630000 1998 03 12     630.00 A
06630000 1998 03 13     640.00 A
06630000 1998 03 14     650.00 A
06630000 1998 03 15     690.00 A
06630000 1998 03 16     770.00 A
06630000 1998 03 17     850.00 A
06630000 1998 03 18     1000.00 A
06630000 1998 03 19     930.00 A
06630000 1998 03 20     900.00 A
06630000 1998 03 21     900.00 A
06630000 1998 03 22     900.00 A
06630000 1998 03 23     910.00 A
06630000 1998 03 24     1200.00 A
06630000 1998 03 25     2200.00 A
06630000 1998 03 26     2530.00 A
06630000 1998 03 27     2860.00 A
06630000 1998 03 28     4210.00 A
06630000 1998 03 29     3120.00 A
06630000 1998 03 30     2120.00 A
06630000 1998 03 31     1600.00 A
06630000 1998 04 01     1360.00 A
06630000 1998 04 02     1270.00 A
06630000 1998 04 03     1230.00 A
06630000 1998 04 04     1190.00 A
06630000 1998 04 05     1170.00 A
06630000 1998 04 06     1220.00 A
06630000 1998 04 07     1240.00 A
06630000 1998 04 08     1140.00 A
06630000 1998 04 09     1030.00 A
06630000 1998 04 10     988.00 A
06630000 1998 04 11     952.00 A
06630000 1998 04 12     991.00 A
06630000 1998 04 13     1250.00 A
06630000 1998 04 14     1370.00 A
06630000 1998 04 15     1320.00 A
06630000 1998 04 16     1250.00 A
06630000 1998 04 17     1160.00 A
06630000 1998 04 18     1080.00 A
06630000 1998 04 19     1010.00 A
06630000 1998 04 20     985.00 A
06630000 1998 04 21     971.00 A
06630000 1998 04 22     954.00 A
06630000 1998 04 23     987.00 A
06630000 1998 04 24     1140.00 A
06630000 1998 04 25     1500.00 A
06630000 1998 04 26     1750.00 A
06630000 1998 04 27     1850.00 A
06630000 1998 04 28     1740.00 A
06630000 1998 04 29     1730.00 A
06630000 1998 04 30     1810.00 A
06630000 1998 05 01     1920.00 A
06630000 1998 05 02     2000.00 A
06630000 1998 05 03     2110.00 A
06630000 1998 05 04     2240.00 A
06630000 1998 05 05     2380.00 A
06630000 1998 05 06     2650.00 A
06630000 1998 05 07     2740.00 A
06630000 1998 05 08     2640.00 A
06630000 1998 05 09     2600.00 A
06630000 1998 05 10     2700.00 A
06630000 1998 05 11     2840.00 A
06630000 1998 05 12     2760.00 A
06630000 1998 05 13     2580.00 A
06630000 1998 05 14     2540.00 A
06630000 1998 05 15     2530.00 A
06630000 1998 05 16     2430.00 A
06630000 1998 05 17     2390.00 A
06630000 1998 05 18     2520.00 A
06630000 1998 05 19     2830.00 A
06630000 1998 05 20     3040.00 A
06630000 1998 05 21     3460.00 A
06630000 1998 05 22     4050.00 A
06630000 1998 05 23     4060.00 A
06630000 1998 05 24     3610.00 A
06630000 1998 05 25     3180.00 A
06630000 1998 05 26     2990.00 A
06630000 1998 05 27     2950.00 A
06630000 1998 05 28     3080.00 A
06630000 1998 05 29     3330.00 A
06630000 1998 05 30     3510.00 A
06630000 1998 05 31     3700.00 A
06630000 1998 06 01     3810.00 A
06630000 1998 06 02     3810.00 A
06630000 1998 06 03     3860.00 A
06630000 1998 06 04     3910.00 A
06630000 1998 06 05     4100.00 A
06630000 1998 06 06     3820.00 A
06630000 1998 06 07     3550.00 A
06630000 1998 06 08     3230.00 A
06630000 1998 06 09     3150.00 A
06630000 1998 06 10     2970.00 A
06630000 1998 06 11     2860.00 A
06630000 1998 06 12     2620.00 A
06630000 1998 06 13     2480.00 A
06630000 1998 06 14     2510.00 A
06630000 1998 06 15     3410.00 A
06630000 1998 06 16     3900.00 A
06630000 1998 06 17     5620.00 A
06630000 1998 06 18     6800.00 A
06630000 1998 06 19     6250.00 A
06630000 1998 06 20     5510.00 A
06630000 1998 06 21     4690.00 A
06630000 1998 06 22     4240.00 A
06630000 1998 06 23     4170.00 A
06630000 1998 06 24     3930.00 A
06630000 1998 06 25     3680.00 A
06630000 1998 06 26     3470.00 A
06630000 1998 06 27     3410.00 A
06630000 1998 06 28     3310.00 A
06630000 1998 06 29     3280.00 A
06630000 1998 06 30     3250.00 A
06630000 1998 07 01     3190.00 A
06630000 1998 07 02     3180.00 A
06630000 1998 07 03     2990.00 A
06630000 1998 07 04     2800.00 A
06630000 1998 07 05     2700.00 A
06630000 1998 07 06     2580.00 A
06630000 1998 07 07     2440.00 A
06630000 1998 07 08     2280.00 A
06630000 1998 07 09     2260.00 A
06630000 1998 07 10     2170.00 A
06630000 1998 07 11     2170.00 A
06630000 1998 07 12     2140.00 A
06630000 1998 07 13     1980.00 A
06630000 1998 07 14     1740.00 A
06630000 1998 07 15     1560.00 A
06630000 1998 07 16     1400.00 A
06630000 1998 07 17     1330.00 A
06630000 1998 07 18     1220.00 A
06630000 1998 07 19     1100.00 A
06630000 1998 07 20     990.00 A
06630000 1998 07 21     900.00 A
06630000 1998 07 22     882.00 A
06630000 1998 07 23     910.00 A
06630000 1998 07 24     1050.00 A
06630000 1998 07 25     1300.00 A
06630000 1998 07 26     1700.00 A
06630000 1998 07 27     1790.00 A
06630000 1998 07 28     1590.00 A
06630000 1998 07 29     1330.00 A
06630000 1998 07 30     1260.00 A
06630000 1998 07 31     1740.00 A
06630000 1998 08 01     1600.00 A
06630000 1998 08 02     1520.00 A
06630000 1998 08 03     1350.00 A
06630000 1998 08 04     1350.00 A
06630000 1998 08 05     1390.00 A
06630000 1998 08 06     1260.00 A
06630000 1998 08 07     1080.00 A
06630000 1998 08 08     941.00 A
06630000 1998 08 09     871.00 A
06630000 1998 08 10     884.00 A
06630000 1998 08 11     850.00 A
06630000 1998 08 12     805.00 A
06630000 1998 08 13     768.00 A
06630000 1998 08 14     780.00 A
06630000 1998 08 15     707.00 A
06630000 1998 08 16     662.00 A
06630000 1998 08 17     629.00 A
06630000 1998 08 18     605.00 A
06630000 1998 08 19     594.00 A
06630000 1998 08 20     628.00 A
06630000 1998 08 21     675.00 A
06630000 1998 08 22     673.00 A
06630000 1998 08 23     665.00 A
06630000 1998 08 24     625.00 A
06630000 1998 08 25     591.00 A
06630000 1998 08 26     552.00 A
06630000 1998 08 27     540.00 A
06630000 1998 08 28     528.00 A
06630000 1998 08 29     514.00 A
06630000 1998 08 30     490.00 A
06630000 1998 08 31     462.00 A
06630000 1998 09 01     469.00 A
06630000 1998 09 02     491.00 A
06630000 1998 09 03     456.00 A
06630000 1998 09 04     433.00 A
06630000 1998 09 05     430.00 A
06630000 1998 09 06     411.00 A
06630000 1998 09 07     392.00 A
06630000 1998 09 08     373.00 A
06630000 1998 09 09     358.00 A
06630000 1998 09 10     348.00 A
06630000 1998 09 11     326.00 A
06630000 1998 09 12     330.00 A
06630000 1998 09 13     365.00 A
06630000 1998 09 14     433.00 A
06630000 1998 09 15     453.00 A
06630000 1998 09 16     448.00 A
06630000 1998 09 17     414.00 A
06630000 1998 09 18     387.00 A
06630000 1998 09 19     361.00 A
06630000 1998 09 20     346.00 A
06630000 1998 09 21     352.00 A
06630000 1998 09 22     362.00 A
06630000 1998 09 23     365.00 A
06630000 1998 09 24     371.00 A
06630000 1998 09 25     394.00 A
06630000 1998 09 26     392.00 A
06630000 1998 09 27     379.00 A
06630000 1998 09 28     367.00 A
06630000 1998 09 29     349.00 A
06630000 1998 09 30     333.00 A
06630000 1998 10 01     338.00 A
06630000 1998 10 02     387.00 A
06630000 1998 10 03     557.00 A
06630000 1998 10 04     736.00 A
06630000 1998 10 05     850.00 A
06630000 1998 10 06     754.00 A
06630000 1998 10 07     663.00 A
06630000 1998 10 08     651.00 A
06630000 1998 10 09     652.00 A
06630000 1998 10 10     652.00 A
06630000 1998 10 11     616.00 A
06630000 1998 10 12     576.00 A
06630000 1998 10 13     547.00 A
06630000 1998 10 14     529.00 A
06630000 1998 10 15     516.00 A
06630000 1998 10 16     530.00 A
06630000 1998 10 17     557.00 A
06630000 1998 10 18     582.00 A
06630000 1998 10 19     571.00 A
06630000 1998 10 20     573.00 A
06630000 1998 10 21     563.00 A
06630000 1998 10 22     556.00 A
06630000 1998 10 23     548.00 A
06630000 1998 10 24     540.00 A
06630000 1998 10 25     549.00 A
06630000 1998 10 26     545.00 A
06630000 1998 10 27     534.00 A
06630000 1998 10 28     564.00 A
06630000 1998 10 29     691.00 A
06630000 1998 10 30     782.00 A
06630000 1998 10 31     741.00 A
06630000 1998 11 01     752.00 A
06630000 1998 11 02     733.00 A
06630000 1998 11 03     765.00 A
06630000 1998 11 04     792.00 A
06630000 1998 11 05     795.00 A
06630000 1998 11 06     769.00 A
06630000 1998 11 07     762.00 A
06630000 1998 11 08     702.00 A
06630000 1998 11 09     685.00 A
06630000 1998 11 10     650.00 A
06630000 1998 11 11     590.00 A
06630000 1998 11 12     580.00 A
06630000 1998 11 13     630.00 A
06630000 1998 11 14     710.00 A
06630000 1998 11 15     758.00 A
06630000 1998 11 16     762.00 A
06630000 1998 11 17     791.00 A
06630000 1998 11 18     763.00 A
06630000 1998 11 19     746.00 A
06630000 1998 11 20     710.00 A
06630000 1998 11 21     670.00 A
06630000 1998 11 22     618.00 A
06630000 1998 11 23     649.00 A
06630000 1998 11 24     706.00 A
06630000 1998 11 25     630.00 A
06630000 1998 11 26     632.00 A
06630000 1998 11 27     614.00 A
06630000 1998 11 28     640.00 A
06630000 1998 11 29     649.00 A
06630000 1998 11 30     674.00 A
06630000 1998 12 01     704.00 A
06630000 1998 12 02     667.00 A
06630000 1998 12 03     637.00 A
06630000 1998 12 04     597.00 A
06630000 1998 12 05     510.00 A
06630000 1998 12 06     400.00 A
06630000 1998 12 07     300.00 A
06630000 1998 12 08     230.00 A
06630000 1998 12 09     280.00 A
06630000 1998 12 10     350.00 A
06630000 1998 12 11     440.00 A
06630000 1998 12 12     550.00 A
06630000 1998 12 13     590.00 A
06630000 1998 12 14     560.00 A
06630000 1998 12 15     465.00 A
06630000 1998 12 16     430.00 A
06630000 1998 12 17     350.00 A
06630000 1998 12 18     330.00 A
06630000 1998 12 19     340.00 A
06630000 1998 12 20     360.00 A
06630000 1998 12 21     380.00 A
06630000 1998 12 22     450.00 A
06630000 1998 12 23     520.00 A
06630000 1998 12 24     560.00 A
06630000 1998 12 25     530.00 A
06630000 1998 12 26     570.00 A
06630000 1998 12 27     610.00 A
06630000 1998 12 28     630.00 A
06630000 1998 12 29     580.00 A
06630000 1998 12 30     510.00 A
06630000 1998 12 31     430.00 A
06630000 1999 01 01     340.00 A
06630000 1999 01 02     380.00 A
06630000 1999 01 03     390.00 A
06630000 1999 01 04     410.00 A
06630000 1999 01 05     460.00 A
06630000 1999 01 06     490.00 A
06630000 1999 01 07     480.00 A
06630000 1999 01 08     480.00 A
06630000 1999 01 09     440.00 A
06630000 1999 01 10     400.00 A
06630000 1999 01 11     400.00 A
06630000 1999 01 12     430.00 A
06630000 1999 01 13     450.00 A
06630000 1999 01 14     500.00 A
06630000 1999 01 15     480.00 A
06630000 1999 01 16     460.00 A
06630000 1999 01 17     440.00 A
06630000 1999 01 18     440.00 A
06630000 1999 01 19     450.00 A
06630000 1999 01 20     390.00 A
06630000 1999 01 21     420.00 A
06630000 1999 01 22     390.00 A
06630000 1999 01 23     390.00 A
06630000 1999 01 24     370.00 A
06630000 1999 01 25     340.00 A
06630000 1999 01 26     330.00 A
06630000 1999 01 27     350.00 A
06630000 1999 01 28     370.00 A
06630000 1999 01 29     410.00 A
06630000 1999 01 30     390.00 A
06630000 1999 01 31     420.00 A
06630000 1999 02 01     450.00 A
06630000 1999 02 02     530.00 A
06630000 1999 02 03     470.00 A
06630000 1999 02 04     420.00 A
06630000 1999 02 05     400.00 A
06630000 1999 02 06     380.00 A
06630000 1999 02 07     350.00 A
06630000 1999 02 08     400.00 A
06630000 1999 02 09     380.00 A
06630000 1999 02 10     350.00 A
06630000 1999 02 11     330.00 A
06630000 1999 02 12     330.00 A
06630000 1999 02 13     360.00 A
06630000 1999 02 14     460.00 A
06630000 1999 02 15     580.00 A
06630000 1999 02 16     510.00 A
06630000 1999 02 17     480.00 A
06630000 1999 02 18     470.00 A
06630000 1999 02 19     480.00 A
06630000 1999 02 20     500.00 A
06630000 1999 02 21     470.00 A
06630000 1999 02 22     500.00 A
06630000 1999 02 23     460.00 A
06630000 1999 02 24     480.00 A
06630000 1999 02 25     480.00 A
06630000 1999 02 26     520.00 A
06630000 1999 02 27     550.00 A
06630000 1999 02 28     550.00 A
06630000 1999 03 01     560.00 A
06630000 1999 03 02     600.00 A
06630000 1999 03 03     540.00 A
06630000 1999 03 04     490.00 A
06630000 1999 03 05     480.00 A
06630000 1999 03 06     450.00 A
06630000 1999 03 07     480.00 A
06630000 1999 03 08     520.00 A
06630000 1999 03 09     520.00 A
06630000 1999 03 10     500.00 A
06630000 1999 03 11     510.00 A
06630000 1999 03 12     540.00 A
06630000 1999 03 13     560.00 A
06630000 1999 03 14     583.00 A
06630000 1999 03 15     614.00 A
06630000 1999 03 16     669.00 A
06630000 1999 03 17     713.00 A
06630000 1999 03 18     740.00 A
06630000 1999 03 19     762.00 A
06630000 1999 03 20     832.00 A
06630000 1999 03 21     922.00 A
06630000 1999 03 22     1020.00 A
06630000 1999 03 23     1020.00 A
06630000 1999 03 24     1040.00 A
06630000 1999 03 25     1130.00 A
06630000 1999 03 26     1250.00 A
06630000 1999 03 27     1470.00 A
06630000 1999 03 28     1730.00 A
06630000 1999 03 29     1410.00 A
06630000 1999 03 30     1310.00 A
06630000 1999 03 31     1220.00 A
06630000 1999 04 01     1240.00 A
06630000 1999 04 02     1260.00 A
06630000 1999 04 03     1140.00 A
06630000 1999 04 04     1000.00 A
06630000 1999 04 05     907.00 A
06630000 1999 04 06     884.00 A
06630000 1999 04 07     919.00 A
06630000 1999 04 08     931.00 A
06630000 1999 04 09     1050.00 A
06630000 1999 04 10     1060.00 A
06630000 1999 04 11     958.00 A
06630000 1999 04 12     852.00 A
06630000 1999 04 13     906.00 A
06630000 1999 04 14     967.00 A
06630000 1999 04 15     1150.00 A
06630000 1999 04 16     1130.00 A
06630000 1999 04 17     1000.00 A
06630000 1999 04 18     892.00 A
06630000 1999 04 19     918.00 A
06630000 1999 04 20     996.00 A
06630000 1999 04 21     1190.00 A
06630000 1999 04 22     1520.00 A
06630000 1999 04 23     1580.00 A
06630000 1999 04 24     1490.00 A
06630000 1999 04 25     1400.00 A
06630000 1999 04 26     1570.00 A
06630000 1999 04 27     1600.00 A
06630000 1999 04 28     1650.00 A
06630000 1999 04 29     1800.00 A
06630000 1999 04 30     2050.00 A
06630000 1999 05 01     2390.00 A
06630000 1999 05 02     2360.00 A
06630000 1999 05 03     2340.00 A
06630000 1999 05 04     2380.00 A
06630000 1999 05 05     2320.00 A
06630000 1999 05 06     2070.00 A
06630000 1999 05 07     1890.00 A
06630000 1999 05 08     1830.00 A
06630000 1999 05 09     2000.00 A
06630000 1999 05 10     2420.00 A
06630000 1999 05 11     2700.00 A
06630000 1999 05 12     2550.00 A
06630000 1999 05 13     2310.00 A
06630000 1999 05 14     2320.00 A
06630000 1999 05 15     2560.00 A
06630000 1999 05 16     2650.00 A
06630000 1999 05 17     2680.00 A
06630000 1999 05 18     2430.00 A
06630000 1999 05 19     2410.00 A
06630000 1999 05 20     2610.00 A
06630000 1999 05 21     2900.00 A
06630000 1999 05 22     3330.00 A
06630000 1999 05 23     3920.00 A
06630000 1999 05 24     4790.00 A
06630000 1999 05 25     5850.00 A
06630000 1999 05 26     6230.00 A
06630000 1999 05 27     6380.00 A
06630000 1999 05 28     6320.00 A
06630000 1999 05 29     6460.00 A
06630000 1999 05 30     6600.00 A
06630000 1999 05 31     7060.00 A
06630000 1999 06 01     7580.00 A
06630000 1999 06 02     6710.00 A
06630000 1999 06 03     6410.00 A
06630000 1999 06 04     6580.00 A
06630000 1999 06 05     6400.00 A
06630000 1999 06 06     5940.00 A
06630000 1999 06 07     5740.00 A
06630000 1999 06 08     5390.00 A
06630000 1999 06 09     5090.00 A
06630000 1999 06 10     4950.00 A
06630000 1999 06 11     5100.00 A
06630000 1999 06 12     5050.00 A
06630000 1999 06 13     4950.00 A
06630000 1999 06 14     4880.00 A
06630000 1999 06 15     5150.00 A
06630000 1999 06 16     6120.00 A
06630000 1999 06 17     6060.00 A
06630000 1999 06 18     6990.00 A
06630000 1999 06 19     6960.00 A
06630000 1999 06 20     6700.00 A
06630000 1999 06 21     6570.00 A
06630000 1999 06 22     6740.00 A
06630000 1999 06 23     6810.00 A
06630000 1999 06 24     6350.00 A
06630000 1999 06 25     5830.00 A
06630000 1999 06 26     5440.00 A
06630000 1999 06 27     4970.00 A
06630000 1999 06 28     4530.00 A
06630000 1999 06 29     3990.00 A
06630000 1999 06 30     3560.00 A
06630000 1999 07 01     3250.00 A
06630000 1999 07 02     3020.00 A
06630000 1999 07 03     2870.00 A
06630000 1999 07 04     2710.00 A
06630000 1999 07 05     2550.00 A
06630000 1999 07 06     2370.00 A
06630000 1999 07 07     2230.00 A
06630000 1999 07 08     2070.00 A
06630000 1999 07 09     2000.00 A
06630000 1999 07 10     1940.00 A
06630000 1999 07 11     1820.00 A
06630000 1999 07 12     1740.00 A
06630000 1999 07 13     1630.00 A
06630000 1999 07 14     1470.00 A
06630000 1999 07 15     1400.00 A
06630000 1999 07 16     1570.00 A
06630000 1999 07 17     1560.00 A
06630000 1999 07 18     1570.00 A
06630000 1999 07 19     1430.00 A
06630000 1999 07 20     1330.00 A
06630000 1999 07 21     1310.00 A
06630000 1999 07 22     1240.00 A
06630000 1999 07 23     1150.00 A
06630000 1999 07 24     1060.00 A
06630000 1999 07 25     1000.00 A
06630000 1999 07 26     949.00 A
06630000 1999 07 27     896.00 A
06630000 1999 07 28     901.00 A
06630000 1999 07 29     881.00 A
06630000 1999 07 30     947.00 A
06630000 1999 07 31     1220.00 A
06630000 1999 08 01     1300.00 A
06630000 1999 08 02     1240.00 A
06630000 1999 08 03     1040.00 A
06630000 1999 08 04     927.00 A
06630000 1999 08 05     841.00 A
06630000 1999 08 06     862.00 A
06630000 1999 08 07     859.00 A
06630000 1999 08 08     842.00 A
06630000 1999 08 09     783.00 A
06630000 1999 08 10     721.00 A
06630000 1999 08 11     685.00 A
06630000 1999 08 12     663.00 A
06630000 1999 08 13     641.00 A
06630000 1999 08 14     596.00 A
06630000 1999 08 15     561.00 A
06630000 1999 08 16     534.00 A
06630000 1999 08 17     509.00 A
06630000 1999 08 18     516.00 A
06630000 1999 08 19     523.00 A
06630000 1999 08 20     509.00 A
06630000 1999 08 21     563.00 A
06630000 1999 08 22     580.00 A
06630000 1999 08 23     618.00 A
06630000 1999 08 24     584.00 A
06630000 1999 08 25     534.00 A
06630000 1999 08 26     506.00 A
06630000 1999 08 27     481.00 A
06630000 1999 08 28     476.00 A
06630000 1999 08 29     513.00 A
06630000 1999 08 30     520.00 A
06630000 1999 08 31     534.00 A
06630000 1999 09 01     517.00 A
06630000 1999 09 02     529.00 A
06630000 1999 09 03     560.00 A
06630000 1999 09 04     602.00 A
06630000 1999 09 05     641.00 A
06630000 1999 09 06     606.00 A
06630000 1999 09 07     527.00 A
06630000 1999 09 08     461.00 A
06630000 1999 09 09     426.00 A
06630000 1999 09 10     400.00 A
06630000 1999 09 11     378.00 A
06630000 1999 09 12     377.00 A
06630000 1999 09 13     373.00 A
06630000 1999 09 14     371.00 A
06630000 1999 09 15     356.00 A
06630000 1999 09 16     347.00 A
06630000 1999 09 17     339.00 A
06630000 1999 09 18     335.00 A
06630000 1999 09 19     329.00 A
06630000 1999 09 20     342.00 A
06630000 1999 09 21     487.00 A
06630000 1999 09 22     542.00 A
06630000 1999 09 23     502.00 A
06630000 1999 09 24     461.00 A
06630000 1999 09 25     422.00 A
06630000 1999 09 26     395.00 A
06630000 1999 09 27     382.00 A
06630000 1999 09 28     379.00 A
06630000 1999 09 29     394.00 A
06630000 1999 09 30     423.00 A
06630000 1999 10 01     438.00 A
06630000 1999 10 02     458.00 A
06630000 1999 10 03     446.00 A
06630000 1999 10 04     422.00 A
06630000 1999 10 05     408.00 A
06630000 1999 10 06     400.00 A
06630000 1999 10 07     416.00 A
06630000 1999 10 08     446.00 A
06630000 1999 10 09     466.00 A
06630000 1999 10 10     451.00 A
06630000 1999 10 11     429.00 A
06630000 1999 10 12     412.00 A
06630000 1999 10 13     406.00 A
06630000 1999 10 14     398.00 A
06630000 1999 10 15     394.00 A
06630000 1999 10 16     400.00 A
06630000 1999 10 17     399.00 A
06630000 1999 10 18     394.00 A
06630000 1999 10 19     384.00 A
06630000 1999 10 20     439.00 A
06630000 1999 10 21     435.00 A
06630000 1999 10 22     442.00 A
06630000 1999 10 23     440.00 A
06630000 1999 10 24     434.00 A
06630000 1999 10 25     429.00 A
06630000 1999 10 26     424.00 A
06630000 1999 10 27     413.00 A
06630000 1999 10 28     413.00 A
06630000 1999 10 29     411.00 A
06630000 1999 10 30     424.00 A
06630000 1999 10 31     444.00 A
06630000 1999 11 01     423.00 A
06630000 1999 11 02     432.00 A
06630000 1999 11 03     420.00 A
06630000 1999 11 04     390.00 A
06630000 1999 11 05     415.00 A
06630000 1999 11 06     441.00 A
06630000 1999 11 07     447.00 A
06630000 1999 11 08     430.00 A
06630000 1999 11 09     422.00 A
06630000 1999 11 10     423.00 A
06630000 1999 11 11     418.00 A
06630000 1999 11 12     414.00 A
06630000 1999 11 13     406.00 A
06630000 1999 11 14     380.00 A
06630000 1999 11 15     366.00 A
06630000 1999 11 16     366.00 A
06630000 1999 11 17     361.00 A
06630000 1999 11 18     378.00 A
06630000 1999 11 19     461.00 A
06630000 1999 11 20     437.00 A
06630000 1999 11 21     403.00 A
06630000 1999 11 22     370.00 A
06630000 1999 11 23     330.00 A
06630000 1999 11 24     300.00 A
06630000 1999 11 25     230.00 A
06630000 1999 11 26     340.00 A
06630000 1999 11 27     500.00 A
06630000 1999 11 28     600.00 A
06630000 1999 11 29     550.00 A
06630000 1999 11 30     503.00 A
06630000 1999 12 01     507.00 A
06630000 1999 12 02     515.00 A
06630000 1999 12 03     487.00 A
06630000 1999 12 04     450.00 A
06630000 1999 12 05     460.00 A
06630000 1999 12 06     460.00 A
06630000 1999 12 07     450.00 A
06630000 1999 12 08     420.00 A
06630000 1999 12 09     380.00 A
06630000 1999 12 10     390.00 A
06630000 1999 12 11     380.00 A
06630000 1999 12 12     400.00 A
06630000 1999 12 13     410.00 A
06630000 1999 12 14     400.00 A
06630000 1999 12 15     400.00 A
06630000 1999 12 16     410.00 A
06630000 1999 12 17     450.00 A
06630000 1999 12 18     420.00 A
06630000 1999 12 19     390.00 A
06630000 1999 12 20     380.00 A
06630000 1999 12 21     400.00 A
06630000 1999 12 22     380.00 A
06630000 1999 12 23     390.00 A
06630000 1999 12 24     400.00 A
06630000 1999 12 25     380.00 A
06630000 1999 12 26     360.00 A
06630000 1999 12 27     360.00 A
06630000 1999 12 28     370.00 A
06630000 1999 12 29     380.00 A
06630000 1999 12 30     380.00 A
06630000 1999 12 31     380.00 A
06630000 2000 01 01     370.00 A
06630000 2000 01 02     370.00 A
06630000 2000 01 03     350.00 A
06630000 2000 01 04     330.00 A
06630000 2000 01 05     350.00 A
06630000 2000 01 06     340.00 A
06630000 2000 01 07     350.00 A
06630000 2000 01 08     350.00 A
06630000 2000 01 09     350.00 A
06630000 2000 01 10     340.00 A
06630000 2000 01 11     350.00 A
06630000 2000 01 12     350.00 A
06630000 2000 01 13     320.00 A
06630000 2000 01 14     340.00 A
06630000 2000 01 15     360.00 A
06630000 2000 01 16     370.00 A
06630000 2000 01 17     370.00 A
06630000 2000 01 18     360.00 A
06630000 2000 01 19     360.00 A
06630000 2000 01 20     350.00 A
06630000 2000 01 21     350.00 A
06630000 2000 01 22     350.00 A
06630000 2000 01 23     330.00 A
06630000 2000 01 24     330.00 A
06630000 2000 01 25     340.00 A
06630000 2000 01 26     350.00 A
06630000 2000 01 27     350.00 A
06630000 2000 01 28     340.00 A
06630000 2000 01 29     320.00 A
06630000 2000 01 30     330.00 A
06630000 2000 01 31     340.00 A
06630000 2000 02 01     340.00 A
06630000 2000 02 02     360.00 A
06630000 2000 02 03     370.00 A
06630000 2000 02 04     350.00 A
06630000 2000 02 05     350.00 A
06630000 2000 02 06     370.00 A
06630000 2000 02 07     390.00 A
06630000 2000 02 08     400.00 A
06630000 2000 02 09     400.00 A
06630000 2000 02 10     400.00 A
06630000 2000 02 11     400.00 A
06630000 2000 02 12     390.00 A
06630000 2000 02 13     400.00 A
06630000 2000 02 14     420.00 A
06630000 2000 02 15     440.00 A
06630000 2000 02 16     470.00 A
06630000 2000 02 17     470.00 A
06630000 2000 02 18     450.00 A
06630000 2000 02 19     460.00 A
06630000 2000 02 20     490.00 A
06630000 2000 02 21     500.00 A
06630000 2000 02 22     520.00 A
06630000 2000 02 23     530.00 A
06630000 2000 02 24     540.00 A
06630000 2000 02 25     500.00 A
06630000 2000 02 26     470.00 A
06630000 2000 02 27     500.00 A
06630000 2000 02 28     520.00 A
06630000 2000 02 29     510.00 A
06630000 2000 03 01     500.00 A
06630000 2000 03 02     480.00 A
06630000 2000 03 03     470.00 A
06630000 2000 03 04     500.00 A
06630000 2000 03 05     522.00 A
06630000 2000 03 06     563.00 A
06630000 2000 03 07     617.00 A
06630000 2000 03 08     627.00 A
06630000 2000 03 09     592.00 A
06630000 2000 03 10     600.00 A
06630000 2000 03 11     561.00 A
06630000 2000 03 12     526.00 A
06630000 2000 03 13     550.00 A
06630000 2000 03 14     523.00 A
06630000 2000 03 15     535.00 A
06630000 2000 03 16     541.00 A
06630000 2000 03 17     487.00 A
06630000 2000 03 18     540.00 A
06630000 2000 03 19     522.00 A
06630000 2000 03 20     522.00 A
06630000 2000 03 21     576.00 A
06630000 2000 03 22     498.00 A
06630000 2000 03 23     528.00 A
06630000 2000 03 24     581.00 A
06630000 2000 03 25     627.00 A
06630000 2000 03 26     625.00 A
06630000 2000 03 27     687.00 A
06630000 2000 03 28     750.00 A
06630000 2000 03 29     863.00 A
06630000 2000 03 30     911.00 A
06630000 2000 03 31     936.00 A
06630000 2000 04 01     891.00 A
06630000 2000 04 02     810.00 A
06630000 2000 04 03     828.00 A
06630000 2000 04 04     728.00 A
06630000 2000 04 05     713.00 A
06630000 2000 04 06     834.00 A
06630000 2000 04 07     1000.00 A
06630000 2000 04 08     1160.00 A
06630000 2000 04 09     1100.00 A
06630000 2000 04 10     1140.00 A
06630000 2000 04 11     1290.00 A
06630000 2000 04 12     1310.00 A
06630000 2000 04 13     1300.00 A
06630000 2000 04 14     1330.00 A
06630000 2000 04 15     1480.00 A
06630000 2000 04 16     1640.00 A
06630000 2000 04 17     1540.00 A
06630000 2000 04 18     1470.00 A
06630000 2000 04 19     1550.00 A
06630000 2000 04 20     1560.00 A
06630000 2000 04 21     1440.00 A
06630000 2000 04 22     1400.00 A
06630000 2000 04 23     1510.00 A
06630000 2000 04 24     1660.00 A
06630000 2000 04 25     1920.00 A
06630000 2000 04 26     1810.00 A
06630000 2000 04 27     1700.00 A
06630000 2000 04 28     1790.00 A
06630000 2000 04 29     2020.00 A
06630000 2000 04 30     2330.00 A
06630000 2000 05 01     2460.00 A
06630000 2000 05 02     2390.00 A
06630000 2000 05 03     2480.00 A
06630000 2000 05 04     2560.00 A
06630000 2000 05 05     2800.00 A
06630000 2000 05 06     3220.00 A
06630000 2000 05 07     3410.00 A
06630000 2000 05 08     3410.00 A
06630000 2000 05 09     3180.00 A
06630000 2000 05 10     2950.00 A
06630000 2000 05 11     3090.00 A
06630000 2000 05 12     2780.00 A
06630000 2000 05 13     2410.00 A
06630000 2000 05 14     2200.00 A
06630000 2000 05 15     1960.00 A
06630000 2000 05 16     1720.00 A
06630000 2000 05 17     1790.00 A
06630000 2000 05 18     2130.00 A
06630000 2000 05 19     2210.00 A
06630000 2000 05 20     2410.00 A
06630000 2000 05 21     2390.00 A
06630000 2000 05 22     2410.00 A
06630000 2000 05 23     2440.00 A
06630000 2000 05 24     3040.00 A
06630000 2000 05 25     3650.00 A
06630000 2000 05 26     4010.00 A
06630000 2000 05 27     4490.00 A
06630000 2000 05 28     4290.00 A
06630000 2000 05 29     4630.00 A
06630000 2000 05 30     5310.00 A
06630000 2000 05 31     5250.00 A
06630000 2000 06 01     5100.00 A
06630000 2000 06 02     4630.00 A
06630000 2000 06 03     4060.00 A
06630000 2000 06 04     3630.00 A
06630000 2000 06 05     3330.00 A
06630000 2000 06 06     3050.00 A
06630000 2000 06 07     2760.00 A
06630000 2000 06 08     2550.00 A
06630000 2000 06 09     2420.00 A
06630000 2000 06 10     2280.00 A
06630000 2000 06 11     2020.00 A
06630000 2000 06 12     1800.00 A
06630000 2000 06 13     1570.00 A
06630000 2000 06 14     1440.00 A
06630000 2000 06 15     1320.00 A
06630000 2000 06 16     1220.00 A
06630000 2000 06 17     1130.00 A
06630000 2000 06 18     1060.00 A
06630000 2000 06 19     1040.00 A
06630000 2000 06 20     1090.00 A
06630000 2000 06 21     1310.00 A
06630000 2000 06 22     1360.00 A
06630000 2000 06 23     1210.00 A
06630000 2000 06 24     1030.00 A
06630000 2000 06 25     880.00 A
06630000 2000 06 26     797.00 A
06630000 2000 06 27     769.00 A
06630000 2000 06 28     824.00 A
06630000 2000 06 29     883.00 A
06630000 2000 06 30     805.00 A
06630000 2000 07 01     704.00 A
06630000 2000 07 02     612.00 A
06630000 2000 07 03     549.00 A
06630000 2000 07 04     499.00 A
06630000 2000 07 05     453.00 A
06630000 2000 07 06     430.00 A
06630000 2000 07 07     388.00 A
06630000 2000 07 08     371.00 A
06630000 2000 07 09     379.00 A
06630000 2000 07 10     434.00 A
06630000 2000 07 11     442.00 A
06630000 2000 07 12     437.00 A
06630000 2000 07 13     452.00 A
06630000 2000 07 14     417.00 A
06630000 2000 07 15     380.00 A
06630000 2000 07 16     377.00 A
06630000 2000 07 17     384.00 A
06630000 2000 07 18     409.00 A
06630000 2000 07 19     404.00 A
06630000 2000 07 20     374.00 A
06630000 2000 07 21     366.00 A
06630000 2000 07 22     363.00 A
06630000 2000 07 23     342.00 A
06630000 2000 07 24     310.00 A
06630000 2000 07 25     282.00 A
06630000 2000 07 26     257.00 A
06630000 2000 07 27     245.00 A
06630000 2000 07 28     250.00 A
06630000 2000 07 29     261.00 A
06630000 2000 07 30     253.00 A
06630000 2000 07 31     256.00 A
06630000 2000 08 01     236.00 A
06630000 2000 08 02     222.00 A
06630000 2000 08 03     209.00 A
06630000 2000 08 04     200.00 A
06630000 2000 08 05     193.00 A
06630000 2000 08 06     191.00 A
06630000 2000 08 07     184.00 A
06630000 2000 08 08     177.00 A
06630000 2000 08 09     167.00 A
06630000 2000 08 10     160.00 A
06630000 2000 08 11     151.00 A
06630000 2000 08 12     139.00 A
06630000 2000 08 13     137.00 A
06630000 2000 08 14     129.00 A
06630000 2000 08 15     136.00 A
06630000 2000 08 16     148.00 A
06630000 2000 08 17     162.00 A
06630000 2000 08 18     173.00 A
06630000 2000 08 19     171.00 A
06630000 2000 08 20     161.00 A
06630000 2000 08 21     166.00 A
06630000 2000 08 22     151.00 A
06630000 2000 08 23     145.00 A
06630000 2000 08 24     137.00 A
06630000 2000 08 25     146.00 A
06630000 2000 08 26     155.00 A
06630000 2000 08 27     215.00 A
06630000 2000 08 28     230.00 A
06630000 2000 08 29     213.00 A
06630000 2000 08 30     223.00 A
06630000 2000 08 31     224.00 A
06630000 2000 09 01     215.00 A
06630000 2000 09 02     221.00 A
06630000 2000 09 03     224.00 A
06630000 2000 09 04     212.00 A
06630000 2000 09 05     182.00 A
06630000 2000 09 06     161.00 A
06630000 2000 09 07     151.00 A
06630000 2000 09 08     144.00 A
06630000 2000 09 09     131.00 A
06630000 2000 09 10     134.00 A
06630000 2000 09 11     143.00 A
06630000 2000 09 12     125.00 A
06630000 2000 09 13     109.00 A
06630000 2000 09 14     104.00 A
06630000 2000 09 15     103.00 A
06630000 2000 09 16     102.00 A
06630000 2000 09 17     93.00 A
06630000 2000 09 18     90.00 A
06630000 2000 09 19     89.00 A
06630000 2000 09 20     93.00 A
06630000 2000 09 21     99.00 A
06630000 2000 09 22     159.00 A
06630000 2000 09 23     349.00 A
06630000 2000 09 24     534.00 A
06630000 2000 09 25     534.00 A
06630000 2000 09 26     560.00 A
06630000 2000 09 27     555.00 A
06630000 2000 09 28     516.00 A
06630000 2000 09 29     439.00 A
06630000 2000 09 30     385.00 A
06630000 2000 10 01     358.00 A
06630000 2000 10 02     342.00 A
06630000 2000 10 03     316.00 A
06630000 2000 10 04     326.00 A
06630000 2000 10 05     310.00 A
06630000 2000 10 06     298.00 A
06630000 2000 10 07     294.00 A
06630000 2000 10 08     287.00 A
06630000 2000 10 09     286.00 A
06630000 2000 10 10     279.00 A
06630000 2000 10 11     282.00 A
06630000 2000 10 12     287.00 A
06630000 2000 10 13     280.00 A
06630000 2000 10 14     285.00 A
06630000 2000 10 15     285.00 A
06630000 2000 10 16     287.00 A
06630000 2000 10 17     289.00 A
06630000 2000 10 18     288.00 A
06630000 2000 10 19     289.00 A
06630000 2000 10 20     291.00 A
06630000 2000 10 21     293.00 A
06630000 2000 10 22     296.00 A
06630000 2000 10 23     291.00 A
06630000 2000 10 24     291.00 A
06630000 2000 10 25     290.00 A
06630000 2000 10 26     293.00 A
06630000 2000 10 27     307.00 A
06630000 2000 10 28     318.00 A
06630000 2000 10 29     318.00 A
06630000 2000 10 30     318.00 A
06630000 2000 10 31     331.00 A
06630000 2000 11 01     347.00 A
06630000 2000 11 02     370.00 A
06630000 2000 11 03     354.00 A
06630000 2000 11 04     312.00 A
06630000 2000 11 05     270.00 A
06630000 2000 11 06     300.00 A
06630000 2000 11 07     310.00 A
06630000 2000 11 08     300.00 A
06630000 2000 11 09     340.00 A
06630000 2000 11 10     340.00 A
06630000 2000 11 11     310.00 A
06630000 2000 11 12     270.00 A
06630000 2000 11 13     250.00 A
06630000 2000 11 14     280.00 A
06630000 2000 11 15     310.00 A
06630000 2000 11 16     310.00 A
06630000 2000 11 17     320.00 A
06630000 2000 11 18     330.00 A
06630000 2000 11 19     330.00 A
06630000 2000 11 20     330.00 A
06630000 2000 11 21     340.00 A
06630000 2000 11 22     330.00 A
06630000 2000 11 23     320.00 A
06630000 2000 11 24     320.00 A
06630000 2000 11 25     330.00 A
06630000 2000 11 26     330.00 A
06630000 2000 11 27     320.00 A
06630000 2000 11 28     310.00 A
06630000 2000 11 29     330.00 A
06630000 2000 11 30     320.00 A
06630000 2000 12 01     310.00 A
06630000 2000 12 02     320.00 A
06630000 2000 12 03     320.00 A
06630000 2000 12 04     320.00 A
06630000 2000 12 05     310.00 A
06630000 2000 12 06     320.00 A
06630000 2000 12 07     320.00 A
06630000 2000 12 08     320.00 A
06630000 2000 12 09     330.00 A
06630000 2000 12 10     320.00 A
06630000 2000 12 11     300.00 A
06630000 2000 12 12     310.00 A
06630000 2000 12 13     310.00 A
06630000 2000 12 14     320.00 A
06630000 2000 12 15     320.00 A
06630000 2000 12 16     320.00 A
06630000 2000 12 17     320.00 A
06630000 2000 12 18     310.00 A
06630000 2000 12 19     310.00 A
06630000 2000 12 20     310.00 A
06630000 2000 12 21     300.00 A
06630000 2000 12 22     310.00 A
06630000 2000 12 23     310.00 A
06630000 2000 12 24     310.00 A
06630000 2000 12 25     300.00 A
06630000 2000 12 26     300.00 A
06630000 2000 12 27     300.00 A
06630000 2000 12 28     300.00 A
06630000 2000 12 29     290.00 A
06630000 2000 12 30     300.00 A
06630000 2000 12 31     310.00 A
06630000 2001 01 01     310.00 A
06630000 2001 01 02     300.00 A
06630000 2001 01 03     310.00 A
06630000 2001 01 04     320.00 A
06630000 2001 01 05     330.00 A
06630000 2001 01 06     320.00 A
06630000 2001 01 07     310.00 A
06630000 2001 01 08     300.00 A
06630000 2001 01 09     300.00 A
06630000 2001 01 10     310.00 A
06630000 2001 01 11     310.00 A
06630000 2001 01 12     320.00 A
06630000 2001 01 13     320.00 A
06630000 2001 01 14     310.00 A
06630000 2001 01 15     300.00 A
06630000 2001 01 16     300.00 A
06630000 2001 01 17     290.00 A
06630000 2001 01 18     300.00 A
06630000 2001 01 19     310.00 A
06630000 2001 01 20     310.00 A
06630000 2001 01 21     310.00 A
06630000 2001 01 22     300.00 A
06630000 2001 01 23     300.00 A
06630000 2001 01 24     290.00 A
06630000 2001 01 25     300.00 A
06630000 2001 01 26     300.00 A
06630000 2001 01 27     310.00 A
06630000 2001 01 28     320.00 A
06630000 2001 01 29     310.00 A
06630000 2001 01 30     310.00 A
06630000 2001 01 31     310.00 A
06630000 2001 02 01     320.00 A
06630000 2001 02 02     330.00 A
06630000 2001 02 03     330.00 A
06630000 2001 02 04     330.00 A
06630000 2001 02 05     340.00 A
06630000 2001 02 06     330.00 A
06630000 2001 02 07     320.00 A
06630000 2001 02 08     300.00 A
06630000 2001 02 09     280.00 A
06630000 2001 02 10     300.00 A
06630000 2001 02 11     300.00 A
06630000 2001 02 12     290.00 A
06630000 2001 02 13     310.00 A
06630000 2001 02 14     300.00 A
06630000 2001 02 15     310.00 A
06630000 2001 02 16     310.00 A
06630000 2001 02 17     320.00 A
06630000 2001 02 18     330.00 A
06630000 2001 02 19     340.00 A
06630000 2001 02 20     350.00 A
06630000 2001 02 21     340.00 A
06630000 2001 02 22     350.00 A
06630000 2001 02 23     350.00 A
06630000 2001 02 24     350.00 A
06630000 2001 02 25     340.00 A
06630000 2001 02 26     340.00 A
06630000 2001 02 27     340.00 A
06630000 2001 02 28     330.00 A
06630000 2001 03 01     350.00 A
06630000 2001 03 02     350.00 A
06630000 2001 03 03     360.00 A
06630000 2001 03 04     370.00 A
06630000 2001 03 05     390.00 A
06630000 2001 03 06     400.00 A
06630000 2001 03 07     410.00 A
06630000 2001 03 08     420.00 A
06630000 2001 03 09     430.00 A
06630000 2001 03 10     410.00 A
06630000 2001 03 11     400.00 A
06630000 2001 03 12     420.00 A
06630000 2001 03 13     450.00 A
06630000 2001 03 14     430.00 A
06630000 2001 03 15     420.00 A
06630000 2001 03 16     430.00 A
06630000 2001 03 17     450.00 A
06630000 2001 03 18     460.00 A
06630000 2001 03 19     480.00 A
06630000 2001 03 20     490.00 A
06630000 2001 03 21     500.00 A
06630000 2001 03 22     600.00 A
06630000 2001 03 23     740.00 A
06630000 2001 03 24     900.00 A
06630000 2001 03 25     1000.00 A
06630000 2001 03 26     1200.00 A
06630000 2001 03 27     1000.00 A
06630000 2001 03 28     960.00 A
06630000 2001 03 29     1000.00 A
06630000 2001 03 30     995.00 A
06630000 2001 03 31     950.00 A
06630000 2001 04 01     888.00 A
06630000 2001 04 02     892.00 A
06630000 2001 04 03     943.00 A
06630000 2001 04 04     1070.00 A
06630000 2001 04 05     1200.00 A
06630000 2001 04 06     1460.00 A
06630000 2001 04 07     1530.00 A
06630000 2001 04 08     1280.00 A
06630000 2001 04 09     1130.00 A
06630000 2001 04 10     992.00 A
06630000 2001 04 11     896.00 A
06630000 2001 04 12     850.00 A
06630000 2001 04 13     768.00 A
06630000 2001 04 14     745.00 A
06630000 2001 04 15     698.00 A
06630000 2001 04 16     663.00 A
06630000 2001 04 17     664.00 A
06630000 2001 04 18     699.00 A
06630000 2001 04 19     827.00 A
06630000 2001 04 20     1070.00 A
06630000 2001 04 21     1290.00 A
06630000 2001 04 22     1280.00 A
06630000 2001 04 23     1170.00 A
06630000 2001 04 24     998.00 A
06630000 2001 04 25     954.00 A
06630000 2001 04 26     1000.00 A
06630000 2001 04 27     1170.00 A
06630000 2001 04 28     1280.00 A
06630000 2001 04 29     1420.00 A
06630000 2001 04 30     1740.00 A
06630000 2001 05 01     1910.00 A
06630000 2001 05 02     2100.00 A
06630000 2001 05 03     2210.00 A
06630000 2001 05 04     1840.00 A
06630000 2001 05 05     1700.00 A
06630000 2001 05 06     1560.00 A
06630000 2001 05 07     1530.00 A
06630000 2001 05 08     1530.00 A
06630000 2001 05 09     1440.00 A
06630000 2001 05 10     1500.00 A
06630000 2001 05 11     1700.00 A
06630000 2001 05 12     2030.00 A
06630000 2001 05 13     2180.00 A
06630000 2001 05 14     2450.00 A
06630000 2001 05 15     2730.00 A
06630000 2001 05 16     3060.00 A
06630000 2001 05 17     3650.00 A
06630000 2001 05 18     3750.00 A
06630000 2001 05 19     3360.00 A
06630000 2001 05 20     3560.00 A
06630000 2001 05 21     3340.00 A
06630000 2001 05 22     2870.00 A
06630000 2001 05 23     2480.00 A
06630000 2001 05 24     2230.00 A
06630000 2001 05 25     2130.00 A
06630000 2001 05 26     2130.00 A
06630000 2001 05 27     2170.00 A
06630000 2001 05 28     2360.00 A
06630000 2001 05 29     2460.00 A
06630000 2001 05 30     2470.00 A
06630000 2001 05 31     2520.00 A
06630000 2001 06 01     2390.00 A
06630000 2001 06 02     2200.00 A
06630000 2001 06 03     2190.00 A
06630000 2001 06 04     2240.00 A
06630000 2001 06 05     2180.00 A
06630000 2001 06 06     2000.00 A
06630000 2001 06 07     1820.00 A
06630000 2001 06 08     1690.00 A
06630000 2001 06 09     1630.00 A
06630000 2001 06 10     1550.00 A
06630000 2001 06 11     1530.00 A
06630000 2001 06 12     1500.00 A
06630000 2001 06 13     1420.00 A
06630000 2001 06 14     1340.00 A
06630000 2001 06 15     1290.00 A
06630000 2001 06 16     1240.00 A
06630000 2001 06 17     1140.00 A
06630000 2001 06 18     998.00 A
06630000 2001 06 19     889.00 A
06630000 2001 06 20     810.00 A
06630000 2001 06 21     759.00 A
06630000 2001 06 22     715.00 A
06630000 2001 06 23     693.00 A
06630000 2001 06 24     626.00 A
06630000 2001 06 25     581.00 A
06630000 2001 06 26     577.00 A
06630000 2001 06 27     573.00 A
06630000 2001 06 28     579.00 A
06630000 2001 06 29     574.00 A
06630000 2001 06 30     561.00 A
06630000 2001 07 01     530.00 A
06630000 2001 07 02     485.00 A
06630000 2001 07 03     454.00 A
06630000 2001 07 04     423.00 A
06630000 2001 07 05     405.00 A
06630000 2001 07 06     397.00 A
06630000 2001 07 07     387.00 A
06630000 2001 07 08     380.00 A
06630000 2001 07 09     443.00 A
06630000 2001 07 10     440.00 A
06630000 2001 07 11     499.00 A
06630000 2001 07 12     704.00 A
06630000 2001 07 13     574.00 A
06630000 2001 07 14     528.00 A
06630000 2001 07 15     579.00 A
06630000 2001 07 16     580.00 A
06630000 2001 07 17     505.00 A
06630000 2001 07 18     431.00 A
06630000 2001 07 19     378.00 A
06630000 2001 07 20     328.00 A
06630000 2001 07 21     295.00 A
06630000 2001 07 22     266.00 A
06630000 2001 07 23     258.00 A
06630000 2001 07 24     249.00 A
06630000 2001 07 25     242.00 A
06630000 2001 07 26     234.00 A
06630000 2001 07 27     233.00 A
06630000 2001 07 28     236.00 A
06630000 2001 07 29     226.00 A
06630000 2001 07 30     229.00 A
06630000 2001 07 31     229.00 A
06630000 2001 08 01     215.00 A
06630000 2001 08 02     219.00 A
06630000 2001 08 03     205.00 A
06630000 2001 08 04     196.00 A
06630000 2001 08 05     194.00 A
06630000 2001 08 06     180.00 A
06630000 2001 08 07     170.00 A
06630000 2001 08 08     182.00 A
06630000 2001 08 09     181.00 A
06630000 2001 08 10     187.00 A
06630000 2001 08 11     225.00 A
06630000 2001 08 12     265.00 A
06630000 2001 08 13     263.00 A
06630000 2001 08 14     244.00 A
06630000 2001 08 15     284.00 A
06630000 2001 08 16     254.00 A
06630000 2001 08 17     251.00 A
06630000 2001 08 18     280.00 A
06630000 2001 08 19     259.00 A
06630000 2001 08 20     239.00 A
06630000 2001 08 21     223.00 A
06630000 2001 08 22     226.00 A
06630000 2001 08 23     217.00 A
06630000 2001 08 24     210.00 A
06630000 2001 08 25     214.00 A
06630000 2001 08 26     200.00 A
06630000 2001 08 27     188.00 A
06630000 2001 08 28     173.00 A
06630000 2001 08 29     157.00 A
06630000 2001 08 30     145.00 A
06630000 2001 08 31     141.00 A
06630000 2001 09 01     145.00 A
06630000 2001 09 02     158.00 A
06630000 2001 09 03     158.00 A
06630000 2001 09 04     152.00 A
06630000 2001 09 05     147.00 A
06630000 2001 09 06     136.00 A
06630000 2001 09 07     137.00 A
06630000 2001 09 08     167.00 A
06630000 2001 09 09     179.00 A
06630000 2001 09 10     189.00 A
06630000 2001 09 11     193.00 A
06630000 2001 09 12     196.00 A
06630000 2001 09 13     206.00 A
06630000 2001 09 14     200.00 A
06630000 2001 09 15     202.00 A
06630000 2001 09 16     211.00 A
06630000 2001 09 17     210.00 A
06630000 2001 09 18     223.00 A
06630000 2001 09 19     231.00 A
06630000 2001 09 20     238.00 A
06630000 2001 09 21     231.00 A
06630000 2001 09 22     220.00 A
06630000 2001 09 23     208.00 A
06630000 2001 09 24     195.00 A
06630000 2001 09 25     190.00 A
06630000 2001 09 26     175.00 A
06630000 2001 09 27     175.00 A
06630000 2001 09 28     175.00 A
06630000 2001 09 29     172.00 A
06630000 2001 09 30     167.00 A
06630000 2001 10 01     177.00 A
06630000 2001 10 02     181.00 A
06630000 2001 10 03     178.00 A
06630000 2001 10 04     178.00 A
06630000 2001 10 05     180.00 A
06630000 2001 10 06     185.00 A
06630000 2001 10 07     186.00 A
06630000 2001 10 08     190.00 A
06630000 2001 10 09     219.00 A
06630000 2001 10 10     233.00 A
06630000 2001 10 11     258.00 A
06630000 2001 10 12     270.00 A
06630000 2001 10 13     266.00 A
06630000 2001 10 14     277.00 A
06630000 2001 10 15     280.00 A
06630000 2001 10 16     281.00 A
06630000 2001 10 17     278.00 A
06630000 2001 10 18     270.00 A
06630000 2001 10 19     278.00 A
06630000 2001 10 20     281.00 A
06630000 2001 10 21     273.00 A
06630000 2001 10 22     267.00 A
06630000 2001 10 23     261.00 A
06630000 2001 10 24     257.00 A
06630000 2001 10 25     257.00 A
06630000 2001 10 26     250.00 A
06630000 2001 10 27     234.00 A
06630000 2001 10 28     252.00 A
06630000 2001 10 29     263.00 A
06630000 2001 10 30     262.00 A
06630000 2001 10 31     263.00 A
06630000 2001 11 01     264.00 A
06630000 2001 11 02     274.00 A
06630000 2001 11 03     285.00 A
06630000 2001 11 04     277.00 A
06630000 2001 11 05     273.00 A
06630000 2001 11 06     262.00 A
06630000 2001 11 07     270.00 A
06630000 2001 11 08     281.00 A
06630000 2001 11 09     295.00 A
06630000 2001 11 10     305.00 A
06630000 2001 11 11     279.00 A
06630000 2001 11 12     273.00 A
06630000 2001 11 13     292.00 A
06630000 2001 11 14     296.00 A
06630000 2001 11 15     297.00 A
06630000 2001 11 16     290.00 A
06630000 2001 11 17     277.00 A
06630000 2001 11 18     275.00 A
06630000 2001 11 19     275.00 A
06630000 2001 11 20     278.00 A
06630000 2001 11 21     261.00 A
06630000 2001 11 22     233.00 A
06630000 2001 11 23     254.00 A
06630000 2001 11 24     306.00 A
06630000 2001 11 25     295.00 A
06630000 2001 11 26     295.00 A
06630000 2001 11 27     200.00 A
06630000 2001 11 28     140.00 A
06630000 2001 11 29     200.00 A
06630000 2001 11 30     230.00 A
06630000 2001 12 01     270.00 A
06630000 2001 12 02     290.00 A
06630000 2001 12 03     300.00 A
06630000 2001 12 04     280.00 A
06630000 2001 12 05     270.00 A
06630000 2001 12 06     290.00 A
06630000 2001 12 07     260.00 A
06630000 2001 12 08     280.00 A
06630000 2001 12 09     290.00 A
06630000 2001 12 10     270.00 A
06630000 2001 12 11     250.00 A
06630000 2001 12 12     230.00 A
06630000 2001 12 13     250.00 A
06630000 2001 12 14     270.00 A
06630000 2001 12 15     260.00 A
06630000 2001 12 16     260.00 A
06630000 2001 12 17     280.00 A
06630000 2001 12 18     250.00 A
06630000 2001 12 19     260.00 A
06630000 2001 12 20     290.00 A
06630000 2001 12 21     280.00 A
06630000 2001 12 22     270.00 A
06630000 2001 12 23     270.00 A
06630000 2001 12 24     250.00 A
06630000 2001 12 25     260.00 A
06630000 2001 12 26     260.00 A
06630000 2001 12 27     250.00 A
06630000 2001 12 28     250.00 A
06630000 2001 12 29     230.00 A
06630000 2001 12 30     240.00 A
06630000 2001 12 31     220.00 A
06630000 2002 01 01     200.00 A
06630000 2002 01 02     220.00 A
06630000 2002 01 03     240.00 A
06630000 2002 01 04     250.00 A
06630000 2002 01 05     250.00 A
06630000 2002 01 06     250.00 A
06630000 2002 01 07     260.00 A
06630000 2002 01 08     270.00 A
06630000 2002 01 09     250.00 A
06630000 2002 01 10     230.00 A
06630000 2002 01 11     240.00 A
06630000 2002 01 12     250.00 A
06630000 2002 01 13     250.00 A
06630000 2002 01 14     240.00 A
06630000 2002 01 15     240.00 A
06630000 2002 01 16     230.00 A
06630000 2002 01 17     230.00 A
06630000 2002 01 18     230.00 A
06630000 2002 01 19     230.00 A
06630000 2002 01 20     220.00 A
06630000 2002 01 21     230.00 A
06630000 2002 01 22     220.00 A
06630000 2002 01 23     210.00 A
06630000 2002 01 24     220.00 A
06630000 2002 01 25     230.00 A
06630000 2002 01 26     240.00 A
06630000 2002 01 27     230.00 A
06630000 2002 01 28     230.00 A
06630000 2002 01 29     210.00 A
06630000 2002 01 30     190.00 A
06630000 2002 01 31     190.00 A
06630000 2002 02 01     200.00 A
06630000 2002 02 02     210.00 A
06630000 2002 02 03     220.00 A
06630000 2002 02 04     210.00 A
06630000 2002 02 05     210.00 A
06630000 2002 02 06     210.00 A
06630000 2002 02 07     220.00 A
06630000 2002 02 08     210.00 A
06630000 2002 02 09     200.00 A
06630000 2002 02 10     190.00 A
06630000 2002 02 11     200.00 A
06630000 2002 02 12     200.00 A
06630000 2002 02 13     190.00 A
06630000 2002 02 14     190.00 A
06630000 2002 02 15     180.00 A
06630000 2002 02 16     180.00 A
06630000 2002 02 17     180.00 A
06630000 2002 02 18     190.00 A
06630000 2002 02 19     180.00 A
06630000 2002 02 20     180.00 A
06630000 2002 02 21     170.00 A
06630000 2002 02 22     180.00 A
06630000 2002 02 23     180.00 A
06630000 2002 02 24     180.00 A
06630000 2002 02 25     170.00 A
06630000 2002 02 26     160.00 A
06630000 2002 02 27     170.00 A
06630000 2002 02 28     180.00 A
06630000 2002 03 01     170.00 A
06630000 2002 03 02     160.00 A
06630000 2002 03 03     160.00 A
06630000 2002 03 04     160.00 A
06630000 2002 03 05     160.00 A
06630000 2002 03 06     160.00 A
06630000 2002 03 07     150.00 A
06630000 2002 03 08     150.00 A
06630000 2002 03 09     140.00 A
06630000 2002 03 10     140.00 A
06630000 2002 03 11     150.00 A
06630000 2002 03 12     160.00 A
06630000 2002 03 13     150.00 A
06630000 2002 03 14     140.00 A
06630000 2002 03 15     150.00 A
06630000 2002 03 16     150.00 A
06630000 2002 03 17     150.00 A
06630000 2002 03 18     150.00 A
06630000 2002 03 19     160.00 A
06630000 2002 03 20     170.00 A
06630000 2002 03 21     180.00 A
06630000 2002 03 22     200.00 A
06630000 2002 03 23     250.00 A
06630000 2002 03 24     300.00 A
06630000 2002 03 25     400.00 A
06630000 2002 03 26     380.00 A
06630000 2002 03 27     360.00 A
06630000 2002 03 28     400.00 A
06630000 2002 03 29     450.00 A
06630000 2002 03 30     500.00 A
06630000 2002 03 31     600.00 A
06630000 2002 04 01     700.00 A
06630000 2002 04 02     900.00 A
06630000 2002 04 03     860.00 A
06630000 2002 04 04     892.00 A
06630000 2002 04 05     957.00 A
06630000 2002 04 06     1070.00 A
06630000 2002 04 07     1080.00 A
06630000 2002 04 08     1050.00 A
06630000 2002 04 09     994.00 A
06630000 2002 04 10     897.00 A
06630000 2002 04 11     870.00 A
06630000 2002 04 12     846.00 A
06630000 2002 04 13     790.00 A
06630000 2002 04 14     755.00 A
06630000 2002 04 15     746.00 A
06630000 2002 04 16     806.00 A
06630000 2002 04 17     834.00 A
06630000 2002 04 18     709.00 A
06630000 2002 04 19     662.00 A
06630000 2002 04 20     602.00 A
06630000 2002 04 21     566.00 A
06630000 2002 04 22     520.00 A
06630000 2002 04 23     453.00 A
06630000 2002 04 24     421.00 A
06630000 2002 04 25     432.00 A
06630000 2002 04 26     458.00 A
06630000 2002 04 27     500.00 A
06630000 2002 04 28     575.00 A
06630000 2002 04 29     537.00 A
06630000 2002 04 30     470.00 A
06630000 2002 05 01     464.00 A
06630000 2002 05 02     489.00 A
06630000 2002 05 03     415.00 A
06630000 2002 05 04     348.00 A
06630000 2002 05 05     330.00 A
06630000 2002 05 06     319.00 A
06630000 2002 05 07     327.00 A
06630000 2002 05 08     307.00 A
06630000 2002 05 09     345.00 A
06630000 2002 05 10     319.00 A
06630000 2002 05 11     282.00 A
06630000 2002 05 12     270.00 A
06630000 2002 05 13     262.00 A
06630000 2002 05 14     261.00 A
06630000 2002 05 15     264.00 A
06630000 2002 05 16     278.00 A
06630000 2002 05 17     268.00 A
06630000 2002 05 18     296.00 A
06630000 2002 05 19     301.00 A
06630000 2002 05 20     341.00 A
06630000 2002 05 21     390.00 A
06630000 2002 05 22     503.00 A
06630000 2002 05 23     524.00 A
06630000 2002 05 24     453.00 A
06630000 2002 05 25     436.00 A
06630000 2002 05 26     481.00 A
06630000 2002 05 27     488.00 A
06630000 2002 05 28     511.00 A
06630000 2002 05 29     511.00 A
06630000 2002 05 30     528.00 A
06630000 2002 05 31     592.00 A
06630000 2002 06 01     813.00 A
06630000 2002 06 02     801.00 A
06630000 2002 06 03     837.00 A
06630000 2002 06 04     941.00 A
06630000 2002 06 05     1000.00 A
06630000 2002 06 06     867.00 A
06630000 2002 06 07     855.00 A
06630000 2002 06 08     824.00 A
06630000 2002 06 09     736.00 A
06630000 2002 06 10     626.00 A
06630000 2002 06 11     552.00 A
06630000 2002 06 12     495.00 A
06630000 2002 06 13     442.00 A
06630000 2002 06 14     401.00 A
06630000 2002 06 15     366.00 A
06630000 2002 06 16     339.00 A
06630000 2002 06 17     317.00 A
06630000 2002 06 18     306.00 A
06630000 2002 06 19     287.00 A
06630000 2002 06 20     260.00 A
06630000 2002 06 21     254.00 A
06630000 2002 06 22     252.00 A
06630000 2002 06 23     226.00 A
06630000 2002 06 24     225.00 A
06630000 2002 06 25     216.00 A
06630000 2002 06 26     206.00 A
06630000 2002 06 27     196.00 A
06630000 2002 06 28     175.00 A
06630000 2002 06 29     161.00 A
06630000 2002 06 30     142.00 A
06630000 2002 07 01     138.00 A
06630000 2002 07 02     125.00 A
06630000 2002 07 03     116.00 A
06630000 2002 07 04     106.00 A
06630000 2002 07 05     104.00 A
06630000 2002 07 06     106.00 A
06630000 2002 07 07     107.00 A
06630000 2002 07 08     107.00 A
06630000 2002 07 09     107.00 A
06630000 2002 07 10     105.00 A
06630000 2002 07 11     118.00 A
06630000 2002 07 12     112.00 A
06630000 2002 07 13     100.00 A
06630000 2002 07 14     93.00 A
06630000 2002 07 15     84.00 A
06630000 2002 07 16     77.00 A
06630000 2002 07 17     73.00 A
06630000 2002 07 18     69.00 A
06630000 2002 07 19     71.00 A
06630000 2002 07 20     141.00 A
06630000 2002 07 21     90.00 A
06630000 2002 07 22     76.00 A
06630000 2002 07 23     76.00 A
06630000 2002 07 24     85.00 A
06630000 2002 07 25     122.00 A
06630000 2002 07 26     141.00 A
06630000 2002 07 27     151.00 A
06630000 2002 07 28     146.00 A
06630000 2002 07 29     130.00 A
06630000 2002 07 30     118.00 A
06630000 2002 07 31     109.00 A
06630000 2002 08 01     94.00 A
06630000 2002 08 02     90.00 A
06630000 2002 08 03     79.00 A
06630000 2002 08 04     73.00 A
06630000 2002 08 05     74.00 A
06630000 2002 08 06     68.00 A
06630000 2002 08 07     70.00 A
06630000 2002 08 08     82.00 A
06630000 2002 08 09     100.00 A
06630000 2002 08 10     101.00 A
06630000 2002 08 11     96.00 A
06630000 2002 08 12     90.00 A
06630000 2002 08 13     89.00 A
06630000 2002 08 14     75.00 A
06630000 2002 08 15     66.00 A
06630000 2002 08 16     59.00 A
06630000 2002 08 17     55.00 A
06630000 2002 08 18     52.00 A
06630000 2002 08 19     52.00 A
06630000 2002 08 20     50.00 A
06630000 2002 08 21     51.00 A
06630000 2002 08 22     52.00 A
06630000 2002 08 23     53.00 A
06630000 2002 08 24     53.00 A
06630000 2002 08 25     56.00 A
06630000 2002 08 26     54.00 A
06630000 2002 08 27     51.00 A
06630000 2002 08 28     52.00 A
06630000 2002 08 29     65.00 A
06630000 2002 08 30     54.00 A
06630000 2002 08 31     50.00 A
06630000 2002 09 01     48.00 A
06630000 2002 09 02     45.00 A
06630000 2002 09 03     44.00 A
06630000 2002 09 04     44.00 A
06630000 2002 09 05     42.00 A
06630000 2002 09 06     39.00 A
06630000 2002 09 07     38.00 A
06630000 2002 09 08     38.00 A
06630000 2002 09 09     37.00 A
06630000 2002 09 10     39.00 A
06630000 2002 09 11     39.00 A
06630000 2002 09 12     46.00 A
06630000 2002 09 13     47.00 A
06630000 2002 09 14     53.00 A
06630000 2002 09 15     63.00 A
06630000 2002 09 16     57.00 A
06630000 2002 09 17     55.00 A
06630000 2002 09 18     60.00 A
06630000 2002 09 19     66.00 A
06630000 2002 09 20     71.00 A
06630000 2002 09 21     99.00 A
06630000 2002 09 22     100.00 A
06630000 2002 09 23     90.00 A
06630000 2002 09 24     85.00 A
06630000 2002 09 25     83.00 A
06630000 2002 09 26     77.00 A
06630000 2002 09 27     70.00 A
06630000 2002 09 28     63.00 A
06630000 2002 09 29     72.00 A
06630000 2002 09 30     80.00 A
06630000 2002 10 01     85.80 A
06630000 2002 10 02     100.00 A
06630000 2002 10 03     131.00 A
06630000 2002 10 04     139.00 A
06630000 2002 10 05     232.00 A
06630000 2002 10 06     231.00 A
06630000 2002 10 07     237.00 A
06630000 2002 10 08     235.00 A
06630000 2002 10 09     216.00 A
06630000 2002 10 10     198.00 A
06630000 2002 10 11     191.00 A
06630000 2002 10 12     183.00 A
06630000 2002 10 13     176.00 A
06630000 2002 10 14     177.00 A
06630000 2002 10 15     174.00 A
06630000 2002 10 16     170.00 A
06630000 2002 10 17     167.00 A
06630000 2002 10 18     165.00 A
06630000 2002 10 19     169.00 A
06630000 2002 10 20     167.00 A
06630000 2002 10 21     165.00 A
06630000 2002 10 22     167.00 A
06630000 2002 10 23     170.00 A
06630000 2002 10 24     187.00 A
06630000 2002 10 25     200.00 A
06630000 2002 10 26     205.00 A
06630000 2002 10 27     202.00 A
06630000 2002 10 28     200.00 A
06630000 2002 10 29     209.00 A
06630000 2002 10 30     200.00 A
06630000 2002 10 31     160.00 A
06630000 2002 11 01     190.00 A
06630000 2002 11 02     210.00 A
06630000 2002 11 03     200.00 A
06630000 2002 11 04     190.00 A
06630000 2002 11 05     210.00 A
06630000 2002 11 06     220.00 A
06630000 2002 11 07     250.00 A
06630000 2002 11 08     230.00 A
06630000 2002 11 09     250.00 A
06630000 2002 11 10     260.00 A
06630000 2002 11 11     260.00 A
06630000 2002 11 12     240.00 A
06630000 2002 11 13     250.00 A
06630000 2002 11 14     260.00 A
06630000 2002 11 15     240.00 A
06630000 2002 11 16     250.00 A
06630000 2002 11 17     250.00 A
06630000 2002 11 18     250.00 A
06630000 2002 11 19     250.00 A
06630000 2002 11 20     260.00 A
06630000 2002 11 21     260.00 A
06630000 2002 11 22     260.00 A
06630000 2002 11 23     270.00 A
06630000 2002 11 24     280.00 A
06630000 2002 11 25     280.00 A
06630000 2002 11 26     270.00 A
06630000 2002 11 27     240.00 A
06630000 2002 11 28     190.00 A
06630000 2002 11 29     220.00 A
06630000 2002 11 30     250.00 A
06630000 2002 12 01     300.00 A
06630000 2002 12 02     270.00 A
06630000 2002 12 03     250.00 A
06630000 2002 12 04     270.00 A
06630000 2002 12 05     250.00 A
06630000 2002 12 06     230.00 A
06630000 2002 12 07     220.00 A
06630000 2002 12 08     210.00 A
06630000 2002 12 09     200.00 A
06630000 2002 12 10     190.00 A
06630000 2002 12 11     190.00 A
06630000 2002 12 12     210.00 A
06630000 2002 12 13     220.00 A
06630000 2002 12 14     240.00 A
06630000 2002 12 15     250.00 A
06630000 2002 12 16     250.00 A
06630000 2002 12 17     260.00 A
06630000 2002 12 18     200.00 A
06630000 2002 12 19     140.00 A
06630000 2002 12 20     140.00 A
06630000 2002 12 21     170.00 A
06630000 2002 12 22     220.00 A
06630000 2002 12 23     230.00 A
06630000 2002 12 24     210.00 A
06630000 2002 12 25     180.00 A
06630000 2002 12 26     190.00 A
06630000 2002 12 27     200.00 A
06630000 2002 12 28     250.00 A
06630000 2002 12 29     300.00 A
06630000 2002 12 30     250.00 A
06630000 2002 12 31     240.00 A
06630000 2003 01 01     230.00 A
06630000 2003 01 02     250.00 A
06630000 2003 01 03     270.00 A
06630000 2003 01 04     250.00 A
06630000 2003 01 05     250.00 A
06630000 2003 01 06     230.00 A
06630000 2003 01 07     200.00 A
06630000 2003 01 08     250.00 A
06630000 2003 01 09     190.00 A
06630000 2003 01 10     240.00 A
06630000 2003 01 11     250.00 A
06630000 2003 01 12     240.00 A
06630000 2003 01 13     260.00 A
06630000 2003 01 14     290.00 A
06630000 2003 01 15     260.00 A
06630000 2003 01 16     220.00 A
06630000 2003 01 17     220.00 A
06630000 2003 01 18     230.00 A
06630000 2003 01 19     250.00 A
06630000 2003 01 20     280.00 A
06630000 2003 01 21     270.00 A
06630000 2003 01 22     250.00 A
06630000 2003 01 23     240.00 A
06630000 2003 01 24     230.00 A
06630000 2003 01 25     220.00 A
06630000 2003 01 26     250.00 A
06630000 2003 01 27     290.00 A
06630000 2003 01 28     250.00 A
06630000 2003 01 29     230.00 A
06630000 2003 01 30     250.00 A
06630000 2003 01 31     260.00 A
06630000 2003 02 01     290.00 A
06630000 2003 02 02     260.00 A
06630000 2003 02 03     240.00 A
06630000 2003 02 04     230.00 A
06630000 2003 02 05     220.00 A
06630000 2003 02 06     200.00 A
06630000 2003 02 07     220.00 A
06630000 2003 02 08     230.00 A
06630000 2003 02 09     250.00 A
06630000 2003 02 10     270.00 A
06630000 2003 02 11     250.00 A
06630000 2003 02 12     260.00 A
06630000 2003 02 13     270.00 A
06630000 2003 02 14     260.00 A
06630000 2003 02 15     250.00 A
06630000 2003 02 16     260.00 A
06630000 2003 02 17     250.00 A
06630000 2003 02 18     240.00 A
06630000 2003 02 19     240.00 A
06630000 2003 02 20     240.00 A
06630000 2003 02 21     250.00 A
06630000 2003 02 22     240.00 A
06630000 2003 02 23     220.00 A
06630000 2003 02 24     180.00 A
06630000 2003 02 25     220.00 A
06630000 2003 02 26     250.00 A
06630000 2003 02 27     260.00 A
06630000 2003 02 28     250.00 A
06630000 2003 03 01     240.00 A
06630000 2003 03 02     250.00 A
06630000 2003 03 03     260.00 A
06630000 2003 03 04     250.00 A
06630000 2003 03 05     230.00 A
06630000 2003 03 06     260.00 A
06630000 2003 03 07     300.00 A
06630000 2003 03 08     320.00 A
06630000 2003 03 09     330.00 A
06630000 2003 03 10     320.00 A
06630000 2003 03 11     310.00 A
06630000 2003 03 12     330.00 A
06630000 2003 03 13     360.00 A
06630000 2003 03 14     380.00 A
06630000 2003 03 15     370.00 A
06630000 2003 03 16     360.00 A
06630000 2003 03 17     350.00 A
06630000 2003 03 18     340.00 A
06630000 2003 03 19     340.00 A
06630000 2003 03 20     400.00 A
06630000 2003 03 21     452.00 A
06630000 2003 03 22     477.00 A
06630000 2003 03 23     541.00 A
06630000 2003 03 24     592.00 A
06630000 2003 03 25     734.00 A
06630000 2003 03 26     748.00 A
06630000 2003 03 27     776.00 A
06630000 2003 03 28     744.00 A
06630000 2003 03 29     602.00 A
06630000 2003 03 30     517.00 A
06630000 2003 03 31     564.00 A
06630000 2003 04 01     542.00 A
06630000 2003 04 02     632.00 A
06630000 2003 04 03     822.00 A
06630000 2003 04 04     895.00 A
06630000 2003 04 05     823.00 A
06630000 2003 04 06     749.00 A
06630000 2003 04 07     719.00 A
06630000 2003 04 08     651.00 A
06630000 2003 04 09     567.00 A
06630000 2003 04 10     560.00 A
06630000 2003 04 11     597.00 A
06630000 2003 04 12     728.00 A
06630000 2003 04 13     878.00 A
06630000 2003 04 14     969.00 A
06630000 2003 04 15     1060.00 A
06630000 2003 04 16     1210.00 A
06630000 2003 04 17     1200.00 A
06630000 2003 04 18     1050.00 A
06630000 2003 04 19     1010.00 A
06630000 2003 04 20     872.00 A
06630000 2003 04 21     782.00 A
06630000 2003 04 22     716.00 A
06630000 2003 04 23     772.00 A
06630000 2003 04 24     869.00 A
06630000 2003 04 25     938.00 A
06630000 2003 04 26     911.00 A
06630000 2003 04 27     1000.00 A
06630000 2003 04 28     1060.00 A
06630000 2003 04 29     1170.00 A
06630000 2003 04 30     1290.00 A
06630000 2003 05 01     1280.00 A
06630000 2003 05 02     1080.00 A
06630000 2003 05 03     928.00 A
06630000 2003 05 04     826.00 A
06630000 2003 05 05     799.00 A
06630000 2003 05 06     742.00 A
06630000 2003 05 07     663.00 A
06630000 2003 05 08     643.00 A
06630000 2003 05 09     684.00 A
06630000 2003 05 10     760.00 A
06630000 2003 05 11     840.00 A
06630000 2003 05 12     838.00 A
06630000 2003 05 13     749.00 A
06630000 2003 05 14     770.00 A
06630000 2003 05 15     831.00 A
06630000 2003 05 16     975.00 A
06630000 2003 05 17     1150.00 A
06630000 2003 05 18     1610.00 A
06630000 2003 05 19     2110.00 A
06630000 2003 05 20     2330.00 A
06630000 2003 05 21     2290.00 A
06630000 2003 05 22     2330.00 A
06630000 2003 05 23     2470.00 A
06630000 2003 05 24     2840.00 A
06630000 2003 05 25     3280.00 A
06630000 2003 05 26     3590.00 A
06630000 2003 05 27     4030.00 A
06630000 2003 05 28     4810.00 A
06630000 2003 05 29     5530.00 A
06630000 2003 05 30     6060.00 A
06630000 2003 05 31     6580.00 A
06630000 2003 06 01     7730.00 A
06630000 2003 06 02     8350.00 A
06630000 2003 06 03     8040.00 A
06630000 2003 06 04     7570.00 A
06630000 2003 06 05     6560.00 A
06630000 2003 06 06     5280.00 A
06630000 2003 06 07     4590.00 A
06630000 2003 06 08     4180.00 A
06630000 2003 06 09     3740.00 A
06630000 2003 06 10     3560.00 A
06630000 2003 06 11     3720.00 A
06630000 2003 06 12     4080.00 A
06630000 2003 06 13     4170.00 A
06630000 2003 06 14     4250.00 A
06630000 2003 06 15     4000.00 A
06630000 2003 06 16     3650.00 A
06630000 2003 06 17     3530.00 A
06630000 2003 06 18     3350.00 A
06630000 2003 06 19     3240.00 A
06630000 2003 06 20     3160.00 A
06630000 2003 06 21     3320.00 A
06630000 2003 06 22     3230.00 A
06630000 2003 06 23     2950.00 A
06630000 2003 06 24     2570.00 A
06630000 2003 06 25     2430.00 A
06630000 2003 06 26     2380.00 A
06630000 2003 06 27     2160.00 A
06630000 2003 06 28     1890.00 A
06630000 2003 06 29     1640.00 A
06630000 2003 06 30     1460.00 A
06630000 2003 07 01     1340.00 A
06630000 2003 07 02     1250.00 A
06630000 2003 07 03     1120.00 A
06630000 2003 07 04     1010.00 A
06630000 2003 07 05     929.00 A
06630000 2003 07 06     857.00 A
06630000 2003 07 07     776.00 A
06630000 2003 07 08     720.00 A
06630000 2003 07 09     668.00 A
06630000 2003 07 10     576.00 A
06630000 2003 07 11     530.00 A
06630000 2003 07 12     511.00 A
06630000 2003 07 13     527.00 A
06630000 2003 07 14     507.00 A
06630000 2003 07 15     485.00 A
06630000 2003 07 16     455.00 A
06630000 2003 07 17     433.00 A
06630000 2003 07 18     409.00 A
06630000 2003 07 19     416.00 A
06630000 2003 07 20     430.00 A
06630000 2003 07 21     503.00 A
06630000 2003 07 22     539.00 A
06630000 2003 07 23     482.00 A
06630000 2003 07 24     425.00 A
06630000 2003 07 25     379.00 A
06630000 2003 07 26     395.00 A
06630000 2003 07 27     399.00 A
06630000 2003 07 28     403.00 A
06630000 2003 07 29     370.00 A
06630000 2003 07 30     394.00 A
06630000 2003 07 31     373.00 A
06630000 2003 08 01     343.00 A
06630000 2003 08 02     348.00 A
06630000 2003 08 03     330.00 A
06630000 2003 08 04     312.00 A
06630000 2003 08 05     296.00 A
06630000 2003 08 06     275.00 A
06630000 2003 08 07     258.00 A
06630000 2003 08 08     247.00 A
06630000 2003 08 09     237.00 A
06630000 2003 08 10     225.00 A
06630000 2003 08 11     215.00 A
06630000 2003 08 12     209.00 A
06630000 2003 08 13     213.00 A
06630000 2003 08 14     200.00 A
06630000 2003 08 15     183.00 A
06630000 2003 08 16     184.00 A
06630000 2003 08 17     163.00 A
06630000 2003 08 18     183.00 A
06630000 2003 08 19     218.00 A
06630000 2003 08 20     258.00 A
06630000 2003 08 21     266.00 A
06630000 2003 08 22     251.00 A
06630000 2003 08 23     224.00 A
06630000 2003 08 24     209.00 A
06630000 2003 08 25     210.00 A
06630000 2003 08 26     216.00 A
06630000 2003 08 27     210.00 A
06630000 2003 08 28     203.00 A
06630000 2003 08 29     197.00 A
06630000 2003 08 30     196.00 A
06630000 2003 08 31     186.00 A
06630000 2003 09 01     190.00 A
06630000 2003 09 02     197.00 A
06630000 2003 09 03     190.00 A
06630000 2003 09 04     189.00 A
06630000 2003 09 05     183.00 A
06630000 2003 09 06     182.00 A
06630000 2003 09 07     185.00 A
06630000 2003 09 08     201.00 A
06630000 2003 09 09     208.00 A
06630000 2003 09 10     222.00 A
06630000 2003 09 11     244.00 A
06630000 2003 09 12     253.00 A
06630000 2003 09 13     268.00 A
06630000 2003 09 14     255.00 A
06630000 2003 09 15     235.00 A
06630000 2003 09 16     213.00 A
06630000 2003 09 17     204.00 A
06630000 2003 09 18     206.00 A
06630000 2003 09 19     229.00 A
06630000 2003 09 20     251.00 A
06630000 2003 09 21     245.00 A
06630000 2003 09 22     231.00 A
06630000 2003 09 23     212.00 A
06630000 2003 09 24     211.00 A
06630000 2003 09 25     212.00 A
06630000 2003 09 26     209.00 A
06630000 2003 09 27     206.00 A
06630000 2003 09 28     205.00 A
06630000 2003 09 29     205.00 A
06630000 2003 09 30     199.00 A
06630000 2003 10 01     196.00 A
06630000 2003 10 02     197.00 A
06630000 2003 10 03     206.00 A
06630000 2003 10 04     214.00 A
06630000 2003 10 05     223.00 A
06630000 2003 10 06     225.00 A
06630000 2003 10 07     221.00 A
06630000 2003 10 08     219.00 A
06630000 2003 10 09     219.00 A
06630000 2003 10 10     207.00 A
06630000 2003 10 11     208.00 A
06630000 2003 10 12     209.00 A
06630000 2003 10 13     213.00 A
06630000 2003 10 14     219.00 A
06630000 2003 10 15     222.00 A
06630000 2003 10 16     213.00 A
06630000 2003 10 17     219.00 A
06630000 2003 10 18     222.00 A
06630000 2003 10 19     218.00 A
06630000 2003 10 20     213.00 A
06630000 2003 10 21     213.00 A
06630000 2003 10 22     215.00 A
06630000 2003 10 23     218.00 A
06630000 2003 10 24     217.00 A
06630000 2003 10 25     218.00 A
06630000 2003 10 26     218.00 A
06630000 2003 10 27     214.00 A
06630000 2003 10 28     199.00 A
06630000 2003 10 29     212.00 A
06630000 2003 10 30     236.00 A
06630000 2003 10 31     230.00 A
06630000 2003 11 01     235.00 A
06630000 2003 11 02     248.00 A
06630000 2003 11 03     291.00 A
06630000 2003 11 04     351.00 A
06630000 2003 11 05     344.00 A
06630000 2003 11 06     320.00 A
06630000 2003 11 07     279.00 A
06630000 2003 11 08     266.00 A
06630000 2003 11 09     291.00 A
06630000 2003 11 10     306.00 A
06630000 2003 11 11     342.00 A
06630000 2003 11 12     386.00 A
06630000 2003 11 13     384.00 A
06630000 2003 11 14     393.00 A
06630000 2003 11 15     408.00 A
06630000 2003 11 16     408.00 A
06630000 2003 11 17     423.00 A
06630000 2003 11 18     390.00 A
06630000 2003 11 19     405.00 A
06630000 2003 11 20     357.00 A
06630000 2003 11 21     339.00 A
06630000 2003 11 22     282.00 A
06630000 2003 11 23     221.00 A
06630000 2003 11 24     228.00 A
06630000 2003 11 25     255.00 A
06630000 2003 11 26     245.00 A
06630000 2003 11 27     250.00 A
06630000 2003 11 28     277.00 A
06630000 2003 11 29     303.00 A
06630000 2003 11 30     332.00 A
06630000 2003 12 01     356.00 A
06630000 2003 12 02     353.00 A
06630000 2003 12 03     340.00 A
06630000 2003 12 04     320.00 A
06630000 2003 12 05     300.00 A
06630000 2003 12 06     300.00 A
06630000 2003 12 07     310.00 A
06630000 2003 12 08     290.00 A
06630000 2003 12 09     270.00 A
06630000 2003 12 10     270.00 A
06630000 2003 12 11     270.00 A
06630000 2003 12 12     270.00 A
06630000 2003 12 13     270.00 A
06630000 2003 12 14     280.00 A
06630000 2003 12 15     270.00 A
06630000 2003 12 16     260.00 A
06630000 2003 12 17     270.00 A
06630000 2003 12 18     270.00 A
06630000 2003 12 19     280.00 A
06630000 2003 12 20     280.00 A
06630000 2003 12 21     290.00 A
06630000 2003 12 22     280.00 A
06630000 2003 12 23     280.00 A
06630000 2003 12 24     270.00 A
06630000 2003 12 25     280.00 A
06630000 2003 12 26     290.00 A
06630000 2003 12 27     280.00 A
06630000 2003 12 28     270.00 A
06630000 2003 12 29     270.00 A
06630000 2003 12 30     280.00 A
06630000 2003 12 31     290.00 A
06630000 2004 01 01     290.00 A
06630000 2004 01 02     290.00 A
06630000 2004 01 03     280.00 A
06630000 2004 01 04     270.00 A
06630000 2004 01 05     260.00 A
06630000 2004 01 06     270.00 A
06630000 2004 01 07     270.00 A
06630000 2004 01 08     280.00 A
06630000 2004 01 09     290.00 A
06630000 2004 01 10     300.00 A
06630000 2004 01 11     300.00 A
06630000 2004 01 12     290.00 A
06630000 2004 01 13     290.00 A
06630000 2004 01 14     300.00 A
06630000 2004 01 15     300.00 A
06630000 2004 01 16     300.00 A
06630000 2004 01 17     290.00 A
06630000 2004 01 18     280.00 A
06630000 2004 01 19     290.00 A
06630000 2004 01 20     290.00 A
06630000 2004 01 21     280.00 A
06630000 2004 01 22     280.00 A
06630000 2004 01 23     290.00 A
06630000 2004 01 24     310.00 A
06630000 2004 01 25     300.00 A
06630000 2004 01 26     300.00 A
06630000 2004 01 27     300.00 A
06630000 2004 01 28     310.00 A
06630000 2004 01 29     320.00 A
06630000 2004 01 30     330.00 A
06630000 2004 01 31     320.00 A
06630000 2004 02 01     310.00 A
06630000 2004 02 02     310.00 A
06630000 2004 02 03     320.00 A
06630000 2004 02 04     320.00 A
06630000 2004 02 05     310.00 A
06630000 2004 02 06     310.00 A
06630000 2004 02 07     320.00 A
06630000 2004 02 08     320.00 A
06630000 2004 02 09     310.00 A
06630000 2004 02 10     310.00 A
06630000 2004 02 11     300.00 A
06630000 2004 02 12     280.00 A
06630000 2004 02 13     290.00 A
06630000 2004 02 14     300.00 A
06630000 2004 02 15     310.00 A
06630000 2004 02 16     320.00 A
06630000 2004 02 17     330.00 A
06630000 2004 02 18     340.00 A
06630000 2004 02 19     350.00 A
06630000 2004 02 20     340.00 A
06630000 2004 02 21     340.00 A
06630000 2004 02 22     350.00 A
06630000 2004 02 23     360.00 A
06630000 2004 02 24     370.00 A
06630000 2004 02 25     380.00 A
06630000 2004 02 26     400.00 A
06630000 2004 02 27     400.00 A
06630000 2004 02 28     390.00 A
06630000 2004 02 29     380.00 A
06630000 2004 03 01     370.00 A
06630000 2004 03 02     360.00 A
06630000 2004 03 03     350.00 A
06630000 2004 03 04     350.00 A
06630000 2004 03 05     350.00 A
06630000 2004 03 06     360.00 A
06630000 2004 03 07     370.00 A
06630000 2004 03 08     383.00 A
06630000 2004 03 09     400.00 A
06630000 2004 03 10     414.00 A
06630000 2004 03 11     429.00 A
06630000 2004 03 12     444.00 A
06630000 2004 03 13     467.00 A
06630000 2004 03 14     476.00 A
06630000 2004 03 15     484.00 A
06630000 2004 03 16     492.00 A
06630000 2004 03 17     519.00 A
06630000 2004 03 18     601.00 A
06630000 2004 03 19     697.00 A
06630000 2004 03 20     841.00 A
06630000 2004 03 21     1030.00 A
06630000 2004 03 22     1290.00 A
06630000 2004 03 23     1380.00 A
06630000 2004 03 24     1710.00 A
06630000 2004 03 25     1780.00 A
06630000 2004 03 26     1560.00 A
06630000 2004 03 27     1460.00 A
06630000 2004 03 28     1330.00 A
06630000 2004 03 29     1140.00 A
06630000 2004 03 30     905.00 A
06630000 2004 03 31     783.00 A
06630000 2004 04 01     747.00 A
06630000 2004 04 02     741.00 A
06630000 2004 04 03     767.00 A
06630000 2004 04 04     832.00 A
06630000 2004 04 05     824.00 A
06630000 2004 04 06     863.00 A
06630000 2004 04 07     932.00 A
06630000 2004 04 08     974.00 A
06630000 2004 04 09     1040.00 A
06630000 2004 04 10     1100.00 A
06630000 2004 04 11     994.00 A
06630000 2004 04 12     891.00 A
06630000 2004 04 13     862.00 A
06630000 2004 04 14     855.00 A
06630000 2004 04 15     893.00 A
06630000 2004 04 16     867.00 A
06630000 2004 04 17     814.00 A
06630000 2004 04 18     814.00 A
06630000 2004 04 19     847.00 A
06630000 2004 04 20     810.00 A
06630000 2004 04 21     824.00 A
06630000 2004 04 22     867.00 A
06630000 2004 04 23     853.00 A
06630000 2004 04 24     864.00 A
06630000 2004 04 25     855.00 A
06630000 2004 04 26     799.00 A
06630000 2004 04 27     805.00 A
06630000 2004 04 28     836.00 A
06630000 2004 04 29     899.00 A
06630000 2004 04 30     950.00 A
06630000 2004 05 01     912.00 A
06630000 2004 05 02     838.00 A
06630000 2004 05 03     773.00 A
06630000 2004 05 04     816.00 A
06630000 2004 05 05     888.00 A
06630000 2004 05 06     987.00 A
06630000 2004 05 07     1130.00 A
06630000 2004 05 08     1290.00 A
06630000 2004 05 09     1440.00 A
06630000 2004 05 10     1460.00 A
06630000 2004 05 11     1530.00 A
06630000 2004 05 12     1560.00 A
06630000 2004 05 13     1550.00 A
06630000 2004 05 14     1560.00 A
06630000 2004 05 15     1340.00 A
06630000 2004 05 16     1220.00 A
06630000 2004 05 17     1120.00 A
06630000 2004 05 18     1050.00 A
06630000 2004 05 19     1070.00 A
06630000 2004 05 20     1150.00 A
06630000 2004 05 21     1170.00 A
06630000 2004 05 22     1340.00 A
06630000 2004 05 23     1400.00 A
06630000 2004 05 24     1350.00 A
06630000 2004 05 25     1320.00 A
06630000 2004 05 26     1410.00 A
06630000 2004 05 27     1380.00 A
06630000 2004 05 28     1280.00 A
06630000 2004 05 29     1170.00 A
06630000 2004 05 30     1280.00 A
06630000 2004 05 31     1180.00 A
06630000 2004 06 01     1090.00 A
06630000 2004 06 02     1030.00 A
06630000 2004 06 03     976.00 A
06630000 2004 06 04     962.00 A
06630000 2004 06 05     1030.00 A
06630000 2004 06 06     1110.00 A
06630000 2004 06 07     1220.00 A
06630000 2004 06 08     1480.00 A
06630000 2004 06 09     1690.00 A
06630000 2004 06 10     1730.00 A
06630000 2004 06 11     1620.00 A
06630000 2004 06 12     1440.00 A
06630000 2004 06 13     1310.00 A
06630000 2004 06 14     1230.00 A
06630000 2004 06 15     1140.00 A
06630000 2004 06 16     1090.00 A
06630000 2004 06 17     1010.00 A
06630000 2004 06 18     1280.00 A
06630000 2004 06 19     1870.00 A
06630000 2004 06 20     1880.00 A
06630000 2004 06 21     1820.00 A
06630000 2004 06 22     1950.00 A
06630000 2004 06 23     2110.00 A
06630000 2004 06 24     1780.00 A
06630000 2004 06 25     1390.00 A
06630000 2004 06 26     1220.00 A
06630000 2004 06 27     1300.00 A
06630000 2004 06 28     1190.00 A
06630000 2004 06 29     1260.00 A
06630000 2004 06 30     1130.00 A
06630000 2004 07 01     1320.00 A
06630000 2004 07 02     1670.00 A
06630000 2004 07 03     1560.00 A
06630000 2004 07 04     1270.00 A
06630000 2004 07 05     1090.00 A
06630000 2004 07 06     970.00 A
06630000 2004 07 07     871.00 A
06630000 2004 07 08     772.00 A
06630000 2004 07 09     684.00 A
06630000 2004 07 10     596.00 A
06630000 2004 07 11     535.00 A
06630000 2004 07 12     500.00 A
06630000 2004 07 13     479.00 A
06630000 2004 07 14     490.00 A
06630000 2004 07 15     432.00 A
06630000 2004 07 16     410.00 A
06630000 2004 07 17     459.00 A
06630000 2004 07 18     644.00 A
06630000 2004 07 19     942.00 A
06630000 2004 07 20     702.00 A
06630000 2004 07 21     619.00 A
06630000 2004 07 22     559.00 A
06630000 2004 07 23     575.00 A
06630000 2004 07 24     629.00 A
06630000 2004 07 25     668.00 A
06630000 2004 07 26     611.00 A
06630000 2004 07 27     534.00 A
06630000 2004 07 28     525.00 A
06630000 2004 07 29     454.00 A
06630000 2004 07 30     414.00 A
06630000 2004 07 31     369.00 A
06630000 2004 08 01     337.00 A
06630000 2004 08 02     315.00 A
06630000 2004 08 03     308.00 A
06630000 2004 08 04     286.00 A
06630000 2004 08 05     267.00 A
06630000 2004 08 06     250.00 A
06630000 2004 08 07     241.00 A
06630000 2004 08 08     240.00 A
06630000 2004 08 09     229.00 A
06630000 2004 08 10     223.00 A
06630000 2004 08 11     204.00 A
06630000 2004 08 12     187.00 A
06630000 2004 08 13     177.00 A
06630000 2004 08 14     167.00 A
06630000 2004 08 15     158.00 A
06630000 2004 08 16     146.00 A
06630000 2004 08 17     135.00 A
06630000 2004 08 18     132.00 A
06630000 2004 08 19     215.00 A
06630000 2004 08 20     456.00 A
06630000 2004 08 21     289.00 A
06630000 2004 08 22     339.00 A
06630000 2004 08 23     317.00 A
06630000 2004 08 24     336.00 A
06630000 2004 08 25     318.00 A
06630000 2004 08 26     285.00 A
06630000 2004 08 27     279.00 A
06630000 2004 08 28     316.00 A
06630000 2004 08 29     317.00 A
06630000 2004 08 30     296.00 A
06630000 2004 08 31     295.00 A
06630000 2004 09 01     274.00 A
06630000 2004 09 02     243.00 A
06630000 2004 09 03     219.00 A
06630000 2004 09 04     211.00 A
06630000 2004 09 05     217.00 A
06630000 2004 09 06     264.00 A
06630000 2004 09 07     306.00 A
06630000 2004 09 08     292.00 A
06630000 2004 09 09     284.00 A
06630000 2004 09 10     265.00 A
06630000 2004 09 11     246.00 A
06630000 2004 09 12     239.00 A
06630000 2004 09 13     243.00 A
06630000 2004 09 14     230.00 A
06630000 2004 09 15     255.00 A
06630000 2004 09 16     257.00 A
06630000 2004 09 17     236.00 A
06630000 2004 09 18     219.00 A
06630000 2004 09 19     214.00 A
06630000 2004 09 20     228.00 A
06630000 2004 09 21     334.00 A
06630000 2004 09 22     482.00 A
06630000 2004 09 23     556.00 A
06630000 2004 09 24     555.00 A
06630000 2004 09 25     597.00 A
06630000 2004 09 26     648.00 A
06630000 2004 09 27     670.00 A
06630000 2004 09 28     635.00 A
06630000 2004 09 29     606.00 A
06630000 2004 09 30     683.00 A
06630000 2004 10 01     822.00 A
06630000 2004 10 02     1050.00 A
06630000 2004 10 03     958.00 A
06630000 2004 10 04     921.00 A
06630000 2004 10 05     811.00 A
06630000 2004 10 06     718.00 A
06630000 2004 10 07     686.00 A
06630000 2004 10 08     643.00 A
06630000 2004 10 09     609.00 A
06630000 2004 10 10     582.00 A
06630000 2004 10 11     557.00 A
06630000 2004 10 12     534.00 A
06630000 2004 10 13     525.00 A
06630000 2004 10 14     520.00 A
06630000 2004 10 15     533.00 A
06630000 2004 10 16     513.00 A
06630000 2004 10 17     509.00 A
06630000 2004 10 18     491.00 A
06630000 2004 10 19     482.00 A
06630000 2004 10 20     485.00 A
06630000 2004 10 21     499.00 A
06630000 2004 10 22     504.00 A
06630000 2004 10 23     522.00 A
06630000 2004 10 24     532.00 A
06630000 2004 10 25     522.00 A
06630000 2004 10 26     543.00 A
06630000 2004 10 27     532.00 A
06630000 2004 10 28     537.00 A
06630000 2004 10 29     531.00 A
06630000 2004 10 30     537.00 A
06630000 2004 10 31     527.00 A
06630000 2004 11 01     526.00 A
06630000 2004 11 02     526.00 A
06630000 2004 11 03     443.00 A
06630000 2004 11 04     404.00 A
06630000 2004 11 05     502.00 A
06630000 2004 11 06     523.00 A
06630000 2004 11 07     557.00 A
06630000 2004 11 08     551.00 A
06630000 2004 11 09     564.00 A
06630000 2004 11 10     579.00 A
06630000 2004 11 11     577.00 A
06630000 2004 11 12     576.00 A
06630000 2004 11 13     590.00 A
06630000 2004 11 14     579.00 A
06630000 2004 11 15     569.00 A
06630000 2004 11 16     542.00 A
06630000 2004 11 17     517.00 A
06630000 2004 11 18     532.00 A
06630000 2004 11 19     506.00 A
06630000 2004 11 20     481.00 A
06630000 2004 11 21     469.00 A
06630000 2004 11 22     477.00 A
06630000 2004 11 23     441.00 A
06630000 2004 11 24     441.00 A
06630000 2004 11 25     462.00 A
06630000 2004 11 26     441.00 A
06630000 2004 11 27     420.00 A
06630000 2004 11 28     401.00 A
06630000 2004 11 29     332.00 A
06630000 2004 11 30     343.00 A
06630000 2004 12 01     348.00 A
06630000 2004 12 02     353.00 A
06630000 2004 12 03     376.00 A
06630000 2004 12 04     395.00 A
06630000 2004 12 05     386.00 A
06630000 2004 12 06     373.00 A
06630000 2004 12 07     373.00 A
06630000 2004 12 08     381.00 A
06630000 2004 12 09     391.00 A
06630000 2004 12 10     405.00 A
06630000 2004 12 11     419.00 A
06630000 2004 12 12     409.00 A
06630000 2004 12 13     394.00 A
06630000 2004 12 14     399.00 A
06630000 2004 12 15     404.00 A
06630000 2004 12 16     394.00 A
06630000 2004 12 17     404.00 A
06630000 2004 12 18     409.00 A
06630000 2004 12 19     419.00 A
06630000 2004 12 20     414.00 A
06630000 2004 12 21     394.00 A
06630000 2004 12 22     376.00 A
06630000 2004 12 23     354.00 A
06630000 2004 12 24     345.00 A
06630000 2004 12 25     362.00 A
06630000 2004 12 26     376.00 A
06630000 2004 12 27     394.00 A
06630000 2004 12 28     404.00 A
06630000 2004 12 29     404.00 A
06630000 2004 12 30     404.00 A
06630000 2004 12 31     404.00 A
06630000 2005 01 01     394.00 A
06630000 2005 01 02     380.00 A
06630000 2005 01 03     371.00 A
06630000 2005 01 04     367.00 A
06630000 2005 01 05     354.00 A
06630000 2005 01 06     345.00 A
06630000 2005 01 07     354.00 A
06630000 2005 01 08     367.00 A
06630000 2005 01 09     385.00 A
06630000 2005 01 10     409.00 A
06630000 2005 01 11     427.00 A
06630000 2005 01 12     410.00 A
06630000 2005 01 13     392.00 A
06630000 2005 01 14     398.00 A
06630000 2005 01 15     404.00 A
06630000 2005 01 16     410.00 A
06630000 2005 01 17     428.00 A
06630000 2005 01 18     441.00 A
06630000 2005 01 19     461.00 A
06630000 2005 01 20     482.00 A
06630000 2005 01 21     489.00 A
06630000 2005 01 22     482.00 A
06630000 2005 01 23     489.00 A
06630000 2005 01 24     489.00 A
06630000 2005 01 25     482.00 A
06630000 2005 01 26     482.00 A
06630000 2005 01 27     468.00 A
06630000 2005 01 28     461.00 A
06630000 2005 01 29     475.00 A
06630000 2005 01 30     461.00 A
06630000 2005 01 31     448.00 A
06630000 2005 02 01     441.00 A
06630000 2005 02 02     435.00 A
06630000 2005 02 03     441.00 A
06630000 2005 02 04     461.00 A
06630000 2005 02 05     475.00 A
06630000 2005 02 06     468.00 A
06630000 2005 02 07     454.00 A
06630000 2005 02 08     444.00 A
06630000 2005 02 09     434.00 A
06630000 2005 02 10     439.00 A
06630000 2005 02 11     455.00 A
06630000 2005 02 12     465.00 A
06630000 2005 02 13     476.00 A
06630000 2005 02 14     493.00 A
06630000 2005 02 15     476.00 A
06630000 2005 02 16     465.00 A
06630000 2005 02 17     449.00 A
06630000 2005 02 18     449.00 A
06630000 2005 02 19     460.00 A
06630000 2005 02 20     471.00 A
06630000 2005 02 21     482.00 A
06630000 2005 02 22     471.00 A
06630000 2005 02 23     455.00 A
06630000 2005 02 24     444.00 A
06630000 2005 02 25     449.00 A
06630000 2005 02 26     460.00 A
06630000 2005 02 27     471.00 A
06630000 2005 02 28     482.00 A
06630000 2005 03 01     493.00 A
06630000 2005 03 02     476.00 A
06630000 2005 03 03     471.00 A
06630000 2005 03 04     471.00 A
06630000 2005 03 05     482.00 A
06630000 2005 03 06     488.00 A
06630000 2005 03 07     499.00 A
06630000 2005 03 08     512.00 A
06630000 2005 03 09     500.00 A
06630000 2005 03 10     492.00 A
06630000 2005 03 11     524.00 A
06630000 2005 03 12     500.00 A
06630000 2005 03 13     559.00 A
06630000 2005 03 14     604.00 A
06630000 2005 03 15     503.00 A
06630000 2005 03 16     480.00 A
06630000 2005 03 17     493.00 A
06630000 2005 03 18     479.00 A
06630000 2005 03 19     458.00 A
06630000 2005 03 20     484.00 A
06630000 2005 03 21     512.00 A
06630000 2005 03 22     516.00 A
06630000 2005 03 23     508.00 A
06630000 2005 03 24     549.00 A
06630000 2005 03 25     557.00 A
06630000 2005 03 26     529.00 A
06630000 2005 03 27     530.00 A
06630000 2005 03 28     519.00 A
06630000 2005 03 29     581.00 A
06630000 2005 03 30     651.00 A
06630000 2005 03 31     625.00 A
06630000 2005 04 01     637.00 A
06630000 2005 04 02     683.00 A
06630000 2005 04 03     803.00 A
06630000 2005 04 04     894.00 A
06630000 2005 04 05     1070.00 A
06630000 2005 04 06     1470.00 A
06630000 2005 04 07     1610.00 A
06630000 2005 04 08     1880.00 A
06630000 2005 04 09     2390.00 A
06630000 2005 04 10     2440.00 A
06630000 2005 04 11     1940.00 A
06630000 2005 04 12     1520.00 A
06630000 2005 04 13     1240.00 A
06630000 2005 04 14     1180.00 A
06630000 2005 04 15     1360.00 A
06630000 2005 04 16     1560.00 A
06630000 2005 04 17     1780.00 A
06630000 2005 04 18     1940.00 A
06630000 2005 04 19     2030.00 A
06630000 2005 04 20     2130.00 A
06630000 2005 04 21     2170.00 A
06630000 2005 04 22     1990.00 A
06630000 2005 04 23     1790.00 A
06630000 2005 04 24     1660.00 A
06630000 2005 04 25     1690.00 A
06630000 2005 04 26     1750.00 A
06630000 2005 04 27     1790.00 A
06630000 2005 04 28     1740.00 A
06630000 2005 04 29     1800.00 A
06630000 2005 04 30     1940.00 A
06630000 2005 05 01     1970.00 A
06630000 2005 05 02     1800.00 A
06630000 2005 05 03     1660.00 A
06630000 2005 05 04     1540.00 A
06630000 2005 05 05     1430.00 A
06630000 2005 05 06     1370.00 A
06630000 2005 05 07     1430.00 A
06630000 2005 05 08     1610.00 A
06630000 2005 05 09     1940.00 A
06630000 2005 05 10     2230.00 A
06630000 2005 05 11     2240.00 A
06630000 2005 05 12     2580.00 A
06630000 2005 05 13     2650.00 A
06630000 2005 05 14     2560.00 A
06630000 2005 05 15     2310.00 A
06630000 2005 05 16     2200.00 A
06630000 2005 05 17     2260.00 A
06630000 2005 05 18     2610.00 A
06630000 2005 05 19     2740.00 A
06630000 2005 05 20     3060.00 A
06630000 2005 05 21     3770.00 A
06630000 2005 05 22     4930.00 A
06630000 2005 05 23     5980.00 A
06630000 2005 05 24     6610.00 A
06630000 2005 05 25     6990.00 A
06630000 2005 05 26     6900.00 A
06630000 2005 05 27     6270.00 A
06630000 2005 05 28     5610.00 A
06630000 2005 05 29     4810.00 A
06630000 2005 05 30     4490.00 A
06630000 2005 05 31     5720.00 A
06630000 2005 06 01     6000.00 A
06630000 2005 06 02     5370.00 A
06630000 2005 06 03     5590.00 A
06630000 2005 06 04     5930.00 A
06630000 2005 06 05     7710.00 A
06630000 2005 06 06     8540.00 A
06630000 2005 06 07     8400.00 A
06630000 2005 06 08     7280.00 A
06630000 2005 06 09     5670.00 A
06630000 2005 06 10     5040.00 A
06630000 2005 06 11     4830.00 A
06630000 2005 06 12     4850.00 A
06630000 2005 06 13     4780.00 A
06630000 2005 06 14     4240.00 A
06630000 2005 06 15     3740.00 A
06630000 2005 06 16     3460.00 A
06630000 2005 06 17     3390.00 A
06630000 2005 06 18     3450.00 A
06630000 2005 06 19     3780.00 A
06630000 2005 06 20     3990.00 A
06630000 2005 06 21     4140.00 A
06630000 2005 06 22     4250.00 A
06630000 2005 06 23     4580.00 A
06630000 2005 06 24     4760.00 A
06630000 2005 06 25     4580.00 A
06630000 2005 06 26     4250.00 A
06630000 2005 06 27     4080.00 A
06630000 2005 06 28     3670.00 A
06630000 2005 06 29     3440.00 A
06630000 2005 06 30     3400.00 A
06630000 2005 07 01     3100.00 A
06630000 2005 07 02     2820.00 A
06630000 2005 07 03     2530.00 A
06630000 2005 07 04     2340.00 A
06630000 2005 07 05     2220.00 A
06630000 2005 07 06     1980.00 A
06630000 2005 07 07     1760.00 A
06630000 2005 07 08     1660.00 A
06630000 2005 07 09     1620.00 A
06630000 2005 07 10     1530.00 A
06630000 2005 07 11     1440.00 A
06630000 2005 07 12     1350.00 A
06630000 2005 07 13     1300.00 A
06630000 2005 07 14     1170.00 A
06630000 2005 07 15     1070.00 A
06630000 2005 07 16     1000.00 A
06630000 2005 07 17     988.00 A
06630000 2005 07 18     919.00 A
06630000 2005 07 19     834.00 A
06630000 2005 07 20     815.00 A
06630000 2005 07 21     796.00 A
06630000 2005 07 22     737.00 A
06630000 2005 07 23     680.00 A
06630000 2005 07 24     643.00 A
06630000 2005 07 25     645.00 A
06630000 2005 07 26     720.00 A
06630000 2005 07 27     783.00 A
06630000 2005 07 28     771.00 A
06630000 2005 07 29     716.00 A
06630000 2005 07 30     687.00 A
06630000 2005 07 31     608.00 A
06630000 2005 08 01     589.00 A
06630000 2005 08 02     603.00 A
06630000 2005 08 03     610.00 A
06630000 2005 08 04     596.00 A
06630000 2005 08 05     586.00 A
06630000 2005 08 06     561.00 A
06630000 2005 08 07     515.00 A
06630000 2005 08 08     471.00 A
06630000 2005 08 09     440.00 A
06630000 2005 08 10     425.00 A
06630000 2005 08 11     409.00 A
06630000 2005 08 12     473.00 A
06630000 2005 08 13     467.00 A
06630000 2005 08 14     457.00 A
06630000 2005 08 15     447.00 A
06630000 2005 08 16     397.00 A
06630000 2005 08 17     368.00 A
06630000 2005 08 18     369.00 A
06630000 2005 08 19     370.00 A
06630000 2005 08 20     372.00 A
06630000 2005 08 21     360.00 A
06630000 2005 08 22     328.00 A
06630000 2005 08 23     300.00 A
06630000 2005 08 24     281.00 A
06630000 2005 08 25     271.00 A
06630000 2005 08 26     263.00 A
06630000 2005 08 27     260.00 A
06630000 2005 08 28     243.00 A
06630000 2005 08 29     232.00 A
06630000 2005 08 30     218.00 A
06630000 2005 08 31     201.00 A
06630000 2005 09 01     209.00 A
06630000 2005 09 02     200.00 A
06630000 2005 09 03     182.00 A
06630000 2005 09 04     162.00 A
06630000 2005 09 05     152.00 A
06630000 2005 09 06     145.00 A
06630000 2005 09 07     140.00 A
06630000 2005 09 08     133.00 A
06630000 2005 09 09     140.00 A
06630000 2005 09 10     162.00 A
06630000 2005 09 11     155.00 A
06630000 2005 09 12     166.00 A
06630000 2005 09 13     179.00 A
06630000 2005 09 14     168.00 A
06630000 2005 09 15     162.00 A
06630000 2005 09 16     153.00 A
06630000 2005 09 17     148.00 A
06630000 2005 09 18     160.00 A
06630000 2005 09 19     156.00 A
06630000 2005 09 20     139.00 A
06630000 2005 09 21     137.00 A
06630000 2005 09 22     139.00 A
06630000 2005 09 23     159.00 A
06630000 2005 09 24     223.00 A
06630000 2005 09 25     221.00 A
06630000 2005 09 26     209.00 A
06630000 2005 09 27     210.00 A
06630000 2005 09 28     198.00 A
06630000 2005 09 29     202.00 A
06630000 2005 09 30     217.00 A
06630000 2005 10 01     245.00 A
06630000 2005 10 02     248.00 A
06630000 2005 10 03     238.00 A
06630000 2005 10 04     235.00 A
06630000 2005 10 05     250.00 A
06630000 2005 10 06     311.00 A
06630000 2005 10 07     385.00 A
06630000 2005 10 08     362.00 A
06630000 2005 10 09     396.00 A
06630000 2005 10 10     444.00 A
06630000 2005 10 11     478.00 A
06630000 2005 10 12     460.00 A
06630000 2005 10 13     460.00 A
06630000 2005 10 14     459.00 A
06630000 2005 10 15     467.00 A
06630000 2005 10 16     461.00 A
06630000 2005 10 17     447.00 A
06630000 2005 10 18     424.00 A
06630000 2005 10 19     428.00 A
06630000 2005 10 20     432.00 A
06630000 2005 10 21     445.00 A
06630000 2005 10 22     448.00 A
06630000 2005 10 23     459.00 A
06630000 2005 10 24     431.00 A
06630000 2005 10 25     418.00 A
06630000 2005 10 26     410.00 A
06630000 2005 10 27     405.00 A
06630000 2005 10 28     394.00 A
06630000 2005 10 29     385.00 A
06630000 2005 10 30     376.00 A
06630000 2005 10 31     385.00 A
06630000 2005 11 01     387.00 A
06630000 2005 11 02     373.00 A
06630000 2005 11 03     384.00 A
06630000 2005 11 04     389.00 A
06630000 2005 11 05     391.00 A
06630000 2005 11 06     407.00 A
06630000 2005 11 07     405.00 A
06630000 2005 11 08     418.00 A
06630000 2005 11 09     426.00 A
06630000 2005 11 10     469.00 A
06630000 2005 11 11     490.00 A
06630000 2005 11 12     508.00 A
06630000 2005 11 13     530.00 A
06630000 2005 11 14     484.00 A
06630000 2005 11 15     360.00 A
06630000 2005 11 16     348.00 A
06630000 2005 11 17     355.00 A
06630000 2005 11 18     360.00 A
06630000 2005 11 19     366.00 A
06630000 2005 11 20     377.00 A
06630000 2005 11 21     381.00 A
06630000 2005 11 22     385.00 A
06630000 2005 11 23     385.00 A
06630000 2005 11 24     393.00 A
06630000 2005 11 25     397.00 A
06630000 2005 11 26     381.00 A
06630000 2005 11 27     353.00 A
06630000 2005 11 28     272.00 A
06630000 2005 11 29     251.00 A
06630000 2005 11 30     247.00 A
06630000 2005 12 01     250.00 A
06630000 2005 12 02     270.00 A
06630000 2005 12 03     260.00 A
06630000 2005 12 04     255.00 A
06630000 2005 12 05     245.00 A
06630000 2005 12 06     235.00 A
06630000 2005 12 07     227.00 A
06630000 2005 12 08     211.00 A
06630000 2005 12 09     200.00 A
06630000 2005 12 10     213.00 A
06630000 2005 12 11     235.00 A
06630000 2005 12 12     254.00 A
06630000 2005 12 13     256.00 A
06630000 2005 12 14     251.00 A
06630000 2005 12 15     240.00 A
06630000 2005 12 16     232.00 A
06630000 2005 12 17     227.00 A
06630000 2005 12 18     225.00 A
06630000 2005 12 19     238.00 A
06630000 2005 12 20     253.00 A
06630000 2005 12 21     261.00 A
06630000 2005 12 22     274.00 A
06630000 2005 12 23     290.00 A
06630000 2005 12 24     311.00 A
06630000 2005 12 25     333.00 A
06630000 2005 12 26     349.00 A
06630000 2005 12 27     355.00 A
06630000 2005 12 28     379.00 A
06630000 2005 12 29     379.00 A
06630000 2005 12 30     363.00 A
06630000 2005 12 31     371.00 A
06630000 2006 01 01     379.00 A
06630000 2006 01 02     395.00 A
06630000 2006 01 03     404.00 A
06630000 2006 01 04     379.00 A
06630000 2006 01 05     371.00 A
06630000 2006 01 06     387.00 A
06630000 2006 01 07     410.00 A
06630000 2006 01 08     390.00 A
06630000 2006 01 09     380.00 A
06630000 2006 01 10     386.00 A
06630000 2006 01 11     395.00 A
06630000 2006 01 12     380.00 A
06630000 2006 01 13     386.00 A
06630000 2006 01 14     400.00 A
06630000 2006 01 15     410.00 A
06630000 2006 01 16     397.00 A
06630000 2006 01 17     388.00 A
06630000 2006 01 18     388.00 A
06630000 2006 01 19     378.00 A
06630000 2006 01 20     360.00 A
06630000 2006 01 21     348.00 A
06630000 2006 01 22     339.00 A
06630000 2006 01 23     335.00 A
06630000 2006 01 24     348.00 A
06630000 2006 01 25     369.00 A
06630000 2006 01 26     397.00 A
06630000 2006 01 27     407.00 A
06630000 2006 01 28     397.00 A
06630000 2006 01 29     392.00 A
06630000 2006 01 30     397.00 A
06630000 2006 01 31     412.00 A
06630000 2006 02 01     422.00 A
06630000 2006 02 02     427.00 A
06630000 2006 02 03     432.00 A
06630000 2006 02 04     438.00 A
06630000 2006 02 05     432.00 A
06630000 2006 02 06     427.00 A
06630000 2006 02 07     438.00 A
06630000 2006 02 08     465.00 A
06630000 2006 02 09     476.00 A
06630000 2006 02 10     465.00 A
06630000 2006 02 11     438.00 A
06630000 2006 02 12     443.00 A
06630000 2006 02 13     459.00 A
06630000 2006 02 14     471.00 A
06630000 2006 02 15     459.00 A
06630000 2006 02 16     443.00 A
06630000 2006 02 17     432.00 A
06630000 2006 02 18     422.00 A
06630000 2006 02 19     407.00 A
06630000 2006 02 20     412.00 A
06630000 2006 02 21     417.00 A
06630000 2006 02 22     427.00 A
06630000 2006 02 23     454.00 A
06630000 2006 02 24     494.00 A
06630000 2006 02 25     531.00 A
06630000 2006 02 26     571.00 A
06630000 2006 02 27     590.00 A
06630000 2006 02 28     600.00 A
06630000 2006 03 01     590.00 A
06630000 2006 03 02     600.00 A
06630000 2006 03 03     630.00 A
06630000 2006 03 04     630.00 A
06630000 2006 03 05     640.00 A
06630000 2006 03 06     660.00 A
06630000 2006 03 07     670.00 A
06630000 2006 03 08     660.00 A
06630000 2006 03 09     650.00 A
06630000 2006 03 10     597.00 A
06630000 2006 03 11     541.00 A
06630000 2006 03 12     541.00 A
06630000 2006 03 13     541.00 A
06630000 2006 03 14     555.00 A
06630000 2006 03 15     576.00 A
06630000 2006 03 16     576.00 A
06630000 2006 03 17     591.00 A
06630000 2006 03 18     580.00 A
06630000 2006 03 19     570.00 A
06630000 2006 03 20     530.00 A
06630000 2006 03 21     520.00 A
06630000 2006 03 22     517.00 A
06630000 2006 03 23     543.00 A
06630000 2006 03 24     540.00 A
06630000 2006 03 25     558.00 A
06630000 2006 03 26     609.00 A
06630000 2006 03 27     645.00 A
06630000 2006 03 28     584.00 A
06630000 2006 03 29     633.00 A
06630000 2006 03 30     716.00 A
06630000 2006 03 31     815.00 A
06630000 2006 04 01     795.00 A
06630000 2006 04 02     829.00 A
06630000 2006 04 03     843.00 A
06630000 2006 04 04     864.00 A
06630000 2006 04 05     958.00 A
06630000 2006 04 06     1220.00 A
06630000 2006 04 07     1500.00 A
06630000 2006 04 08     1510.00 A
06630000 2006 04 09     1510.00 A
06630000 2006 04 10     1790.00 A
06630000 2006 04 11     1740.00 A
06630000 2006 04 12     1860.00 A
06630000 2006 04 13     1740.00 A
06630000 2006 04 14     1770.00 A
06630000 2006 04 15     2070.00 A
06630000 2006 04 16     2340.00 A
06630000 2006 04 17     2410.00 A
06630000 2006 04 18     2500.00 A
06630000 2006 04 19     2430.00 A
06630000 2006 04 20     2240.00 A
06630000 2006 04 21     2020.00 A
06630000 2006 04 22     1830.00 A
06630000 2006 04 23     1800.00 A
06630000 2006 04 24     1970.00 A
06630000 2006 04 25     2210.00 A
06630000 2006 04 26     2190.00 A
06630000 2006 04 27     2110.00 A
06630000 2006 04 28     2170.00 A
06630000 2006 04 29     2230.00 A
06630000 2006 04 30     2180.00 A
06630000 2006 05 01     2220.00 A
06630000 2006 05 02     2210.00 A
06630000 2006 05 03     2210.00 A
06630000 2006 05 04     2240.00 A
06630000 2006 05 05     2330.00 A
06630000 2006 05 06     2480.00 A
06630000 2006 05 07     2480.00 A
06630000 2006 05 08     2470.00 A
06630000 2006 05 09     2400.00 A
06630000 2006 05 10     2270.00 A
06630000 2006 05 11     2120.00 A
06630000 2006 05 12     1980.00 A
06630000 2006 05 13     1850.00 A
06630000 2006 05 14     1940.00 A
06630000 2006 05 15     2290.00 A
06630000 2006 05 16     2670.00 A
06630000 2006 05 17     2910.00 A
06630000 2006 05 18     3120.00 A
06630000 2006 05 19     3400.00 A
06630000 2006 05 20     3700.00 A
06630000 2006 05 21     4140.00 A
06630000 2006 05 22     4470.00 A
06630000 2006 05 23     4940.00 A
06630000 2006 05 24     6380.00 A
06630000 2006 05 25     5700.00 A
06630000 2006 05 26     5510.00 A
06630000 2006 05 27     5080.00 A
06630000 2006 05 28     4640.00 A
06630000 2006 05 29     4280.00 A
06630000 2006 05 30     3720.00 A
06630000 2006 05 31     3220.00 A
06630000 2006 06 01     2870.00 A
06630000 2006 06 02     2650.00 A
06630000 2006 06 03     2690.00 A
06630000 2006 06 04     2870.00 A
06630000 2006 06 05     3150.00 A
06630000 2006 06 06     3470.00 A
06630000 2006 06 07     3720.00 A
06630000 2006 06 08     3800.00 A
06630000 2006 06 09     3980.00 A
06630000 2006 06 10     4300.00 A
06630000 2006 06 11     4400.00 A
06630000 2006 06 12     4100.00 A
06630000 2006 06 13     3510.00 A
06630000 2006 06 14     2940.00 A
06630000 2006 06 15     2560.00 A
06630000 2006 06 16     2350.00 A
06630000 2006 06 17     2150.00 A
06630000 2006 06 18     1900.00 A
06630000 2006 06 19     1670.00 A
06630000 2006 06 20     1480.00 A
06630000 2006 06 21     1360.00 A
06630000 2006 06 22     1310.00 A
06630000 2006 06 23     1240.00 A
06630000 2006 06 24     1140.00 A
06630000 2006 06 25     1020.00 A
06630000 2006 06 26     932.00 A
06630000 2006 06 27     887.00 A
06630000 2006 06 28     831.00 A
06630000 2006 06 29     779.00 A
06630000 2006 06 30     743.00 A
06630000 2006 07 01     716.00 A
06630000 2006 07 02     721.00 A
06630000 2006 07 03     721.00 A
06630000 2006 07 04     699.00 A
06630000 2006 07 05     708.00 A
06630000 2006 07 06     654.00 A
06630000 2006 07 07     623.00 A
06630000 2006 07 08     612.00 A
06630000 2006 07 09     689.00 A
06630000 2006 07 10     1150.00 A
06630000 2006 07 11     1710.00 A
06630000 2006 07 12     1540.00 A
06630000 2006 07 13     1200.00 A
06630000 2006 07 14     985.00 A
06630000 2006 07 15     821.00 A
06630000 2006 07 16     713.00 A
06630000 2006 07 17     628.00 A
06630000 2006 07 18     574.00 A
06630000 2006 07 19     523.00 A
06630000 2006 07 20     532.00 A
06630000 2006 07 21     558.00 A
06630000 2006 07 22     574.00 A
06630000 2006 07 23     548.00 A
06630000 2006 07 24     507.00 A
06630000 2006 07 25     477.00 A
06630000 2006 07 26     450.00 A
06630000 2006 07 27     504.00 A
06630000 2006 07 28     550.00 A
06630000 2006 07 29     484.00 A
06630000 2006 07 30     403.00 A
06630000 2006 07 31     382.00 A
06630000 2006 08 01     376.00 A
06630000 2006 08 02     348.00 A
06630000 2006 08 03     384.00 A
06630000 2006 08 04     402.00 A
06630000 2006 08 05     361.00 A
06630000 2006 08 06     343.00 A
06630000 2006 08 07     325.00 A
06630000 2006 08 08     304.00 A
06630000 2006 08 09     281.00 A
06630000 2006 08 10     261.00 A
06630000 2006 08 11     241.00 A
06630000 2006 08 12     232.00 A
06630000 2006 08 13     235.00 A
06630000 2006 08 14     272.00 A
06630000 2006 08 15     264.00 A
06630000 2006 08 16     254.00 A
06630000 2006 08 17     235.00 A
06630000 2006 08 18     223.00 A
06630000 2006 08 19     222.00 A
06630000 2006 08 20     219.00 A
06630000 2006 08 21     214.00 A
06630000 2006 08 22     210.00 A
06630000 2006 08 23     203.00 A
06630000 2006 08 24     193.00 A
06630000 2006 08 25     184.00 A
06630000 2006 08 26     182.00 A
06630000 2006 08 27     210.00 A
06630000 2006 08 28     282.00 A
06630000 2006 08 29     343.00 A
06630000 2006 08 30     322.00 A
06630000 2006 08 31     283.00 A
06630000 2006 09 01     269.00 A
06630000 2006 09 02     247.00 A
06630000 2006 09 03     231.00 A
06630000 2006 09 04     218.00 A
06630000 2006 09 05     208.00 A
06630000 2006 09 06     199.00 A
06630000 2006 09 07     190.00 A
06630000 2006 09 08     187.00 A
06630000 2006 09 09     195.00 A
06630000 2006 09 10     230.00 A
06630000 2006 09 11     257.00 A
06630000 2006 09 12     283.00 A
06630000 2006 09 13     295.00 A
06630000 2006 09 14     284.00 A
06630000 2006 09 15     269.00 A
06630000 2006 09 16     274.00 A
06630000 2006 09 17     416.00 A
06630000 2006 09 18     535.00 A
06630000 2006 09 19     472.00 A
06630000 2006 09 20     461.00 A
06630000 2006 09 21     446.00 A
06630000 2006 09 22     469.00 A
06630000 2006 09 23     539.00 A
06630000 2006 09 24     583.00 A
06630000 2006 09 25     582.00 A
06630000 2006 09 26     546.00 A
06630000 2006 09 27     516.00 A
06630000 2006 09 28     496.00 A
06630000 2006 09 29     484.00 A
06630000 2006 09 30     473.00 A
06630000 2006 10 01     472.00 A
06630000 2006 10 02     463.00 A
06630000 2006 10 03     449.00 A
06630000 2006 10 04     470.00 A
06630000 2006 10 05     559.00 A
06630000 2006 10 06     516.00 A
06630000 2006 10 07     550.00 A
06630000 2006 10 08     610.00 A
06630000 2006 10 09     693.00 A
06630000 2006 10 10     676.00 A
06630000 2006 10 11     674.00 A
06630000 2006 10 12     663.00 A
06630000 2006 10 13     651.00 A
06630000 2006 10 14     608.00 A
06630000 2006 10 15     574.00 A
06630000 2006 10 16     549.00 A
06630000 2006 10 17     555.00 A
06630000 2006 10 18     625.00 A
06630000 2006 10 19     596.00 A
06630000 2006 10 20     588.00 A
06630000 2006 10 21     675.00 A
06630000 2006 10 22     718.00 A
06630000 2006 10 23     667.00 A
06630000 2006 10 24     665.00 A
06630000 2006 10 25     701.00 A
06630000 2006 10 26     747.00 A
06630000 2006 10 27     765.00 A
06630000 2006 10 28     706.00 A
06630000 2006 10 29     693.00 A
06630000 2006 10 30     699.00 A
06630000 2006 10 31     734.00 A
06630000 2006 11 01     716.00 A
06630000 2006 11 02     647.00 A
06630000 2006 11 03     574.00 A
06630000 2006 11 04     591.00 A
06630000 2006 11 05     600.00 A
06630000 2006 11 06     618.00 A
06630000 2006 11 07     606.00 A
06630000 2006 11 08     600.00 A
06630000 2006 11 09     675.00 A
06630000 2006 11 10     750.00 A
06630000 2006 11 11     722.00 A
06630000 2006 11 12     623.00 A
06630000 2006 11 13     563.00 A
06630000 2006 11 14     540.00 A
06630000 2006 11 15     460.00 A
06630000 2006 11 16     473.00 A
06630000 2006 11 17     532.00 A
06630000 2006 11 18     603.00 A
06630000 2006 11 19     703.00 A
06630000 2006 11 20     606.00 A
06630000 2006 11 21     574.00 A
06630000 2006 11 22     593.00 A
06630000 2006 11 23     604.00 A
06630000 2006 11 24     594.00 A
06630000 2006 11 25     565.00 A
06630000 2006 11 26     533.00 A
06630000 2006 11 27     507.00 A
06630000 2006 11 28     469.00 A
06630000 2006 11 29     408.00 A
06630000 2006 11 30     344.00 A
06630000 2006 12 01     313.00 A
06630000 2006 12 02     294.00 A
06630000 2006 12 03     294.00 A
06630000 2006 12 04     296.00 A
06630000 2006 12 05     304.00 A
06630000 2006 12 06     317.00 A
06630000 2006 12 07     336.00 A
06630000 2006 12 08     357.00 A
06630000 2006 12 09     372.00 A
06630000 2006 12 10     376.00 A
06630000 2006 12 11     380.00 A
06630000 2006 12 12     380.00 A
06630000 2006 12 13     383.00 A
06630000 2006 12 14     394.00 A
06630000 2006 12 15     423.00 A
06630000 2006 12 16     438.00 A
06630000 2006 12 17     438.00 A
06630000 2006 12 18     427.00 A
06630000 2006 12 19     412.00 A
06630000 2006 12 20     394.00 A
06630000 2006 12 21     383.00 A
06630000 2006 12 22     374.00 A
06630000 2006 12 23     365.00 A
06630000 2006 12 24     357.00 A
06630000 2006 12 25     352.00 A
06630000 2006 12 26     357.00 A
06630000 2006 12 27     375.00 A
06630000 2006 12 28     387.00 A
06630000 2006 12 29     401.00 A
06630000 2006 12 30     399.00 A
06630000 2006 12 31     387.00 A
06630000 2007 01 01     379.00 A
06630000 2007 01 02     365.00 A
06630000 2007 01 03     368.00 A
06630000 2007 01 04     368.00 A
06630000 2007 01 05     361.00 A
06630000 2007 01 06     343.00 A
06630000 2007 01 07     336.00 A
06630000 2007 01 08     340.00 A
06630000 2007 01 09     357.00 A
06630000 2007 01 10     365.00 A
06630000 2007 01 11     361.00 A
06630000 2007 01 12     352.00 A
06630000 2007 01 13     332.00 A
06630000 2007 01 14     303.00 A
06630000 2007 01 15     292.00 A
06630000 2007 01 16     294.00 A
06630000 2007 01 17     314.00 A
06630000 2007 01 18     322.00 A
06630000 2007 01 19     325.00 A
06630000 2007 01 20     332.00 A
06630000 2007 01 21     338.00 A
06630000 2007 01 22     339.00 A
06630000 2007 01 23     342.00 A
06630000 2007 01 24     346.00 A
06630000 2007 01 25     352.00 A
06630000 2007 01 26     346.00 A
06630000 2007 01 27     346.00 A
06630000 2007 01 28     342.00 A
06630000 2007 01 29     342.00 A
06630000 2007 01 30     339.00 A
06630000 2007 01 31     329.00 A
06630000 2007 02 01     322.00 A
06630000 2007 02 02     310.00 A
06630000 2007 02 03     297.00 A
06630000 2007 02 04     300.00 A
06630000 2007 02 05     308.00 A
06630000 2007 02 06     315.00 A
06630000 2007 02 07     325.00 A
06630000 2007 02 08     338.00 A
06630000 2007 02 09     353.00 A
06630000 2007 02 10     365.00 A
06630000 2007 02 11     379.00 A
06630000 2007 02 12     384.00 A
06630000 2007 02 13     381.00 A
06630000 2007 02 14     376.00 A
06630000 2007 02 15     368.00 A
06630000 2007 02 16     368.00 A
06630000 2007 02 17     373.00 A
06630000 2007 02 18     379.00 A
06630000 2007 02 19     379.00 A
06630000 2007 02 20     373.00 A
06630000 2007 02 21     381.00 A
06630000 2007 02 22     401.00 A
06630000 2007 02 23     418.00 A
06630000 2007 02 24     430.00 A
06630000 2007 02 25     430.00 A
06630000 2007 02 26     415.00 A
06630000 2007 02 27     403.00 A
06630000 2007 02 28     403.00 A
06630000 2007 03 01     398.00 A
06630000 2007 03 02     387.00 A
06630000 2007 03 03     384.00 A
06630000 2007 03 04     376.00 A
06630000 2007 03 05     406.00 A
06630000 2007 03 06     451.00 A
06630000 2007 03 07     480.00 A
06630000 2007 03 08     520.00 A
06630000 2007 03 09     550.00 A
06630000 2007 03 10     570.00 A
06630000 2007 03 11     590.00 A
06630000 2007 03 12     620.00 A
06630000 2007 03 13     660.00 A
06630000 2007 03 14     700.00 A
06630000 2007 03 15     750.00 A
06630000 2007 03 16     830.00 A
06630000 2007 03 17     920.00 A
06630000 2007 03 18     1100.00 A
06630000 2007 03 19     1400.00 A
06630000 2007 03 20     2300.00 A
06630000 2007 03 21     3000.00 A
06630000 2007 03 22     3210.00 A
06630000 2007 03 23     2680.00 A
06630000 2007 03 24     2340.00 A
06630000 2007 03 25     2160.00 A
06630000 2007 03 26     1980.00 A
06630000 2007 03 27     1980.00 A
06630000 2007 03 28     2030.00 A
06630000 2007 03 29     2070.00 A
06630000 2007 03 30     1740.00 A
06630000 2007 03 31     1490.00 A
06630000 2007 04 01     1440.00 A
06630000 2007 04 02     1440.00 A
06630000 2007 04 03     1500.00 A
06630000 2007 04 04     1530.00 A
06630000 2007 04 05     1520.00 A
06630000 2007 04 06     1500.00 A
06630000 2007 04 07     1510.00 A
06630000 2007 04 08     1520.00 A
06630000 2007 04 09     1490.00 A
06630000 2007 04 10     1470.00 A
06630000 2007 04 11     1470.00 A
06630000 2007 04 12     1360.00 A
06630000 2007 04 13     1310.00 A
06630000 2007 04 14     1220.00 A
06630000 2007 04 15     1140.00 A
06630000 2007 04 16     1130.00 A
06630000 2007 04 17     1170.00 A
06630000 2007 04 18     1160.00 A
06630000 2007 04 19     1200.00 A
06630000 2007 04 20     1320.00 A
06630000 2007 04 21     1220.00 A
06630000 2007 04 22     1300.00 A
06630000 2007 04 23     1220.00 A
06630000 2007 04 24     1320.00 A
06630000 2007 04 25     1410.00 A
06630000 2007 04 26     1360.00 A
06630000 2007 04 27     1340.00 A
06630000 2007 04 28     1270.00 A
06630000 2007 04 29     1330.00 A
06630000 2007 04 30     1530.00 A
06630000 2007 05 01     1890.00 A
06630000 2007 05 02     2160.00 A
06630000 2007 05 03     2420.00 A
06630000 2007 05 04     2690.00 A
06630000 2007 05 05     2730.00 A
06630000 2007 05 06     2860.00 A
06630000 2007 05 07     2820.00 A
06630000 2007 05 08     2640.00 A
06630000 2007 05 09     2360.00 A
06630000 2007 05 10     2100.00 A
06630000 2007 05 11     1880.00 A
06630000 2007 05 12     1870.00 A
06630000 2007 05 13     2070.00 A
06630000 2007 05 14     2450.00 A
06630000 2007 05 15     3010.00 A
06630000 2007 05 16     3240.00 A
06630000 2007 05 17     3350.00 A
06630000 2007 05 18     3350.00 A
06630000 2007 05 19     3280.00 A
06630000 2007 05 20     3340.00 A
06630000 2007 05 21     3410.00 A
06630000 2007 05 22     3580.00 A
06630000 2007 05 23     3620.00 A
06630000 2007 05 24     3170.00 A
06630000 2007 05 25     2790.00 A
06630000 2007 05 26     2360.00 A
06630000 2007 05 27     2130.00 A
06630000 2007 05 28     2000.00 A
06630000 2007 05 29     2050.00 A
06630000 2007 05 30     2270.00 A
06630000 2007 05 31     2310.00 A
06630000 2007 06 01     2310.00 A
06630000 2007 06 02     2220.00 A
06630000 2007 06 03     2070.00 A
06630000 2007 06 04     1980.00 A
06630000 2007 06 05     2020.00 A
06630000 2007 06 06     2080.00 A
06630000 2007 06 07     2360.00 A
06630000 2007 06 08     2540.00 A
06630000 2007 06 09     2670.00 A
06630000 2007 06 10     2480.00 A
06630000 2007 06 11     2180.00 A
06630000 2007 06 12     2060.00 A
06630000 2007 06 13     2070.00 A
06630000 2007 06 14     2170.00 A
06630000 2007 06 15     2210.00 A
06630000 2007 06 16     2080.00 A
06630000 2007 06 17     1970.00 A
06630000 2007 06 18     1880.00 A
06630000 2007 06 19     1770.00 A
06630000 2007 06 20     1590.00 A
06630000 2007 06 21     1460.00 A
06630000 2007 06 22     1340.00 A
06630000 2007 06 23     1250.00 A
06630000 2007 06 24     1150.00 A
06630000 2007 06 25     1050.00 A
06630000 2007 06 26     974.00 A
06630000 2007 06 27     876.00 A
06630000 2007 06 28     817.00 A
06630000 2007 06 29     756.00 A
06630000 2007 06 30     705.00 A
06630000 2007 07 01     676.00 A
06630000 2007 07 02     634.00 A
06630000 2007 07 03     575.00 A
06630000 2007 07 04     536.00 A
06630000 2007 07 05     512.00 A
06630000 2007 07 06     473.00 A
06630000 2007 07 07     447.00 A
06630000 2007 07 08     442.00 A
06630000 2007 07 09     435.00 A
06630000 2007 07 10     425.00 A
06630000 2007 07 11     416.00 A
06630000 2007 07 12     464.00 A
06630000 2007 07 13     479.00 A
06630000 2007 07 14     498.00 A
06630000 2007 07 15     523.00 A
06630000 2007 07 16     540.00 A
06630000 2007 07 17     564.00 A
06630000 2007 07 18     546.00 A
06630000 2007 07 19     527.00 A
06630000 2007 07 20     515.00 A
06630000 2007 07 21     509.00 A
06630000 2007 07 22     555.00 A
06630000 2007 07 23     524.00 A
06630000 2007 07 24     511.00 A
06630000 2007 07 25     555.00 A
06630000 2007 07 26     777.00 A
06630000 2007 07 27     584.00 A
06630000 2007 07 28     791.00 A
06630000 2007 07 29     973.00 A
06630000 2007 07 30     829.00 A
06630000 2007 07 31     646.00 A
06630000 2007 08 01     538.00 A
06630000 2007 08 02     523.00 A
06630000 2007 08 03     510.00 A
06630000 2007 08 04     611.00 A
06630000 2007 08 05     637.00 A
06630000 2007 08 06     554.00 A
06630000 2007 08 07     525.00 A
06630000 2007 08 08     532.00 A
06630000 2007 08 09     536.00 A
06630000 2007 08 10     465.00 A
06630000 2007 08 11     407.00 A
06630000 2007 08 12     346.00 A
06630000 2007 08 13     300.00 A
06630000 2007 08 14     294.00 A
06630000 2007 08 15     287.00 A
06630000 2007 08 16     284.00 A
06630000 2007 08 17     280.00 A
06630000 2007 08 18     278.00 A
06630000 2007 08 19     296.00 A
06630000 2007 08 20     327.00 A
06630000 2007 08 21     312.00 A
06630000 2007 08 22     279.00 A
06630000 2007 08 23     250.00 A
06630000 2007 08 24     230.00 A
06630000 2007 08 25     230.00 A
06630000 2007 08 26     228.00 A
06630000 2007 08 27     204.00 A
06630000 2007 08 28     213.00 A
06630000 2007 08 29     257.00 A
06630000 2007 08 30     216.00 A
06630000 2007 08 31     200.00 A
06630000 2007 09 01     183.00 A
06630000 2007 09 02     200.00 A
06630000 2007 09 03     203.00 A
06630000 2007 09 04     185.00 A
06630000 2007 09 05     186.00 A
06630000 2007 09 06     223.00 A
06630000 2007 09 07     266.00 A
06630000 2007 09 08     342.00 A
06630000 2007 09 09     310.00 A
06630000 2007 09 10     292.00 A
06630000 2007 09 11     266.00 A
06630000 2007 09 12     244.00 A
06630000 2007 09 13     228.00 A
06630000 2007 09 14     221.00 A
06630000 2007 09 15     208.00 A
06630000 2007 09 16     200.00 A
06630000 2007 09 17     198.00 A
06630000 2007 09 18     216.00 A
06630000 2007 09 19     463.00 A
06630000 2007 09 20     436.00 A
06630000 2007 09 21     380.00 A
06630000 2007 09 22     313.00 A
06630000 2007 09 23     288.00 A
06630000 2007 09 24     273.00 A
06630000 2007 09 25     316.00 A
06630000 2007 09 26     381.00 A
06630000 2007 09 27     385.00 A
06630000 2007 09 28     375.00 A
06630000 2007 09 29     333.00 A
06630000 2007 09 30     403.00 A
06630000 2007 10 01     406.00 A
06630000 2007 10 02     414.00 A
06630000 2007 10 03     482.00 A
06630000 2007 10 04     521.00 A
06630000 2007 10 05     530.00 A
06630000 2007 10 06     530.00 A
06630000 2007 10 07     509.00 A
06630000 2007 10 08     491.00 A
06630000 2007 10 09     478.00 A
06630000 2007 10 10     486.00 A
06630000 2007 10 11     476.00 A
06630000 2007 10 12     458.00 A
06630000 2007 10 13     438.00 A
06630000 2007 10 14     417.00 A
06630000 2007 10 15     427.00 A
06630000 2007 10 16     472.00 A
06630000 2007 10 17     479.00 A
06630000 2007 10 18     489.00 A
06630000 2007 10 19     490.00 A
06630000 2007 10 20     470.00 A
06630000 2007 10 21     502.00 A
06630000 2007 10 22     548.00 A
06630000 2007 10 23     496.00 A
06630000 2007 10 24     532.00 A
06630000 2007 10 25     572.00 A
06630000 2007 10 26     591.00 A
06630000 2007 10 27     583.00 A
06630000 2007 10 28     565.00 A
06630000 2007 10 29     548.00 A
06630000 2007 10 30     525.00 A
06630000 2007 10 31     525.00 A
06630000 2007 11 01     562.00 A
06630000 2007 11 02     556.00 A
06630000 2007 11 03     533.00 A
06630000 2007 11 04     491.00 A
06630000 2007 11 05     486.00 A
06630000 2007 11 06     485.00 A
06630000 2007 11 07     462.00 A
06630000 2007 11 08     436.00 A
06630000 2007 11 09     429.00 A
06630000 2007 11 10     446.00 A
06630000 2007 11 11     453.00 A
06630000 2007 11 12     453.00 A
06630000 2007 11 13     452.00 A
06630000 2007 11 14     451.00 A
06630000 2007 11 15     457.00 A
06630000 2007 11 16     396.00 A
06630000 2007 11 17     364.00 A
06630000 2007 11 18     434.00 A
06630000 2007 11 19     461.00 A
06630000 2007 11 20     466.00 A
06630000 2007 11 21     463.00 A
06630000 2007 11 22     450.00 A
06630000 2007 11 23     350.00 A
06630000 2007 11 24     200.00 A
06630000 2007 11 25     260.00 A
06630000 2007 11 26     280.00 A
06630000 2007 11 27     388.00 A
06630000 2007 11 28     390.00 A
06630000 2007 11 29     383.00 A
06630000 2007 11 30     413.00 A
06630000 2007 12 01     428.00 A
06630000 2007 12 02     449.00 A
06630000 2007 12 03     470.00 A
06630000 2007 12 04     487.00 A
06630000 2007 12 05     510.00 A
06630000 2007 12 06     510.00 A
06630000 2007 12 07     501.00 A
06630000 2007 12 08     483.00 A
06630000 2007 12 09     457.00 A
06630000 2007 12 10     440.00 A
06630000 2007 12 11     424.00 A
06630000 2007 12 12     409.00 A
06630000 2007 12 13     398.00 A
06630000 2007 12 14     383.00 A
06630000 2007 12 15     373.00 A
06630000 2007 12 16     360.00 A
06630000 2007 12 17     360.00 A
06630000 2007 12 18     357.00 A
06630000 2007 12 19     357.00 A
06630000 2007 12 20     358.00 A
06630000 2007 12 21     355.00 A
06630000 2007 12 22     350.00 A
06630000 2007 12 23     350.00 A
06630000 2007 12 24     355.00 A
06630000 2007 12 25     360.00 A
06630000 2007 12 26     355.00 A
06630000 2007 12 27     350.00 A
06630000 2007 12 28     350.00 A
06630000 2007 12 29     355.00 A
06630000 2007 12 30     360.00 A
06630000 2007 12 31     360.00 A
06630000 2008 01 01     365.00 A
06630000 2008 01 02     370.00 A
06630000 2008 01 03     375.00 A
06630000 2008 01 04     385.00 A
06630000 2008 01 05     390.00 A
06630000 2008 01 06     395.00 A
06630000 2008 01 07     380.00 A
06630000 2008 01 08     370.00 A
06630000 2008 01 09     365.00 A
06630000 2008 01 10     365.00 A
06630000 2008 01 11     370.00 A
06630000 2008 01 12     370.00 A
06630000 2008 01 13     370.00 A
06630000 2008 01 14     370.00 A
06630000 2008 01 15     365.00 A
06630000 2008 01 16     360.00 A
06630000 2008 01 17     355.00 A
06630000 2008 01 18     350.00 A
06630000 2008 01 19     350.00 A
06630000 2008 01 20     355.00 A
06630000 2008 01 21     355.00 A
06630000 2008 01 22     350.00 A
06630000 2008 01 23     350.00 A
06630000 2008 01 24     350.00 A
06630000 2008 01 25     355.00 A
06630000 2008 01 26     355.00 A
06630000 2008 01 27     360.00 A
06630000 2008 01 28     365.00 A
06630000 2008 01 29     370.00 A
06630000 2008 01 30     365.00 A
06630000 2008 01 31     365.00 A
06630000 2008 02 01     360.00 A
06630000 2008 02 02     360.00 A
06630000 2008 02 03     365.00 A
06630000 2008 02 04     365.00 A
06630000 2008 02 05     360.00 A
06630000 2008 02 06     360.00 A
06630000 2008 02 07     365.00 A
06630000 2008 02 08     365.00 A
06630000 2008 02 09     370.00 A
06630000 2008 02 10     380.00 A
06630000 2008 02 11     390.00 A
06630000 2008 02 12     400.00 A
06630000 2008 02 13     410.00 A
06630000 2008 02 14     410.00 A
06630000 2008 02 15     400.00 A
06630000 2008 02 16     400.00 A
06630000 2008 02 17     400.00 A
06630000 2008 02 18     400.00 A
06630000 2008 02 19     410.00 A
06630000 2008 02 20     420.00 A
06630000 2008 02 21     430.00 A
06630000 2008 02 22     430.00 A
06630000 2008 02 23     440.00 A
06630000 2008 02 24     460.00 A
06630000 2008 02 25     480.00 A
06630000 2008 02 26     490.00 A
06630000 2008 02 27     490.00 A
06630000 2008 02 28     500.00 A
06630000 2008 02 29     510.00 A
06630000 2008 03 01     510.00 A
06630000 2008 03 02     500.00 A
06630000 2008 03 03     491.00 A
06630000 2008 03 04     490.00 A
06630000 2008 03 05     500.00 A
06630000 2008 03 06     490.00 A
06630000 2008 03 07     490.00 A
06630000 2008 03 08     500.00 A
06630000 2008 03 09     500.00 A
06630000 2008 03 10     510.00 A
06630000 2008 03 11     520.00 A
06630000 2008 03 12     522.00 A
06630000 2008 03 13     534.00 A
06630000 2008 03 14     528.00 A
06630000 2008 03 15     517.00 A
06630000 2008 03 16     502.00 A
06630000 2008 03 17     497.00 A
06630000 2008 03 18     495.00 A
06630000 2008 03 19     509.00 A
06630000 2008 03 20     547.00 A
06630000 2008 03 21     581.00 A
06630000 2008 03 22     574.00 A
06630000 2008 03 23     581.00 A
06630000 2008 03 24     602.00 A
06630000 2008 03 25     618.00 A
06630000 2008 03 26     643.00 A
06630000 2008 03 27     652.00 A
06630000 2008 03 28     652.00 A
06630000 2008 03 29     652.00 A
06630000 2008 03 30     649.00 A
06630000 2008 03 31     640.00 A
06630000 2008 04 01     634.00 A
06630000 2008 04 02     634.00 A
06630000 2008 04 03     649.00 A
06630000 2008 04 04     662.00 A
06630000 2008 04 05     685.00 A
06630000 2008 04 06     707.00 A
06630000 2008 04 07     665.00 A
06630000 2008 04 08     695.00 A
06630000 2008 04 09     694.00 A
06630000 2008 04 10     713.00 A
06630000 2008 04 11     760.00 A
06630000 2008 04 12     714.00 A
06630000 2008 04 13     696.00 A
06630000 2008 04 14     754.00 A
06630000 2008 04 15     889.00 A
06630000 2008 04 16     1210.00 A
06630000 2008 04 17     1330.00 A
06630000 2008 04 18     1250.00 A
06630000 2008 04 19     1360.00 A
06630000 2008 04 20     1730.00 A
06630000 2008 04 21     2370.00 A
06630000 2008 04 22     2760.00 A
06630000 2008 04 23     3200.00 A
06630000 2008 04 24     3420.00 A
06630000 2008 04 25     3470.00 A
06630000 2008 04 26     3380.00 A
06630000 2008 04 27     2900.00 A
06630000 2008 04 28     2380.00 A
06630000 2008 04 29     2130.00 A
06630000 2008 04 30     2130.00 A
06630000 2008 05 01     2390.00 A
06630000 2008 05 02     2700.00 A
06630000 2008 05 03     2740.00 A
06630000 2008 05 04     2460.00 A
06630000 2008 05 05     2350.00 A
06630000 2008 05 06     2350.00 A
06630000 2008 05 07     2580.00 A
06630000 2008 05 08     3030.00 A
06630000 2008 05 09     3710.00 A
06630000 2008 05 10     3970.00 A
06630000 2008 05 11     4060.00 A
06630000 2008 05 12     3840.00 A
06630000 2008 05 13     3620.00 A
06630000 2008 05 14     3240.00 A
06630000 2008 05 15     3280.00 A
06630000 2008 05 16     3210.00 A
06630000 2008 05 17     3020.00 A
06630000 2008 05 18     3100.00 A
06630000 2008 05 19     3660.00 A
06630000 2008 05 20     4590.00 A
06630000 2008 05 21     5720.00 A
06630000 2008 05 22     6870.00 A
06630000 2008 05 23     8110.00 A
06630000 2008 05 24     8120.00 A
06630000 2008 05 25     7330.00 A
06630000 2008 05 26     6280.00 A
06630000 2008 05 27     5660.00 A
06630000 2008 05 28     5480.00 A
06630000 2008 05 29     5330.00 A
06630000 2008 05 30     5650.00 A
06630000 2008 05 31     5730.00 A
06630000 2008 06 01     5760.00 A
06630000 2008 06 02     6220.00 A
06630000 2008 06 03     6880.00 A
06630000 2008 06 04     7540.00 A
06630000 2008 06 05     8300.00 A
06630000 2008 06 06     9900.00 A
06630000 2008 06 07     9860.00 A
06630000 2008 06 08     8980.00 A
06630000 2008 06 09     7780.00 A
06630000 2008 06 10     6230.00 A
06630000 2008 06 11     5430.00 A
06630000 2008 06 12     5390.00 A
06630000 2008 06 13     4840.00 A
06630000 2008 06 14     4350.00 A
06630000 2008 06 15     4200.00 A
06630000 2008 06 16     4560.00 A
06630000 2008 06 17     5080.00 A
06630000 2008 06 18     5600.00 A
06630000 2008 06 19     6130.00 A
06630000 2008 06 20     6300.00 A
06630000 2008 06 21     6220.00 A
06630000 2008 06 22     5940.00 A
06630000 2008 06 23     5730.00 A
06630000 2008 06 24     5520.00 A
06630000 2008 06 25     5400.00 A
06630000 2008 06 26     5360.00 A
06630000 2008 06 27     5180.00 A
06630000 2008 06 28     4930.00 A
06630000 2008 06 29     4640.00 A
06630000 2008 06 30     4300.00 A
06630000 2008 07 01     3990.00 A
06630000 2008 07 02     3850.00 A
06630000 2008 07 03     3740.00 A
06630000 2008 07 04     3590.00 A
06630000 2008 07 05     3330.00 A
06630000 2008 07 06     3100.00 A
06630000 2008 07 07     2910.00 A
06630000 2008 07 08     2730.00 A
06630000 2008 07 09     2520.00 A
06630000 2008 07 10     2380.00 A
06630000 2008 07 11     2170.00 A
06630000 2008 07 12     1910.00 A
06630000 2008 07 13     1690.00 A
06630000 2008 07 14     1520.00 A
06630000 2008 07 15     1390.00 A
06630000 2008 07 16     1280.00 A
06630000 2008 07 17     1240.00 A
06630000 2008 07 18     1250.00 A
06630000 2008 07 19     1270.00 A
06630000 2008 07 20     1260.00 A
06630000 2008 07 21     1150.00 A
06630000 2008 07 22     1020.00 A
06630000 2008 07 23     1010.00 A
06630000 2008 07 24     1020.00 A
06630000 2008 07 25     1100.00 A
06630000 2008 07 26     1090.00 A
06630000 2008 07 27     1000.00 A
06630000 2008 07 28     906.00 A
06630000 2008 07 29     888.00 A
06630000 2008 07 30     902.00 A
06630000 2008 07 31     818.00 A
06630000 2008 08 01     742.00 A
06630000 2008 08 02     689.00 A
06630000 2008 08 03     646.00 A
06630000 2008 08 04     602.00 A
06630000 2008 08 05     573.00 A
06630000 2008 08 06     562.00 A
06630000 2008 08 07     566.00 A
06630000 2008 08 08     629.00 A
06630000 2008 08 09     620.00 A
06630000 2008 08 10     673.00 A
06630000 2008 08 11     775.00 A
06630000 2008 08 12     772.00 A
06630000 2008 08 13     719.00 A
06630000 2008 08 14     639.00 A
06630000 2008 08 15     588.00 A
06630000 2008 08 16     589.00 A
06630000 2008 08 17     615.00 A
06630000 2008 08 18     608.00 A
06630000 2008 08 19     623.00 A
06630000 2008 08 20     586.00 A
06630000 2008 08 21     526.00 A
06630000 2008 08 22     488.00 A
06630000 2008 08 23     448.00 A
06630000 2008 08 24     425.00 A
06630000 2008 08 25     395.00 A
06630000 2008 08 26     378.00 A
06630000 2008 08 27     367.00 A
06630000 2008 08 28     360.00 A
06630000 2008 08 29     346.00 A
06630000 2008 08 30     322.00 A
06630000 2008 08 31     309.00 A
06630000 2008 09 01     316.00 A
06630000 2008 09 02     345.00 A
06630000 2008 09 03     413.00 A
06630000 2008 09 04     409.00 A
06630000 2008 09 05     352.00 A
06630000 2008 09 06     344.00 A
06630000 2008 09 07     344.00 A
06630000 2008 09 08     327.00 A
06630000 2008 09 09     322.00 A
06630000 2008 09 10     323.00 A
06630000 2008 09 11     319.00 A
06630000 2008 09 12     435.00 A
06630000 2008 09 13     557.00 A
06630000 2008 09 14     592.00 A
06630000 2008 09 15     540.00 A
06630000 2008 09 16     488.00 A
06630000 2008 09 17     460.00 A
06630000 2008 09 18     426.00 A
06630000 2008 09 19     393.00 A
06630000 2008 09 20     386.00 A
06630000 2008 09 21     388.00 A
06630000 2008 09 22     428.00 A
06630000 2008 09 23     513.00 A
06630000 2008 09 24     485.00 A
06630000 2008 09 25     473.00 A
06630000 2008 09 26     441.00 A
06630000 2008 09 27     417.00 A
06630000 2008 09 28     399.00 A
06630000 2008 09 29     379.00 A
06630000 2008 09 30     371.00 A
06630000 2008 10 01     367.00 A
06630000 2008 10 02     360.00 A
06630000 2008 10 03     352.00 A
06630000 2008 10 04     356.00 A
06630000 2008 10 05     363.00 A
06630000 2008 10 06     364.00 A
06630000 2008 10 07     395.00 A
06630000 2008 10 08     405.00 A
06630000 2008 10 09     401.00 A
06630000 2008 10 10     400.00 A
06630000 2008 10 11     403.00 A
06630000 2008 10 12     428.00 A
06630000 2008 10 13     485.00 A
06630000 2008 10 14     501.00 A
06630000 2008 10 15     474.00 A
06630000 2008 10 16     454.00 A
06630000 2008 10 17     451.00 A
06630000 2008 10 18     446.00 A
06630000 2008 10 19     437.00 A
06630000 2008 10 20     432.00 A
06630000 2008 10 21     423.00 A
06630000 2008 10 22     436.00 A
06630000 2008 10 23     483.00 A
06630000 2008 10 24     446.00 A
06630000 2008 10 25     448.00 A
06630000 2008 10 26     499.00 A
06630000 2008 10 27     515.00 A
06630000 2008 10 28     498.00 A
06630000 2008 10 29     482.00 A
06630000 2008 10 30     488.00 A
06630000 2008 10 31     480.00 A
06630000 2008 11 01     475.00 A
06630000 2008 11 02     463.00 A
06630000 2008 11 03     467.00 A
06630000 2008 11 04     494.00 A
06630000 2008 11 05     512.00 A
06630000 2008 11 06     511.00 A
06630000 2008 11 07     430.00 A
06630000 2008 11 08     429.00 A
06630000 2008 11 09     448.00 A
06630000 2008 11 10     519.00 A
06630000 2008 11 11     560.00 A
06630000 2008 11 12     544.00 A
06630000 2008 11 13     536.00 A
06630000 2008 11 14     534.00 A
06630000 2008 11 15     533.00 A
06630000 2008 11 16     427.00 A
06630000 2008 11 17     418.00 A
06630000 2008 11 18     474.00 A
06630000 2008 11 19     535.00 A
06630000 2008 11 20     535.00 A
06630000 2008 11 21     513.00 A
06630000 2008 11 22     500.00 A
06630000 2008 11 23     410.00 A
06630000 2008 11 24     370.00 A
06630000 2008 11 25     350.00 A
06630000 2008 11 26     340.00 A
06630000 2008 11 27     350.00 A
06630000 2008 11 28     360.00 A
06630000 2008 11 29     360.00 A
06630000 2008 11 30     370.00 A
06630000 2008 12 01     370.00 A
06630000 2008 12 02     380.00 A
06630000 2008 12 03     380.00 A
06630000 2008 12 04     370.00 A
06630000 2008 12 05     360.00 A
06630000 2008 12 06     360.00 A
06630000 2008 12 07     370.00 A
06630000 2008 12 08     360.00 A
06630000 2008 12 09     340.00 A
06630000 2008 12 10     340.00 A
06630000 2008 12 11     350.00 A
06630000 2008 12 12     350.00 A
06630000 2008 12 13     330.00 A
06630000 2008 12 14     320.00 A
06630000 2008 12 15     310.00 A
06630000 2008 12 16     300.00 A
06630000 2008 12 17     300.00 A
06630000 2008 12 18     300.00 A
06630000 2008 12 19     310.00 A
06630000 2008 12 20     310.00 A
06630000 2008 12 21     300.00 A
06630000 2008 12 22     310.00 A
06630000 2008 12 23     310.00 A
06630000 2008 12 24     310.00 A
06630000 2008 12 25     320.00 A
06630000 2008 12 26     330.00 A
06630000 2008 12 27     330.00 A
06630000 2008 12 28     330.00 A
06630000 2008 12 29     340.00 A
06630000 2008 12 30     350.00 A
06630000 2008 12 31     360.00 A
06630000 2009 01 01     360.00 A
06630000 2009 01 02     370.00 A
06630000 2009 01 03     370.00 A
06630000 2009 01 04     360.00 A
06630000 2009 01 05     350.00 A
06630000 2009 01 06     350.00 A
06630000 2009 01 07     360.00 A
06630000 2009 01 08     370.00 A
06630000 2009 01 09     370.00 A
06630000 2009 01 10     360.00 A
06630000 2009 01 11     370.00 A
06630000 2009 01 12     380.00 A
06630000 2009 01 13     390.00 A
06630000 2009 01 14     390.00 A
06630000 2009 01 15     390.00 A
06630000 2009 01 16     400.00 A
06630000 2009 01 17     400.00 A
06630000 2009 01 18     400.00 A
06630000 2009 01 19     410.00 A
06630000 2009 01 20     410.00 A
06630000 2009 01 21     410.00 A
06630000 2009 01 22     420.00 A
06630000 2009 01 23     420.00 A
06630000 2009 01 24     420.00 A
06630000 2009 01 25     410.00 A
06630000 2009 01 26     400.00 A
06630000 2009 01 27     370.00 A
06630000 2009 01 28     350.00 A
06630000 2009 01 29     350.00 A
06630000 2009 01 30     360.00 A
06630000 2009 01 31     380.00 A
06630000 2009 02 01     400.00 A
06630000 2009 02 02     400.00 A
06630000 2009 02 03     400.00 A
06630000 2009 02 04     410.00 A
06630000 2009 02 05     410.00 A
06630000 2009 02 06     420.00 A
06630000 2009 02 07     430.00 A
06630000 2009 02 08     430.00 A
06630000 2009 02 09     430.00 A
06630000 2009 02 10     420.00 A
06630000 2009 02 11     420.00 A
06630000 2009 02 12     410.00 A
06630000 2009 02 13     400.00 A
06630000 2009 02 14     400.00 A
06630000 2009 02 15     390.00 A
06630000 2009 02 16     390.00 A
06630000 2009 02 17     400.00 A
06630000 2009 02 18     400.00 A
06630000 2009 02 19     390.00 A
06630000 2009 02 20     390.00 A
06630000 2009 02 21     380.00 A
06630000 2009 02 22     370.00 A
06630000 2009 02 23     380.00 A
06630000 2009 02 24     420.00 A
06630000 2009 02 25     460.00 A
06630000 2009 02 26     490.00 A
06630000 2009 02 27     480.00 A
06630000 2009 02 28     470.00 A
06630000 2009 03 01     500.00 A
06630000 2009 03 02     560.00 A
06630000 2009 03 03     620.00 A
06630000 2009 03 04     730.00 A
06630000 2009 03 05     800.00 A
06630000 2009 03 06     790.00 A
06630000 2009 03 07     760.00 A
06630000 2009 03 08     770.00 A
06630000 2009 03 09     770.00 A
06630000 2009 03 10     670.00 A
06630000 2009 03 11     600.00 A
06630000 2009 03 12     560.00 A
06630000 2009 03 13     540.00 A
06630000 2009 03 14     550.00 A
06630000 2009 03 15     552.00 A
06630000 2009 03 16     559.00 A
06630000 2009 03 17     576.00 A
06630000 2009 03 18     613.00 A
06630000 2009 03 19     697.00 A
06630000 2009 03 20     765.00 A
06630000 2009 03 21     841.00 A
06630000 2009 03 22     939.00 A
06630000 2009 03 23     1210.00 A
06630000 2009 03 24     1370.00 A
06630000 2009 03 25     1020.00 A
06630000 2009 03 26     980.00 A
06630000 2009 03 27     800.00 A
06630000 2009 03 28     650.00 A
06630000 2009 03 29     643.00 A
06630000 2009 03 30     848.00 A
06630000 2009 03 31     741.00 A
06630000 2009 04 01     694.00 A
06630000 2009 04 02     673.00 A
06630000 2009 04 03     659.00 A
06630000 2009 04 04     705.00 A
06630000 2009 04 05     727.00 A
06630000 2009 04 06     584.00 A
06630000 2009 04 07     550.00 A
06630000 2009 04 08     691.00 A
06630000 2009 04 09     802.00 A
06630000 2009 04 10     931.00 A
06630000 2009 04 11     996.00 A
06630000 2009 04 12     1110.00 A
06630000 2009 04 13     1210.00 A
06630000 2009 04 14     1290.00 A
06630000 2009 04 15     1310.00 A
06630000 2009 04 16     1390.00 A
06630000 2009 04 17     1530.00 A
06630000 2009 04 18     1390.00 A
06630000 2009 04 19     1250.00 A
06630000 2009 04 20     1200.00 A
06630000 2009 04 21     1280.00 A
06630000 2009 04 22     1520.00 A
06630000 2009 04 23     1860.00 A
06630000 2009 04 24     2240.00 A
06630000 2009 04 25     2670.00 A
06630000 2009 04 26     2980.00 A
06630000 2009 04 27     3030.00 A
06630000 2009 04 28     2820.00 A
06630000 2009 04 29     2500.00 A
06630000 2009 04 30     2420.00 A
06630000 2009 05 01     2460.00 A
06630000 2009 05 02     2550.00 A
06630000 2009 05 03     3010.00 A
06630000 2009 05 04     3440.00 A
06630000 2009 05 05     3320.00 A
06630000 2009 05 06     3200.00 A
06630000 2009 05 07     3300.00 A
06630000 2009 05 08     3600.00 A
06630000 2009 05 09     3700.00 A
06630000 2009 05 10     3570.00 A
06630000 2009 05 11     3490.00 A
06630000 2009 05 12     3420.00 A
06630000 2009 05 13     3840.00 A
06630000 2009 05 14     4050.00 A
06630000 2009 05 15     3730.00 A
06630000 2009 05 16     3670.00 A
06630000 2009 05 17     3750.00 A
06630000 2009 05 18     4030.00 A
06630000 2009 05 19     4560.00 A
06630000 2009 05 20     5450.00 A
06630000 2009 05 21     6430.00 A
06630000 2009 05 22     6960.00 A
06630000 2009 05 23     6860.00 A
06630000 2009 05 24     6660.00 A
06630000 2009 05 25     6900.00 A
06630000 2009 05 26     7660.00 A
06630000 2009 05 27     8350.00 A
06630000 2009 05 28     7700.00 A
06630000 2009 05 29     6890.00 A
06630000 2009 05 30     5940.00 A
06630000 2009 05 31     5660.00 A
06630000 2009 06 01     5830.00 A
06630000 2009 06 02     6730.00 A
06630000 2009 06 03     8150.00 A
06630000 2009 06 04     8720.00 A
06630000 2009 06 05     9210.00 A
06630000 2009 06 06     8520.00 A
06630000 2009 06 07     7610.00 A
06630000 2009 06 08     6650.00 A
06630000 2009 06 09     6680.00 A
06630000 2009 06 10     7100.00 A
06630000 2009 06 11     7110.00 A
06630000 2009 06 12     6900.00 A
06630000 2009 06 13     6560.00 A
06630000 2009 06 14     6010.00 A
06630000 2009 06 15     5540.00 A
06630000 2009 06 16     5430.00 A
06630000 2009 06 17     5080.00 A
06630000 2009 06 18     5000.00 A
06630000 2009 06 19     4970.00 A
06630000 2009 06 20     4830.00 A
06630000 2009 06 21     4810.00 A
06630000 2009 06 22     5170.00 A
06630000 2009 06 23     5140.00 A
06630000 2009 06 24     4700.00 A
06630000 2009 06 25     4400.00 A
06630000 2009 06 26     4250.00 A
06630000 2009 06 27     4790.00 A
06630000 2009 06 28     4610.00 A
06630000 2009 06 29     4140.00 A
06630000 2009 06 30     3650.00 A
06630000 2009 07 01     3220.00 A
06630000 2009 07 02     2960.00 A
06630000 2009 07 03     2970.00 A
06630000 2009 07 04     3140.00 A
06630000 2009 07 05     3100.00 A
06630000 2009 07 06     3140.00 A
06630000 2009 07 07     3030.00 A
06630000 2009 07 08     2730.00 A
06630000 2009 07 09     2340.00 A
06630000 2009 07 10     1990.00 A
06630000 2009 07 11     1760.00 A
06630000 2009 07 12     1620.00 A
06630000 2009 07 13     1510.00 A
06630000 2009 07 14     1510.00 A
06630000 2009 07 15     1570.00 A
06630000 2009 07 16     1510.00 A
06630000 2009 07 17     1350.00 A
06630000 2009 07 18     1240.00 A
06630000 2009 07 19     1180.00 A
06630000 2009 07 20     1110.00 A
06630000 2009 07 21     1040.00 A
06630000 2009 07 22     946.00 A
06630000 2009 07 23     853.00 A
06630000 2009 07 24     804.00 A
06630000 2009 07 25     763.00 A
06630000 2009 07 26     788.00 A
06630000 2009 07 27     800.00 A
06630000 2009 07 28     811.00 A
06630000 2009 07 29     895.00 A
06630000 2009 07 30     1020.00 A
06630000 2009 07 31     962.00 A
06630000 2009 08 01     915.00 A
06630000 2009 08 02     844.00 A
06630000 2009 08 03     778.00 A
06630000 2009 08 04     695.00 A
06630000 2009 08 05     646.00 A
06630000 2009 08 06     622.00 A
06630000 2009 08 07     658.00 A
06630000 2009 08 08     622.00 A
06630000 2009 08 09     557.00 A
06630000 2009 08 10     524.00 A
06630000 2009 08 11     499.00 A
06630000 2009 08 12     471.00 A
06630000 2009 08 13     439.00 A
06630000 2009 08 14     413.00 A
06630000 2009 08 15     469.00 A
06630000 2009 08 16     511.00 A
06630000 2009 08 17     574.00 A
06630000 2009 08 18     557.00 A
06630000 2009 08 19     516.00 A
06630000 2009 08 20     473.00 A
06630000 2009 08 21     435.00 A
06630000 2009 08 22     405.00 A
06630000 2009 08 23     380.00 A
06630000 2009 08 24     360.00 A
06630000 2009 08 25     357.00 A
06630000 2009 08 26     371.00 A
06630000 2009 08 27     385.00 A
06630000 2009 08 28     405.00 A
06630000 2009 08 29     384.00 A
06630000 2009 08 30     373.00 A
06630000 2009 08 31     361.00 A
06630000 2009 09 01     345.00 A
06630000 2009 09 02     337.00 A
06630000 2009 09 03     328.00 A
06630000 2009 09 04     317.00 A
06630000 2009 09 05     302.00 A
06630000 2009 09 06     292.00 A
06630000 2009 09 07     289.00 A
06630000 2009 09 08     288.00 A
06630000 2009 09 09     286.00 A
06630000 2009 09 10     274.00 A
06630000 2009 09 11     260.00 A
06630000 2009 09 12     247.00 A
06630000 2009 09 13     239.00 A
06630000 2009 09 14     235.00 A
06630000 2009 09 15     246.00 A
06630000 2009 09 16     254.00 A
06630000 2009 09 17     270.00 A
06630000 2009 09 18     283.00 A
06630000 2009 09 19     280.00 A
06630000 2009 09 20     271.00 A
06630000 2009 09 21     284.00 A
06630000 2009 09 22     347.00 A
06630000 2009 09 23     398.00 A
06630000 2009 09 24     379.00 A
06630000 2009 09 25     396.00 A
06630000 2009 09 26     426.00 A
06630000 2009 09 27     403.00 A
06630000 2009 09 28     374.00 A
06630000 2009 09 29     347.00 A
06630000 2009 09 30     341.00 A
06630000 2009 10 01     351.00 A
06630000 2009 10 02     413.00 A
06630000 2009 10 03     461.00 A
06630000 2009 10 04     454.00 A
06630000 2009 10 05     492.00 A
06630000 2009 10 06     605.00 A
06630000 2009 10 07     587.00 A
06630000 2009 10 08     519.00 A
06630000 2009 10 09     515.00 A
06630000 2009 10 10     517.00 A
06630000 2009 10 11     528.00 A
06630000 2009 10 12     551.00 A
06630000 2009 10 13     634.00 A
06630000 2009 10 14     656.00 A
06630000 2009 10 15     677.00 A
06630000 2009 10 16     781.00 A
06630000 2009 10 17     727.00 A
06630000 2009 10 18     703.00 A
06630000 2009 10 19     660.00 A
06630000 2009 10 20     649.00 A
06630000 2009 10 21     692.00 A
06630000 2009 10 22     717.00 A
06630000 2009 10 23     685.00 A
06630000 2009 10 24     647.00 A
06630000 2009 10 25     618.00 A
06630000 2009 10 26     630.00 A
06630000 2009 10 27     581.00 A
06630000 2009 10 28     593.00 A
06630000 2009 10 29     590.00 A
06630000 2009 10 30     510.00 A
06630000 2009 10 31     485.00 A
06630000 2009 11 01     590.00 A
06630000 2009 11 02     678.00 A
06630000 2009 11 03     672.00 A
06630000 2009 11 04     667.00 A
06630000 2009 11 05     645.00 A
06630000 2009 11 06     603.00 A
06630000 2009 11 07     603.00 A
06630000 2009 11 08     594.00 A
06630000 2009 11 09     602.00 A
06630000 2009 11 10     586.00 A
06630000 2009 11 11     565.00 A
06630000 2009 11 12     577.00 A
06630000 2009 11 13     623.00 A
06630000 2009 11 14     660.00 A
06630000 2009 11 15     500.00 A
06630000 2009 11 16     480.00 A
06630000 2009 11 17     510.00 A
06630000 2009 11 18     510.00 A
06630000 2009 11 19     540.00 A
06630000 2009 11 20     590.00 A
06630000 2009 11 21     610.00 A
06630000 2009 11 22     600.00 A
06630000 2009 11 23     590.00 A
06630000 2009 11 24     570.00 A
06630000 2009 11 25     550.00 A
06630000 2009 11 26     550.00 A
06630000 2009 11 27     560.00 A
06630000 2009 11 28     570.00 A
06630000 2009 11 29     580.00 A
06630000 2009 11 30     560.00 A
06630000 2009 12 01     540.00 A
06630000 2009 12 02     420.00 A
06630000 2009 12 03     380.00 A
06630000 2009 12 04     310.00 A
06630000 2009 12 05     310.00 A
06630000 2009 12 06     300.00 A
06630000 2009 12 07     300.00 A
06630000 2009 12 08     290.00 A
06630000 2009 12 09     290.00 A
06630000 2009 12 10     290.00 A
06630000 2009 12 11     290.00 A
06630000 2009 12 12     300.00 A
06630000 2009 12 13     310.00 A
06630000 2009 12 14     320.00 A
06630000 2009 12 15     330.00 A
06630000 2009 12 16     350.00 A
06630000 2009 12 17     370.00 A
06630000 2009 12 18     380.00 A
06630000 2009 12 19     370.00 A
06630000 2009 12 20     360.00 A
06630000 2009 12 21     370.00 A
06630000 2009 12 22     380.00 A
06630000 2009 12 23     380.00 A
06630000 2009 12 24     360.00 A
06630000 2009 12 25     350.00 A
06630000 2009 12 26     350.00 A
06630000 2009 12 27     340.00 A
06630000 2009 12 28     340.00 A
06630000 2009 12 29     330.00 A
06630000 2009 12 30     330.00 A
06630000 2009 12 31     340.00 A
06630000 2010 01 01     350.00 A
06630000 2010 01 02     360.00 A
06630000 2010 01 03     370.00 A
06630000 2010 01 04     380.00 A
06630000 2010 01 05     390.00 A
06630000 2010 01 06     380.00 A
06630000 2010 01 07     370.00 A
06630000 2010 01 08     350.00 A
06630000 2010 01 09     330.00 A
06630000 2010 01 10     340.00 A
06630000 2010 01 11     360.00 A
06630000 2010 01 12     390.00 A
06630000 2010 01 13     400.00 A
06630000 2010 01 14     410.00 A
06630000 2010 01 15     420.00 A
06630000 2010 01 16     430.00 A
06630000 2010 01 17     440.00 A
06630000 2010 01 18     440.00 A
06630000 2010 01 19     440.00 A
06630000 2010 01 20     440.00 A
06630000 2010 01 21     450.00 A
06630000 2010 01 22     460.00 A
06630000 2010 01 23     460.00 A
06630000 2010 01 24     460.00 A
06630000 2010 01 25     450.00 A
06630000 2010 01 26     450.00 A
06630000 2010 01 27     460.00 A
06630000 2010 01 28     460.00 A
06630000 2010 01 29     450.00 A
06630000 2010 01 30     450.00 A
06630000 2010 01 31     450.00 A
06630000 2010 02 01     450.00 A
06630000 2010 02 02     460.00 A
06630000 2010 02 03     470.00 A
06630000 2010 02 04     470.00 A
06630000 2010 02 05     460.00 A
06630000 2010 02 06     470.00 A
06630000 2010 02 07     470.00 A
06630000 2010 02 08     460.00 A
06630000 2010 02 09     450.00 A
06630000 2010 02 10     450.00 A
06630000 2010 02 11     460.00 A
06630000 2010 02 12     470.00 A
06630000 2010 02 13     480.00 A
06630000 2010 02 14     480.00 A
06630000 2010 02 15     470.00 A
06630000 2010 02 16     470.00 A
06630000 2010 02 17     480.00 A
06630000 2010 02 18     480.00 A
06630000 2010 02 19     470.00 A
06630000 2010 02 20     470.00 A
06630000 2010 02 21     460.00 A
06630000 2010 02 22     450.00 A
06630000 2010 02 23     450.00 A
06630000 2010 02 24     460.00 A
06630000 2010 02 25     470.00 A
06630000 2010 02 26     480.00 A
06630000 2010 02 27     490.00 A
06630000 2010 02 28     500.00 A
06630000 2010 03 01     510.00 A
06630000 2010 03 02     510.00 A
06630000 2010 03 03     520.00 A
06630000 2010 03 04     520.00 A
06630000 2010 03 05     520.00 A
06630000 2010 03 06     530.00 A
06630000 2010 03 07     540.00 A
06630000 2010 03 08     540.00 A
06630000 2010 03 09     540.00 A
06630000 2010 03 10     530.00 A
06630000 2010 03 11     530.00 A
06630000 2010 03 12     530.00 A
06630000 2010 03 13     540.00 A
06630000 2010 03 14     550.00 A
06630000 2010 03 15     560.00 A
06630000 2010 03 16     570.00 A
06630000 2010 03 17     580.00 A
06630000 2010 03 18     570.00 A
06630000 2010 03 19     560.00 A
06630000 2010 03 20     550.00 A
06630000 2010 03 21     560.00 A
06630000 2010 03 22     570.00 A
06630000 2010 03 23     580.00 A
06630000 2010 03 24     590.00 A
06630000 2010 03 25     590.00 A
06630000 2010 03 26     570.00 A
06630000 2010 03 27     628.00 A
06630000 2010 03 28     596.00 A
06630000 2010 03 29     561.00 A
06630000 2010 03 30     626.00 A
06630000 2010 03 31     703.00 A
06630000 2010 04 01     886.00 A
06630000 2010 04 02     984.00 A
06630000 2010 04 03     791.00 A
06630000 2010 04 04     752.00 A
06630000 2010 04 05     737.00 A
06630000 2010 04 06     831.00 A
06630000 2010 04 07     857.00 A
06630000 2010 04 08     822.00 A
06630000 2010 04 09     827.00 A
06630000 2010 04 10     976.00 A
06630000 2010 04 11     1140.00 A
06630000 2010 04 12     1370.00 A
06630000 2010 04 13     1770.00 A
06630000 2010 04 14     2220.00 A
06630000 2010 04 15     2180.00 A
06630000 2010 04 16     2540.00 A
06630000 2010 04 17     2690.00 A
06630000 2010 04 18     2640.00 A
06630000 2010 04 19     2620.00 A
06630000 2010 04 20     2770.00 A
06630000 2010 04 21     3030.00 A
06630000 2010 04 22     3400.00 A
06630000 2010 04 23     3730.00 A
06630000 2010 04 24     3690.00 A
06630000 2010 04 25     3310.00 A
06630000 2010 04 26     2940.00 A
06630000 2010 04 27     2740.00 A
06630000 2010 04 28     2570.00 A
06630000 2010 04 29     2670.00 A
06630000 2010 04 30     2690.00 A
06630000 2010 05 01     2550.00 A
06630000 2010 05 02     2370.00 A
06630000 2010 05 03     2170.00 A
06630000 2010 05 04     2010.00 A
06630000 2010 05 05     1900.00 A
06630000 2010 05 06     1810.00 A
06630000 2010 05 07     2110.00 A
06630000 2010 05 08     2020.00 A
06630000 2010 05 09     1930.00 A
06630000 2010 05 10     1890.00 A
06630000 2010 05 11     2120.00 A
06630000 2010 05 12     2250.00 A
06630000 2010 05 13     2420.00 A
06630000 2010 05 14     2390.00 A
06630000 2010 05 15     2370.00 A
06630000 2010 05 16     2770.00 A
06630000 2010 05 17     2970.00 A
06630000 2010 05 18     3150.00 A
06630000 2010 05 19     3510.00 A
06630000 2010 05 20     4430.00 A
06630000 2010 05 21     5760.00 A
06630000 2010 05 22     6670.00 A
06630000 2010 05 23     7380.00 A
06630000 2010 05 24     7260.00 A
06630000 2010 05 25     7050.00 A
06630000 2010 05 26     6530.00 A
06630000 2010 05 27     6260.00 A
06630000 2010 05 28     6590.00 A
06630000 2010 05 29     7700.00 A
06630000 2010 05 30     9230.00 A
06630000 2010 05 31     9180.00 A
06630000 2010 06 01     8810.00 A
06630000 2010 06 02     8660.00 A
06630000 2010 06 03     8460.00 A
06630000 2010 06 04     8550.00 A
06630000 2010 06 05     8840.00 A
06630000 2010 06 06     10200.00 A
06630000 2010 06 07     11300.00 A
06630000 2010 06 08     12200.00 A
06630000 2010 06 09     14200.00 A
06630000 2010 06 10     15000.00 A
06630000 2010 06 11     13400.00 A
06630000 2010 06 12     13300.00 A
06630000 2010 06 13     13800.00 A
06630000 2010 06 14     15700.00 A
06630000 2010 06 15     15300.00 A
06630000 2010 06 16     12400.00 A
06630000 2010 06 17     10400.00 A
06630000 2010 06 18     8800.00 A
06630000 2010 06 19     7580.00 A
06630000 2010 06 20     6990.00 A
06630000 2010 06 21     6630.00 A
06630000 2010 06 22     6280.00 A
06630000 2010 06 23     5810.00 A
06630000 2010 06 24     5380.00 A
06630000 2010 06 25     4980.00 A
06630000 2010 06 26     4710.00 A
06630000 2010 06 27     4650.00 A
06630000 2010 06 28     4420.00 A
06630000 2010 06 29     4000.00 A
06630000 2010 06 30     3750.00 A
06630000 2010 07 01     3620.00 A
06630000 2010 07 02     3270.00 A
06630000 2010 07 03     3200.00 A
06630000 2010 07 04     2940.00 A
06630000 2010 07 05     2740.00 A
06630000 2010 07 06     2510.00 A
06630000 2010 07 07     2180.00 A
06630000 2010 07 08     1980.00 A
06630000 2010 07 09     1900.00 A
06630000 2010 07 10     1890.00 A
06630000 2010 07 11     1820.00 A
06630000 2010 07 12     1710.00 A
06630000 2010 07 13     1540.00 A
06630000 2010 07 14     1400.00 A
06630000 2010 07 15     1260.00 A
06630000 2010 07 16     1110.00 A
06630000 2010 07 17     1020.00 A
06630000 2010 07 18     987.00 A
06630000 2010 07 19     938.00 A
06630000 2010 07 20     880.00 A
06630000 2010 07 21     856.00 A
06630000 2010 07 22     859.00 A
06630000 2010 07 23     927.00 A
06630000 2010 07 24     992.00 A
06630000 2010 07 25     862.00 A
06630000 2010 07 26     789.00 A
06630000 2010 07 27     747.00 A
06630000 2010 07 28     685.00 A
06630000 2010 07 29     672.00 A
06630000 2010 07 30     837.00 A
06630000 2010 07 31     890.00 A
06630000 2010 08 01     828.00 A
06630000 2010 08 02     926.00 A
06630000 2010 08 03     895.00 A
06630000 2010 08 04     954.00 A
06630000 2010 08 05     1090.00 A
06630000 2010 08 06     1010.00 A
06630000 2010 08 07     926.00 A
06630000 2010 08 08     950.00 A
06630000 2010 08 09     824.00 A
06630000 2010 08 10     749.00 A
06630000 2010 08 11     715.00 A
06630000 2010 08 12     647.00 A
06630000 2010 08 13     606.00 A
06630000 2010 08 14     571.00 A
06630000 2010 08 15     534.00 A
06630000 2010 08 16     520.00 A
06630000 2010 08 17     517.00 A
06630000 2010 08 18     539.00 A
06630000 2010 08 19     507.00 A
06630000 2010 08 20     521.00 A
06630000 2010 08 21     595.00 A
06630000 2010 08 22     556.00 A
06630000 2010 08 23     522.00 A
06630000 2010 08 24     482.00 A
06630000 2010 08 25     450.00 A
06630000 2010 08 26     412.00 A
06630000 2010 08 27     395.00 A
06630000 2010 08 28     384.00 A
06630000 2010 08 29     379.00 A
06630000 2010 08 30     399.00 A
06630000 2010 08 31     394.00 A
06630000 2010 09 01     395.00 A
06630000 2010 09 02     389.00 A
06630000 2010 09 03     371.00 A
06630000 2010 09 04     354.00 A
06630000 2010 09 05     333.00 A
06630000 2010 09 06     307.00 A
06630000 2010 09 07     294.00 A
06630000 2010 09 08     285.00 A
06630000 2010 09 09     282.00 A
06630000 2010 09 10     284.00 A
06630000 2010 09 11     284.00 A
06630000 2010 09 12     296.00 A
06630000 2010 09 13     300.00 A
06630000 2010 09 14     291.00 A
06630000 2010 09 15     283.00 A
06630000 2010 09 16     275.00 A
06630000 2010 09 17     279.00 A
06630000 2010 09 18     269.00 A
06630000 2010 09 19     256.00 A
06630000 2010 09 20     242.00 A
06630000 2010 09 21     241.00 A
06630000 2010 09 22     241.00 A
06630000 2010 09 23     259.00 A
06630000 2010 09 24     268.00 A
06630000 2010 09 25     302.00 A
06630000 2010 09 26     302.00 A
06630000 2010 09 27     290.00 A
06630000 2010 09 28     284.00 A
06630000 2010 09 29     277.00 A
06630000 2010 09 30     289.00 A
06630000 2010 10 01     298.00 A
06630000 2010 10 02     293.00 A
06630000 2010 10 03     297.00 A
06630000 2010 10 04     290.00 A
06630000 2010 10 05     291.00 A
06630000 2010 10 06     294.00 A
06630000 2010 10 07     335.00 A
06630000 2010 10 08     354.00 A
06630000 2010 10 09     356.00 A
06630000 2010 10 10     371.00 A
06630000 2010 10 11     400.00 A
06630000 2010 10 12     446.00 A
06630000 2010 10 13     481.00 A
06630000 2010 10 14     496.00 A
06630000 2010 10 15     460.00 A
06630000 2010 10 16     428.00 A
06630000 2010 10 17     405.00 A
06630000 2010 10 18     399.00 A
06630000 2010 10 19     403.00 A
06630000 2010 10 20     441.00 A
06630000 2010 10 21     456.00 A
06630000 2010 10 22     473.00 A
06630000 2010 10 23     544.00 A
06630000 2010 10 24     891.00 A
06630000 2010 10 25     734.00 A
06630000 2010 10 26     886.00 A
06630000 2010 10 27     848.00 A
06630000 2010 10 28     779.00 A
06630000 2010 10 29     670.00 A
06630000 2010 10 30     653.00 A
06630000 2010 10 31     698.00 A
06630000 2010 11 01     734.00 A
06630000 2010 11 02     736.00 A
06630000 2010 11 03     704.00 A
06630000 2010 11 04     676.00 A
06630000 2010 11 05     665.00 A
06630000 2010 11 06     639.00 A
06630000 2010 11 07     629.00 A
06630000 2010 11 08     623.00 A
06630000 2010 11 09     623.00 A
06630000 2010 11 10     630.00 A
06630000 2010 11 11     618.00 A
06630000 2010 11 12     588.00 A
06630000 2010 11 13     543.00 A
06630000 2010 11 14     490.00 A
06630000 2010 11 15     510.00 A
06630000 2010 11 16     510.00 A
06630000 2010 11 17     510.00 A
06630000 2010 11 18     540.00 A
06630000 2010 11 19     532.00 A
06630000 2010 11 20     569.00 A
06630000 2010 11 21     679.00 A
06630000 2010 11 22     640.00 A
06630000 2010 11 23     520.00 A
06630000 2010 11 24     470.00 A
06630000 2010 11 25     420.00 A
06630000 2010 11 26     410.00 A
06630000 2010 11 27     420.00 A
06630000 2010 11 28     420.00 A
06630000 2010 11 29     410.00 A
06630000 2010 11 30     400.00 A
06630000 2010 12 01     400.00 A
06630000 2010 12 02     410.00 A
06630000 2010 12 03     420.00 A
06630000 2010 12 04     420.00 A
06630000 2010 12 05     420.00 A
06630000 2010 12 06     410.00 A
06630000 2010 12 07     410.00 A
06630000 2010 12 08     420.00 A
06630000 2010 12 09     430.00 A
06630000 2010 12 10     430.00 A
06630000 2010 12 11     420.00 A
06630000 2010 12 12     430.00 A
06630000 2010 12 13     440.00 A
06630000 2010 12 14     445.00 A
06630000 2010 12 15     435.00 A
06630000 2010 12 16     430.00 A
06630000 2010 12 17     420.00 A
06630000 2010 12 18     415.00 A
06630000 2010 12 19     430.00 A
06630000 2010 12 20     425.00 A
06630000 2010 12 21     420.00 A
06630000 2010 12 22     430.00 A
06630000 2010 12 23     435.00 A
06630000 2010 12 24     430.00 A
06630000 2010 12 25     430.00 A
06630000 2010 12 26     435.00 A
06630000 2010 12 27     430.00 A
06630000 2010 12 28     420.00 A
06630000 2010 12 29     420.00 A
06630000 2010 12 30     410.00 A
06630000 2010 12 31     400.00 A
06630000 2011 01 01     390.00 A
06630000 2011 01 02     390.00 A
06630000 2011 01 03     390.00 A
06630000 2011 01 04     400.00 A
06630000 2011 01 05     400.00 A
06630000 2011 01 06     410.00 A
06630000 2011 01 07     420.00 A
06630000 2011 01 08     420.00 A
06630000 2011 01 09     410.00 A
06630000 2011 01 10     400.00 A
06630000 2011 01 11     400.00 A
06630000 2011 01 12     400.00 A
06630000 2011 01 13     410.00 A
06630000 2011 01 14     420.00 A
06630000 2011 01 15     420.00 A
06630000 2011 01 16     430.00 A
06630000 2011 01 17     430.00 A
06630000 2011 01 18     430.00 A
06630000 2011 01 19     420.00 A
06630000 2011 01 20     410.00 A
06630000 2011 01 21     410.00 A
06630000 2011 01 22     420.00 A
06630000 2011 01 23     410.00 A
06630000 2011 01 24     400.00 A
06630000 2011 01 25     400.00 A
06630000 2011 01 26     400.00 A
06630000 2011 01 27     410.00 A
06630000 2011 01 28     420.00 A
06630000 2011 01 29     430.00 A
06630000 2011 01 30     430.00 A
06630000 2011 01 31     420.00 A
06630000 2011 02 01     410.00 A
06630000 2011 02 02     400.00 A
06630000 2011 02 03     380.00 A
06630000 2011 02 04     380.00 A
06630000 2011 02 05     390.00 A
06630000 2011 02 06     400.00 A
06630000 2011 02 07     410.00 A
06630000 2011 02 08     400.00 A
06630000 2011 02 09     380.00 A
06630000 2011 02 10     380.00 A
06630000 2011 02 11     390.00 A
06630000 2011 02 12     400.00 A
06630000 2011 02 13     420.00 A
06630000 2011 02 14     430.00 A
06630000 2011 02 15     445.00 A
06630000 2011 02 16     460.00 A
06630000 2011 02 17     460.00 A
06630000 2011 02 18     450.00 A
06630000 2011 02 19     460.00 A
06630000 2011 02 20     460.00 A
06630000 2011 02 21     450.00 A
06630000 2011 02 22     450.00 A
06630000 2011 02 23     450.00 A
06630000 2011 02 24     450.00 A
06630000 2011 02 25     450.00 A
06630000 2011 02 26     450.00 A
06630000 2011 02 27     450.00 A
06630000 2011 02 28     460.00 A
06630000 2011 03 01     470.00 A
06630000 2011 03 02     500.00 A
06630000 2011 03 03     540.00 A
06630000 2011 03 04     560.00 A
06630000 2011 03 05     550.00 A
06630000 2011 03 06     530.00 A
06630000 2011 03 07     530.00 A
06630000 2011 03 08     530.00 A
06630000 2011 03 09     540.00 A
06630000 2011 03 10     560.00 A
06630000 2011 03 11     590.00 A
06630000 2011 03 12     600.00 A
06630000 2011 03 13     610.00 A
06630000 2011 03 14     660.00 A
06630000 2011 03 15     720.00 A
06630000 2011 03 16     820.00 A
06630000 2011 03 17     920.00 A
06630000 2011 03 18     840.00 A
06630000 2011 03 19     860.00 A
06630000 2011 03 20     904.00 A
06630000 2011 03 21     855.00 A
06630000 2011 03 22     919.00 A
06630000 2011 03 23     924.00 A
06630000 2011 03 24     857.00 A
06630000 2011 03 25     857.00 A
06630000 2011 03 26     831.00 A
06630000 2011 03 27     814.00 A
06630000 2011 03 28     811.00 A
06630000 2011 03 29     804.00 A
06630000 2011 03 30     784.00 A
06630000 2011 03 31     773.00 A
06630000 2011 04 01     839.00 A
06630000 2011 04 02     1140.00 A
06630000 2011 04 03     1620.00 A
06630000 2011 04 04     1980.00 A
06630000 2011 04 05     1780.00 A
06630000 2011 04 06     1860.00 A
06630000 2011 04 07     2220.00 A
06630000 2011 04 08     2010.00 A
06630000 2011 04 09     2260.00 A
06630000 2011 04 10     2510.00 A
06630000 2011 04 11     2320.00 A
06630000 2011 04 12     2050.00 A
06630000 2011 04 13     1910.00 A
06630000 2011 04 14     1840.00 A
06630000 2011 04 15     1950.00 A
06630000 2011 04 16     1890.00 A
06630000 2011 04 17     1770.00 A
06630000 2011 04 18     1800.00 A
06630000 2011 04 19     2570.00 A
06630000 2011 04 20     3250.00 A
06630000 2011 04 21     3340.00 A
06630000 2011 04 22     3250.00 A
06630000 2011 04 23     3270.00 A
06630000 2011 04 24     3090.00 A
06630000 2011 04 25     2830.00 A
06630000 2011 04 26     2690.00 A
06630000 2011 04 27     2570.00 A
06630000 2011 04 28     2370.00 A
06630000 2011 04 29     2150.00 A
06630000 2011 04 30     2110.00 A
06630000 2011 05 01     2020.00 A
06630000 2011 05 02     1900.00 A
06630000 2011 05 03     1790.00 A
06630000 2011 05 04     1750.00 A
06630000 2011 05 05     1770.00 A
06630000 2011 05 06     1790.00 A
06630000 2011 05 07     1940.00 A
06630000 2011 05 08     2420.00 A
06630000 2011 05 09     3370.00 A
06630000 2011 05 10     4240.00 A
06630000 2011 05 11     4770.00 A
06630000 2011 05 12     5140.00 A
06630000 2011 05 13     5000.00 A
06630000 2011 05 14     4880.00 A
06630000 2011 05 15     4880.00 A
06630000 2011 05 16     5110.00 A
06630000 2011 05 17     5800.00 A
06630000 2011 05 18     6520.00 A
06630000 2011 05 19     6860.00 A
06630000 2011 05 20     6890.00 A
06630000 2011 05 21     6570.00 A
06630000 2011 05 22     6510.00 A
06630000 2011 05 23     6710.00 A
06630000 2011 05 24     7290.00 A
06630000 2011 05 25     7710.00 A
06630000 2011 05 26     7760.00 A
06630000 2011 05 27     7950.00 A
06630000 2011 05 28     8170.00 A
06630000 2011 05 29     8000.00 A
06630000 2011 05 30     7800.00 A
06630000 2011 05 31     8580.00 A
06630000 2011 06 01     8260.00 A
06630000 2011 06 02     8780.00 A
06630000 2011 06 03     9640.00 A
06630000 2011 06 04     11100.00 A
06630000 2011 06 05     11100.00 A
06630000 2011 06 06     11700.00 A
06630000 2011 06 07     13000.00 A
06630000 2011 06 08     14600.00 A
06630000 2011 06 09     15800.00 A
06630000 2011 06 10     15800.00 A
06630000 2011 06 11     15300.00 A
06630000 2011 06 12     14300.00 A
06630000 2011 06 13     13600.00 A
06630000 2011 06 14     13600.00 A
06630000 2011 06 15     13300.00 A
06630000 2011 06 16     13300.00 A
06630000 2011 06 17     13800.00 A
06630000 2011 06 18     15000.00 A
06630000 2011 06 19     14200.00 A
06630000 2011 06 20     14000.00 A
06630000 2011 06 21     13700.00 A
06630000 2011 06 22     13200.00 A
06630000 2011 06 23     12600.00 A
06630000 2011 06 24     12400.00 A
06630000 2011 06 25     12400.00 A
06630000 2011 06 26     12500.00 A
06630000 2011 06 27     12200.00 A
06630000 2011 06 28     12000.00 A
06630000 2011 06 29     11500.00 A
06630000 2011 06 30     11400.00 A
06630000 2011 07 01     12200.00 A
06630000 2011 07 02     12200.00 A
06630000 2011 07 03     11500.00 A
06630000 2011 07 04     11300.00 A
06630000 2011 07 05     10900.00 A
06630000 2011 07 06     10300.00 A
06630000 2011 07 07     9470.00 A
06630000 2011 07 08     9070.00 A
06630000 2011 07 09     10600.00 A
06630000 2011 07 10     11000.00 A
06630000 2011 07 11     10100.00 A
06630000 2011 07 12     9800.00 A
06630000 2011 07 13     9360.00 A
06630000 2011 07 14     9590.00 A
06630000 2011 07 15     8880.00 A
06630000 2011 07 16     7680.00 A
06630000 2011 07 17     6880.00 A
06630000 2011 07 18     6390.00 A
06630000 2011 07 19     6330.00 A
06630000 2011 07 20     7460.00 A
06630000 2011 07 21     6450.00 A
06630000 2011 07 22     5670.00 A
06630000 2011 07 23     4970.00 A
06630000 2011 07 24     4330.00 A
06630000 2011 07 25     3760.00 A
06630000 2011 07 26     3360.00 A
06630000 2011 07 27     3380.00 A
06630000 2011 07 28     3210.00 A
06630000 2011 07 29     2890.00 A
06630000 2011 07 30     2640.00 A
06630000 2011 07 31     2380.00 A
06630000 2011 08 01     2200.00 A
06630000 2011 08 02     2220.00 A
06630000 2011 08 03     2120.00 A
06630000 2011 08 04     2120.00 A
06630000 2011 08 05     2100.00 A
06630000 2011 08 06     1950.00 A
06630000 2011 08 07     1760.00 A
06630000 2011 08 08     1610.00 A
06630000 2011 08 09     1480.00 A
06630000 2011 08 10     1380.00 A
06630000 2011 08 11     1290.00 A
06630000 2011 08 12     1190.00 A
06630000 2011 08 13     1130.00 A
06630000 2011 08 14     1070.00 A
06630000 2011 08 15     1020.00 A
06630000 2011 08 16     1020.00 A
06630000 2011 08 17     1120.00 A
06630000 2011 08 18     1120.00 A
06630000 2011 08 19     1040.00 A
06630000 2011 08 20     947.00 A
06630000 2011 08 21     957.00 A
06630000 2011 08 22     901.00 A
06630000 2011 08 23     862.00 A
06630000 2011 08 24     815.00 A
06630000 2011 08 25     759.00 A
06630000 2011 08 26     730.00 A
06630000 2011 08 27     748.00 A
06630000 2011 08 28     739.00 A
06630000 2011 08 29     765.00 A
06630000 2011 08 30     838.00 A
06630000 2011 08 31     855.00 A
06630000 2011 09 01     785.00 A
06630000 2011 09 02     741.00 A
06630000 2011 09 03     664.00 A
06630000 2011 09 04     637.00 A
06630000 2011 09 05     616.00 A
06630000 2011 09 06     600.00 A
06630000 2011 09 07     623.00 A
06630000 2011 09 08     813.00 A
06630000 2011 09 09     851.00 A
06630000 2011 09 10     847.00 A
06630000 2011 09 11     818.00 A
06630000 2011 09 12     734.00 A
06630000 2011 09 13     681.00 A
06630000 2011 09 14     655.00 A
06630000 2011 09 15     634.00 A
06630000 2011 09 16     678.00 A
06630000 2011 09 17     778.00 A
06630000 2011 09 18     752.00 A
06630000 2011 09 19     804.00 A
06630000 2011 09 20     753.00 A
06630000 2011 09 21     718.00 A
06630000 2011 09 22     671.00 A
06630000 2011 09 23     635.00 A
06630000 2011 09 24     612.00 A
06630000 2011 09 25     587.00 A
06630000 2011 09 26     561.00 A
06630000 2011 09 27     540.00 A
06630000 2011 09 28     523.00 A
06630000 2011 09 29     510.00 A
06630000 2011 09 30     506.00 A
06630000 2011 10 01     500.00 A
06630000 2011 10 02     487.00 A
06630000 2011 10 03     480.00 A
06630000 2011 10 04     492.00 A
06630000 2011 10 05     495.00 A
06630000 2011 10 06     543.00 A
06630000 2011 10 07     577.00 A
06630000 2011 10 08     612.00 A
06630000 2011 10 09     633.00 A
06630000 2011 10 10     649.00 A
06630000 2011 10 11     654.00 A
06630000 2011 10 12     677.00 A
06630000 2011 10 13     725.00 A
06630000 2011 10 14     701.00 A
06630000 2011 10 15     678.00 A
06630000 2011 10 16     658.00 A
06630000 2011 10 17     667.00 A
06630000 2011 10 18     719.00 A
06630000 2011 10 19     788.00 A
06630000 2011 10 20     727.00 A
06630000 2011 10 21     703.00 A
06630000 2011 10 22     690.00 A
06630000 2011 10 23     668.00 A
06630000 2011 10 24     646.00 A
06630000 2011 10 25     630.00 A
06630000 2011 10 26     639.00 A
06630000 2011 10 27     682.00 A
06630000 2011 10 28     626.00 A
06630000 2011 10 29     585.00 A
06630000 2011 10 30     599.00 A
06630000 2011 10 31     605.00 A
06630000 2011 11 01     652.00 A
06630000 2011 11 02     747.00 A
06630000 2011 11 03     718.00 A
06630000 2011 11 04     623.00 A
06630000 2011 11 05     626.00 A
06630000 2011 11 06     620.00 A
06630000 2011 11 07     590.00 A
06630000 2011 11 08     560.00 A
06630000 2011 11 09     550.00 A
06630000 2011 11 10     560.00 A
06630000 2011 11 11     570.00 A
06630000 2011 11 12     570.00 A
06630000 2011 11 13     560.00 A
06630000 2011 11 14     570.00 A
06630000 2011 11 15     580.00 A
06630000 2011 11 16     570.00 A
06630000 2011 11 17     580.00 A
06630000 2011 11 18     590.00 A
06630000 2011 11 19     580.00 A
06630000 2011 11 20     570.00 A
06630000 2011 11 21     560.00 A
06630000 2011 11 22     570.00 A
06630000 2011 11 23     580.00 A
06630000 2011 11 24     590.00 A
06630000 2011 11 25     580.00 A
06630000 2011 11 26     570.00 A
06630000 2011 11 27     570.00 A
06630000 2011 11 28     580.00 A
06630000 2011 11 29     590.00 A
06630000 2011 11 30     600.00 A
06630000 2011 12 01     580.00 A
06630000 2011 12 02     560.00 A
06630000 2011 12 03     540.00 A
06630000 2011 12 04     520.00 A
06630000 2011 12 05     490.00 A
06630000 2011 12 06     470.00 A
06630000 2011 12 07     470.00 A
06630000 2011 12 08     470.00 A
06630000 2011 12 09     480.00 A
06630000 2011 12 10     480.00 A
06630000 2011 12 11     490.00 A
06630000 2011 12 12     500.00 A
06630000 2011 12 13     510.00 A
06630000 2011 12 14     500.00 A
06630000 2011 12 15     490.00 A
06630000 2011 12 16     490.00 A
06630000 2011 12 17     500.00 A
06630000 2011 12 18     500.00 A
06630000 2011 12 19     490.00 A
06630000 2011 12 20     480.00 A
06630000 2011 12 21     470.00 A
06630000 2011 12 22     455.00 A
06630000 2011 12 23     440.00 A
06630000 2011 12 24     430.00 A
06630000 2011 12 25     440.00 A
06630000 2011 12 26     450.00 A
06630000 2011 12 27     460.00 A
06630000 2011 12 28     470.00 A
06630000 2011 12 29     480.00 A
06630000 2011 12 30     470.00 A
06630000 2011 12 31     460.00 A
06630000 2012 01 01     460.00 A
06630000 2012 01 02     470.00 A
06630000 2012 01 03     480.00 A
06630000 2012 01 04     490.00 A
06630000 2012 01 05     490.00 A
06630000 2012 01 06     480.00 A
06630000 2012 01 07     470.00 A
06630000 2012 01 08     460.00 A
06630000 2012 01 09     470.00 A
06630000 2012 01 10     470.00 A
06630000 2012 01 11     460.00 A
06630000 2012 01 12     450.00 A
06630000 2012 01 13     450.00 A
06630000 2012 01 14     460.00 A
06630000 2012 01 15     470.00 A
06630000 2012 01 16     460.00 A
06630000 2012 01 17     450.00 A
06630000 2012 01 18     450.00 A
06630000 2012 01 19     460.00 A
06630000 2012 01 20     470.00 A
06630000 2012 01 21     480.00 A
06630000 2012 01 22     470.00 A
06630000 2012 01 23     460.00 A
06630000 2012 01 24     450.00 A
06630000 2012 01 25     460.00 A
06630000 2012 01 26     470.00 A
06630000 2012 01 27     460.00 A
06630000 2012 01 28     450.00 A
06630000 2012 01 29     460.00 A
06630000 2012 01 30     470.00 A
06630000 2012 01 31     480.00 A
06630000 2012 02 01     480.00 A
06630000 2012 02 02     480.00 A
06630000 2012 02 03     470.00 A
06630000 2012 02 04     460.00 A
06630000 2012 02 05     460.00 A
06630000 2012 02 06     460.00 A
06630000 2012 02 07     450.00 A
06630000 2012 02 08     460.00 A
06630000 2012 02 09     470.00 A
06630000 2012 02 10     480.00 A
06630000 2012 02 11     470.00 A
06630000 2012 02 12     460.00 A
06630000 2012 02 13     460.00 A
06630000 2012 02 14     450.00 A
06630000 2012 02 15     450.00 A
06630000 2012 02 16     450.00 A
06630000 2012 02 17     440.00 A
06630000 2012 02 18     440.00 A
06630000 2012 02 19     450.00 A
06630000 2012 02 20     450.00 A
06630000 2012 02 21     460.00 A
06630000 2012 02 22     480.00 A
06630000 2012 02 23     480.00 A
06630000 2012 02 24     470.00 A
06630000 2012 02 25     480.00 A
06630000 2012 02 26     480.00 A
06630000 2012 02 27     490.00 A
06630000 2012 02 28     490.00 A
06630000 2012 02 29     480.00 A
06630000 2012 03 01     470.00 A
06630000 2012 03 02     460.00 A
06630000 2012 03 03     470.00 A
06630000 2012 03 04     490.00 A
06630000 2012 03 05     510.00 A
06630000 2012 03 06     530.00 A
06630000 2012 03 07     520.00 A
06630000 2012 03 08     510.00 A
06630000 2012 03 09     520.00 A
06630000 2012 03 10     530.00 A
06630000 2012 03 11     550.00 A
06630000 2012 03 12     600.00 A
06630000 2012 03 13     690.00 A
06630000 2012 03 14     860.00 A
06630000 2012 03 15     1030.00 A
06630000 2012 03 16     1130.00 A
06630000 2012 03 17     1150.00 A
06630000 2012 03 18     1270.00 A
06630000 2012 03 19     1300.00 A
06630000 2012 03 20     1240.00 A
06630000 2012 03 21     1210.00 A
06630000 2012 03 22     1150.00 A
06630000 2012 03 23     1150.00 A
06630000 2012 03 24     1210.00 A
06630000 2012 03 25     1310.00 A
06630000 2012 03 26     1400.00 A
06630000 2012 03 27     1480.00 A
06630000 2012 03 28     1390.00 A
06630000 2012 03 29     1300.00 A
06630000 2012 03 30     1380.00 A
06630000 2012 03 31     1420.00 A
06630000 2012 04 01     1480.00 A
06630000 2012 04 02     1670.00 A
06630000 2012 04 03     1710.00 A
06630000 2012 04 04     1440.00 A
06630000 2012 04 05     1240.00 A
06630000 2012 04 06     1220.00 A
06630000 2012 04 07     1210.00 A
06630000 2012 04 08     1100.00 A
06630000 2012 04 09     1060.00 A
06630000 2012 04 10     1070.00 A
06630000 2012 04 11     1130.00 A
06630000 2012 04 12     1260.00 A
06630000 2012 04 13     1440.00 A
06630000 2012 04 14     1400.00 A
06630000 2012 04 15     1340.00 A
06630000 2012 04 16     1280.00 A
06630000 2012 04 17     1180.00 A
06630000 2012 04 18     1040.00 A
06630000 2012 04 19     961.00 A
06630000 2012 04 20     992.00 A
06630000 2012 04 21     921.00 A
06630000 2012 04 22     899.00 A
06630000 2012 04 23     957.00 A
06630000 2012 04 24     964.00 A
06630000 2012 04 25     1100.00 A
06630000 2012 04 26     1190.00 A
06630000 2012 04 27     1380.00 A
06630000 2012 04 28     1740.00 A
06630000 2012 04 29     1710.00 A
06630000 2012 04 30     1690.00 A
06630000 2012 05 01     1510.00 A
06630000 2012 05 02     1450.00 A
06630000 2012 05 03     1450.00 A
06630000 2012 05 04     1450.00 A
06630000 2012 05 05     1470.00 A
06630000 2012 05 06     1540.00 A
06630000 2012 05 07     1500.00 A
06630000 2012 05 08     1400.00 A
06630000 2012 05 09     1380.00 A
06630000 2012 05 10     1390.00 A
06630000 2012 05 11     1370.00 A
06630000 2012 05 12     1350.00 A
06630000 2012 05 13     1400.00 A
06630000 2012 05 14     1400.00 A
06630000 2012 05 15     1410.00 A
06630000 2012 05 16     1390.00 A
06630000 2012 05 17     1370.00 A
06630000 2012 05 18     1380.00 A
06630000 2012 05 19     1490.00 A
06630000 2012 05 20     1640.00 A
06630000 2012 05 21     1680.00 A
06630000 2012 05 22     1610.00 A
06630000 2012 05 23     1570.00 A
06630000 2012 05 24     1730.00 A
06630000 2012 05 25     1620.00 A
06630000 2012 05 26     1570.00 A
06630000 2012 05 27     1440.00 A
06630000 2012 05 28     1330.00 A
06630000 2012 05 29     1190.00 A
06630000 2012 05 30     1080.00 A
06630000 2012 05 31     1030.00 A
06630000 2012 06 01     996.00 A
06630000 2012 06 02     997.00 A
06630000 2012 06 03     1040.00 A
06630000 2012 06 04     1070.00 A
06630000 2012 06 05     1110.00 A
06630000 2012 06 06     1130.00 A
06630000 2012 06 07     1100.00 A
06630000 2012 06 08     1050.00 A
06630000 2012 06 09     960.00 A
06630000 2012 06 10     843.00 A
06630000 2012 06 11     762.00 A
06630000 2012 06 12     704.00 A
06630000 2012 06 13     635.00 A
06630000 2012 06 14     589.00 A
06630000 2012 06 15     533.00 A
06630000 2012 06 16     490.00 A
06630000 2012 06 17     473.00 A
06630000 2012 06 18     430.00 A
06630000 2012 06 19     398.00 A
06630000 2012 06 20     358.00 A
06630000 2012 06 21     287.00 A
06630000 2012 06 22     251.00 A
06630000 2012 06 23     227.00 A
06630000 2012 06 24     197.00 A
06630000 2012 06 25     187.00 A
06630000 2012 06 26     188.00 A
06630000 2012 06 27     180.00 A
06630000 2012 06 28     161.00 A
06630000 2012 06 29     143.00 A
06630000 2012 06 30     126.00 A
06630000 2012 07 01     127.00 A
06630000 2012 07 02     123.00 A
06630000 2012 07 03     120.00 A
06630000 2012 07 04     112.00 A
06630000 2012 07 05     121.00 A
06630000 2012 07 06     125.00 A
06630000 2012 07 07     168.00 A
06630000 2012 07 08     263.00 A
06630000 2012 07 09     381.00 A
06630000 2012 07 10     395.00 A
06630000 2012 07 11     381.00 A
06630000 2012 07 12     311.00 A
06630000 2012 07 13     271.00 A
06630000 2012 07 14     251.00 A
06630000 2012 07 15     239.00 A
06630000 2012 07 16     246.00 A
06630000 2012 07 17     251.00 A
06630000 2012 07 18     263.00 A
06630000 2012 07 19     253.00 A
06630000 2012 07 20     253.00 A
06630000 2012 07 21     236.00 A
06630000 2012 07 22     237.00 A
06630000 2012 07 23     237.00 A
06630000 2012 07 24     221.00 A
06630000 2012 07 25     238.00 A
06630000 2012 07 26     303.00 A
06630000 2012 07 27     268.00 A
06630000 2012 07 28     265.00 A
06630000 2012 07 29     262.00 A
06630000 2012 07 30     264.00 A
06630000 2012 07 31     258.00 A
06630000 2012 08 01     266.00 A
06630000 2012 08 02     296.00 A
06630000 2012 08 03     285.00 A
06630000 2012 08 04     270.00 A
06630000 2012 08 05     245.00 A
06630000 2012 08 06     212.00 A
06630000 2012 08 07     176.00 A
06630000 2012 08 08     163.00 A
06630000 2012 08 09     149.00 A
06630000 2012 08 10     140.00 A
06630000 2012 08 11     133.00 A
06630000 2012 08 12     137.00 A
06630000 2012 08 13     141.00 A
06630000 2012 08 14     145.00 A
06630000 2012 08 15     142.00 A
06630000 2012 08 16     135.00 A
06630000 2012 08 17     135.00 A
06630000 2012 08 18     128.00 A
06630000 2012 08 19     123.00 A
06630000 2012 08 20     114.00 A
06630000 2012 08 21     108.00 A
06630000 2012 08 22     105.00 A
06630000 2012 08 23     113.00 A
06630000 2012 08 24     112.00 A
06630000 2012 08 25     105.00 A
06630000 2012 08 26     101.00 A
06630000 2012 08 27     98.70 A
06630000 2012 08 28     99.50 A
06630000 2012 08 29     97.90 A
06630000 2012 08 30     97.00 A
06630000 2012 08 31     102.00 A
06630000 2012 09 01     94.20 A
06630000 2012 09 02     105.00 A
06630000 2012 09 03     115.00 A
06630000 2012 09 04     109.00 A
06630000 2012 09 05     104.00 A
06630000 2012 09 06     105.00 A
06630000 2012 09 07     88.20 A
06630000 2012 09 08     81.50 A
06630000 2012 09 09     87.60 A
06630000 2012 09 10     81.50 A
06630000 2012 09 11     83.30 A
06630000 2012 09 12     85.80 A
06630000 2012 09 13     83.70 A
06630000 2012 09 14     98.10 A
06630000 2012 09 15     105.00 A
06630000 2012 09 16     102.00 A
06630000 2012 09 17     96.60 A
06630000 2012 09 18     95.80 A
06630000 2012 09 19     90.70 A
06630000 2012 09 20     82.50 A
06630000 2012 09 21     83.50 A
06630000 2012 09 22     84.70 A
06630000 2012 09 23     84.20 A
06630000 2012 09 24     87.90 A
06630000 2012 09 25     91.00 A
06630000 2012 09 26     99.90 A
06630000 2012 09 27     109.00 A
06630000 2012 09 28     149.00 A
06630000 2012 09 29     169.00 A
06630000 2012 09 30     196.00 A
06630000 2012 10 01     198.00 A
06630000 2012 10 02     190.00 A
06630000 2012 10 03     183.00 A
06630000 2012 10 04     179.00 A
06630000 2012 10 05     175.00 A
06630000 2012 10 06     175.00 A
06630000 2012 10 07     174.00 A
06630000 2012 10 08     176.00 A
06630000 2012 10 09     173.00 A
06630000 2012 10 10     171.00 A
06630000 2012 10 11     177.00 A
06630000 2012 10 12     190.00 A
06630000 2012 10 13     194.00 A
06630000 2012 10 14     212.00 A
06630000 2012 10 15     253.00 A
06630000 2012 10 16     265.00 A
06630000 2012 10 17     260.00 A
06630000 2012 10 18     261.00 A
06630000 2012 10 19     267.00 A
06630000 2012 10 20     259.00 A
06630000 2012 10 21     258.00 A
06630000 2012 10 22     260.00 A
06630000 2012 10 23     255.00 A
06630000 2012 10 24     268.00 A
06630000 2012 10 25     275.00 A
06630000 2012 10 26     303.00 A
06630000 2012 10 27     295.00 A
06630000 2012 10 28     285.00 A
06630000 2012 10 29     285.00 A
06630000 2012 10 30     324.00 A
06630000 2012 10 31     319.00 A
06630000 2012 11 01     319.00 A
06630000 2012 11 02     318.00 A
06630000 2012 11 03     312.00 A
06630000 2012 11 04     307.00 A
06630000 2012 11 05     288.00 A
06630000 2012 11 06     289.00 A
06630000 2012 11 07     291.00 A
06630000 2012 11 08     283.00 A
06630000 2012 11 09     276.00 A
06630000 2012 11 10     289.00 A
06630000 2012 11 11     283.00 A
06630000 2012 11 12     260.00 A
06630000 2012 11 13     237.00 A
06630000 2012 11 14     226.00 A
06630000 2012 11 15     234.00 A
06630000 2012 11 16     266.00 A
06630000 2012 11 17     303.00 A
06630000 2012 11 18     346.00 A
06630000 2012 11 19     371.00 A
06630000 2012 11 20     377.00 A
06630000 2012 11 21     354.00 A
06630000 2012 11 22     323.00 A
06630000 2012 11 23     320.00 A
06630000 2012 11 24     302.00 A
06630000 2012 11 25     265.00 A
06630000 2012 11 26     269.00 A
06630000 2012 11 27     265.00 A
06630000 2012 11 28     241.00 A
06630000 2012 11 29     227.00 A
06630000 2012 11 30     228.00 A
06630000 2012 12 01     293.00 A
06630000 2012 12 02     353.00 A
06630000 2012 12 03     348.00 A
06630000 2012 12 04     323.00 A
06630000 2012 12 05     293.00 A
06630000 2012 12 06     226.00 A
06630000 2012 12 07     240.00 A
06630000 2012 12 08     230.00 A
06630000 2012 12 09     180.00 A
06630000 2012 12 10     175.00 A
06630000 2012 12 11     161.00 A
06630000 2012 12 12     151.00 A
06630000 2012 12 13     150.00 A
06630000 2012 12 14     153.00 A
06630000 2012 12 15     145.00 A
06630000 2012 12 16     139.00 A
06630000 2012 12 17     141.00 A
06630000 2012 12 18     140.00 A
06630000 2012 12 19     139.00 A
06630000 2012 12 20     132.00 A
06630000 2012 12 21     140.00 A
06630000 2012 12 22     145.00 A
06630000 2012 12 23     138.00 A
06630000 2012 12 24     134.00 A
06630000 2012 12 25     132.00 A
06630000 2012 12 26     134.00 A
06630000 2012 12 27     135.00 A
06630000 2012 12 28     130.00 A
06630000 2012 12 29     134.00 A
06630000 2012 12 30     131.00 A
06630000 2012 12 31     130.00 A
06630000 2013 01 01     131.00 A
06630000 2013 01 02     130.00 A
06630000 2013 01 03     128.00 A
06630000 2013 01 04     125.00 A
06630000 2013 01 05     123.00 A
06630000 2013 01 06     126.00 A
06630000 2013 01 07     135.00 A
06630000 2013 01 08     140.00 A
06630000 2013 01 09     143.00 A
06630000 2013 01 10     150.00 A
06630000 2013 01 11     158.00 A
06630000 2013 01 12     155.00 A
06630000 2013 01 13     152.00 A
06630000 2013 01 14     146.00 A
06630000 2013 01 15     143.00 A
06630000 2013 01 16     137.00 A
06630000 2013 01 17     140.00 A
06630000 2013 01 18     146.00 A
06630000 2013 01 19     152.00 A
06630000 2013 01 20     155.00 A
06630000 2013 01 21     158.00 A
06630000 2013 01 22     168.00 A
06630000 2013 01 23     176.00 A
06630000 2013 01 24     180.00 A
06630000 2013 01 25     185.00 A
06630000 2013 01 26     193.00 A
06630000 2013 01 27     198.00 A
06630000 2013 01 28     194.00 A
06630000 2013 01 29     186.00 A
06630000 2013 01 30     180.00 A
06630000 2013 01 31     185.00 A
06630000 2013 02 01     190.00 A
06630000 2013 02 02     196.00 A
06630000 2013 02 03     208.00 A
06630000 2013 02 04     219.00 A
06630000 2013 02 05     230.00 A
06630000 2013 02 06     240.00 A
06630000 2013 02 07     248.00 A
06630000 2013 02 08     255.00 A
06630000 2013 02 09     250.00 A
06630000 2013 02 10     240.00 A
06630000 2013 02 11     225.00 A
06630000 2013 02 12     220.00 A
06630000 2013 02 13     223.00 A
06630000 2013 02 14     235.00 A
06630000 2013 02 15     238.00 A
06630000 2013 02 16     250.00 A
06630000 2013 02 17     268.00 A
06630000 2013 02 18     260.00 A
06630000 2013 02 19     270.00 A
06630000 2013 02 20     295.00 A
06630000 2013 02 21     290.00 A
06630000 2013 02 22     286.00 A
06630000 2013 02 23     290.00 A
06630000 2013 02 24     285.00 A
06630000 2013 02 25     280.00 A
06630000 2013 02 26     275.00 A
06630000 2013 02 27     270.00 A
06630000 2013 02 28     280.00 A
06630000 2013 03 01     320.00 A
06630000 2013 03 02     350.00 A
06630000 2013 03 03     342.00 A
06630000 2013 03 04     341.00 A
06630000 2013 03 05     330.00 A
06630000 2013 03 06     340.00 A
06630000 2013 03 07     359.00 A
06630000 2013 03 08     338.00 A
06630000 2013 03 09     330.00 A
06630000 2013 03 10     335.00 A
06630000 2013 03 11     340.00 A
06630000 2013 03 12     355.00 A
06630000 2013 03 13     370.00 A
06630000 2013 03 14     385.00 A
06630000 2013 03 15     420.00 A
06630000 2013 03 16     445.00 A
06630000 2013 03 17     455.00 A
06630000 2013 03 18     458.00 A
06630000 2013 03 19     431.00 A
06630000 2013 03 20     450.00 A
06630000 2013 03 21     440.00 A
06630000 2013 03 22     410.00 A
06630000 2013 03 23     415.00 A
06630000 2013 03 24     380.00 A
06630000 2013 03 25     383.00 A
06630000 2013 03 26     389.00 A
06630000 2013 03 27     390.00 A
06630000 2013 03 28     411.00 A
06630000 2013 03 29     419.00 A
06630000 2013 03 30     470.00 A
06630000 2013 03 31     499.00 A
06630000 2013 04 01     545.00 A
06630000 2013 04 02     607.00 A
06630000 2013 04 03     654.00 A
06630000 2013 04 04     666.00 A
06630000 2013 04 05     767.00 A
06630000 2013 04 06     900.00 A
06630000 2013 04 07     892.00 A
06630000 2013 04 08     894.00 A
06630000 2013 04 09     862.00 A
06630000 2013 04 10     772.00 A
06630000 2013 04 11     616.00 A
06630000 2013 04 12     581.00 A
06630000 2013 04 13     626.00 A
06630000 2013 04 14     613.00 A
06630000 2013 04 15     598.00 A
06630000 2013 04 16     585.00 A
06630000 2013 04 17     646.00 A
06630000 2013 04 18     559.00 A
06630000 2013 04 19     514.00 A
06630000 2013 04 20     549.00 A
06630000 2013 04 21     593.00 A
06630000 2013 04 22     677.00 A
06630000 2013 04 23     774.00 A
06630000 2013 04 24     792.00 A
06630000 2013 04 25     767.00 A
06630000 2013 04 26     729.00 A
06630000 2013 04 27     713.00 A
06630000 2013 04 28     738.00 A
06630000 2013 04 29     936.00 A
06630000 2013 04 30     1170.00 A
06630000 2013 05 01     1380.00 A
06630000 2013 05 02     1500.00 A
06630000 2013 05 03     1420.00 A
06630000 2013 05 04     1300.00 A
06630000 2013 05 05     1250.00 A
06630000 2013 05 06     1350.00 A
06630000 2013 05 07     1390.00 A
06630000 2013 05 08     1460.00 A
06630000 2013 05 09     1520.00 A
06630000 2013 05 10     1610.00 A
06630000 2013 05 11     1760.00 A
06630000 2013 05 12     1870.00 A
06630000 2013 05 13     1980.00 A
06630000 2013 05 14     2320.00 A
06630000 2013 05 15     2710.00 A
06630000 2013 05 16     2950.00 A
06630000 2013 05 17     3360.00 A
06630000 2013 05 18     3770.00 A
06630000 2013 05 19     3750.00 A
06630000 2013 05 20     3560.00 A
06630000 2013 05 21     3460.00 A
06630000 2013 05 22     3020.00 A
06630000 2013 05 23     2690.00 A
06630000 2013 05 24     2610.00 A
06630000 2013 05 25     2700.00 A
06630000 2013 05 26     2870.00 A
06630000 2013 05 27     3120.00 A
06630000 2013 05 28     3270.00 A
06630000 2013 05 29     3190.00 A
06630000 2013 05 30     3260.00 A
06630000 2013 05 31     2900.00 A
06630000 2013 06 01     2530.00 A
06630000 2013 06 02     2200.00 A
06630000 2013 06 03     2040.00 A
06630000 2013 06 04     2090.00 A
06630000 2013 06 05     2140.00 A
06630000 2013 06 06     2140.00 A
06630000 2013 06 07     2210.00 A
06630000 2013 06 08     2370.00 A
06630000 2013 06 09     2660.00 A
06630000 2013 06 10     2800.00 A
06630000 2013 06 11     3070.00 A
06630000 2013 06 12     3010.00 A
06630000 2013 06 13     2810.00 A
06630000 2013 06 14     2600.00 A
06630000 2013 06 15     2380.00 A
06630000 2013 06 16     2160.00 A
06630000 2013 06 17     1950.00 A
06630000 2013 06 18     1800.00 A
06630000 2013 06 19     1570.00 A
06630000 2013 06 20     1400.00 A
06630000 2013 06 21     1210.00 A
06630000 2013 06 22     1050.00 A
06630000 2013 06 23     950.00 A
06630000 2013 06 24     886.00 A
06630000 2013 06 25     783.00 A
06630000 2013 06 26     730.00 A
06630000 2013 06 27     637.00 A
06630000 2013 06 28     589.00 A
06630000 2013 06 29     539.00 A
06630000 2013 06 30     500.00 A
06630000 2013 07 01     451.00 A
06630000 2013 07 02     424.00 A
06630000 2013 07 03     404.00 A
06630000 2013 07 04     425.00 A
06630000 2013 07 05     455.00 A
06630000 2013 07 06     484.00 A
06630000 2013 07 07     606.00 A
06630000 2013 07 08     549.00 A
06630000 2013 07 09     480.00 A
06630000 2013 07 10     437.00 A
06630000 2013 07 11     366.00 A
06630000 2013 07 12     344.00 A
06630000 2013 07 13     333.00 A
06630000 2013 07 14     319.00 A
06630000 2013 07 15     351.00 A
06630000 2013 07 16     347.00 A
06630000 2013 07 17     378.00 A
06630000 2013 07 18     353.00 A
06630000 2013 07 19     327.00 A
06630000 2013 07 20     317.00 A
06630000 2013 07 21     304.00 A
06630000 2013 07 22     306.00 A
06630000 2013 07 23     306.00 A
06630000 2013 07 24     278.00 A
06630000 2013 07 25     285.00 A
06630000 2013 07 26     278.00 A
06630000 2013 07 27     273.00 A
06630000 2013 07 28     325.00 A
06630000 2013 07 29     333.00 A
06630000 2013 07 30     356.00 A
06630000 2013 07 31     391.00 A
06630000 2013 08 01     402.00 A
06630000 2013 08 02     388.00 A
06630000 2013 08 03     367.00 A
06630000 2013 08 04     327.00 A
06630000 2013 08 05     292.00 A
06630000 2013 08 06     259.00 A
06630000 2013 08 07     255.00 A
06630000 2013 08 08     263.00 A
06630000 2013 08 09     262.00 A
06630000 2013 08 10     262.00 A
06630000 2013 08 11     269.00 A
06630000 2013 08 12     268.00 A
06630000 2013 08 13     262.00 A
06630000 2013 08 14     264.00 A
06630000 2013 08 15     277.00 A
06630000 2013 08 16     270.00 A
06630000 2013 08 17     257.00 A
06630000 2013 08 18     246.00 A
06630000 2013 08 19     222.00 A
06630000 2013 08 20     212.00 A
06630000 2013 08 21     212.00 A
06630000 2013 08 22     205.00 A
06630000 2013 08 23     202.00 A
06630000 2013 08 24     194.00 A
06630000 2013 08 25     191.00 A
06630000 2013 08 26     188.00 A
06630000 2013 08 27     224.00 A
06630000 2013 08 28     234.00 A
06630000 2013 08 29     218.00 A
06630000 2013 08 30     199.00 A
06630000 2013 08 31     177.00 A
06630000 2013 09 01     165.00 A
06630000 2013 09 02     167.00 A
06630000 2013 09 03     160.00 A
06630000 2013 09 04     164.00 A
06630000 2013 09 05     172.00 A
06630000 2013 09 06     154.00 A
06630000 2013 09 07     143.00 A
06630000 2013 09 08     152.00 A
06630000 2013 09 09     164.00 A
06630000 2013 09 10     212.00 A
06630000 2013 09 11     278.00 A
06630000 2013 09 12     422.00 A
06630000 2013 09 13     538.00 A
06630000 2013 09 14     736.00 A
06630000 2013 09 15     862.00 A
06630000 2013 09 16     877.00 A
06630000 2013 09 17     813.00 A
06630000 2013 09 18     693.00 A
06630000 2013 09 19     612.00 A
06630000 2013 09 20     534.00 A
06630000 2013 09 21     491.00 A
06630000 2013 09 22     485.00 A
06630000 2013 09 23     449.00 A
06630000 2013 09 24     447.00 A
06630000 2013 09 25     444.00 A
06630000 2013 09 26     430.00 A
06630000 2013 09 27     472.00 A
06630000 2013 09 28     459.00 A
06630000 2013 09 29     462.00 A
06630000 2013 09 30     447.00 A
06630000 2013 10 01     435.00 A
06630000 2013 10 02     425.00 A
06630000 2013 10 03     414.00 A
06630000 2013 10 04     436.00 A
06630000 2013 10 05     458.00 A
06630000 2013 10 06     467.00 A
06630000 2013 10 07     479.00 A
06630000 2013 10 08     546.00 A
06630000 2013 10 09     621.00 A
06630000 2013 10 10     640.00 A
06630000 2013 10 11     639.00 A
06630000 2013 10 12     618.00 A
06630000 2013 10 13     597.00 A
06630000 2013 10 14     607.00 A
06630000 2013 10 15     699.00 A
06630000 2013 10 16     716.00 A
06630000 2013 10 17     661.00 A
06630000 2013 10 18     651.00 A
06630000 2013 10 19     643.00 A
06630000 2013 10 20     602.00 A
06630000 2013 10 21     606.00 A
06630000 2013 10 22     596.00 A
06630000 2013 10 23     589.00 A
06630000 2013 10 24     598.00 A
06630000 2013 10 25     602.00 A
06630000 2013 10 26     593.00 A
06630000 2013 10 27     587.00 A
06630000 2013 10 28     576.00 A
06630000 2013 10 29     561.00 A
06630000 2013 10 30     540.00 A
06630000 2013 10 31     530.00 A
06630000 2013 11 01     533.00 A
06630000 2013 11 02     533.00 A
06630000 2013 11 03     520.00 A
06630000 2013 11 04     518.00 A
06630000 2013 11 05     517.00 A
06630000 2013 11 06     500.00 A
06630000 2013 11 07     463.00 A
06630000 2013 11 08     469.00 A
06630000 2013 11 09     571.00 A
06630000 2013 11 10     615.00 A
06630000 2013 11 11     587.00 A
06630000 2013 11 12     607.00 A
06630000 2013 11 13     587.00 A
06630000 2013 11 14     548.00 A
06630000 2013 11 15     561.00 A
06630000 2013 11 16     542.00 A
06630000 2013 11 17     490.00 A
06630000 2013 11 18     420.00 A
06630000 2013 11 19     380.00 A
06630000 2013 11 20     391.00 A
06630000 2013 11 21     490.00 A
06630000 2013 11 22     470.00 A
06630000 2013 11 23     440.00 A
06630000 2013 11 24     450.00 A
06630000 2013 11 25     450.00 A
06630000 2013 11 26     460.00 A
06630000 2013 11 27     470.00 A
06630000 2013 11 28     480.00 A
06630000 2013 11 29     480.00 A
06630000 2013 11 30     490.00 A
06630000 2013 12 01     500.00 A
06630000 2013 12 02     510.00 A
06630000 2013 12 03     500.00 A
06630000 2013 12 04     310.00 A
06630000 2013 12 05     250.00 A
06630000 2013 12 06     240.00 A
06630000 2013 12 07     240.00 A
06630000 2013 12 08     230.00 A
06630000 2013 12 09     230.00 A
06630000 2013 12 10     230.00 A
06630000 2013 12 11     240.00 A
06630000 2013 12 12     250.00 A
06630000 2013 12 13     260.00 A
06630000 2013 12 14     270.00 A
06630000 2013 12 15     300.00 A
06630000 2013 12 16     320.00 A
06630000 2013 12 17     340.00 A
06630000 2013 12 18     370.00 A
06630000 2013 12 19     410.00 A
06630000 2013 12 20     430.00 A
06630000 2013 12 21     420.00 A
06630000 2013 12 22     390.00 A
06630000 2013 12 23     380.00 A
06630000 2013 12 24     380.00 A
06630000 2013 12 25     380.00 A
06630000 2013 12 26     380.00 A
06630000 2013 12 27     400.00 A
06630000 2013 12 28     420.00 A
06630000 2013 12 29     430.00 A
06630000 2013 12 30     430.00 A
06630000 2013 12 31     439.00 A
06630000 2014 01 01     441.00 A
06630000 2014 01 02     417.00 A
06630000 2014 01 03     402.00 A
06630000 2014 01 04     412.00 A
06630000 2014 01 05     420.00 A
06630000 2014 01 06     394.00 A
06630000 2014 01 07     389.00 A
06630000 2014 01 08     397.00 A
06630000 2014 01 09     415.00 A
06630000 2014 01 10     420.00 A
06630000 2014 01 11     410.00 A
06630000 2014 01 12     400.00 A
06630000 2014 01 13     390.00 A
06630000 2014 01 14     390.00 A
06630000 2014 01 15     390.00 A
06630000 2014 01 16     380.00 A
06630000 2014 01 17     380.00 A
06630000 2014 01 18     380.00 A
06630000 2014 01 19     370.00 A
06630000 2014 01 20     370.00 A
06630000 2014 01 21     360.00 A
06630000 2014 01 22     360.00 A
06630000 2014 01 23     350.00 A
06630000 2014 01 24     350.00 A
06630000 2014 01 25     360.00 A
06630000 2014 01 26     380.00 A
06630000 2014 01 27     380.00 A
06630000 2014 01 28     370.00 A
06630000 2014 01 29     370.00 A
06630000 2014 01 30     380.00 A
06630000 2014 01 31     380.00 A
06630000 2014 02 01     370.00 A
06630000 2014 02 02     370.00 A
06630000 2014 02 03     360.00 A
06630000 2014 02 04     350.00 A
06630000 2014 02 05     350.00 A
06630000 2014 02 06     340.00 A
06630000 2014 02 07     340.00 A
06630000 2014 02 08     350.00 A
06630000 2014 02 09     360.00 A
06630000 2014 02 10     360.00 A
06630000 2014 02 11     370.00 A
06630000 2014 02 12     370.00 A
06630000 2014 02 13     360.00 A
06630000 2014 02 14     370.00 A
06630000 2014 02 15     380.00 A
06630000 2014 02 16     400.00 A
06630000 2014 02 17     420.00 A
06630000 2014 02 18     430.00 A
06630000 2014 02 19     430.00 A
06630000 2014 02 20     420.00 A
06630000 2014 02 21     410.00 A
06630000 2014 02 22     400.00 A
06630000 2014 02 23     390.00 A
06630000 2014 02 24     400.00 A
06630000 2014 02 25     410.00 A
06630000 2014 02 26     410.00 A
06630000 2014 02 27     420.00 A
06630000 2014 02 28     440.00 A
06630000 2014 03 01     450.00 A
06630000 2014 03 02     460.00 A
06630000 2014 03 03     470.00 A
06630000 2014 03 04     480.00 A
06630000 2014 03 05     490.00 A
06630000 2014 03 06     514.00 A
06630000 2014 03 07     520.00 A
06630000 2014 03 08     490.00 A
06630000 2014 03 09     540.00 A
06630000 2014 03 10     580.00 A
06630000 2014 03 11     569.00 A
06630000 2014 03 12     588.00 A
06630000 2014 03 13     488.00 A
06630000 2014 03 14     511.00 A
06630000 2014 03 15     540.00 A
06630000 2014 03 16     559.00 A
06630000 2014 03 17     501.00 A
06630000 2014 03 18     563.00 A
06630000 2014 03 19     508.00 A
06630000 2014 03 20     500.00 A
06630000 2014 03 21     552.00 A
06630000 2014 03 22     554.00 A
06630000 2014 03 23     566.00 A
06630000 2014 03 24     520.00 A
06630000 2014 03 25     547.00 A
06630000 2014 03 26     540.00 A
06630000 2014 03 27     594.00 A
06630000 2014 03 28     642.00 A
06630000 2014 03 29     656.00 A
06630000 2014 03 30     642.00 A
06630000 2014 03 31     704.00 A
06630000 2014 04 01     782.00 A
06630000 2014 04 02     805.00 A
06630000 2014 04 03     817.00 A
06630000 2014 04 04     781.00 A
06630000 2014 04 05     766.00 A
06630000 2014 04 06     785.00 A
06630000 2014 04 07     766.00 A
06630000 2014 04 08     767.00 A
06630000 2014 04 09     770.00 A
06630000 2014 04 10     919.00 A
06630000 2014 04 11     1440.00 A
06630000 2014 04 12     2040.00 A
06630000 2014 04 13     2280.00 A
06630000 2014 04 14     2490.00 A
06630000 2014 04 15     2230.00 A
06630000 2014 04 16     1960.00 A
06630000 2014 04 17     1730.00 A
06630000 2014 04 18     1590.00 A
06630000 2014 04 19     1550.00 A
06630000 2014 04 20     1790.00 A
06630000 2014 04 21     2140.00 A
06630000 2014 04 22     2520.00 A
06630000 2014 04 23     2940.00 A
06630000 2014 04 24     3330.00 A
06630000 2014 04 25     3440.00 A
06630000 2014 04 26     3530.00 A
06630000 2014 04 27     3590.00 A
06630000 2014 04 28     3630.00 A
06630000 2014 04 29     3440.00 A
06630000 2014 04 30     3210.00 A
06630000 2014 05 01     2760.00 A
06630000 2014 05 02     2420.00 A
06630000 2014 05 03     2280.00 A
06630000 2014 05 04     2500.00 A
06630000 2014 05 05     3140.00 A
06630000 2014 05 06     3860.00 A
06630000 2014 05 07     4480.00 A
06630000 2014 05 08     4920.00 A
06630000 2014 05 09     4740.00 A
06630000 2014 05 10     4350.00 A
06630000 2014 05 11     4320.00 A
06630000 2014 05 12     4000.00 A
06630000 2014 05 13     3680.00 A
06630000 2014 05 14     3580.00 A
06630000 2014 05 15     3620.00 A
06630000 2014 05 16     3620.00 A
06630000 2014 05 17     3790.00 A
06630000 2014 05 18     4450.00 A
06630000 2014 05 19     5140.00 A
06630000 2014 05 20     5840.00 A
06630000 2014 05 21     6350.00 A
06630000 2014 05 22     6820.00 A
06630000 2014 05 23     7150.00 A
06630000 2014 05 24     7620.00 A
06630000 2014 05 25     9020.00 A
06630000 2014 05 26     10300.00 A
06630000 2014 05 27     11700.00 A
06630000 2014 05 28     13300.00 A
06630000 2014 05 29     13600.00 A
06630000 2014 05 30     13500.00 A
06630000 2014 05 31     13600.00 A
06630000 2014 06 01     13300.00 A
06630000 2014 06 02     13300.00 A
06630000 2014 06 03     13200.00 A
06630000 2014 06 04     12200.00 A
06630000 2014 06 05     11300.00 A
06630000 2014 06 06     10600.00 A
06630000 2014 06 07     9870.00 A
06630000 2014 06 08     9290.00 A
06630000 2014 06 09     9170.00 A
06630000 2014 06 10     8120.00 A
06630000 2014 06 11     7330.00 A
06630000 2014 06 12     6900.00 A
06630000 2014 06 13     6470.00 A
06630000 2014 06 14     6470.00 A
06630000 2014 06 15     6270.00 A
06630000 2014 06 16     5560.00 A
06630000 2014 06 17     5120.00 A
06630000 2014 06 18     4660.00 A
06630000 2014 06 19     4270.00 A
06630000 2014 06 20     3880.00 A
06630000 2014 06 21     3770.00 A
06630000 2014 06 22     3700.00 A
06630000 2014 06 23     3640.00 A
06630000 2014 06 24     3560.00 A
06630000 2014 06 25     3440.00 A
06630000 2014 06 26     3370.00 A
06630000 2014 06 27     3290.00 A
06630000 2014 06 28     3350.00 A
06630000 2014 06 29     3170.00 A
06630000 2014 06 30     2890.00 A
06630000 2014 07 01     2570.00 A
06630000 2014 07 02     2360.00 A
06630000 2014 07 03     2180.00 A
06630000 2014 07 04     2050.00 A
06630000 2014 07 05     1960.00 A
06630000 2014 07 06     1860.00 A
06630000 2014 07 07     1780.00 A
06630000 2014 07 08     1700.00 A
06630000 2014 07 09     1560.00 A
06630000 2014 07 10     1420.00 A
06630000 2014 07 11     1380.00 A
06630000 2014 07 12     1760.00 A
06630000 2014 07 13     1740.00 A
06630000 2014 07 14     1800.00 A
06630000 2014 07 15     1660.00 A
06630000 2014 07 16     1500.00 A
06630000 2014 07 17     1460.00 A
06630000 2014 07 18     1480.00 A
06630000 2014 07 19     1450.00 A
06630000 2014 07 20     1350.00 A
06630000 2014 07 21     1210.00 A
06630000 2014 07 22     1060.00 A
06630000 2014 07 23     979.00 A
06630000 2014 07 24     911.00 A
06630000 2014 07 25     855.00 A
06630000 2014 07 26     801.00 A
06630000 2014 07 27     778.00 A
06630000 2014 07 28     758.00 A
06630000 2014 07 29     749.00 A
06630000 2014 07 30     970.00 A
06630000 2014 07 31     1180.00 A
06630000 2014 08 01     1220.00 A
06630000 2014 08 02     1300.00 A
06630000 2014 08 03     1170.00 A
06630000 2014 08 04     1010.00 A
06630000 2014 08 05     878.00 A
06630000 2014 08 06     801.00 A
06630000 2014 08 07     784.00 A
06630000 2014 08 08     821.00 A
06630000 2014 08 09     811.00 A
06630000 2014 08 10     756.00 A
06630000 2014 08 11     688.00 A
06630000 2014 08 12     652.00 A
06630000 2014 08 13     621.00 A
06630000 2014 08 14     611.00 A
06630000 2014 08 15     649.00 A
06630000 2014 08 16     640.00 A
06630000 2014 08 17     637.00 A
06630000 2014 08 18     625.00 A
06630000 2014 08 19     585.00 A
06630000 2014 08 20     551.00 A
06630000 2014 08 21     570.00 A
06630000 2014 08 22     619.00 A
06630000 2014 08 23     630.00 A
06630000 2014 08 24     629.00 A
06630000 2014 08 25     643.00 A
06630000 2014 08 26     662.00 A
06630000 2014 08 27     744.00 A
06630000 2014 08 28     816.00 A
06630000 2014 08 29     961.00 A
06630000 2014 08 30     963.00 A
06630000 2014 08 31     911.00 A
06630000 2014 09 01     902.00 A
06630000 2014 09 02     1030.00 A
06630000 2014 09 03     903.00 A
06630000 2014 09 04     763.00 A
06630000 2014 09 05     669.00 A
06630000 2014 09 06     679.00 A
06630000 2014 09 07     729.00 A
06630000 2014 09 08     689.00 A
06630000 2014 09 09     652.00 A
06630000 2014 09 10     707.00 A
06630000 2014 09 11     874.00 A
06630000 2014 09 12     808.00 A
06630000 2014 09 13     825.00 A
06630000 2014 09 14     786.00 A
06630000 2014 09 15     706.00 A
06630000 2014 09 16     648.00 A
06630000 2014 09 17     628.00 A
06630000 2014 09 18     601.00 A
06630000 2014 09 19     575.00 A
06630000 2014 09 20     566.00 A
06630000 2014 09 21     535.00 A
06630000 2014 09 22     512.00 A
06630000 2014 09 23     531.00 A
06630000 2014 09 24     582.00 A
06630000 2014 09 25     608.00 A
06630000 2014 09 26     604.00 A
06630000 2014 09 27     557.00 A
06630000 2014 09 28     535.00 A
06630000 2014 09 29     573.00 A
06630000 2014 09 30     656.00 A
06630000 2014 10 01     694.00 A
06630000 2014 10 02     763.00 A
06630000 2014 10 03     829.00 A
06630000 2014 10 04     852.00 A
06630000 2014 10 05     786.00 A
06630000 2014 10 06     725.00 A
06630000 2014 10 07     673.00 A
06630000 2014 10 08     643.00 A
06630000 2014 10 09     626.00 A
06630000 2014 10 10     613.00 A
06630000 2014 10 11     604.00 A
06630000 2014 10 12     651.00 A
06630000 2014 10 13     689.00 A
06630000 2014 10 14     734.00 A
06630000 2014 10 15     748.00 A
06630000 2014 10 16     758.00 A
06630000 2014 10 17     736.00 A
06630000 2014 10 18     707.00 A
06630000 2014 10 19     676.00 A
06630000 2014 10 20     655.00 A
06630000 2014 10 21     638.00 A
06630000 2014 10 22     636.00 A
06630000 2014 10 23     672.00 A
06630000 2014 10 24     701.00 A
06630000 2014 10 25     678.00 A
06630000 2014 10 26     654.00 A
06630000 2014 10 27     638.00 A
06630000 2014 10 28     658.00 A
06630000 2014 10 29     661.00 A
06630000 2014 10 30     674.00 A
06630000 2014 10 31     688.00 A
06630000 2014 11 01     688.00 A
06630000 2014 11 02     698.00 A
06630000 2014 11 03     708.00 A
06630000 2014 11 04     718.00 A
06630000 2014 11 05     682.00 A
06630000 2014 11 06     667.00 A
06630000 2014 11 07     667.00 A
06630000 2014 11 08     660.00 A
06630000 2014 11 09     664.00 A
06630000 2014 11 10     655.00 A
06630000 2014 11 11     650.00 A
06630000 2014 11 12     550.00 A
06630000 2014 11 13     410.00 A
06630000 2014 11 14     390.00 A
06630000 2014 11 15     450.00 A
06630000 2014 11 16     540.00 A
06630000 2014 11 17     620.00 A
06630000 2014 11 18     660.00 A
06630000 2014 11 19     680.00 A
06630000 2014 11 20     680.00 A
06630000 2014 11 21     660.00 A
06630000 2014 11 22     640.00 A
06630000 2014 11 23     630.00 A
06630000 2014 11 24     620.00 A
06630000 2014 11 25     610.00 A
06630000 2014 11 26     600.00 A
06630000 2014 11 27     610.00 A
06630000 2014 11 28     610.00 A
06630000 2014 11 29     620.00 A
06630000 2014 11 30     630.00 A
06630000 2014 12 01     630.00 A
06630000 2014 12 02     630.00 A
06630000 2014 12 03     620.00 A
06630000 2014 12 04     620.00 A
06630000 2014 12 05     610.00 A
06630000 2014 12 06     600.00 A
06630000 2014 12 07     600.00 A
06630000 2014 12 08     600.00 A
06630000 2014 12 09     590.00 A
06630000 2014 12 10     590.00 A
06630000 2014 12 11     580.00 A
06630000 2014 12 12     580.00 A
06630000 2014 12 13     580.00 A
06630000 2014 12 14     570.00 A
06630000 2014 12 15     550.00 A
06630000 2014 12 16     560.00 A
06630000 2014 12 17     560.00 A
06630000 2014 12 18     550.00 A
06630000 2014 12 19     550.00 A
06630000 2014 12 20     550.00 A
06630000 2014 12 21     550.00 A
06630000 2014 12 22     540.00 A
06630000 2014 12 23     530.00 A
06630000 2014 12 24     520.00 A
06630000 2014 12 25     520.00 A
06630000 2014 12 26     520.00 A
06630000 2014 12 27     520.00 A
06630000 2014 12 28     510.00 A
06630000 2014 12 29     500.00 A
06630000 2014 12 30     490.00 A
06630000 2014 12 31     500.00 A
06630000 2015 01 01     490.00 A
06630000 2015 01 02     490.00 A
06630000 2015 01 03     500.00 A
06630000 2015 01 04     500.00 A
06630000 2015 01 05     510.00 A
06630000 2015 01 06     520.00 A
06630000 2015 01 07     520.00 A
06630000 2015 01 08     530.00 A
06630000 2015 01 09     530.00 A
06630000 2015 01 10     530.00 A
06630000 2015 01 11     520.00 A
06630000 2015 01 12     510.00 A
06630000 2015 01 13     510.00 A
06630000 2015 01 14     510.00 A
06630000 2015 01 15     500.00 A
06630000 2015 01 16     490.00 A
06630000 2015 01 17     500.00 A
06630000 2015 01 18     500.00 A
06630000 2015 01 19     510.00 A
06630000 2015 01 20     520.00 A
06630000 2015 01 21     490.00 A
06630000 2015 01 22     480.00 A
06630000 2015 01 23     490.00 A
06630000 2015 01 24     500.00 A
06630000 2015 01 25     510.00 A
06630000 2015 01 26     510.00 A
06630000 2015 01 27     510.00 A
06630000 2015 01 28     520.00 A
06630000 2015 01 29     520.00 A
06630000 2015 01 30     520.00 A
06630000 2015 01 31     520.00 A
06630000 2015 02 01     510.00 A
06630000 2015 02 02     510.00 A
06630000 2015 02 03     510.00 A
06630000 2015 02 04     510.00 A
06630000 2015 02 05     510.00 A
06630000 2015 02 06     520.00 A
06630000 2015 02 07     520.00 A
06630000 2015 02 08     520.00 A
06630000 2015 02 09     520.00 A
06630000 2015 02 10     510.00 A
06630000 2015 02 11     510.00 A
06630000 2015 02 12     500.00 A
06630000 2015 02 13     500.00 A
06630000 2015 02 14     500.00 A
06630000 2015 02 15     500.00 A
06630000 2015 02 16     500.00 A
06630000 2015 02 17     490.00 A
06630000 2015 02 18     490.00 A
06630000 2015 02 19     490.00 A
06630000 2015 02 20     500.00 A
06630000 2015 02 21     500.00 A
06630000 2015 02 22     490.00 A
06630000 2015 02 23     500.00 A
06630000 2015 02 24     490.00 A
06630000 2015 02 25     490.00 A
06630000 2015 02 26     490.00 A
06630000 2015 02 27     490.00 A
06630000 2015 02 28     490.00 A
06630000 2015 03 01     490.00 A
06630000 2015 03 02     500.00 A
06630000 2015 03 03     500.00 A
06630000 2015 03 04     480.00 A
06630000 2015 03 05     490.00 A
06630000 2015 03 06     490.00 A
06630000 2015 03 07     500.00 A
06630000 2015 03 08     510.00 A
06630000 2015 03 09     520.00 A
06630000 2015 03 10     540.00 A
06630000 2015 03 11     560.00 A
06630000 2015 03 12     583.00 A
06630000 2015 03 13     607.00 A
06630000 2015 03 14     593.00 A
06630000 2015 03 15     635.00 A
06630000 2015 03 16     777.00 A
06630000 2015 03 17     1050.00 A
06630000 2015 03 18     1170.00 A
06630000 2015 03 19     1310.00 A
06630000 2015 03 20     1780.00 A
06630000 2015 03 21     1690.00 A
06630000 2015 03 22     1520.00 A
06630000 2015 03 23     1340.00 A
06630000 2015 03 24     1240.00 A
06630000 2015 03 25     1210.00 A
06630000 2015 03 26     1100.00 A
06630000 2015 03 27     961.00 A
06630000 2015 03 28     897.00 A
06630000 2015 03 29     935.00 A
06630000 2015 03 30     1150.00 A
06630000 2015 03 31     1270.00 A
06630000 2015 04 01     1310.00 A
06630000 2015 04 02     1370.00 A
06630000 2015 04 03     1400.00 A
06630000 2015 04 04     1320.00 A
06630000 2015 04 05     1140.00 A
06630000 2015 04 06     1080.00 A
06630000 2015 04 07     1000.00 A
06630000 2015 04 08     1010.00 A
06630000 2015 04 09     1010.00 A
06630000 2015 04 10     981.00 A
06630000 2015 04 11     891.00 A
06630000 2015 04 12     881.00 A
06630000 2015 04 13     874.00 A
06630000 2015 04 14     859.00 A
06630000 2015 04 15     924.00 A
06630000 2015 04 16     1040.00 A
06630000 2015 04 17     975.00 A
06630000 2015 04 18     973.00 A
06630000 2015 04 19     1030.00 A
06630000 2015 04 20     1070.00 A
06630000 2015 04 21     1060.00 A
06630000 2015 04 22     1070.00 A
06630000 2015 04 23     1090.00 A
06630000 2015 04 24     1080.00 A
06630000 2015 04 25     1040.00 A
06630000 2015 04 26     1020.00 A
06630000 2015 04 27     1040.00 A
06630000 2015 04 28     1100.00 A
06630000 2015 04 29     1180.00 A
06630000 2015 04 30     1340.00 A
06630000 2015 05 01     1540.00 A
06630000 2015 05 02     1710.00 A
06630000 2015 05 03     2020.00 A
06630000 2015 05 04     2210.00 A
06630000 2015 05 05     2350.00 A
06630000 2015 05 06     2520.00 A
06630000 2015 05 07     2880.00 A
06630000 2015 05 08     3200.00 A
06630000 2015 05 09     3270.00 A
06630000 2015 05 10     3420.00 A
06630000 2015 05 11     3260.00 A
06630000 2015 05 12     2940.00 A
06630000 2015 05 13     2640.00 A
06630000 2015 05 14     2510.00 A
06630000 2015 05 15     2390.00 A
06630000 2015 05 16     2450.00 A
06630000 2015 05 17     2400.00 A
06630000 2015 05 18     2420.00 A
06630000 2015 05 19     2580.00 A
06630000 2015 05 20     3050.00 A
06630000 2015 05 21     3110.00 A
06630000 2015 05 22     3090.00 A
06630000 2015 05 23     3300.00 A
06630000 2015 05 24     3680.00 A
06630000 2015 05 25     4210.00 A
06630000 2015 05 26     4030.00 A
06630000 2015 05 27     3850.00 A
06630000 2015 05 28     3760.00 A
06630000 2015 05 29     3970.00 A
06630000 2015 05 30     4080.00 A
06630000 2015 05 31     4040.00 A
06630000 2015 06 01     4130.00 A
06630000 2015 06 02     4490.00 A
06630000 2015 06 03     4750.00 A
06630000 2015 06 04     4870.00 A
06630000 2015 06 05     4830.00 A
06630000 2015 06 06     4890.00 A
06630000 2015 06 07     4870.00 A
06630000 2015 06 08     4790.00 A
06630000 2015 06 09     4690.00 A
06630000 2015 06 10     4670.00 A
06630000 2015 06 11     4580.00 A
06630000 2015 06 12     5000.00 A
06630000 2015 06 13     5600.00 A
06630000 2015 06 14     5740.00 A
06630000 2015 06 15     5210.00 A
06630000 2015 06 16     4950.00 A
06630000 2015 06 17     5570.00 A
06630000 2015 06 18     4710.00 A
06630000 2015 06 19     4170.00 A
06630000 2015 06 20     3700.00 A
06630000 2015 06 21     3280.00 A
06630000 2015 06 22     2920.00 A
06630000 2015 06 23     2560.00 A
06630000 2015 06 24     2250.00 A
06630000 2015 06 25     2060.00 A
06630000 2015 06 26     1920.00 A
06630000 2015 06 27     1730.00 A
06630000 2015 06 28     1540.00 A
06630000 2015 06 29     1400.00 A
06630000 2015 06 30     1320.00 A
06630000 2015 07 01     1290.00 A
06630000 2015 07 02     1340.00 A
06630000 2015 07 03     1560.00 A
06630000 2015 07 04     1590.00 A
06630000 2015 07 05     1380.00 A
06630000 2015 07 06     1460.00 A
06630000 2015 07 07     1610.00 A
06630000 2015 07 08     1910.00 A
06630000 2015 07 09     2550.00 A
06630000 2015 07 10     2710.00 A
06630000 2015 07 11     2370.00 A
06630000 2015 07 12     2030.00 A
06630000 2015 07 13     1830.00 A
06630000 2015 07 14     1600.00 A
06630000 2015 07 15     1390.00 A
06630000 2015 07 16     1320.00 A
06630000 2015 07 17     1260.00 A
06630000 2015 07 18     1170.00 A
06630000 2015 07 19     1070.00 A
06630000 2015 07 20     1080.00 A
06630000 2015 07 21     1030.00 A
06630000 2015 07 22     963.00 A
06630000 2015 07 23     885.00 A
06630000 2015 07 24     819.00 A
06630000 2015 07 25     750.00 A
06630000 2015 07 26     672.00 A
06630000 2015 07 27     629.00 A
06630000 2015 07 28     581.00 A
06630000 2015 07 29     549.00 A
06630000 2015 07 30     528.00 A
06630000 2015 07 31     494.00 A
06630000 2015 08 01     465.00 A
06630000 2015 08 02     441.00 A
06630000 2015 08 03     430.00 A
06630000 2015 08 04     428.00 A
06630000 2015 08 05     435.00 A
06630000 2015 08 06     433.00 A
06630000 2015 08 07     439.00 A
06630000 2015 08 08     414.00 A
06630000 2015 08 09     405.00 A
06630000 2015 08 10     395.00 A
06630000 2015 08 11     386.00 A
06630000 2015 08 12     366.00 A
06630000 2015 08 13     363.00 A
06630000 2015 08 14     366.00 A
06630000 2015 08 15     359.00 A
06630000 2015 08 16     369.00 A
06630000 2015 08 17     431.00 A
06630000 2015 08 18     438.00 A
06630000 2015 08 19     402.00 A
06630000 2015 08 20     384.00 A
06630000 2015 08 21     348.00 A
06630000 2015 08 22     317.00 A
06630000 2015 08 23     298.00 A
06630000 2015 08 24     277.00 A
06630000 2015 08 25     266.00 A
06630000 2015 08 26     254.00 A
06630000 2015 08 27     261.00 A
06630000 2015 08 28     314.00 A
06630000 2015 08 29     347.00 A
06630000 2015 08 30     334.00 A
06630000 2015 08 31     312.00 A
06630000 2015 09 01     305.00 A
06630000 2015 09 02     331.00 A
06630000 2015 09 03     338.00 A
06630000 2015 09 04     321.00 A
06630000 2015 09 05     326.00 A
06630000 2015 09 06     330.00 A
06630000 2015 09 07     304.00 A
06630000 2015 09 08     293.00 A
06630000 2015 09 09     280.00 A
06630000 2015 09 10     261.00 A
06630000 2015 09 11     242.00 A
06630000 2015 09 12     240.00 A
06630000 2015 09 13     238.00 A
06630000 2015 09 14     228.00 A
06630000 2015 09 15     216.00 A
06630000 2015 09 16     230.00 A
06630000 2015 09 17     274.00 A
06630000 2015 09 18     336.00 A
06630000 2015 09 19     405.00 A
06630000 2015 09 20     441.00 A
06630000 2015 09 21     395.00 A
06630000 2015 09 22     361.00 A
06630000 2015 09 23     335.00 A
06630000 2015 09 24     313.00 A
06630000 2015 09 25     295.00 A
06630000 2015 09 26     282.00 A
06630000 2015 09 27     272.00 A
06630000 2015 09 28     270.00 A
06630000 2015 09 29     275.00 A
06630000 2015 09 30     282.00 A
06630000 2015 10 01     286.00 A
06630000 2015 10 02     290.00 A
06630000 2015 10 03     289.00 A
06630000 2015 10 04     288.00 A
06630000 2015 10 05     304.00 A
06630000 2015 10 06     312.00 A
06630000 2015 10 07     328.00 A
06630000 2015 10 08     345.00 A
06630000 2015 10 09     384.00 A
06630000 2015 10 10     402.00 A
06630000 2015 10 11     374.00 A
06630000 2015 10 12     350.00 A
06630000 2015 10 13     343.00 A
06630000 2015 10 14     343.00 A
06630000 2015 10 15     342.00 A
06630000 2015 10 16     340.00 A
06630000 2015 10 17     339.00 A
06630000 2015 10 18     331.00 A
06630000 2015 10 19     328.00 A
06630000 2015 10 20     327.00 A
06630000 2015 10 21     340.00 A
06630000 2015 10 22     377.00 A
06630000 2015 10 23     442.00 A
06630000 2015 10 24     611.00 A
06630000 2015 10 25     590.00 A
06630000 2015 10 26     551.00 A
06630000 2015 10 27     521.00 A
06630000 2015 10 28     530.00 A
06630000 2015 10 29     505.00 A
06630000 2015 10 30     485.00 A
06630000 2015 10 31     488.00 A
06630000 2015 11 01     486.00 A
06630000 2015 11 02     465.00 A
06630000 2015 11 03     446.00 A
06630000 2015 11 04     443.00 A
06630000 2015 11 05     435.00 A
06630000 2015 11 06     434.00 A
06630000 2015 11 07     432.00 A
06630000 2015 11 08     400.00 A
06630000 2015 11 09     370.00 A
06630000 2015 11 10     369.00 A
06630000 2015 11 11     435.00 A
06630000 2015 11 12     453.00 A
06630000 2015 11 13     470.00 A
06630000 2015 11 14     411.00 A
06630000 2015 11 15     370.00 A
06630000 2015 11 16     384.00 A
06630000 2015 11 17     422.00 A
06630000 2015 11 18     450.00 A
06630000 2015 11 19     480.00 A
06630000 2015 11 20     490.00 A
06630000 2015 11 21     430.00 A
06630000 2015 11 22     370.00 A
06630000 2015 11 23     390.00 A
06630000 2015 11 24     430.00 A
06630000 2015 11 25     440.00 A
06630000 2015 11 26     440.00 A
06630000 2015 11 27     450.00 A
06630000 2015 11 28     420.00 A
06630000 2015 11 29     450.00 A
06630000 2015 11 30     480.00 A
06630000 2015 12 01     500.00 A
06630000 2015 12 02     500.00 A
06630000 2015 12 03     520.00 A
06630000 2015 12 04     530.00 A
06630000 2015 12 05     530.00 A
06630000 2015 12 06     520.00 A
06630000 2015 12 07     500.00 A
06630000 2015 12 08     510.00 A
06630000 2015 12 09     530.00 A
06630000 2015 12 10     530.00 A
06630000 2015 12 11     540.00 A
06630000 2015 12 12     520.00 A
06630000 2015 12 13     500.00 A
06630000 2015 12 14     460.00 A
06630000 2015 12 15     430.00 A
06630000 2015 12 16     450.00 A
06630000 2015 12 17     470.00 A
06630000 2015 12 18     470.00 A
06630000 2015 12 19     500.00 A
06630000 2015 12 20     490.00 A
06630000 2015 12 21     490.00 A
06630000 2015 12 22     480.00 A
06630000 2015 12 23     470.00 A
06630000 2015 12 24     460.00 A
06630000 2015 12 25     450.00 A
06630000 2015 12 26     430.00 A
06630000 2015 12 27     400.00 A
06630000 2015 12 28     430.00 A
06630000 2015 12 29     450.00 A
06630000 2015 12 30     430.00 A
06630000 2015 12 31     420.00 A
06630000 2016 01 01     390.00 A
06630000 2016 01 02     400.00 A
06630000 2016 01 03     430.00 A
06630000 2016 01 04     440.00 A
06630000 2016 01 05     470.00 A
06630000 2016 01 06     480.00 A
06630000 2016 01 07     480.00 A
06630000 2016 01 08     470.00 A
06630000 2016 01 09     460.00 A
06630000 2016 01 10     460.00 A
06630000 2016 01 11     450.00 A
06630000 2016 01 12     450.00 A
06630000 2016 01 13     450.00 A
06630000 2016 01 14     430.00 A
06630000 2016 01 15     400.00 A
06630000 2016 01 16     390.00 A
06630000 2016 01 17     400.00 A
06630000 2016 01 18     420.00 A
06630000 2016 01 19     430.00 A
06630000 2016 01 20     420.00 A
06630000 2016 01 21     410.00 A
06630000 2016 01 22     380.00 A
06630000 2016 01 23     410.00 A
06630000 2016 01 24     410.00 A
06630000 2016 01 25     400.00 A
06630000 2016 01 26     380.00 A
06630000 2016 01 27     370.00 A
06630000 2016 01 28     380.00 A
06630000 2016 01 29     380.00 A
06630000 2016 01 30     370.00 A
06630000 2016 01 31     390.00 A
06630000 2016 02 01     390.00 A
06630000 2016 02 02     370.00 A
06630000 2016 02 03     400.00 A
06630000 2016 02 04     410.00 A
06630000 2016 02 05     410.00 A
06630000 2016 02 06     420.00 A
06630000 2016 02 07     420.00 A
06630000 2016 02 08     430.00 A
06630000 2016 02 09     430.00 A
06630000 2016 02 10     440.00 A
06630000 2016 02 11     450.00 A
06630000 2016 02 12     460.00 A
06630000 2016 02 13     450.00 A
06630000 2016 02 14     440.00 A
06630000 2016 02 15     450.00 A
06630000 2016 02 16     460.00 A
06630000 2016 02 17     460.00 A
06630000 2016 02 18     470.00 A
06630000 2016 02 19     470.00 A
06630000 2016 02 20     510.00 A
06630000 2016 02 21     550.00 A
06630000 2016 02 22     580.00 A
06630000 2016 02 23     540.00 A
06630000 2016 02 24     540.00 A
06630000 2016 02 25     570.00 A
06630000 2016 02 26     610.00 A
06630000 2016 02 27     680.00 A
06630000 2016 02 28     760.00 A
06630000 2016 02 29     810.00 A
06630000 2016 03 01     820.00 A
06630000 2016 03 02     780.00 A
06630000 2016 03 03     730.00 A
06630000 2016 03 04     720.00 A
06630000 2016 03 05     710.00 A
06630000 2016 03 06     690.00 A
06630000 2016 03 07     660.00 A
06630000 2016 03 08     650.00 A
06630000 2016 03 09     620.00 A
06630000 2016 03 10     584.00 A
06630000 2016 03 11     582.00 A
06630000 2016 03 12     626.00 A
06630000 2016 03 13     640.00 A
06630000 2016 03 14     659.00 A
06630000 2016 03 15     685.00 A
06630000 2016 03 16     633.00 A
06630000 2016 03 17     645.00 A
06630000 2016 03 18     662.00 A
06630000 2016 03 19     627.00 A
06630000 2016 03 20     612.00 A
06630000 2016 03 21     552.00 A
06630000 2016 03 22     615.00 A
06630000 2016 03 23     677.00 A
06630000 2016 03 24     738.00 A
06630000 2016 03 25     684.00 A
06630000 2016 03 26     691.00 A
06630000 2016 03 27     652.00 A
06630000 2016 03 28     603.00 A
06630000 2016 03 29     659.00 A
06630000 2016 03 30     769.00 A
06630000 2016 03 31     772.00 A
06630000 2016 04 01     712.00 A
06630000 2016 04 02     715.00 A
06630000 2016 04 03     716.00 A
06630000 2016 04 04     842.00 A
06630000 2016 04 05     985.00 A
06630000 2016 04 06     1200.00 A
06630000 2016 04 07     1220.00 A
06630000 2016 04 08     1390.00 A
06630000 2016 04 09     1530.00 A
06630000 2016 04 10     1690.00 A
06630000 2016 04 11     2210.00 A
06630000 2016 04 12     2720.00 A
06630000 2016 04 13     2910.00 A
06630000 2016 04 14     2730.00 A
06630000 2016 04 15     2840.00 A
06630000 2016 04 16     2930.00 A
06630000 2016 04 17     2700.00 A
06630000 2016 04 18     2260.00 A
06630000 2016 04 19     1960.00 A
06630000 2016 04 20     1860.00 A
06630000 2016 04 21     1790.00 A
06630000 2016 04 22     1840.00 A
06630000 2016 04 23     2020.00 A
06630000 2016 04 24     2380.00 A
06630000 2016 04 25     2750.00 A
06630000 2016 04 26     2960.00 A
06630000 2016 04 27     3170.00 A
06630000 2016 04 28     3100.00 A
06630000 2016 04 29     2890.00 A
06630000 2016 04 30     2740.00 A
06630000 2016 05 01     2590.00 A
06630000 2016 05 02     2350.00 A
06630000 2016 05 03     2180.00 A
06630000 2016 05 04     2230.00 A
06630000 2016 05 05     2420.00 A
06630000 2016 05 06     2840.00 A
06630000 2016 05 07     3720.00 A
06630000 2016 05 08     5270.00 A
06630000 2016 05 09     6180.00 A
06630000 2016 05 10     5930.00 A
06630000 2016 05 11     6060.00 A
06630000 2016 05 12     5550.00 A
06630000 2016 05 13     5150.00 A
06630000 2016 05 14     5120.00 A
06630000 2016 05 15     5500.00 A
06630000 2016 05 16     6700.00 A
06630000 2016 05 17     7850.00 A
06630000 2016 05 18     7890.00 A
06630000 2016 05 19     7430.00 A
06630000 2016 05 20     7430.00 A
06630000 2016 05 21     7590.00 A
06630000 2016 05 22     8000.00 A
06630000 2016 05 23     8370.00 A
06630000 2016 05 24     7920.00 A
06630000 2016 05 25     7360.00 A
06630000 2016 05 26     6940.00 A
06630000 2016 05 27     6440.00 A
06630000 2016 05 28     6070.00 A
06630000 2016 05 29     5840.00 A
06630000 2016 05 30     5840.00 A
06630000 2016 05 31     6060.00 A
06630000 2016 06 01     6170.00 A
06630000 2016 06 02     6240.00 A
06630000 2016 06 03     6390.00 A
06630000 2016 06 04     6870.00 A
06630000 2016 06 05     7550.00 A
06630000 2016 06 06     8030.00 A
06630000 2016 06 07     8270.00 A
06630000 2016 06 08     8460.00 A
06630000 2016 06 09     8950.00 A
06630000 2016 06 10     8760.00 A
06630000 2016 06 11     8820.00 A
06630000 2016 06 12     8640.00 A
06630000 2016 06 13     8350.00 A
06630000 2016 06 14     7970.00 A
06630000 2016 06 15     7360.00 A
06630000 2016 06 16     6630.00 A
06630000 2016 06 17     6040.00 A
06630000 2016 06 18     5280.00 A
06630000 2016 06 19     4750.00 A
06630000 2016 06 20     4380.00 A
06630000 2016 06 21     4060.00 A
06630000 2016 06 22     3840.00 A
06630000 2016 06 23     3550.00 A
06630000 2016 06 24     3450.00 A
06630000 2016 06 25     3270.00 A
06630000 2016 06 26     2930.00 A
06630000 2016 06 27     2560.00 A
06630000 2016 06 28     2220.00 A
06630000 2016 06 29     1930.00 A
06630000 2016 06 30     1780.00 A
06630000 2016 07 01     2010.00 A
06630000 2016 07 02     2260.00 A
06630000 2016 07 03     2260.00 A
06630000 2016 07 04     2040.00 A
06630000 2016 07 05     1870.00 A
06630000 2016 07 06     1800.00 A
06630000 2016 07 07     1690.00 A
06630000 2016 07 08     1460.00 A
06630000 2016 07 09     1300.00 A
06630000 2016 07 10     1150.00 A
06630000 2016 07 11     1000.00 A
06630000 2016 07 12     877.00 A
06630000 2016 07 13     806.00 A
06630000 2016 07 14     747.00 A
06630000 2016 07 15     704.00 A
06630000 2016 07 16     665.00 A
06630000 2016 07 17     639.00 A
06630000 2016 07 18     636.00 A
06630000 2016 07 19     599.00 A
06630000 2016 07 20     591.00 A
06630000 2016 07 21     620.00 A
06630000 2016 07 22     656.00 A
06630000 2016 07 23     626.00 A
06630000 2016 07 24     600.00 A
06630000 2016 07 25     582.00 A
06630000 2016 07 26     547.00 A
06630000 2016 07 27     535.00 A
06630000 2016 07 28     491.00 A
06630000 2016 07 29     469.00 A
06630000 2016 07 30     449.00 A
06630000 2016 07 31     426.00 A
06630000 2016 08 01     408.00 A
06630000 2016 08 02     412.00 A
06630000 2016 08 03     399.00 A
06630000 2016 08 04     389.00 A
06630000 2016 08 05     377.00 A
06630000 2016 08 06     393.00 A
06630000 2016 08 07     417.00 A
06630000 2016 08 08     461.00 A
06630000 2016 08 09     464.00 A
06630000 2016 08 10     413.00 A
06630000 2016 08 11     379.00 A
06630000 2016 08 12     346.00 A
06630000 2016 08 13     342.00 A
06630000 2016 08 14     330.00 A
06630000 2016 08 15     303.00 A
06630000 2016 08 16     294.00 A
06630000 2016 08 17     288.00 A
06630000 2016 08 18     277.00 A
06630000 2016 08 19     271.00 A
06630000 2016 08 20     271.00 A
06630000 2016 08 21     271.00 A
06630000 2016 08 22     271.00 A
06630000 2016 08 23     251.00 A
06630000 2016 08 24     246.00 A
06630000 2016 08 25     242.00 A
06630000 2016 08 26     247.00 A
06630000 2016 08 27     241.00 A
06630000 2016 08 28     226.00 A
06630000 2016 08 29     217.00 A
06630000 2016 08 30     205.00 A
06630000 2016 08 31     203.00 A
06630000 2016 09 01     199.00 A
06630000 2016 09 02     192.00 A
06630000 2016 09 03     188.00 A
06630000 2016 09 04     209.00 A
06630000 2016 09 05     246.00 A
06630000 2016 09 06     297.00 A
06630000 2016 09 07     305.00 A
06630000 2016 09 08     276.00 A
06630000 2016 09 09     255.00 A
06630000 2016 09 10     242.00 A
06630000 2016 09 11     220.00 A
06630000 2016 09 12     203.00 A
06630000 2016 09 13     190.00 A
06630000 2016 09 14     181.00 A
06630000 2016 09 15     195.00 A
06630000 2016 09 16     206.00 A
06630000 2016 09 17     229.00 A
06630000 2016 09 18     227.00 A
06630000 2016 09 19     216.00 A
06630000 2016 09 20     204.00 A
06630000 2016 09 21     197.00 A
06630000 2016 09 22     219.00 A
06630000 2016 09 23     228.00 A
06630000 2016 09 24     268.00 A
06630000 2016 09 25     285.00 A
06630000 2016 09 26     299.00 A
06630000 2016 09 27     301.00 A
06630000 2016 09 28     304.00 A
06630000 2016 09 29     302.00 A
06630000 2016 09 30     289.00 A
06630000 2016 10 01     285.00 A
06630000 2016 10 02     302.00 A
06630000 2016 10 03     306.00 A
06630000 2016 10 04     310.00 A
06630000 2016 10 05     337.00 A
06630000 2016 10 06     346.00 A
06630000 2016 10 07     346.00 A
06630000 2016 10 08     360.00 A
06630000 2016 10 09     351.00 A
06630000 2016 10 10     357.00 A
06630000 2016 10 11     355.00 A
06630000 2016 10 12     359.00 A
06630000 2016 10 13     378.00 A
06630000 2016 10 14     395.00 A
06630000 2016 10 15     392.00 A
06630000 2016 10 16     376.00 A
06630000 2016 10 17     366.00 A
06630000 2016 10 18     368.00 A
06630000 2016 10 19     392.00 A
06630000 2016 10 20     402.00 A
06630000 2016 10 21     416.00 A
06630000 2016 10 22     403.00 A
06630000 2016 10 23     410.00 A
06630000 2016 10 24     409.00 A
06630000 2016 10 25     417.00 A
06630000 2016 10 26     420.00 A
06630000 2016 10 27     435.00 A
06630000 2016 10 28     436.00 A
06630000 2016 10 29     430.00 A
06630000 2016 10 30     434.00 A
06630000 2016 10 31     443.00 A
06630000 2016 11 01     445.00 A
06630000 2016 11 02     457.00 A
06630000 2016 11 03     490.00 A
06630000 2016 11 04     500.00 A
06630000 2016 11 05     468.00 A
06630000 2016 11 06     445.00 A
06630000 2016 11 07     445.00 A
06630000 2016 11 08     449.00 A
06630000 2016 11 09     440.00 A
06630000 2016 11 10     424.00 A
06630000 2016 11 11     412.00 A
06630000 2016 11 12     416.00 A
06630000 2016 11 13     416.00 A
06630000 2016 11 14     409.00 A
06630000 2016 11 15     409.00 A
06630000 2016 11 16     396.00 A
06630000 2016 11 17     404.00 A
06630000 2016 11 18     411.00 A
06630000 2016 11 19     401.00 A
06630000 2016 11 20     329.00 A
06630000 2016 11 21     326.00 A
06630000 2016 11 22     481.00 A
06630000 2016 11 23     565.00 A
06630000 2016 11 24     512.00 A
06630000 2016 11 25     467.00 A
06630000 2016 11 26     439.00 A
06630000 2016 11 27     398.00 A
06630000 2016 11 28     355.00 A
06630000 2016 11 29     321.00 A
06630000 2016 11 30     306.00 A
06630000 2016 12 01     305.00 A
06630000 2016 12 02     326.00 A
06630000 2016 12 03     362.00 A
06630000 2016 12 04     386.00 A
06630000 2016 12 05     428.00 A
06630000 2016 12 06     453.00 A
06630000 2016 12 07     447.00 A
06630000 2016 12 08     420.00 A
06630000 2016 12 09     401.00 A
06630000 2016 12 10     416.00 A
06630000 2016 12 11     456.00 A
06630000 2016 12 12     478.00 A
06630000 2016 12 13     482.00 A
06630000 2016 12 14     473.00 A
06630000 2016 12 15     449.00 A
06630000 2016 12 16     441.00 A
06630000 2016 12 17     435.00 A
06630000 2016 12 18     418.00 A
06630000 2016 12 19     404.00 A
06630000 2016 12 20     402.00 A
06630000 2016 12 21     402.00 A
06630000 2016 12 22     402.00 A
06630000 2016 12 23     402.00 A
06630000 2016 12 24     402.00 A
06630000 2016 12 25     402.00 A
06630000 2016 12 26     400.00 A
06630000 2016 12 27     399.00 A
06630000 2016 12 28     399.00 A
06630000 2016 12 29     396.00 A
06630000 2016 12 30     390.00 A
06630000 2016 12 31     381.00 A
06630000 2017 01 01     376.00 A
06630000 2017 01 02     371.00 A
06630000 2017 01 03     365.00 A
06630000 2017 01 04     358.00 A
06630000 2017 01 05     353.00 A
06630000 2017 01 06     348.00 A
06630000 2017 01 07     346.00 A
06630000 2017 01 08     348.00 A
06630000 2017 01 09     355.00 A
06630000 2017 01 10     364.00 A
06630000 2017 01 11     370.00 A
06630000 2017 01 12     375.00 A
06630000 2017 01 13     379.00 A
06630000 2017 01 14     382.00 A
06630000 2017 01 15     384.00 A
06630000 2017 01 16     383.00 A
06630000 2017 01 17     372.00 A
06630000 2017 01 18     355.00 A
06630000 2017 01 19     346.00 A
06630000 2017 01 20     350.00 A
06630000 2017 01 21     356.00 A
06630000 2017 01 22     367.00 A
06630000 2017 01 23     381.00 A
06630000 2017 01 24     386.00 A
06630000 2017 01 25     388.00 A
06630000 2017 01 26     393.00 A
06630000 2017 01 27     396.00 A
06630000 2017 01 28     408.00 A
06630000 2017 01 29     430.00 A
06630000 2017 01 30     442.00 A
06630000 2017 01 31     468.00 A
06630000 2017 02 01     484.00 A
06630000 2017 02 02     497.00 A
06630000 2017 02 03     503.00 A
06630000 2017 02 04     503.00 A
06630000 2017 02 05     501.00 A
06630000 2017 02 06     496.00 A
06630000 2017 02 07     494.00 A
06630000 2017 02 08     494.00 A
06630000 2017 02 09     499.00 A
06630000 2017 02 10     542.00 A
06630000 2017 02 11     692.00 A
06630000 2017 02 12     1080.00 A
06630000 2017 02 13     1150.00 A
06630000 2017 02 14     1060.00 A
06630000 2017 02 15     1010.00 A
06630000 2017 02 16     946.00 A
06630000 2017 02 17     880.00 A
06630000 2017 02 18     820.00 A
06630000 2017 02 19     777.00 A
06630000 2017 02 20     754.00 A
06630000 2017 02 21     728.00 A
06630000 2017 02 22     700.00 A
06630000 2017 02 23     668.00 A
06630000 2017 02 24     628.00 A
06630000 2017 02 25     587.00 A
06630000 2017 02 26     549.00 A
06630000 2017 02 27     531.00 A
06630000 2017 02 28     523.00 A
06630000 2017 03 01     515.00 A
06630000 2017 03 02     509.00 A
06630000 2017 03 03     511.00 A
06630000 2017 03 04     516.00 A
06630000 2017 03 05     525.00 A
06630000 2017 03 06     534.00 A
06630000 2017 03 07     543.00 A
06630000 2017 03 08     575.00 A
06630000 2017 03 09     606.00 A
06630000 2017 03 10     675.00 A
06630000 2017 03 11     702.00 A
06630000 2017 03 12     761.00 A
06630000 2017 03 13     850.00 A
06630000 2017 03 14     784.00 A
06630000 2017 03 15     844.00 A
06630000 2017 03 16     987.00 A
06630000 2017 03 17     1190.00 A
06630000 2017 03 18     1440.00 A
06630000 2017 03 19     1550.00 A
06630000 2017 03 20     2020.00 A
06630000 2017 03 21     2410.00 A
06630000 2017 03 22     2710.00 A
06630000 2017 03 23     2800.00 A
06630000 2017 03 24     2740.00 A
06630000 2017 03 25     2540.00 A
06630000 2017 03 26     2240.00 A
06630000 2017 03 27     1940.00 A
06630000 2017 03 28     1810.00 A
06630000 2017 03 29     1720.00 A
06630000 2017 03 30     1600.00 A
06630000 2017 03 31     1530.00 A
06630000 2017 04 01     1480.00 A
06630000 2017 04 02     1390.00 A
06630000 2017 04 03     1390.00 A
06630000 2017 04 04     1360.00 A
06630000 2017 04 05     1290.00 A
06630000 2017 04 06     1180.00 A
06630000 2017 04 07     1130.00 A
06630000 2017 04 08     1110.00 A
06630000 2017 04 09     1270.00 A
06630000 2017 04 10     1500.00 A
06630000 2017 04 11     1500.00 A
06630000 2017 04 12     1390.00 A
06630000 2017 04 13     1310.00 A
06630000 2017 04 14     1350.00 A
06630000 2017 04 15     1630.00 A
06630000 2017 04 16     1900.00 A
06630000 2017 04 17     1970.00 A
06630000 2017 04 18     2030.00 A
06630000 2017 04 19     2110.00 A
06630000 2017 04 20     2210.00 A
06630000 2017 04 21     2200.00 A
06630000 2017 04 22     2240.00 A
06630000 2017 04 23     2150.00 A
06630000 2017 04 24     2080.00 A
06630000 2017 04 25     2070.00 A
06630000 2017 04 26     2120.00 A
06630000 2017 04 27     2200.00 A
06630000 2017 04 28     2110.00 A
06630000 2017 04 29     1950.00 A
06630000 2017 04 30     1800.00 A
06630000 2017 05 01     1640.00 A
06630000 2017 05 02     1570.00 A
06630000 2017 05 03     1510.00 A
06630000 2017 05 04     1420.00 A
06630000 2017 05 05     1350.00 A
06630000 2017 05 06     1450.00 A
06630000 2017 05 07     1630.00 A
06630000 2017 05 08     1980.00 A
06630000 2017 05 09     2420.00 A
06630000 2017 05 10     2980.00 A
06630000 2017 05 11     3430.00 A
06630000 2017 05 12     3520.00 A
06630000 2017 05 13     3810.00 A
06630000 2017 05 14     4160.00 A
06630000 2017 05 15     4440.00 A
06630000 2017 05 16     4410.00 A
06630000 2017 05 17     4280.00 A
06630000 2017 05 18     4100.00 A
06630000 2017 05 19     4010.00 A
06630000 2017 05 20     3830.00 A
06630000 2017 05 21     3630.00 A
06630000 2017 05 22     3500.00 A
06630000 2017 05 23     3320.00 A
06630000 2017 05 24     3130.00 A
06630000 2017 05 25     2870.00 A
06630000 2017 05 26     2880.00 A
06630000 2017 05 27     3080.00 A
06630000 2017 05 28     3500.00 A
06630000 2017 05 29     3520.00 A
06630000 2017 05 30     3490.00 A
06630000 2017 05 31     3470.00 A
06630000 2017 06 01     3560.00 A
06630000 2017 06 02     3850.00 A
06630000 2017 06 03     4210.00 A
06630000 2017 06 04     4520.00 A
06630000 2017 06 05     4960.00 A
06630000 2017 06 06     5660.00 A
06630000 2017 06 07     5970.00 A
06630000 2017 06 08     6380.00 A
06630000 2017 06 09     6360.00 A
06630000 2017 06 10     6350.00 A
06630000 2017 06 11     6400.00 A
06630000 2017 06 12     6250.00 A
06630000 2017 06 13     5830.00 A
06630000 2017 06 14     5270.00 A
06630000 2017 06 15     4580.00 A
06630000 2017 06 16     4030.00 A
06630000 2017 06 17     3760.00 A
06630000 2017 06 18     3870.00 A
06630000 2017 06 19     3710.00 A
06630000 2017 06 20     3660.00 A
06630000 2017 06 21     3580.00 A
06630000 2017 06 22     3440.00 A
06630000 2017 06 23     3230.00 A
06630000 2017 06 24     3010.00 A
06630000 2017 06 25     2770.00 A
06630000 2017 06 26     2450.00 A
06630000 2017 06 27     2180.00 A
06630000 2017 06 28     1970.00 A
06630000 2017 06 29     1850.00 A
06630000 2017 06 30     1700.00 A
06630000 2017 07 01     1620.00 A
06630000 2017 07 02     1500.00 A
06630000 2017 07 03     1400.00 A
06630000 2017 07 04     1310.00 A
06630000 2017 07 05     1220.00 A
06630000 2017 07 06     1130.00 A
06630000 2017 07 07     1100.00 A
06630000 2017 07 08     1040.00 A
06630000 2017 07 09     1000.00 A
06630000 2017 07 10     980.00 A
06630000 2017 07 11     937.00 A
06630000 2017 07 12     918.00 A
06630000 2017 07 13     904.00 A
06630000 2017 07 14     913.00 A
06630000 2017 07 15     853.00 A
06630000 2017 07 16     793.00 A
06630000 2017 07 17     741.00 A
06630000 2017 07 18     705.00 A
06630000 2017 07 19     695.00 A
06630000 2017 07 20     702.00 A
06630000 2017 07 21     691.00 A
06630000 2017 07 22     686.00 A
06630000 2017 07 23     745.00 A
06630000 2017 07 24     782.00 A
06630000 2017 07 25     789.00 A
06630000 2017 07 26     737.00 A
06630000 2017 07 27     763.00 A
06630000 2017 07 28     880.00 A
06630000 2017 07 29     842.00 A
06630000 2017 07 30     781.00 A
06630000 2017 07 31     672.00 A
06630000 2017 08 01     638.00 A
06630000 2017 08 02     607.00 A
06630000 2017 08 03     561.00 A
06630000 2017 08 04     526.00 A
06630000 2017 08 05     494.00 A
06630000 2017 08 06     477.00 A
06630000 2017 08 07     459.00 A
06630000 2017 08 08     450.00 A
06630000 2017 08 09     500.00 A
06630000 2017 08 10     595.00 A
06630000 2017 08 11     626.00 A
06630000 2017 08 12     601.00 A
06630000 2017 08 13     571.00 A
06630000 2017 08 14     512.00 A
06630000 2017 08 15     505.00 A
06630000 2017 08 16     534.00 A
06630000 2017 08 17     555.00 A
06630000 2017 08 18     517.00 A
06630000 2017 08 19     466.00 A
06630000 2017 08 20     427.00 A
06630000 2017 08 21     390.00 A
06630000 2017 08 22     360.00 A
06630000 2017 08 23     338.00 A
06630000 2017 08 24     314.00 A
06630000 2017 08 25     336.00 A
06630000 2017 08 26     347.00 A
06630000 2017 08 27     336.00 A
06630000 2017 08 28     306.00 A
06630000 2017 08 29     283.00 A
06630000 2017 08 30     275.00 A
06630000 2017 08 31     262.00 A
06630000 2017 09 01     251.00 A
06630000 2017 09 02     259.00 A
06630000 2017 09 03     259.00 A
06630000 2017 09 04     250.00 A
06630000 2017 09 05     240.00 A
06630000 2017 09 06     236.00 A
06630000 2017 09 07     225.00 A
06630000 2017 09 08     211.00 A
06630000 2017 09 09     211.00 A
06630000 2017 09 10     218.00 A
06630000 2017 09 11     223.00 A
06630000 2017 09 12     226.00 A
06630000 2017 09 13     231.00 A
06630000 2017 09 14     223.00 A
06630000 2017 09 15     226.00 A
06630000 2017 09 16     232.00 A
06630000 2017 09 17     288.00 A
06630000 2017 09 18     346.00 A
06630000 2017 09 19     333.00 A
06630000 2017 09 20     315.00 A
06630000 2017 09 21     308.00 A
06630000 2017 09 22     310.00 A
06630000 2017 09 23     327.00 A
06630000 2017 09 24     336.00 A
06630000 2017 09 25     376.00 A
06630000 2017 09 26     399.00 A
06630000 2017 09 27     423.00 A
06630000 2017 09 28     422.00 A
06630000 2017 09 29     419.00 A
06630000 2017 09 30     468.00 A
06630000 2017 10 01     510.00 A
06630000 2017 10 02     618.00 A
06630000 2017 10 03     667.00 A
06630000 2017 10 04     670.00 A
06630000 2017 10 05     666.00 A
06630000 2017 10 06     711.00 A
06630000 2017 10 07     748.00 A
06630000 2017 10 08     702.00 A
06630000 2017 10 09     670.00 A
06630000 2017 10 10     631.00 A
06630000 2017 10 11     594.00 A
06630000 2017 10 12     595.00 A
06630000 2017 10 13     617.00 A
06630000 2017 10 14     632.00 A
06630000 2017 10 15     624.00 A
06630000 2017 10 16     574.00 A
06630000 2017 10 17     549.00 A
06630000 2017 10 18     527.00 A
06630000 2017 10 19     520.00 A
06630000 2017 10 20     512.00 A
06630000 2017 10 21     513.00 A
06630000 2017 10 22     521.00 A
06630000 2017 10 23     525.00 A
06630000 2017 10 24     526.00 A
06630000 2017 10 25     525.00 A
06630000 2017 10 26     520.00 A
06630000 2017 10 27     527.00 A
06630000 2017 10 28     493.00 A
06630000 2017 10 29     491.00 A
06630000 2017 10 30     499.00 A
06630000 2017 10 31     500.00 A
06630000 2017 11 01     497.00 A
06630000 2017 11 02     494.00 A
06630000 2017 11 03     466.00 A
06630000 2017 11 04     475.00 A
06630000 2017 11 05     496.00 A
06630000 2017 11 06     579.00 A
06630000 2017 11 07     622.00 A
06630000 2017 11 08     631.00 A
06630000 2017 11 09     561.00 A
06630000 2017 11 10     526.00 A
06630000 2017 11 11     540.00 A
06630000 2017 11 12     581.00 A
06630000 2017 11 13     534.00 A
06630000 2017 11 14     541.00 A
06630000 2017 11 15     567.00 A
06630000 2017 11 16     566.00 A
06630000 2017 11 17     586.00 A
06630000 2017 11 18     607.00 A
06630000 2017 11 19     578.00 A
06630000 2017 11 20     577.00 A
06630000 2017 11 21     532.00 A
06630000 2017 11 22     654.00 A
06630000 2017 11 23     738.00 A
06630000 2017 11 24     740.00 A
06630000 2017 11 25     766.00 A
06630000 2017 11 26     766.00 A
06630000 2017 11 27     707.00 A
06630000 2017 11 28     666.00 A
06630000 2017 11 29     644.00 A
06630000 2017 11 30     609.00 A
06630000 2017 12 01     547.00 A
06630000 2017 12 02     510.00 A
06630000 2017 12 03     514.00 A
06630000 2017 12 04     542.00 A
06630000 2017 12 05     525.00 A
06630000 2017 12 06     381.00 A
06630000 2017 12 07     401.00 A
06630000 2017 12 08     353.00 A
06630000 2017 12 09     233.00 A
06630000 2017 12 10     421.00 A
06630000 2017 12 11     447.00 A
06630000 2017 12 12     484.00 A
06630000 2017 12 13     486.00 A
06630000 2017 12 14     509.00 A
06630000 2017 12 15     476.00 A
06630000 2017 12 16     495.00 A
06630000 2017 12 17     518.00 A
06630000 2017 12 18     517.00 A
06630000 2017 12 19     516.00 A
06630000 2017 12 20     482.00 A
06630000 2017 12 21     363.00 A
06630000 2017 12 22     394.00 A
06630000 2017 12 23     416.00 A
06630000 2017 12 24     453.00 A
06630000 2017 12 25     462.00 A
06630000 2017 12 26     385.00 A
06630000 2017 12 27     397.00 A
06630000 2017 12 28     395.00 A
06630000 2017 12 29     425.00 A
06630000 2017 12 30     403.00 A
06630000 2017 12 31     378.00 A
06630000 2018 01 01     397.00 A
06630000 2018 01 02     382.00 A
06630000 2018 01 03     388.00 A
06630000 2018 01 04     391.00 A
06630000 2018 01 05     390.00 A
06630000 2018 01 06     392.00 A
06630000 2018 01 07     397.00 A
06630000 2018 01 08     389.00 A
06630000 2018 01 09     421.00 A
06630000 2018 01 10     393.00 A
06630000 2018 01 11     377.00 A
06630000 2018 01 12     409.00 A
06630000 2018 01 13     375.00 A
06630000 2018 01 14     398.00 A
06630000 2018 01 15     374.00 A
06630000 2018 01 16     391.00 A
06630000 2018 01 17     410.00 A
06630000 2018 01 18     446.00 A
06630000 2018 01 19     453.00 A
06630000 2018 01 20     387.00 A
06630000 2018 01 21     355.00 A
06630000 2018 01 22     357.00 A
06630000 2018 01 23     392.00 A
06630000 2018 01 24     422.00 A
06630000 2018 01 25     434.00 A
06630000 2018 01 26     389.00 A
06630000 2018 01 27     392.00 A
06630000 2018 01 28     455.00 A
06630000 2018 01 29     491.00 A
06630000 2018 01 30     485.00 A
06630000 2018 01 31     457.00 A
06630000 2018 02 01     393.00 A
06630000 2018 02 02     412.00 A
06630000 2018 02 03     433.00 A
06630000 2018 02 04     426.00 A
06630000 2018 02 05     401.00 A
06630000 2018 02 06     443.00 A
06630000 2018 02 07     455.00 A
06630000 2018 02 08     450.00 A
06630000 2018 02 09     475.00 A
06630000 2018 02 10     433.00 A
06630000 2018 02 11     444.00 A
06630000 2018 02 12     408.00 A
06630000 2018 02 13     483.00 A
06630000 2018 02 14     499.00 A
06630000 2018 02 15     426.00 A
06630000 2018 02 16     402.00 A
06630000 2018 02 17     439.00 A
06630000 2018 02 18     437.00 A
06630000 2018 02 19     400.00 A
06630000 2018 02 20     349.00 A
06630000 2018 02 21     343.00 A
06630000 2018 02 22     390.00 A
06630000 2018 02 23     398.00 A
06630000 2018 02 24     385.00 A
06630000 2018 02 25     384.00 A
06630000 2018 02 26     401.00 A
06630000 2018 02 27     408.00 A
06630000 2018 02 28     399.00 A
06630000 2018 03 01     397.00 A
06630000 2018 03 02     427.00 A
06630000 2018 03 03     439.00 A
06630000 2018 03 04     405.00 A
06630000 2018 03 05     385.00 A
06630000 2018 03 06     352.00 A
06630000 2018 03 07     429.00 A
06630000 2018 03 08     502.00 A
06630000 2018 03 09     552.00 A
06630000 2018 03 10     560.00 A
06630000 2018 03 11     493.00 A
06630000 2018 03 12     459.00 A
06630000 2018 03 13     506.00 A
06630000 2018 03 14     506.00 A
06630000 2018 03 15     537.00 A
06630000 2018 03 16     571.00 A
06630000 2018 03 17     554.00 A
06630000 2018 03 18     547.00 A
06630000 2018 03 19     541.00 A
06630000 2018 03 20     532.00 A
06630000 2018 03 21     525.00 A
06630000 2018 03 22     539.00 A
06630000 2018 03 23     533.00 A
06630000 2018 03 24     671.00 A
06630000 2018 03 25     798.00 A
06630000 2018 03 26     880.00 A
06630000 2018 03 27     927.00 A
06630000 2018 03 28     824.00 A
06630000 2018 03 29     808.00 A
06630000 2018 03 30     719.00 A
06630000 2018 03 31     644.00 A
06630000 2018 04 01     628.00 A
06630000 2018 04 02     619.00 A
06630000 2018 04 03     670.00 A
06630000 2018 04 04     689.00 A
06630000 2018 04 05     705.00 A
06630000 2018 04 06     677.00 A
06630000 2018 04 07     651.00 A
06630000 2018 04 08     724.00 A
06630000 2018 04 09     758.00 A
06630000 2018 04 10     852.00 A
06630000 2018 04 11     853.00 A
06630000 2018 04 12     862.00 A
06630000 2018 04 13     941.00 A
06630000 2018 04 14     999.00 A
06630000 2018 04 15     928.00 A
06630000 2018 04 16     828.00 A
06630000 2018 04 17     783.00 A
06630000 2018 04 18     884.00 A
06630000 2018 04 19     809.00 A
06630000 2018 04 20     788.00 A
06630000 2018 04 21     807.00 A
06630000 2018 04 22     818.00 A
06630000 2018 04 23     791.00 A
06630000 2018 04 24     938.00 A
06630000 2018 04 25     1170.00 A
06630000 2018 04 26     1160.00 A
06630000 2018 04 27     1300.00 A
06630000 2018 04 28     1360.00 A
06630000 2018 04 29     1580.00 A
06630000 2018 04 30     1860.00 A
06630000 2018 05 01     2060.00 A
06630000 2018 05 02     2020.00 A
06630000 2018 05 03     1910.00 A
06630000 2018 05 04     1840.00 A
06630000 2018 05 05     1820.00 A
06630000 2018 05 06     1990.00 A
06630000 2018 05 07     2140.00 A
06630000 2018 05 08     2310.00 A
06630000 2018 05 09     2700.00 A
06630000 2018 05 10     3010.00 A
06630000 2018 05 11     3260.00 A
06630000 2018 05 12     3410.00 A
06630000 2018 05 13     3390.00 A
06630000 2018 05 14     3640.00 A
06630000 2018 05 15     3520.00 A
06630000 2018 05 16     3150.00 A
06630000 2018 05 17     3010.00 A
06630000 2018 05 18     2980.00 A
06630000 2018 05 19     2870.00 A
06630000 2018 05 20     2800.00 A
06630000 2018 05 21     2870.00 A
06630000 2018 05 22     2950.00 A
06630000 2018 05 23     3200.00 A
06630000 2018 05 24     3550.00 A
06630000 2018 05 25     3360.00 A
06630000 2018 05 26     3500.00 A
06630000 2018 05 27     3650.00 A
06630000 2018 05 28     3730.00 A
06630000 2018 05 29     4040.00 A
06630000 2018 05 30     4110.00 A
06630000 2018 05 31     3740.00 A
06630000 2018 06 01     3390.00 A
06630000 2018 06 02     3050.00 A
06630000 2018 06 03     2650.00 A
06630000 2018 06 04     2430.00 A
06630000 2018 06 05     2280.00 A
06630000 2018 06 06     2190.00 A
06630000 2018 06 07     2140.00 A
06630000 2018 06 08     2050.00 A
06630000 2018 06 09     1880.00 A
06630000 2018 06 10     1710.00 A
06630000 2018 06 11     1600.00 A
06630000 2018 06 12     1470.00 A
06630000 2018 06 13     1320.00 A
06630000 2018 06 14     1190.00 A
06630000 2018 06 15     1100.00 A
06630000 2018 06 16     973.00 A
06630000 2018 06 17     978.00 A
06630000 2018 06 18     1340.00 A
06630000 2018 06 19     1580.00 A
06630000 2018 06 20     1670.00 A
06630000 2018 06 21     1440.00 A
06630000 2018 06 22     1180.00 A
06630000 2018 06 23     992.00 A
06630000 2018 06 24     870.00 A
06630000 2018 06 25     809.00 A
06630000 2018 06 26     772.00 A
06630000 2018 06 27     713.00 A
06630000 2018 06 28     744.00 A
06630000 2018 06 29     686.00 A
06630000 2018 06 30     633.00 A
06630000 2018 07 01     591.00 A
06630000 2018 07 02     547.00 A
06630000 2018 07 03     521.00 A
06630000 2018 07 04     487.00 A
06630000 2018 07 05     460.00 A
06630000 2018 07 06     429.00 A
06630000 2018 07 07     396.00 A
06630000 2018 07 08     382.00 A
06630000 2018 07 09     397.00 A
06630000 2018 07 10     372.00 A
06630000 2018 07 11     346.00 A
06630000 2018 07 12     342.00 A
06630000 2018 07 13     370.00 A
06630000 2018 07 14     392.00 A
06630000 2018 07 15     388.00 A
06630000 2018 07 16     353.00 A
06630000 2018 07 17     346.00 A
06630000 2018 07 18     417.00 A
06630000 2018 07 19     421.00 A
06630000 2018 07 20     350.00 A
06630000 2018 07 21     303.00 A
06630000 2018 07 22     285.00 A
06630000 2018 07 23     289.00 A
06630000 2018 07 24     297.00 A
06630000 2018 07 25     316.00 A
06630000 2018 07 26     323.00 A
06630000 2018 07 27     312.00 A
06630000 2018 07 28     300.00 A
06630000 2018 07 29     281.00 A
06630000 2018 07 30     284.00 A
06630000 2018 07 31     269.00 A
06630000 2018 08 01     253.00 A
06630000 2018 08 02     242.00 A
06630000 2018 08 03     235.00 A
06630000 2018 08 04     220.00 A
06630000 2018 08 05     241.00 A
06630000 2018 08 06     252.00 A
06630000 2018 08 07     249.00 A
06630000 2018 08 08     232.00 A
06630000 2018 08 09     209.00 A
06630000 2018 08 10     190.00 A
06630000 2018 08 11     176.00 A
06630000 2018 08 12     168.00 A
06630000 2018 08 13     151.00 A
06630000 2018 08 14     140.00 A
06630000 2018 08 15     139.00 A
06630000 2018 08 16     134.00 A
06630000 2018 08 17     127.00 A
06630000 2018 08 18     120.00 A
06630000 2018 08 19     121.00 A
06630000 2018 08 20     128.00 A
06630000 2018 08 21     173.00 A
06630000 2018 08 22     177.00 A
06630000 2018 08 23     196.00 A
06630000 2018 08 24     217.00 A
06630000 2018 08 25     247.00 A
06630000 2018 08 26     230.00 A
06630000 2018 08 27     208.00 A
06630000 2018 08 28     190.00 A
06630000 2018 08 29     173.00 A
06630000 2018 08 30     159.00 A
06630000 2018 08 31     144.00 A
06630000 2018 09 01     133.00 A
06630000 2018 09 02     127.00 A
06630000 2018 09 03     124.00 A
06630000 2018 09 04     127.00 A
06630000 2018 09 05     125.00 A
06630000 2018 09 06     123.00 A
06630000 2018 09 07     121.00 A
06630000 2018 09 08     122.00 A
06630000 2018 09 09     117.00 A
06630000 2018 09 10     118.00 A
06630000 2018 09 11     112.00 A
06630000 2018 09 12     112.00 A
06630000 2018 09 13     107.00 A
06630000 2018 09 14     107.00 A
06630000 2018 09 15     103.00 A
06630000 2018 09 16     98.40 A
06630000 2018 09 17     98.80 A
06630000 2018 09 18     96.50 A
06630000 2018 09 19     93.50 A
06630000 2018 09 20     92.10 A
06630000 2018 09 21     93.60 A
06630000 2018 09 22     98.60 A
06630000 2018 09 23     98.60 A
06630000 2018 09 24     103.00 A
06630000 2018 09 25     108.00 A
06630000 2018 09 26     129.00 A
06630000 2018 09 27     161.00 A
06630000 2018 09 28     150.00 A
06630000 2018 09 29     153.00 A
06630000 2018 09 30     159.00 A
06630000 2018 10 01     152.00 A
06630000 2018 10 02     153.00 A
06630000 2018 10 03     161.00 A
06630000 2018 10 04     179.00 A
06630000 2018 10 05     244.00 A
06630000 2018 10 06     366.00 A
06630000 2018 10 07     404.00 A
06630000 2018 10 08     405.00 A
06630000 2018 10 09     424.00 A
06630000 2018 10 10     433.00 A
06630000 2018 10 11     421.00 A
06630000 2018 10 12     408.00 A
06630000 2018 10 13     396.00 A
06630000 2018 10 14     413.00 A
06630000 2018 10 15     414.00 A
06630000 2018 10 16     387.00 A
06630000 2018 10 17     341.00 A
06630000 2018 10 18     374.00 A
06630000 2018 10 19     387.00 A
06630000 2018 10 20     389.00 A
06630000 2018 10 21     380.00 A
06630000 2018 10 22     378.00 A
06630000 2018 10 23     375.00 A
06630000 2018 10 24     373.00 A
06630000 2018 10 25     371.00 A
06630000 2018 10 26     376.00 A
06630000 2018 10 27     373.00 A
06630000 2018 10 28     378.00 A
06630000 2018 10 29     367.00 A
06630000 2018 10 30     365.00 A
06630000 2018 10 31     360.00 A
06630000 2018 11 01     346.00 A
06630000 2018 11 02     329.00 A
06630000 2018 11 03     352.00 A
06630000 2018 11 04     397.00 A
06630000 2018 11 05     419.00 A
06630000 2018 11 06     425.00 A
06630000 2018 11 07     410.00 A
06630000 2018 11 08     406.00 A
06630000 2018 11 09     323.00 A
06630000 2018 11 10     290.00 A
06630000 2018 11 11     295.00 A
06630000 2018 11 12     238.00 A
06630000 2018 11 13     262.00 A
06630000 2018 11 14     292.00 A
06630000 2018 11 15     357.00 A
06630000 2018 11 16     402.00 A
06630000 2018 11 17     327.00 A
06630000 2018 11 18     317.00 A
06630000 2018 11 19     326.00 A
06630000 2018 11 20     323.00 A
06630000 2018 11 21     322.00 A
06630000 2018 11 22     376.00 A
06630000 2018 11 23     394.00 A
06630000 2018 11 24     373.00 A
06630000 2018 11 25     335.00 A
06630000 2018 11 26     308.00 A
06630000 2018 11 27     354.00 A
06630000 2018 11 28     383.00 A
06630000 2018 11 29     394.00 A
06630000 2018 11 30     412.00 A
06630000 2018 12 01     360.00 A
06630000 2018 12 02     277.00 A
06630000 2018 12 03     299.00 A
06630000 2018 12 04     282.00 A
06630000 2018 12 05     224.00 A
06630000 2018 12 06     242.00 A
06630000 2018 12 07     245.00 A
06630000 2018 12 08     382.00 A
06630000 2018 12 09     289.00 A
06630000 2018 12 10     409.00 A
06630000 2018 12 11     461.00 A
06630000 2018 12 12     446.00 A
06630000 2018 12 13     407.00 A
06630000 2018 12 14     430.00 A
06630000 2018 12 15     449.00 A
06630000 2018 12 16     435.00 A
06630000 2018 12 17     417.00 A
06630000 2018 12 18     443.00 A
06630000 2018 12 19     413.00 A
06630000 2018 12 20     366.00 A
06630000 2018 12 21     420.00 A
06630000 2018 12 22     383.00 A
06630000 2018 12 23     395.00 A
06630000 2018 12 24     408.00 A
06630000 2018 12 25     426.00 A
06630000 2018 12 26     424.00 A
06630000 2018 12 27     372.00 A
06630000 2018 12 28     357.00 A
06630000 2018 12 29     353.00 A
06630000 2018 12 30     391.00 A
06630000 2018 12 31     304.00 A
06630000 2019 01 01     284.00 A
06630000 2019 01 02     320.00 A
06630000 2019 01 03     323.00 A
06630000 2019 01 04     398.00 A
06630000 2019 01 05     421.00 A
06630000 2019 01 06     397.00 A
06630000 2019 01 07     392.00 A
06630000 2019 01 08     397.00 A
06630000 2019 01 09     401.00 A
06630000 2019 01 10     392.00 A
06630000 2019 01 11     385.00 A
06630000 2019 01 12     355.00 A
06630000 2019 01 13     315.00 A
06630000 2019 01 14     293.00 A
06630000 2019 01 15     308.00 A
06630000 2019 01 16     374.00 A
06630000 2019 01 17     403.00 A
06630000 2019 01 18     389.00 A
06630000 2019 01 19     382.00 A
06630000 2019 01 20     380.00 A
06630000 2019 01 21     364.00 A
06630000 2019 01 22     338.00 A
06630000 2019 01 23     337.00 A
06630000 2019 01 24     350.00 A
06630000 2019 01 25     343.00 A
06630000 2019 01 26     353.00 A
06630000 2019 01 27     354.00 A
06630000 2019 01 28     317.00 A
06630000 2019 01 29     328.00 A
06630000 2019 01 30     325.00 A
06630000 2019 01 31     333.00 A
06630000 2019 02 01     320.00 A
06630000 2019 02 02     323.00 A
06630000 2019 02 03     327.00 A
06630000 2019 02 04     322.00 A
06630000 2019 02 05     308.00 A
06630000 2019 02 06     294.00 A
06630000 2019 02 07     287.00 A
06630000 2019 02 08     294.00 A
06630000 2019 02 09     305.00 A
06630000 2019 02 10     312.00 A
06630000 2019 02 11     328.00 A
06630000 2019 02 12     329.00 A
06630000 2019 02 13     343.00 A
06630000 2019 02 14     371.00 A
06630000 2019 02 15     372.00 A
06630000 2019 02 16     278.00 A
06630000 2019 02 17     284.00 A
06630000 2019 02 18     231.00 A
06630000 2019 02 19     217.00 A
06630000 2019 02 20     243.00 A
06630000 2019 02 21     274.00 A
06630000 2019 02 22     280.00 A
06630000 2019 02 23     273.00 A
06630000 2019 02 24     318.00 A
06630000 2019 02 25     339.00 A
06630000 2019 02 26     363.00 A
06630000 2019 02 27     356.00 A
06630000 2019 02 28     366.00 A
06630000 2019 03 01     331.00 A
06630000 2019 03 02     254.00 A
06630000 2019 03 03     194.00 A
06630000 2019 03 04     215.00 A
06630000 2019 03 05     266.00 A
06630000 2019 03 06     337.00 A
06630000 2019 03 07     364.00 A
06630000 2019 03 08     421.00 A
06630000 2019 03 09     589.00 A
06630000 2019 03 10     601.00 A
06630000 2019 03 11     546.00 A
06630000 2019 03 12     533.00 A
06630000 2019 03 13     669.00 A
06630000 2019 03 14     702.00 A
06630000 2019 03 15     640.00 A
06630000 2019 03 16     679.00 A
06630000 2019 03 17     701.00 A
06630000 2019 03 18     688.00 A
06630000 2019 03 19     698.00 A
06630000 2019 03 20     700.00 A
06630000 2019 03 21     696.00 A
06630000 2019 03 22     711.00 A
06630000 2019 03 23     691.00 A
06630000 2019 03 24     698.00 A
06630000 2019 03 25     707.00 A
06630000 2019 03 26     702.00 A
06630000 2019 03 27     691.00 A
06630000 2019 03 28     709.00 A
06630000 2019 03 29     718.00 A
06630000 2019 03 30     720.00 A
06630000 2019 03 31     741.00 A
06630000 2019 04 01     738.00 A
06630000 2019 04 02     713.00 A
06630000 2019 04 03     671.00 A
06630000 2019 04 04     684.00 A
06630000 2019 04 05     768.00 A
06630000 2019 04 06     868.00 A
06630000 2019 04 07     1030.00 A
06630000 2019 04 08     1330.00 A
06630000 2019 04 09     1630.00 A
06630000 2019 04 10     2240.00 A
06630000 2019 04 11     2440.00 A
06630000 2019 04 12     1940.00 A
06630000 2019 04 13     1810.00 A
06630000 2019 04 14     1640.00 A
06630000 2019 04 15     1430.00 A
06630000 2019 04 16     1330.00 A
06630000 2019 04 17     1450.00 A
06630000 2019 04 18     1720.00 A
06630000 2019 04 19     1920.00 A
06630000 2019 04 20     2080.00 A
06630000 2019 04 21     2400.00 A
06630000 2019 04 22     2740.00 A
06630000 2019 04 23     2970.00 A
06630000 2019 04 24     3000.00 A
06630000 2019 04 25     2940.00 A
06630000 2019 04 26     3060.00 A
06630000 2019 04 27     3480.00 A
06630000 2019 04 28     4070.00 A
06630000 2019 04 29     4190.00 A
06630000 2019 04 30     4240.00 A
06630000 2019 05 01     4270.00 A
06630000 2019 05 02     4000.00 A
06630000 2019 05 03     3570.00 A
06630000 2019 05 04     3050.00 A
06630000 2019 05 05     2740.00 A
06630000 2019 05 06     2570.00 A
06630000 2019 05 07     2540.00 A
06630000 2019 05 08     2780.00 A
06630000 2019 05 09     3140.00 A
06630000 2019 05 10     2950.00 A
06630000 2019 05 11     2710.00 A
06630000 2019 05 12     2420.00 A
06630000 2019 05 13     2270.00 A
06630000 2019 05 14     2490.00 A
06630000 2019 05 15     2910.00 A
06630000 2019 05 16     3460.00 A
06630000 2019 05 17     4090.00 A
06630000 2019 05 18     4560.00 A
06630000 2019 05 19     4430.00 A
06630000 2019 05 20     4100.00 A
06630000 2019 05 21     3880.00 A
06630000 2019 05 22     3610.00 A
06630000 2019 05 23     3250.00 A
06630000 2019 05 24     3030.00 A
06630000 2019 05 25     2790.00 A
06630000 2019 05 26     2590.00 A
06630000 2019 05 27     2500.00 A
06630000 2019 05 28     2770.00 A
06630000 2019 05 29     3730.00 A
06630000 2019 05 30     3960.00 A
06630000 2019 05 31     3720.00 A
06630000 2019 06 01     3390.00 A
06630000 2019 06 02     3350.00 A
06630000 2019 06 03     3540.00 A
06630000 2019 06 04     4020.00 A
06630000 2019 06 05     4630.00 A
06630000 2019 06 06     5270.00 A
06630000 2019 06 07     5930.00 A
06630000 2019 06 08     6600.00 A
06630000 2019 06 09     7300.00 A
06630000 2019 06 10     7170.00 A
06630000 2019 06 11     6740.00 A
06630000 2019 06 12     6400.00 A
06630000 2019 06 13     6190.00 A
06630000 2019 06 14     6390.00 A
06630000 2019 06 15     6720.00 A
06630000 2019 06 16     6880.00 A
06630000 2019 06 17     6810.00 A
06630000 2019 06 18     7140.00 A
06630000 2019 06 19     7720.00 A
06630000 2019 06 20     7890.00 A
06630000 2019 06 21     7930.00 A
06630000 2019 06 22     9630.00 A
06630000 2019 06 23     9520.00 A
06630000 2019 06 24     11200.00 A
06630000 2019 06 25     11200.00 A
06630000 2019 06 26     8760.00 A
06630000 2019 06 27     6830.00 A
06630000 2019 06 28     5920.00 A
06630000 2019 06 29     5740.00 A
06630000 2019 06 30     5690.00 A
06630000 2019 07 01     5740.00 A
06630000 2019 07 02     6330.00 A
06630000 2019 07 03     6220.00 A
06630000 2019 07 04     6060.00 A
06630000 2019 07 05     5680.00 A
06630000 2019 07 06     5240.00 A
06630000 2019 07 07     4860.00 A
06630000 2019 07 08     4500.00 A
06630000 2019 07 09     4310.00 A
06630000 2019 07 10     4080.00 A
06630000 2019 07 11     3720.00 A
06630000 2019 07 12     3430.00 A
06630000 2019 07 13     3110.00 A
06630000 2019 07 14     2890.00 A
06630000 2019 07 15     2690.00 A
06630000 2019 07 16     2570.00 A
06630000 2019 07 17     2430.00 A
06630000 2019 07 18     2240.00 A
06630000 2019 07 19     1990.00 A
06630000 2019 07 20     1790.00 A
06630000 2019 07 21     1680.00 A
06630000 2019 07 22     1620.00 A
06630000 2019 07 23     1530.00 A
06630000 2019 07 24     1520.00 A
06630000 2019 07 25     1430.00 A
06630000 2019 07 26     1390.00 A
06630000 2019 07 27     1340.00 A
06630000 2019 07 28     1350.00 A
06630000 2019 07 29     1330.00 A
06630000 2019 07 30     1250.00 A
06630000 2019 07 31     1170.00 A
06630000 2019 08 01     1110.00 A
06630000 2019 08 02     1170.00 A
06630000 2019 08 03     1200.00 A
06630000 2019 08 04     1060.00 A
06630000 2019 08 05     980.00 A
06630000 2019 08 06     922.00 A
06630000 2019 08 07     988.00 A
06630000 2019 08 08     929.00 A
06630000 2019 08 09     935.00 A
06630000 2019 08 10     1070.00 A
06630000 2019 08 11     942.00 A
06630000 2019 08 12     840.00 A
06630000 2019 08 13     763.00 A
06630000 2019 08 14     715.00 A
06630000 2019 08 15     663.00 A
06630000 2019 08 16     619.00 A
06630000 2019 08 17     583.00 A
06630000 2019 08 18     552.00 A
06630000 2019 08 19     533.00 A
06630000 2019 08 20     515.00 A
06630000 2019 08 21     490.00 A
06630000 2019 08 22     472.00 A
06630000 2019 08 23     456.00 A
06630000 2019 08 24     445.00 A
06630000 2019 08 25     421.00 A
06630000 2019 08 26     395.00 A
06630000 2019 08 27     370.00 A
06630000 2019 08 28     366.00 A
06630000 2019 08 29     353.00 A
06630000 2019 08 30     340.00 A
06630000 2019 08 31     337.00 A
06630000 2019 09 01     349.00 A
06630000 2019 09 02     344.00 A
06630000 2019 09 03     319.00 A
06630000 2019 09 04     295.00 A
06630000 2019 09 05     297.00 A
06630000 2019 09 06     288.00 A
06630000 2019 09 07     278.00 A
06630000 2019 09 08     300.00 A
06630000 2019 09 09     355.00 A
06630000 2019 09 10     351.00 A
06630000 2019 09 11     396.00 A
06630000 2019 09 12     395.00 A
06630000 2019 09 13     400.00 A
06630000 2019 09 14     403.00 A
06630000 2019 09 15     371.00 A
06630000 2019 09 16     340.00 A
06630000 2019 09 17     316.00 A
06630000 2019 09 18     308.00 A
06630000 2019 09 19     296.00 A
06630000 2019 09 20     286.00 A
06630000 2019 09 21     277.00 A
06630000 2019 09 22     272.00 A
06630000 2019 09 23     266.00 A
06630000 2019 09 24     261.00 A
06630000 2019 09 25     252.00 A
06630000 2019 09 26     260.00 A
06630000 2019 09 27     255.00 A
06630000 2019 09 28     263.00 A
06630000 2019 09 29     271.00 A
06630000 2019 09 30     269.00 A
06630000 2019 10 01     270.00 A
06630000 2019 10 02     270.00 A
06630000 2019 10 03     282.00 A
06630000 2019 10 04     280.00 A
06630000 2019 10 05     285.00 A
06630000 2019 10 06     292.00 A
06630000 2019 10 07     302.00 A
06630000 2019 10 08     305.00 A
06630000 2019 10 09     301.00 A
06630000 2019 10 10     315.00 A
06630000 2019 10 11     342.00 A
06630000 2019 10 12     352.00 A
06630000 2019 10 13     349.00 A
06630000 2019 10 14     392.00 A
06630000 2019 10 15     413.00 A
06630000 2019 10 16     425.00 A
06630000 2019 10 17     426.00 A
06630000 2019 10 18     416.00 A
06630000 2019 10 19     421.00 A
06630000 2019 10 20     443.00 A
06630000 2019 10 21     450.00 A
06630000 2019 10 22     435.00 A
06630000 2019 10 23     424.00 A
06630000 2019 10 24     494.00 A
06630000 2019 10 25     483.00 A
06630000 2019 10 26     470.00 A
06630000 2019 10 27     527.00 A
06630000 2019 10 28     430.00 A
06630000 2019 10 29     265.00 A
06630000 2019 10 30     173.00 A
06630000 2019 10 31     329.00 A
06630000 2019 11 01     360.00 A
06630000 2019 11 02     455.00 A
06630000 2019 11 03     514.00 A
06630000 2019 11 04     561.00 A
06630000 2019 11 05     534.00 A
06630000 2019 11 06     494.00 A
06630000 2019 11 07     509.00 A
06630000 2019 11 08     544.00 A
06630000 2019 11 09     512.00 A
06630000 2019 11 10     513.00 A
06630000 2019 11 11     509.00 A
06630000 2019 11 12     526.00 A
06630000 2019 11 13     436.00 A
06630000 2019 11 14     477.00 A
06630000 2019 11 15     455.00 A
06630000 2019 11 16     462.00 A
06630000 2019 11 17     486.00 A
06630000 2019 11 18     487.00 A
06630000 2019 11 19     504.00 A
06630000 2019 11 20     504.00 A
06630000 2019 11 21     586.00 A
06630000 2019 11 22     526.00 A
06630000 2019 11 23     481.00 A
06630000 2019 11 24     437.00 A
06630000 2019 11 25     416.00 A
06630000 2019 11 26     186.00 A
06630000 2019 11 27     273.00 A
06630000 2019 11 28     402.00 A
06630000 2019 11 29     465.00 A
06630000 2019 11 30     472.00 A
06630000 2019 12 01     472.00 A
06630000 2019 12 02     472.00 A
06630000 2019 12 03     472.00 A
06630000 2019 12 04     472.00 A
06630000 2019 12 05     473.00 A
06630000 2019 12 06     475.00 A
06630000 2019 12 07     477.00 A
06630000 2019 12 08     481.00 A
06630000 2019 12 09     485.00 A
06630000 2019 12 10     485.00 A
06630000 2019 12 11     485.00 A
06630000 2019 12 12     485.00 A
06630000 2019 12 13     482.00 A
06630000 2019 12 14     481.00 A
06630000 2019 12 15     475.00 A
06630000 2019 12 16     384.00 A
06630000 2019 12 17     279.00 A
06630000 2019 12 18     332.00 A
06630000 2019 12 19     389.00 A
06630000 2019 12 20     442.00 A
06630000 2019 12 21     479.00 A
06630000 2019 12 22     494.00 A
06630000 2019 12 23     506.00 A
06630000 2019 12 24     507.00 A
06630000 2019 12 25     507.00 A
06630000 2019 12 26     501.00 A
06630000 2019 12 27     494.00 A
06630000 2019 12 28     489.00 A
06630000 2019 12 29     485.00 A
06630000 2019 12 30     482.00 A
06630000 2019 12 31     479.00 A
06630000 2020 01 01     474.00 A
06630000 2020 01 02     468.00 A
06630000 2020 01 03     460.00 A
06630000 2020 01 04     453.00 A
06630000 2020 01 05     444.00 A
06630000 2020 01 06     429.00 A
06630000 2020 01 07     413.00 A
06630000 2020 01 08     406.00 A
06630000 2020 01 09     401.00 A
06630000 2020 01 10     395.00 A
06630000 2020 01 11     382.00 A
06630000 2020 01 12     379.00 A
06630000 2020 01 13     380.00 A
06630000 2020 01 14     387.00 A
06630000 2020 01 15     388.00 A
06630000 2020 01 16     388.00 A
06630000 2020 01 17     387.00 A
06630000 2020 01 18     381.00 A
06630000 2020 01 19     372.00 A
06630000 2020 01 20     367.00 A
06630000 2020 01 21     362.00 A
06630000 2020 01 22     358.00 A
06630000 2020 01 23     358.00 A
06630000 2020 01 24     358.00 A
06630000 2020 01 25     358.00 A
06630000 2020 01 26     358.00 A
06630000 2020 01 27     358.00 A
06630000 2020 01 28     358.00 A
06630000 2020 01 29     357.00 A
06630000 2020 01 30     355.00 A
06630000 2020 01 31     352.00 A
06630000 2020 02 01     344.00 A
06630000 2020 02 02     334.00 A
06630000 2020 02 03     330.00 A
06630000 2020 02 04     330.00 A
06630000 2020 02 05     330.00 A
06630000 2020 02 06     330.00 A
06630000 2020 02 07     330.00 A
06630000 2020 02 08     330.00 A
06630000 2020 02 09     331.00 A
06630000 2020 02 10     332.00 A
06630000 2020 02 11     334.00 A
06630000 2020 02 12     333.00 A
06630000 2020 02 13     330.00 A
06630000 2020 02 14     327.00 A
06630000 2020 02 15     330.00 A
06630000 2020 02 16     335.00 A
06630000 2020 02 17     335.00 A
06630000 2020 02 18     335.00 A
06630000 2020 02 19     346.00 A
06630000 2020 02 20     351.00 A
06630000 2020 02 21     348.00 A
06630000 2020 02 22     344.00 A
06630000 2020 02 23     344.00 A
06630000 2020 02 24     344.00 A
06630000 2020 02 25     345.00 A
06630000 2020 02 26     350.00 A
06630000 2020 02 27     354.00 A
06630000 2020 02 28     362.00 A
06630000 2020 02 29     358.00 A
06630000 2020 03 01     357.00 A
06630000 2020 03 02     357.00 A
06630000 2020 03 03     357.00 A
06630000 2020 03 04     357.00 A
06630000 2020 03 05     366.00 A
06630000 2020 03 06     409.00 A
06630000 2020 03 07     510.00 A
06630000 2020 03 08     642.00 A
06630000 2020 03 09     742.00 A
06630000 2020 03 10     863.00 A
06630000 2020 03 11     974.00 A
06630000 2020 03 12     1030.00 A
06630000 2020 03 13     1030.00 A
06630000 2020 03 14     968.00 A
06630000 2020 03 15     853.00 A
06630000 2020 03 16     791.00 A
06630000 2020 03 17     807.00 A
06630000 2020 03 18     847.00 A
06630000 2020 03 19     889.00 A
06630000 2020 03 20     930.00 A
06630000 2020 03 21     874.00 A
06630000 2020 03 22     869.00 A
06630000 2020 03 23     860.00 A
06630000 2020 03 24     837.00 A
06630000 2020 03 25     848.00 A
06630000 2020 03 26     836.00 A
06630000 2020 03 27     812.00 A
06630000 2020 03 28     885.00 A
06630000 2020 03 29     822.00 A
06630000 2020 03 30     842.00 A
06630000 2020 03 31     823.00 A
06630000 2020 04 01     838.00 A
06630000 2020 04 02     863.00 A
06630000 2020 04 03     913.00 A
06630000 2020 04 04     847.00 A
06630000 2020 04 05     831.00 A
06630000 2020 04 06     813.00 A
06630000 2020 04 07     831.00 A
06630000 2020 04 08     961.00 A
06630000 2020 04 09     1120.00 A
06630000 2020 04 10     1210.00 A
06630000 2020 04 11     1290.00 A
06630000 2020 04 12     1400.00 A
06630000 2020 04 13     1370.00 A
06630000 2020 04 14     1170.00 A
06630000 2020 04 15     938.00 A
06630000 2020 04 16     947.00 A
06630000 2020 04 17     894.00 A
06630000 2020 04 18     839.00 A
06630000 2020 04 19     859.00 A
06630000 2020 04 20     891.00 A
06630000 2020 04 21     910.00 A
06630000 2020 04 22     901.00 A
06630000 2020 04 23     945.00 A
06630000 2020 04 24     1050.00 A
06630000 2020 04 25     1170.00 A
06630000 2020 04 26     1150.00 A
06630000 2020 04 27     1160.00 A
06630000 2020 04 28     1250.00 A
06630000 2020 04 29     1610.00 A
06630000 2020 04 30     1890.00 A
06630000 2020 05 01     2230.00 A
06630000 2020 05 02     2840.00 A
06630000 2020 05 03     3630.00 A
06630000 2020 05 04     4240.00 A
06630000 2020 05 05     4470.00 A
06630000 2020 05 06     4110.00 A
06630000 2020 05 07     3700.00 A
06630000 2020 05 08     3320.00 A
06630000 2020 05 09     2980.00 A
06630000 2020 05 10     2890.00 A
06630000 2020 05 11     2920.00 A
06630000 2020 05 12     3200.00 A
06630000 2020 05 13     3910.00 A
06630000 2020 05 14     4110.00 A
06630000 2020 05 15     4260.00 A
06630000 2020 05 16     4440.00 A
06630000 2020 05 17     4220.00 A
06630000 2020 05 18     4240.00 A
06630000 2020 05 19     4580.00 A
06630000 2020 05 20     4930.00 A
06630000 2020 05 21     5190.00 A
06630000 2020 05 22     5030.00 A
06630000 2020 05 23     4710.00 A
06630000 2020 05 24     4450.00 A
06630000 2020 05 25     4090.00 A
06630000 2020 05 26     3780.00 A
06630000 2020 05 27     3530.00 A
06630000 2020 05 28     3600.00 A
06630000 2020 05 29     3930.00 A
06630000 2020 05 30     4630.00 A
06630000 2020 05 31     5550.00 A
06630000 2020 06 01     6250.00 A
06630000 2020 06 02     6620.00 A
06630000 2020 06 03     6650.00 A
06630000 2020 06 04     6190.00 A
06630000 2020 06 05     5740.00 A
06630000 2020 06 06     5360.00 A
06630000 2020 06 07     5780.00 A
06630000 2020 06 08     5310.00 A
06630000 2020 06 09     4720.00 A
06630000 2020 06 10     4260.00 A
06630000 2020 06 11     3740.00 A
06630000 2020 06 12     3250.00 A
06630000 2020 06 13     2920.00 A
06630000 2020 06 14     2770.00 A
06630000 2020 06 15     2670.00 A
06630000 2020 06 16     2430.00 A
06630000 2020 06 17     2320.00 A
06630000 2020 06 18     2150.00 A
06630000 2020 06 19     1980.00 A
06630000 2020 06 20     1870.00 A
06630000 2020 06 21     1790.00 A
06630000 2020 06 22     1730.00 A
06630000 2020 06 23     1720.00 A
06630000 2020 06 24     1650.00 A
06630000 2020 06 25     1590.00 A
06630000 2020 06 26     1520.00 A
06630000 2020 06 27     1450.00 A
06630000 2020 06 28     1340.00 A
06630000 2020 06 29     1290.00 A
06630000 2020 06 30     1210.00 A
06630000 2020 07 01     1090.00 A
06630000 2020 07 02     1000.00 A
06630000 2020 07 03     924.00 A
06630000 2020 07 04     841.00 A
06630000 2020 07 05     781.00 A
06630000 2020 07 06     740.00 A
06630000 2020 07 07     691.00 A
06630000 2020 07 08     629.00 A
06630000 2020 07 09     569.00 A
06630000 2020 07 10     527.00 A
06630000 2020 07 11     507.00 A
06630000 2020 07 12     464.00 A
06630000 2020 07 13     415.00 A
06630000 2020 07 14     396.00 A
06630000 2020 07 15     397.00 A
06630000 2020 07 16     406.00 A
06630000 2020 07 17     412.00 A
06630000 2020 07 18     380.00 A
06630000 2020 07 19     389.00 A
06630000 2020 07 20     390.00 A
06630000 2020 07 21     374.00 A
06630000 2020 07 22     352.00 A
06630000 2020 07 23     335.00 A
06630000 2020 07 24     320.00 A
06630000 2020 07 25     337.00 A
06630000 2020 07 26     381.00 A
06630000 2020 07 27     414.00 A
06630000 2020 07 28     409.00 A
06630000 2020 07 29     405.00 A
06630000 2020 07 30     432.00 A
06630000 2020 07 31     417.00 A
06630000 2020 08 01     384.00 A
06630000 2020 08 02     345.00 A
06630000 2020 08 03     310.00 A
06630000 2020 08 04     291.00 A
06630000 2020 08 05     285.00 A
06630000 2020 08 06     278.00 A
06630000 2020 08 07     265.00 A
06630000 2020 08 08     253.00 A
06630000 2020 08 09     242.00 A
06630000 2020 08 10     232.00 A
06630000 2020 08 11     215.00 A
06630000 2020 08 12     193.00 A
06630000 2020 08 13     186.00 A
06630000 2020 08 14     181.00 A
06630000 2020 08 15     166.00 A
06630000 2020 08 16     161.00 A
06630000 2020 08 17     153.00 A
06630000 2020 08 18     148.00 A
06630000 2020 08 19     145.00 A
06630000 2020 08 20     134.00 A
06630000 2020 08 21     133.00 A
06630000 2020 08 22     131.00 A
06630000 2020 08 23     136.00 A
06630000 2020 08 24     139.00 A
06630000 2020 08 25     136.00 A
06630000 2020 08 26     129.00 A
06630000 2020 08 27     121.00 A
06630000 2020 08 28     118.00 A
06630000 2020 08 29     117.00 A
06630000 2020 08 30     115.00 A
06630000 2020 08 31     118.00 A
06630000 2020 09 01     125.00 A
06630000 2020 09 02     122.00 A
06630000 2020 09 03     119.00 A
06630000 2020 09 04     117.00 A
06630000 2020 09 05     117.00 A
06630000 2020 09 06     107.00 A
06630000 2020 09 07     103.00 A
06630000 2020 09 08     107.00 A
06630000 2020 09 09     107.00 A
06630000 2020 09 10     115.00 A
06630000 2020 09 11     133.00 A
06630000 2020 09 12     152.00 A
06630000 2020 09 13     194.00 A
06630000 2020 09 14     229.00 A
06630000 2020 09 15     246.00 A
06630000 2020 09 16     240.00 A
06630000 2020 09 17     233.00 A
06630000 2020 09 18     221.00 A
06630000 2020 09 19     208.00 A
06630000 2020 09 20     207.00 A
06630000 2020 09 21     203.00 A
06630000 2020 09 22     206.00 A
06630000 2020 09 23     199.00 A
06630000 2020 09 24     196.00 A
06630000 2020 09 25     191.00 A
06630000 2020 09 26     182.00 A
06630000 2020 09 27     184.00 A
06630000 2020 09 28     184.00 A
06630000 2020 09 29     181.00 A
06630000 2020 09 30     184.00 A
06630000 2020 10 01     190.00 A
06630000 2020 10 02     190.00 A
06630000 2020 10 03     212.00 A
06630000 2020 10 04     221.00 A
06630000 2020 10 05     217.00 A
06630000 2020 10 06     215.00 A
06630000 2020 10 07     208.00 A
06630000 2020 10 08     213.00 A
06630000 2020 10 09     213.00 A
06630000 2020 10 10     213.00 A
06630000 2020 10 11     213.00 A
06630000 2020 10 12     217.00 A
06630000 2020 10 13     231.00 A
06630000 2020 10 14     235.00 A
06630000 2020 10 15     245.00 A
06630000 2020 10 16     243.00 A
06630000 2020 10 17     238.00 A
06630000 2020 10 18     234.00 A
06630000 2020 10 19     234.00 A
06630000 2020 10 20     236.00 A
06630000 2020 10 21     242.00 A
06630000 2020 10 22     248.00 A
06630000 2020 10 23     244.00 A
06630000 2020 10 24     180.00 A
06630000 2020 10 25     118.00 A
06630000 2020 10 26     115.00 A
06630000 2020 10 27     128.00 A
06630000 2020 10 28     155.00 A
06630000 2020 10 29     175.00 A
06630000 2020 10 30     180.00 A
06630000 2020 10 31     185.00 A
06630000 2020 11 01     195.00 A
06630000 2020 11 02     195.00 A
06630000 2020 11 03     195.00 A
06630000 2020 11 04     202.00 A
06630000 2020 11 05     203.00 A
06630000 2020 11 06     205.00 A
06630000 2020 11 07     210.00 A
06630000 2020 11 08     210.00 A
06630000 2020 11 09     213.00 A
06630000 2020 11 10     208.00 A
06630000 2020 11 11     188.00 A
06630000 2020 11 12     168.00 A
06630000 2020 11 13     140.00 A
06630000 2020 11 14     107.00 A
06630000 2020 11 15     95.10 A
06630000 2020 11 16     108.00 A
06630000 2020 11 17     140.00 A
06630000 2020 11 18     165.00 A
06630000 2020 11 19     175.00 A
06630000 2020 11 20     185.00 A
06630000 2020 11 21     193.00 A
06630000 2020 11 22     197.00 A
06630000 2020 11 23     200.00 A
06630000 2020 11 24     200.00 A
06630000 2020 11 25     200.00 A
06630000 2020 11 26     199.00 A
06630000 2020 11 27     197.00 A
06630000 2020 11 28     169.00 A
06630000 2020 11 29     137.00 A
06630000 2020 11 30     137.00 A
06630000 2020 12 01     145.00 A
06630000 2020 12 02     150.00 A
06630000 2020 12 03     145.00 A
06630000 2020 12 04     135.00 A
06630000 2020 12 05     145.00 A
06630000 2020 12 06     166.00 A
06630000 2020 12 07     176.00 A
06630000 2020 12 08     185.00 A
06630000 2020 12 09     195.00 A
06630000 2020 12 10     205.00 A
06630000 2020 12 11     212.00 A
06630000 2020 12 12     217.00 A
06630000 2020 12 13     220.00 A
06630000 2020 12 14     218.00 A
06630000 2020 12 15     222.00 A
06630000 2020 12 16     227.00 A
06630000 2020 12 17     225.00 A
06630000 2020 12 18     228.00 A
06630000 2020 12 19     234.00 A
06630000 2020 12 20     241.00 A
06630000 2020 12 21     248.00 A
06630000 2020 12 22     238.00 A
06630000 2020 12 23     220.00 A
06630000 2020 12 24     205.00 A
06630000 2020 12 25     205.00 A
06630000 2020 12 26     217.00 A
06630000 2020 12 27     229.00 A
06630000 2020 12 28     232.00 A
06630000 2020 12 29     223.00 A
06630000 2020 12 30     226.00 A
06630000 2020 12 31     238.00 A
06630000 2021 01 01     251.00 A
06630000 2021 01 02     258.00 A
06630000 2021 01 03     254.00 A
06630000 2021 01 04     250.00 A
06630000 2021 01 05     252.00 A
06630000 2021 01 06     258.00 A
06630000 2021 01 07     254.00 A
06630000 2021 01 08     254.00 A
06630000 2021 01 09     261.00 A
06630000 2021 01 10     268.00 A
06630000 2021 01 11     270.00 A
06630000 2021 01 12     266.00 A
06630000 2021 01 13     262.00 A
06630000 2021 01 14     268.00 A
06630000 2021 01 15     265.00 A
06630000 2021 01 16     265.00 A
06630000 2021 01 17     270.00 A
06630000 2021 01 18     269.00 A
06630000 2021 01 19     258.00 A
06630000 2021 01 20     250.00 A
06630000 2021 01 21     252.00 A
06630000 2021 01 22     259.00 A
06630000 2021 01 23     266.00 A
06630000 2021 01 24     270.00 A
06630000 2021 01 25     271.00 A
06630000 2021 01 26     274.00 A
06630000 2021 01 27     272.00 A
06630000 2021 01 28     266.00 A
06630000 2021 01 29     262.00 A
06630000 2021 01 30     268.00 A
06630000 2021 01 31     265.00 A
06630000 2021 02 01     262.00 A
06630000 2021 02 02     263.00 A
06630000 2021 02 03     265.00 A
06630000 2021 02 04     269.00 A
06630000 2021 02 05     270.00 A
06630000 2021 02 06     273.00 A
06630000 2021 02 07     279.00 A
06630000 2021 02 08     280.00 A
06630000 2021 02 09     285.00 A
06630000 2021 02 10     293.00 A
06630000 2021 02 11     301.00 A
06630000 2021 02 12     315.00 A
06630000 2021 02 13     331.00 A
06630000 2021 02 14     343.00 A
06630000 2021 02 15     349.00 A
06630000 2021 02 16     350.00 A
06630000 2021 02 17     345.00 A
06630000 2021 02 18     340.00 A
06630000 2021 02 19     341.00 A
06630000 2021 02 20     344.00 A
06630000 2021 02 21     348.00 A
06630000 2021 02 22     353.00 A
06630000 2021 02 23     360.00 A
06630000 2021 02 24     364.00 A
06630000 2021 02 25     370.00 A
06630000 2021 02 26     380.00 A
06630000 2021 02 27     390.00 A
06630000 2021 02 28     398.00 A
06630000 2021 03 01     406.00 A
06630000 2021 03 02     410.00 A
06630000 2021 03 03     411.00 A
06630000 2021 03 04     418.00 A
06630000 2021 03 05     425.00 A
06630000 2021 03 06     430.00 A
06630000 2021 03 07     431.00 A
06630000 2021 03 08     438.00 A
06630000 2021 03 09     443.00 A
06630000 2021 03 10     446.00 A
06630000 2021 03 11     451.00 A
06630000 2021 03 12     458.00 A
06630000 2021 03 13     465.00 A
06630000 2021 03 14     473.00 A
06630000 2021 03 15     479.00 A
06630000 2021 03 16     481.00 A
06630000 2021 03 17     491.00 A
06630000 2021 03 18     506.00 A
06630000 2021 03 19     528.00 A
06630000 2021 03 20     583.00 A
06630000 2021 03 21     627.00 A
06630000 2021 03 22     658.00 A
06630000 2021 03 23     602.00 A
06630000 2021 03 24     580.00 A
06630000 2021 03 25     530.00 A
06630000 2021 03 26     531.00 A
06630000 2021 03 27     552.00 A
06630000 2021 03 28     500.00 A
06630000 2021 03 29     473.00 A
06630000 2021 03 30     511.00 A
06630000 2021 03 31     492.00 A
06630000 2021 04 01     507.00 A
06630000 2021 04 02     540.00 A
06630000 2021 04 03     589.00 A
06630000 2021 04 04     714.00 A
06630000 2021 04 05     931.00 A
06630000 2021 04 06     1210.00 A
06630000 2021 04 07     1620.00 A
06630000 2021 04 08     1370.00 A
06630000 2021 04 09     1160.00 A
06630000 2021 04 10     1120.00 A
06630000 2021 04 11     988.00 A
06630000 2021 04 12     973.00 A
06630000 2021 04 13     992.00 A
06630000 2021 04 14     1010.00 A
06630000 2021 04 15     935.00 A
06630000 2021 04 16     896.00 A
06630000 2021 04 17     846.00 A
06630000 2021 04 18     779.00 A
06630000 2021 04 19     733.00 A
06630000 2021 04 20     728.00 A
06630000 2021 04 21     656.00 A
06630000 2021 04 22     632.00 A
06630000 2021 04 23     631.00 A
06630000 2021 04 24     604.00 A
06630000 2021 04 25     578.00 A
06630000 2021 04 26     569.00 A
06630000 2021 04 27     646.00 A
06630000 2021 04 28     780.00 A
06630000 2021 04 29     805.00 A
06630000 2021 04 30     880.00 A
06630000 2021 05 01     1120.00 A
06630000 2021 05 02     1520.00 A
06630000 2021 05 03     1720.00 A
06630000 2021 05 04     1630.00 A
06630000 2021 05 05     1450.00 A
06630000 2021 05 06     1350.00 A
06630000 2021 05 07     1270.00 A
06630000 2021 05 08     1360.00 A
06630000 2021 05 09     1510.00 A
06630000 2021 05 10     1530.00 A
06630000 2021 05 11     1520.00 A
06630000 2021 05 12     1390.00 A
06630000 2021 05 13     1310.00 A
06630000 2021 05 14     1240.00 A
06630000 2021 05 15     1300.00 A
06630000 2021 05 16     1460.00 A
06630000 2021 05 17     1640.00 A
06630000 2021 05 18     1770.00 A
06630000 2021 05 19     1880.00 A
06630000 2021 05 20     2080.00 A
06630000 2021 05 21     2230.00 A
06630000 2021 05 22     2420.00 A
06630000 2021 05 23     2560.00 A
06630000 2021 05 24     2780.00 A
06630000 2021 05 25     2510.00 A
06630000 2021 05 26     2370.00 A
06630000 2021 05 27     2260.00 A
06630000 2021 05 28     2230.00 A
06630000 2021 05 29     2140.00 A
06630000 2021 05 30     2120.00 A
06630000 2021 05 31     2240.00 A
06630000 2021 06 01     2200.00 A
06630000 2021 06 02     2240.00 A
06630000 2021 06 03     2220.00 A
06630000 2021 06 04     2350.00 A
06630000 2021 06 05     2560.00 A
06630000 2021 06 06     2800.00 A
06630000 2021 06 07     2960.00 A
06630000 2021 06 08     2800.00 A
06630000 2021 06 09     2630.00 A
06630000 2021 06 10     2290.00 A
06630000 2021 06 11     1870.00 A
06630000 2021 06 12     1630.00 A
06630000 2021 06 13     1410.00 A
06630000 2021 06 14     1270.00 A
06630000 2021 06 15     1090.00 A
06630000 2021 06 16     950.00 A
06630000 2021 06 17     841.00 A
06630000 2021 06 18     769.00 A
06630000 2021 06 19     705.00 A
06630000 2021 06 20     665.00 A
06630000 2021 06 21     634.00 A
06630000 2021 06 22     576.00 A
06630000 2021 06 23     539.00 A
06630000 2021 06 24     486.00 A
06630000 2021 06 25     493.00 A
06630000 2021 06 26     611.00 A
06630000 2021 06 27     751.00 A
06630000 2021 06 28     862.00 A
06630000 2021 06 29     909.00 A
06630000 2021 06 30     808.00 A
06630000 2021 07 01     676.00 A
06630000 2021 07 02     644.00 A
06630000 2021 07 03     642.00 A
06630000 2021 07 04     649.00 A
06630000 2021 07 05     630.00 A
06630000 2021 07 06     559.00 A
06630000 2021 07 07     489.00 A
06630000 2021 07 08     435.00 A
06630000 2021 07 09     383.00 A
06630000 2021 07 10     336.00 A
06630000 2021 07 11     298.00 A
06630000 2021 07 12     276.00 A
06630000 2021 07 13     252.00 A
06630000 2021 07 14     233.00 A
06630000 2021 07 15     212.00 A
06630000 2021 07 16     246.00 A
06630000 2021 07 17     251.00 A
06630000 2021 07 18     257.00 A
06630000 2021 07 19     263.00 A
06630000 2021 07 20     241.00 A
06630000 2021 07 21     234.00 A
06630000 2021 07 22     242.00 A
06630000 2021 07 23     228.00 A
06630000 2021 07 24     238.00 A
06630000 2021 07 25     255.00 A
06630000 2021 07 26     274.00 A
06630000 2021 07 27     234.00 A
06630000 2021 07 28     225.00 A
06630000 2021 07 29     213.00 A
06630000 2021 07 30     201.00 A
06630000 2021 07 31     201.00 A
06630000 2021 08 01     296.00 A
06630000 2021 08 02     419.00 A
06630000 2021 08 03     445.00 A
06630000 2021 08 04     396.00 A
06630000 2021 08 05     549.00 A
06630000 2021 08 06     419.00 A
06630000 2021 08 07     350.00 A
06630000 2021 08 08     305.00 A
06630000 2021 08 09     288.00 A
06630000 2021 08 10     277.00 A
06630000 2021 08 11     257.00 A
06630000 2021 08 12     224.00 A
06630000 2021 08 13     200.00 A
06630000 2021 08 14     186.00 A
06630000 2021 08 15     172.00 A
06630000 2021 08 16     156.00 A
06630000 2021 08 17     150.00 A
06630000 2021 08 18     172.00 A
06630000 2021 08 19     190.00 A
06630000 2021 08 20     191.00 A
06630000 2021 08 21     225.00 A
06630000 2021 08 22     253.00 A
06630000 2021 08 23     243.00 A
06630000 2021 08 24     226.00 A
06630000 2021 08 25     200.00 A
06630000 2021 08 26     171.00 A
06630000 2021 08 27     150.00 A
06630000 2021 08 28     145.00 A
06630000 2021 08 29     155.00 A
06630000 2021 08 30     134.00 A
06630000 2021 08 31     125.00 A
06630000 2021 09 01     122.00 A
06630000 2021 09 02     124.00 A
06630000 2021 09 03     129.00 A
06630000 2021 09 04     160.00 A
06630000 2021 09 05     179.00 A
06630000 2021 09 06     181.00 A
06630000 2021 09 07     150.00 A
06630000 2021 09 08     130.00 A
06630000 2021 09 09     124.00 A
06630000 2021 09 10     118.00 A
06630000 2021 09 11     114.00 A
06630000 2021 09 12     114.00 A
06630000 2021 09 13     128.00 A
06630000 2021 09 14     132.00 A
06630000 2021 09 15     136.00 A
06630000 2021 09 16     140.00 A
06630000 2021 09 17     131.00 A
06630000 2021 09 18     122.00 A
06630000 2021 09 19     119.00 A
06630000 2021 09 20     114.00 A
06630000 2021 09 21     112.00 A
06630000 2021 09 22     155.00 A
06630000 2021 09 23     220.00 A
06630000 2021 09 24     235.00 A
06630000 2021 09 25     226.00 A
06630000 2021 09 26     214.00 A
06630000 2021 09 27     200.00 A
06630000 2021 09 28     195.00 A
06630000 2021 09 29     198.00 A
06630000 2021 09 30     194.00 A
06630000 2021 10 01     245.00 A
06630000 2021 10 02     276.00 A
06630000 2021 10 03     268.00 A
06630000 2021 10 04     262.00 A
06630000 2021 10 05     247.00 A
06630000 2021 10 06     234.00 A
06630000 2021 10 07     255.00 A
06630000 2021 10 08     252.00 A
06630000 2021 10 09     250.00 A
06630000 2021 10 10     251.00 A
06630000 2021 10 11     305.00 A
06630000 2021 10 12     369.00 A
06630000 2021 10 13     386.00 A
06630000 2021 10 14     383.00 A
06630000 2021 10 15     371.00 A
06630000 2021 10 16     386.00 A
06630000 2021 10 17     385.00 A
06630000 2021 10 18     385.00 A
06630000 2021 10 19     411.00 A
06630000 2021 10 20     435.00 A
06630000 2021 10 21     435.00 A
06630000 2021 10 22     404.00 A
06630000 2021 10 23     386.00 A
06630000 2021 10 24     384.00 A
06630000 2021 10 25     375.00 A
06630000 2021 10 26     374.00 A
06630000 2021 10 27     390.00 A
06630000 2021 10 28     453.00 A
06630000 2021 10 29     432.00 A
06630000 2021 10 30     426.00 A
06630000 2021 10 31     438.00 A
06630000 2021 11 01     458.00 A
06630000 2021 11 02     484.00 A
06630000 2021 11 03     527.00 A
06630000 2021 11 04     587.00 A
06630000 2021 11 05     563.00 A
06630000 2021 11 06     534.00 A
06630000 2021 11 07     500.00 A
06630000 2021 11 08     477.00 A
06630000 2021 11 09     462.00 A
06630000 2021 11 10     446.00 A
06630000 2021 11 11     437.00 A
06630000 2021 11 12     428.00 A
06630000 2021 11 13     386.00 A
06630000 2021 11 14     418.00 A
06630000 2021 11 15     442.00 A
06630000 2021 11 16     459.00 A
06630000 2021 11 17     467.00 A
06630000 2021 11 18     467.00 A
06630000 2021 11 19     362.00 A
06630000 2021 11 20     333.00 A
06630000 2021 11 21     411.00 A
06630000 2021 11 22     438.00 A
06630000 2021 11 23     356.00 A
06630000 2021 11 24     292.00 A
06630000 2021 11 25     276.00 A
06630000 2021 11 26     271.00 A
06630000 2021 11 27     271.00 A
06630000 2021 11 28     272.00 A
06630000 2021 11 29     276.00 A
06630000 2021 11 30     281.00 A
06630000 2021 12 01     283.00 A
06630000 2021 12 02     285.00 A
06630000 2021 12 03     290.00 A
06630000 2021 12 04     287.00 A
06630000 2021 12 05     272.00 A
06630000 2021 12 06     228.00 A
06630000 2021 12 07     193.00 A
06630000 2021 12 08     165.00 A
06630000 2021 12 09     140.00 A
06630000 2021 12 10     123.00 A
06630000 2021 12 11     121.00 A
06630000 2021 12 12     134.00 A
06630000 2021 12 13     154.00 A
06630000 2021 12 14     183.00 A
06630000 2021 12 15     214.00 A
06630000 2021 12 16     229.00 A
06630000 2021 12 17     243.00 A
06630000 2021 12 18     256.00 A
06630000 2021 12 19     272.00 A
06630000 2021 12 20     289.00 A
06630000 2021 12 21     301.00 A
06630000 2021 12 22     306.00 A
06630000 2021 12 23     309.00 A
06630000 2021 12 24     314.00 A
06630000 2021 12 25     323.00 A
06630000 2021 12 26     328.00 A
06630000 2021 12 27     328.00 A
06630000 2021 12 28     331.00 A
06630000 2021 12 29     333.00 A
06630000 2021 12 30     333.00 A
06630000 2021 12 31     331.00 A
06630000 2022 01 01     324.00 A
06630000 2022 01 02     318.00 A
06630000 2022 01 03     311.00 A
06630000 2022 01 04     293.00 A
06630000 2022 01 05     274.00 A
06630000 2022 01 06     258.00 A
06630000 2022 01 07     247.00 A
06630000 2022 01 08     243.00 A
06630000 2022 01 09     243.00 A
06630000 2022 01 10     243.00 A
06630000 2022 01 11     247.00 A
06630000 2022 01 12     259.00 A
06630000 2022 01 13     278.00 A
06630000 2022 01 14     297.00 A
06630000 2022 01 15     306.00 A
06630000 2022 01 16     313.00 A
06630000 2022 01 17     325.00 A
06630000 2022 01 18     331.00 A
06630000 2022 01 19     332.00 A
06630000 2022 01 20     333.00 A
06630000 2022 01 21     335.00 A
06630000 2022 01 22     335.00 A
06630000 2022 01 23     336.00 A
06630000 2022 01 24     336.00 A
06630000 2022 01 25     336.00 A
06630000 2022 01 26     336.00 A
06630000 2022 01 27     337.00 A
06630000 2022 01 28     336.00 A
06630000 2022 01 29     336.00 A
06630000 2022 01 30     336.00 A
06630000 2022 01 31     339.00 A
06630000 2022 02 01     348.00 A
06630000 2022 02 02     356.00 A
06630000 2022 02 03     357.00 A
06630000 2022 02 04     358.00 A
06630000 2022 02 05     357.00 A
06630000 2022 02 06     352.00 A
06630000 2022 02 07     349.00 A
06630000 2022 02 08     358.00 A
06630000 2022 02 09     367.00 A
06630000 2022 02 10     370.00 A
06630000 2022 02 11     368.00 A
06630000 2022 02 12     367.00 A
06630000 2022 02 13     368.00 A
06630000 2022 02 14     368.00 A
06630000 2022 02 15     369.00 A
06630000 2022 02 16     380.00 A
06630000 2022 02 17     403.00 A
06630000 2022 02 18     435.00 A
06630000 2022 02 19     475.00 A
06630000 2022 02 20     500.00 A
06630000 2022 02 21     511.00 A
06630000 2022 02 22     507.00 A
06630000 2022 02 23     496.00 A
06630000 2022 02 24     497.00 A
06630000 2022 02 25     512.00 A
06630000 2022 02 26     541.00 A
06630000 2022 02 27     577.00 A
06630000 2022 02 28     610.00 A
06630000 2022 03 01     650.00 A
06630000 2022 03 02     676.00 A
06630000 2022 03 03     700.00 A
06630000 2022 03 04     723.00 A
06630000 2022 03 05     743.00 A
06630000 2022 03 06     759.00 A
06630000 2022 03 07     786.00 A
06630000 2022 03 08     758.00 A
06630000 2022 03 09     726.00 A
06630000 2022 03 10     733.00 A
06630000 2022 03 11     686.00 A
06630000 2022 03 12     723.00 A
06630000 2022 03 13     762.00 A
06630000 2022 03 14     780.00 A
06630000 2022 03 15     815.00 A
06630000 2022 03 16     869.00 A
06630000 2022 03 17     890.00 A
06630000 2022 03 18     776.00 A
06630000 2022 03 19     732.00 A
06630000 2022 03 20     690.00 A
06630000 2022 03 21     677.00 A
06630000 2022 03 22     567.00 A
06630000 2022 03 23     526.00 A
06630000 2022 03 24     529.00 A
06630000 2022 03 25     543.00 A
06630000 2022 03 26     599.00 A
06630000 2022 03 27     679.00 A
06630000 2022 03 28     766.00 A
06630000 2022 03 29     887.00 A
06630000 2022 03 30     1130.00 A
06630000 2022 03 31     1110.00 A
06630000 2022 04 01     1030.00 A
06630000 2022 04 02     1180.00 A
06630000 2022 04 03     1270.00 A
06630000 2022 04 04     1430.00 A
06630000 2022 04 05     1280.00 A
06630000 2022 04 06     1420.00 A
06630000 2022 04 07     1080.00 A
06630000 2022 04 08     912.00 A
06630000 2022 04 09     894.00 A
06630000 2022 04 10     1080.00 A
06630000 2022 04 11     1200.00 A
06630000 2022 04 12     1120.00 A
06630000 2022 04 13     1050.00 A
06630000 2022 04 14     843.00 A
06630000 2022 04 15     724.00 A
06630000 2022 04 16     721.00 A
06630000 2022 04 17     738.00 A
06630000 2022 04 18     890.00 A
06630000 2022 04 19     895.00 A
06630000 2022 04 20     1040.00 A
06630000 2022 04 21     1460.00 A
06630000 2022 04 22     1760.00 A
06630000 2022 04 23     2210.00 A
06630000 2022 04 24     2360.00 A
06630000 2022 04 25     2130.00 A
06630000 2022 04 26     1840.00 A
06630000 2022 04 27     1690.00 A
06630000 2022 04 28     1800.00 A
06630000 2022 04 29     2100.00 A
06630000 2022 04 30     2240.00 A
06630000 2022 05 01     2100.00 A
06630000 2022 05 02     2030.00 A
06630000 2022 05 03     1940.00 A
06630000 2022 05 04     2020.00 A
06630000 2022 05 05     2130.00 A
06630000 2022 05 06     2040.00 A
06630000 2022 05 07     2480.00 A
06630000 2022 05 08     3020.00 A
06630000 2022 05 09     3300.00 A
06630000 2022 05 10     3280.00 A
06630000 2022 05 11     3120.00 A
06630000 2022 05 12     3320.00 A
06630000 2022 05 13     3310.00 A
06630000 2022 05 14     3100.00 A
06630000 2022 05 15     3060.00 A
06630000 2022 05 16     3430.00 A
06630000 2022 05 17     3880.00 A
06630000 2022 05 18     4280.00 A
06630000 2022 05 19     4580.00 A
06630000 2022 05 20     4940.00 A
06630000 2022 05 21     5050.00 A
06630000 2022 05 22     4600.00 A
06630000 2022 05 23     4040.00 A
06630000 2022 05 24     3570.00 A
06630000 2022 05 25     3130.00 A
06630000 2022 05 26     2720.00 A
06630000 2022 05 27     2470.00 A
06630000 2022 05 28     2470.00 A
06630000 2022 05 29     2830.00 A
06630000 2022 05 30     3480.00 A
06630000 2022 05 31     3710.00 A
06630000 2022 06 01     3650.00 A
06630000 2022 06 02     3150.00 A
06630000 2022 06 03     2820.00 A
06630000 2022 06 04     2790.00 A
06630000 2022 06 05     2960.00 A
06630000 2022 06 06     3390.00 A
06630000 2022 06 07     4000.00 A
06630000 2022 06 08     4210.00 A
06630000 2022 06 09     4400.00 A
06630000 2022 06 10     4590.00 A
06630000 2022 06 11     4820.00 A
06630000 2022 06 12     5010.00 A
06630000 2022 06 13     5000.00 A
06630000 2022 06 14     4880.00 A
06630000 2022 06 15     4550.00 A
06630000 2022 06 16     3930.00 A
06630000 2022 06 17     3320.00 A
06630000 2022 06 18     2930.00 A
06630000 2022 06 19     2820.00 A
06630000 2022 06 20     2820.00 A
06630000 2022 06 21     2650.00 A
06630000 2022 06 22     2360.00 A
06630000 2022 06 23     2030.00 A
06630000 2022 06 24     1860.00 A
06630000 2022 06 25     1790.00 A
06630000 2022 06 26     1800.00 A
06630000 2022 06 27     1760.00 A
06630000 2022 06 28     1650.00 A
06630000 2022 06 29     1550.00 A
06630000 2022 06 30     1550.00 A
06630000 2022 07 01     1910.00 A
06630000 2022 07 02     2130.00 A
06630000 2022 07 03     1760.00 A
06630000 2022 07 04     1510.00 A
06630000 2022 07 05     1390.00 A
06630000 2022 07 06     1210.00 A
06630000 2022 07 07     1170.00 A
06630000 2022 07 08     1170.00 A
06630000 2022 07 09     1090.00 A
06630000 2022 07 10     922.00 A
06630000 2022 07 11     788.00 A
06630000 2022 07 12     693.00 A
06630000 2022 07 13     621.00 A
06630000 2022 07 14     546.00 A
06630000 2022 07 15     524.00 A
06630000 2022 07 16     530.00 A
06630000 2022 07 17     883.00 A
06630000 2022 07 18     733.00 A
06630000 2022 07 19     676.00 A
06630000 2022 07 20     591.00 A
06630000 2022 07 21     526.00 A
06630000 2022 07 22     486.00 A
06630000 2022 07 23     475.00 A
06630000 2022 07 24     455.00 A
06630000 2022 07 25     572.00 A
06630000 2022 07 26     661.00 A
06630000 2022 07 27     609.00 A
06630000 2022 07 28     542.00 A
06630000 2022 07 29     467.00 A
06630000 2022 07 30     468.00 A
06630000 2022 07 31     464.00 A
06630000 2022 08 01     435.00 A
06630000 2022 08 02     409.00 A
06630000 2022 08 03     395.00 A
06630000 2022 08 04     391.00 A
06630000 2022 08 05     376.00 A
06630000 2022 08 06     351.00 A
06630000 2022 08 07     337.00 A
06630000 2022 08 08     330.00 A
06630000 2022 08 09     314.00 A
06630000 2022 08 10     304.00 A
06630000 2022 08 11     299.00 A
06630000 2022 08 12     302.00 A
06630000 2022 08 13     307.00 A
06630000 2022 08 14     332.00 A
06630000 2022 08 15     378.00 A
06630000 2022 08 16     440.00 A
06630000 2022 08 17     447.00 A
06630000 2022 08 18     406.00 A
06630000 2022 08 19     386.00 A
06630000 2022 08 20     358.00 A
06630000 2022 08 21     334.00 A
06630000 2022 08 22     328.00 A
06630000 2022 08 23     345.00 A
06630000 2022 08 24     338.00 A
06630000 2022 08 25     304.00 A
06630000 2022 08 26     286.00 A
06630000 2022 08 27     279.00 A
06630000 2022 08 28     266.00 A
06630000 2022 08 29     263.00 A
06630000 2022 08 30     249.00 A
06630000 2022 08 31     240.00 A
06630000 2022 09 01     213.00 A
06630000 2022 09 02     198.00 A
06630000 2022 09 03     189.00 A
06630000 2022 09 04     178.00 A
06630000 2022 09 05     164.00 A
06630000 2022 09 06     152.00 A
06630000 2022 09 07     141.00 A
06630000 2022 09 08     131.00 A
06630000 2022 09 09     126.00 A
06630000 2022 09 10     126.00 A
06630000 2022 09 11     130.00 A
06630000 2022 09 12     130.00 A
06630000 2022 09 13     130.00 A
06630000 2022 09 14     129.00 A
06630000 2022 09 15     131.00 A
06630000 2022 09 16     138.00 A
06630000 2022 09 17     153.00 A
06630000 2022 09 18     178.00 A
06630000 2022 09 19     186.00 A
06630000 2022 09 20     183.00 A
06630000 2022 09 21     198.00 A
06630000 2022 09 22     213.00 A
06630000 2022 09 23     236.00 A
06630000 2022 09 24     291.00 A
06630000 2022 09 25     279.00 A
06630000 2022 09 26     270.00 A
06630000 2022 09 27     260.00 A
06630000 2022 09 28     253.00 A
06630000 2022 09 29     243.00 A
06630000 2022 09 30     253.00 A
06630000 2022 10 01     340.00 A
06630000 2022 10 02     395.00 A
06630000 2022 10 03     417.00 A
06630000 2022 10 04     445.00 A
06630000 2022 10 05     400.00 A
06630000 2022 10 06     377.00 A
06630000 2022 10 07     352.00 A
06630000 2022 10 08     334.00 A
06630000 2022 10 09     320.00 A
06630000 2022 10 10     311.00 A
06630000 2022 10 11     296.00 A
06630000 2022 10 12     283.00 A
06630000 2022 10 13     279.00 A
06630000 2022 10 14     285.00 A
06630000 2022 10 15     284.00 A
06630000 2022 10 16     282.00 A
06630000 2022 10 17     282.00 A
06630000 2022 10 18     281.00 A
06630000 2022 10 19     280.00 A
06630000 2022 10 20     279.00 A
06630000 2022 10 21     278.00 A
06630000 2022 10 22     275.00 A
06630000 2022 10 23     296.00 A
06630000 2022 10 24     297.00 A
06630000 2022 10 25     296.00 A
06630000 2022 10 26     296.00 A
06630000 2022 10 27     301.00 A
06630000 2022 10 28     300.00 A
06630000 2022 10 29     327.00 A
06630000 2022 10 30     300.00 A
06630000 2022 10 31     324.00 A
06630000 2022 11 01     337.00 A
06630000 2022 11 02     327.00 A
06630000 2022 11 03     352.00 A
06630000 2022 11 04     354.00 A
06630000 2022 11 05     347.00 A
06630000 2022 11 06     339.00 A
06630000 2022 11 07     365.00 A
06630000 2022 11 08     365.00 A
06630000 2022 11 09     388.00 A
06630000 2022 11 10     412.00 A
06630000 2022 11 11     382.00 A
06630000 2022 11 12     322.00 A
06630000 2022 11 13     275.00 A
06630000 2022 11 14     246.00 A
06630000 2022 11 15     257.00 A
06630000 2022 11 16     207.00 A
06630000 2022 11 17     247.00 A
06630000 2022 11 18     249.00 A
06630000 2022 11 19     242.00 A
06630000 2022 11 20     199.00 A
06630000 2022 11 21     252.00 A
06630000 2022 11 22     306.00 A
06630000 2022 11 23     293.00 A
06630000 2022 11 24     302.00 A
06630000 2022 11 25     301.00 A
06630000 2022 11 26     288.00 A
06630000 2022 11 27     293.00 A
06630000 2022 11 28     304.00 A
06630000 2022 11 29     320.00 A
06630000 2022 11 30     326.00 A
06630000 2022 12 01     334.00 A
06630000 2022 12 02     342.00 A
06630000 2022 12 03     338.00 A
06630000 2022 12 04     340.00 A
06630000 2022 12 05     354.00 A
06630000 2022 12 06     367.00 A
06630000 2022 12 07     371.00 A
06630000 2022 12 08     373.00 A
06630000 2022 12 09     367.00 A
06630000 2022 12 10     360.00 A
06630000 2022 12 11     364.00 A
06630000 2022 12 12     380.00 A
06630000 2022 12 13     383.00 A
06630000 2022 12 14     383.00 A
06630000 2022 12 15     382.00 A
06630000 2022 12 16     378.00 A
06630000 2022 12 17     365.00 A
06630000 2022 12 18     360.00 A
06630000 2022 12 19     371.00 A
06630000 2022 12 20     381.00 A
06630000 2022 12 21     379.00 A
06630000 2022 12 22     344.00 A
06630000 2022 12 23     331.00 A
06630000 2022 12 24     360.00 A
06630000 2022 12 25     379.00 A
06630000 2022 12 26     380.00 A
06630000 2022 12 27     375.00 A
06630000 2022 12 28     367.00 A
06630000 2022 12 29     353.00 A
06630000 2022 12 30     348.00 A
06630000 2022 12 31     354.00 A
06630000 2023 01 01     361.00 A
06630000 2023 01 02     360.00 A
06630000 2023 01 03     358.00 A
06630000 2023 01 04     354.00 A
06630000 2023 01 05     348.00 A
06630000 2023 01 06     344.00 A
06630000 2023 01 07     336.00 A
06630000 2023 01 08     333.00 A
06630000 2023 01 09     357.00 A
06630000 2023 01 10     368.00 A
06630000 2023 01 11     378.00 A
06630000 2023 01 12     387.00 A
06630000 2023 01 13     391.00 A
06630000 2023 01 14     394.00 A
06630000 2023 01 15     393.00 A
06630000 2023 01 16     387.00 A
06630000 2023 01 17     373.00 A
06630000 2023 01 18     357.00 A
06630000 2023 01 19     346.00 A
06630000 2023 01 20     339.00 A
06630000 2023 01 21     338.00 A
06630000 2023 01 22     346.00 A
06630000 2023 01 23     359.00 A
06630000 2023 01 24     367.00 A
06630000 2023 01 25     368.00 A
06630000 2023 01 26     364.00 A
06630000 2023 01 27     357.00 A
06630000 2023 01 28     353.00 A
06630000 2023 01 29     352.00 A
06630000 2023 01 30     356.00 A
06630000 2023 01 31     360.00 A
06630000 2023 02 01     364.00 A
06630000 2023 02 02     373.00 A
06630000 2023 02 03     384.00 A
06630000 2023 02 04     386.00 A
06630000 2023 02 05     385.00 A
06630000 2023 02 06     382.00 A
06630000 2023 02 07     372.00 A
06630000 2023 02 08     360.00 A
06630000 2023 02 09     350.00 A
06630000 2023 02 10     342.00 A
06630000 2023 02 11     336.00 A
06630000 2023 02 12     331.00 A
06630000 2023 02 13     330.00 A
06630000 2023 02 14     338.00 A
06630000 2023 02 15     340.00 A
06630000 2023 02 16     362.00 A
06630000 2023 02 17     384.00 A
06630000 2023 02 18     391.00 A
06630000 2023 02 19     370.00 A
06630000 2023 02 20     333.00 A
06630000 2023 02 21     309.00 A
06630000 2023 02 22     274.00 A
06630000 2023 02 23     278.00 A
06630000 2023 02 24     319.00 A
06630000 2023 02 25     356.00 A
06630000 2023 02 26     397.00 A
06630000 2023 02 27     406.00 A
06630000 2023 02 28     402.00 A
06630000 2023 03 01     357.00 A
06630000 2023 03 02     340.00 A
06630000 2023 03 03     328.00 A
06630000 2023 03 04     307.00 A
06630000 2023 03 05     308.00 A
06630000 2023 03 06     331.00 A
06630000 2023 03 07     370.00 A
06630000 2023 03 08     383.00 A
06630000 2023 03 09     375.00 A
06630000 2023 03 10     362.00 A
06630000 2023 03 11     346.00 A
06630000 2023 03 12     324.00 A
06630000 2023 03 13     323.00 A
06630000 2023 03 14     331.00 A
06630000 2023 03 15     322.00 A
06630000 2023 03 16     325.00 A
06630000 2023 03 17     325.00 A
06630000 2023 03 18     312.00 A
06630000 2023 03 19     316.00 A
06630000 2023 03 20     320.00 A
06630000 2023 03 21     334.00 A
06630000 2023 03 22     343.00 A
06630000 2023 03 23     350.00 A
06630000 2023 03 24     341.00 A
06630000 2023 03 25     329.00 A
06630000 2023 03 26     317.00 A
06630000 2023 03 27     312.00 A
06630000 2023 03 28     328.00 A
06630000 2023 03 29     353.00 A
06630000 2023 03 30     373.00 A
06630000 2023 03 31     410.00 A
06630000 2023 04 01     453.00 A
06630000 2023 04 02     484.00 A
06630000 2023 04 03     515.00 A
06630000 2023 04 04     568.00 A
06630000 2023 04 05     644.00 A
06630000 2023 04 06     709.00 A
06630000 2023 04 07     773.00 A
06630000 2023 04 08     942.00 A
06630000 2023 04 09     1250.00 A
06630000 2023 04 10     1170.00 A
06630000 2023 04 11     1210.00 A
06630000 2023 04 12     1860.00 A
06630000 2023 04 13     2460.00 A
06630000 2023 04 14     3270.00 A
06630000 2023 04 15     3490.00 A
06630000 2023 04 16     3260.00 A
06630000 2023 04 17     2920.00 A
06630000 2023 04 18     2680.00 A
06630000 2023 04 19     2670.00 A
06630000 2023 04 20     2520.00 A
06630000 2023 04 21     2200.00 A
06630000 2023 04 22     1850.00 A
06630000 2023 04 23     1650.00 A
06630000 2023 04 24     1540.00 A
06630000 2023 04 25     1550.00 A
06630000 2023 04 26     1840.00 A
06630000 2023 04 27     2100.00 A
06630000 2023 04 28     2410.00 A
06630000 2023 04 29     2600.00 A
06630000 2023 04 30     2730.00 A
06630000 2023 05 01     3290.00 A
06630000 2023 05 02     4070.00 A
06630000 2023 05 03     4720.00 A
06630000 2023 05 04     5310.00 A
06630000 2023 05 05     5780.00 A
06630000 2023 05 06     5900.00 A
06630000 2023 05 07     5750.00 A
06630000 2023 05 08     5340.00 A
06630000 2023 05 09     5040.00 A
06630000 2023 05 10     4930.00 A
06630000 2023 05 11     5190.00 A
06630000 2023 05 12     5590.00 A
06630000 2023 05 13     6050.00 A
06630000 2023 05 14     5960.00 A
06630000 2023 05 15     6240.00 A
06630000 2023 05 16     6820.00 A
06630000 2023 05 17     6950.00 A
06630000 2023 05 18     7300.00 A
06630000 2023 05 19     7750.00 A
06630000 2023 05 20     7930.00 A
06630000 2023 05 21     7610.00 A
06630000 2023 05 22     7470.00 A
06630000 2023 05 23     7390.00 A
06630000 2023 05 24     7300.00 A
06630000 2023 05 25     7360.00 A
06630000 2023 05 26     7520.00 A
06630000 2023 05 27     7600.00 A
06630000 2023 05 28     7500.00 A
06630000 2023 05 29     7160.00 A
06630000 2023 05 30     6880.00 A
06630000 2023 05 31     6770.00 A
06630000 2023 06 01     6550.00 A
06630000 2023 06 02     6260.00 A
06630000 2023 06 03     6330.00 A
06630000 2023 06 04     6100.00 A
06630000 2023 06 05     6200.00 A
06630000 2023 06 06     6220.00 A
06630000 2023 06 07     6120.00 A
06630000 2023 06 08     6370.00 A
06630000 2023 06 09     6370.00 A
06630000 2023 06 10     6080.00 A
06630000 2023 06 11     6020.00 A
06630000 2023 06 12     5650.00 A
06630000 2023 06 13     5530.00 A
06630000 2023 06 14     5740.00 A
06630000 2023 06 15     5780.00 A
06630000 2023 06 16     6350.00 A
06630000 2023 06 17     5800.00 A
06630000 2023 06 18     5300.00 A
06630000 2023 06 19     4790.00 A
06630000 2023 06 20     4410.00 A
06630000 2023 06 21     4060.00 A
06630000 2023 06 22     3720.00 A
06630000 2023 06 23     3560.00 A
06630000 2023 06 24     3300.00 A
06630000 2023 06 25     2970.00 A
06630000 2023 06 26     2680.00 A
06630000 2023 06 27     2410.00 A
06630000 2023 06 28     2150.00 A
06630000 2023 06 29     1960.00 A
06630000 2023 06 30     1860.00 A
06630000 2023 07 01     1820.00 A
06630000 2023 07 02     1740.00 A
06630000 2023 07 03     1700.00 A
06630000 2023 07 04     1630.00 A
06630000 2023 07 05     1720.00 A
06630000 2023 07 06     1750.00 A
06630000 2023 07 07     1710.00 A
06630000 2023 07 08     1640.00 A
06630000 2023 07 09     1640.00 A
06630000 2023 07 10     1630.00 A
06630000 2023 07 11     1490.00 A
06630000 2023 07 12     1290.00 A
06630000 2023 07 13     1110.00 A
06630000 2023 07 14     983.00 A
06630000 2023 07 15     886.00 A
06630000 2023 07 16     819.00 A
06630000 2023 07 17     740.00 A
06630000 2023 07 18     669.00 A
06630000 2023 07 19     630.00 A
06630000 2023 07 20     631.00 A
06630000 2023 07 21     646.00 A
06630000 2023 07 22     718.00 A
06630000 2023 07 23     736.00 A
06630000 2023 07 24     680.00 A
06630000 2023 07 25     626.00 A
06630000 2023 07 26     570.00 A
06630000 2023 07 27     522.00 A
06630000 2023 07 28     508.00 A
06630000 2023 07 29     535.00 A
06630000 2023 07 30     491.00 A
06630000 2023 07 31     469.00 A
06630000 2023 08 01     485.00 A
06630000 2023 08 02     595.00 A
06630000 2023 08 03     735.00 A
06630000 2023 08 04     846.00 A
06630000 2023 08 05     776.00 A
06630000 2023 08 06     655.00 A
06630000 2023 08 07     577.00 A
06630000 2023 08 08     557.00 A
06630000 2023 08 09     566.00 A
06630000 2023 08 10     537.00 A
06630000 2023 08 11     502.00 A
06630000 2023 08 12     440.00 A
06630000 2023 08 13     398.00 A
06630000 2023 08 14     362.00 A
06630000 2023 08 15     335.00 A
06630000 2023 08 16     318.00 A
06630000 2023 08 17     306.00 A
06630000 2023 08 18     294.00 A
06630000 2023 08 19     285.00 A
06630000 2023 08 20     302.00 A
06630000 2023 08 21     300.00 A
06630000 2023 08 22     281.00 A
06630000 2023 08 23     267.00 A
06630000 2023 08 24     269.00 A
06630000 2023 08 25     273.00 A
06630000 2023 08 26     326.00 A
06630000 2023 08 27     389.00 A
06630000 2023 08 28     433.00 A
06630000 2023 08 29     495.00 A
06630000 2023 08 30     443.00 A
06630000 2023 08 31     388.00 A
06630000 2023 09 01     347.00 A
06630000 2023 09 02     316.00 A
06630000 2023 09 03     301.00 A
06630000 2023 09 04     307.00 A
06630000 2023 09 05     333.00 A
06630000 2023 09 06     344.00 A
06630000 2023 09 07     335.00 A
06630000 2023 09 08     318.00 A
06630000 2023 09 09     301.00 A
06630000 2023 09 10     288.00 A
06630000 2023 09 11     279.00 A
06630000 2023 09 12     278.00 A
06630000 2023 09 13     282.00 A
06630000 2023 09 14     292.00 A
06630000 2023 09 15     331.00 A
06630000 2023 09 16     421.00 A
06630000 2023 09 17     394.00 A
06630000 2023 09 18     330.00 A
06630000 2023 09 19     316.00 A
06630000 2023 09 20     332.00 A
06630000 2023 09 21     321.00 A
06630000 2023 09 22     325.00 A
06630000 2023 09 23     305.00 A
06630000 2023 09 24     291.00 A
06630000 2023 09 25     282.00 A
06630000 2023 09 26     282.00 A
06630000 2023 09 27     282.00 A
06630000 2023 09 28     277.00 A
06630000 2023 09 29     263.00 A
06630000 2023 09 30     249.00 A
06630000 2023 10 01     245.00 A
06630000 2023 10 02     260.00 A
06630000 2023 10 03     262.00 A
06630000 2023 10 04     269.00 A
06630000 2023 10 05     287.00 A
06630000 2023 10 06     315.00 A
06630000 2023 10 07     321.00 A
06630000 2023 10 08     315.00 A
06630000 2023 10 09     301.00 A
06630000 2023 10 10     299.00 A
06630000 2023 10 11     301.00 A
06630000 2023 10 12     331.00 A
06630000 2023 10 13     386.00 A
06630000 2023 10 14     484.00 A
06630000 2023 10 15     465.00 A
06630000 2023 10 16     441.00 A
06630000 2023 10 17     442.00 A
06630000 2023 10 18     447.00 A
06630000 2023 10 19     445.00 A
06630000 2023 10 20     434.00 A
06630000 2023 10 21     412.00 A
06630000 2023 10 22     394.00 A
06630000 2023 10 23     385.00 A
06630000 2023 10 24     373.00 A
06630000 2023 10 25     364.00 A
06630000 2023 10 26     356.00 A
06630000 2023 10 27     368.00 A
06630000 2023 10 28     379.00 A
06630000 2023 10 29     396.00 A
06630000 2023 10 30     404.00 A
06630000 2023 10 31     338.00 A
06630000 2023 11 01     300.00 A
06630000 2023 11 02     328.00 A
06630000 2023 11 03     397.00 A
06630000 2023 11 04     465.00 A
06630000 2023 11 05     474.00 A
06630000 2023 11 06     459.00 A
06630000 2023 11 07     444.00 A
06630000 2023 11 08     440.00 A
06630000 2023 11 09     429.00 A
06630000 2023 11 10     413.00 A
06630000 2023 11 11     343.00 A
06630000 2023 11 12     312.00 A
06630000 2023 11 13     317.00 A
06630000 2023 11 14     344.00 A
06630000 2023 11 15     367.00 A
06630000 2023 11 16     384.00 A
06630000 2023 11 17     409.00 A
06630000 2023 11 18     448.00 A
06630000 2023 11 19     438.00 A
06630000 2023 11 20     463.00 A
06630000 2023 11 21     466.00 A
06630000 2023 11 22     462.00 A
06630000 2023 11 23     425.00 A
06630000 2023 11 24     398.00 A
06630000 2023 11 25     319.00 A
06630000 2023 11 26     216.00 A
06630000 2023 11 27     179.00 A
06630000 2023 11 28     249.00 A
06630000 2023 11 29     266.00 A
06630000 2023 11 30     294.00 A
06630000 2023 12 01     328.00 A
06630000 2023 12 02     376.00 A
06630000 2023 12 03     354.00 A
06630000 2023 12 04     389.00 A
06630000 2023 12 05     388.00 A
06630000 2023 12 06     390.00 A
06630000 2023 12 07     356.00 A
06630000 2023 12 08     316.00 A
06630000 2023 12 09     347.00 A
06630000 2023 12 10     301.00 A
06630000 2023 12 11     330.00 A
06630000 2023 12 12     460.00 A
06630000 2023 12 13     429.00 A
06630000 2023 12 14     392.00 A
06630000 2023 12 15     372.00 A
06630000 2023 12 16     338.00 A
06630000 2023 12 17     333.00 A
06630000 2023 12 18     317.00 A
06630000 2023 12 19     302.00 A
06630000 2023 12 20     333.00 A
06630000 2023 12 21     374.00 A
06630000 2023 12 22     334.00 A
06630000 2023 12 23     296.00 A
06630000 2023 12 24     255.00 A
06630000 2023 12 25     198.00 A
06630000 2023 12 26     215.00 A
06630000 2023 12 27     282.00 A
06630000 2023 12 28     351.00 A
06630000 2023 12 29     330.00 A
06630000 2023 12 30     335.00 A
06630000 2023 12 31     380.00 A
06630000 2024 01 01     426.00 A
06630000 2024 01 02     436.00 A
06630000 2024 01 03     423.00 A
06630000 2024 01 04     423.00 A
06630000 2024 01 05     440.00 A
06630000 2024 01 06     445.00 A
06630000 2024 01 07     438.00 A
06630000 2024 01 08     411.00 A
06630000 2024 01 09     389.00 A
06630000 2024 01 10     395.00 A
06630000 2024 01 11     406.00 A
06630000 2024 01 12     401.00 A
06630000 2024 01 13     360.00 A
06630000 2024 01 14     295.00 A
06630000 2024 01 15     219.00 A
06630000 2024 01 16     208.00 A
06630000 2024 01 17     243.00 A
06630000 2024 01 18     288.00 A
06630000 2024 01 19     321.00 A
06630000 2024 01 20     348.00 A
06630000 2024 01 21     357.00 A
06630000 2024 01 22     362.00 A
06630000 2024 01 23     368.00 A
06630000 2024 01 24     370.00 A
06630000 2024 01 25     370.00 A
06630000 2024 01 26     370.00 A
06630000 2024 01 27     373.00 A
06630000 2024 01 28     375.00 A
06630000 2024 01 29     376.00 A
06630000 2024 01 30     377.00 A
06630000 2024 01 31     375.00 A
06630000 2024 02 01     368.00 A
06630000 2024 02 02     359.00 A
06630000 2024 02 03     347.00 A
06630000 2024 02 04     332.00 A
06630000 2024 02 05     335.00 A
06630000 2024 02 06     353.00 A
06630000 2024 02 07     354.00 A
06630000 2024 02 08     339.00 A
06630000 2024 02 09     320.00 A
06630000 2024 02 10     323.00 A
06630000 2024 02 11     340.00 A
06630000 2024 02 12     364.00 A
06630000 2024 02 13     386.00 A
06630000 2024 02 14     390.00 A
06630000 2024 02 15     393.00 A
06630000 2024 02 16     385.00 A
06630000 2024 02 17     370.00 A
06630000 2024 02 18     390.00 A
06630000 2024 02 19     421.00 A
06630000 2024 02 20     437.00 A
06630000 2024 02 21     448.00 A
06630000 2024 02 22     453.00 A
06630000 2024 02 23     453.00 A
06630000 2024 02 24     453.00 A
06630000 2024 02 25     450.00 A
06630000 2024 02 26     447.00 A
06630000 2024 02 27     442.00 A
06630000 2024 02 28     435.00 A
06630000 2024 02 29     432.00 A
06630000 2024 03 01     436.00 A
06630000 2024 03 02     434.00 A
06630000 2024 03 03     411.00 A
06630000 2024 03 04     395.00 A
06630000 2024 03 05     435.00 A
06630000 2024 03 06     456.00 A
06630000 2024 03 07     452.00 A
06630000 2024 03 08     470.00 A
06630000 2024 03 09     463.00 A
06630000 2024 03 10     433.00 A
06630000 2024 03 11     443.00 A
06630000 2024 03 12     494.00 A
06630000 2024 03 13     513.00 A
06630000 2024 03 14     551.00 A
06630000 2024 03 15     510.00 A
06630000 2024 03 16     471.00 A
06630000 2024 03 17     489.00 A
06630000 2024 03 18     512.00 A
06630000 2024 03 19     498.00 A
06630000 2024 03 20     516.00 A
06630000 2024 03 21     557.00 A
06630000 2024 03 22     586.00 A
06630000 2024 03 23     639.00 A
06630000 2024 03 24     670.00 A
06630000 2024 03 25     699.00 A
06630000 2024 03 26     680.00 A
06630000 2024 03 27     638.00 A
06630000 2024 03 28     627.00 A
06630000 2024 03 29     621.00 A
06630000 2024 03 30     653.00 A
06630000 2024 03 31     677.00 A
06630000 2024 04 01     700.00 A
06630000 2024 04 02     718.00 A
06630000 2024 04 03     701.00 A
06630000 2024 04 04     720.00 A
06630000 2024 04 05     832.00 A
06630000 2024 04 06     1070.00 A
06630000 2024 04 07     1350.00 A
06630000 2024 04 08     1170.00 A
06630000 2024 04 09     1090.00 A
06630000 2024 04 10     998.00 A
06630000 2024 04 11     1040.00 A
06630000 2024 04 12     1030.00 A
06630000 2024 04 13     1120.00 A
06630000 2024 04 14     1500.00 A
06630000 2024 04 15     2000.00 A
06630000 2024 04 16     2380.00 A
06630000 2024 04 17     2480.00 A
06630000 2024 04 18     2310.00 A
06630000 2024 04 19     2250.00 A
06630000 2024 04 20     2120.00 A
06630000 2024 04 21     1920.00 A
06630000 2024 04 22     1770.00 A
06630000 2024 04 23     1860.00 A
06630000 2024 04 24     2140.00 A
06630000 2024 04 25     2550.00 A
06630000 2024 04 26     3000.00 A
06630000 2024 04 27     3320.00 A
06630000 2024 04 28     3340.00 A
06630000 2024 04 29     3010.00 A
06630000 2024 04 30     2760.00 A
06630000 2024 05 01     2550.00 A
06630000 2024 05 02     2450.00 A
06630000 2024 05 03     2210.00 A
06630000 2024 05 04     2040.00 A
06630000 2024 05 05     1840.00 A
06630000 2024 05 06     1850.00 A
06630000 2024 05 07     2080.00 A
06630000 2024 05 08     1950.00 A
06630000 2024 05 09     1930.00 A
06630000 2024 05 10     1800.00 A
06630000 2024 05 11     1700.00 A
06630000 2024 05 12     1720.00 A
06630000 2024 05 13     1870.00 A
06630000 2024 05 14     2190.00 A
06630000 2024 05 15     2700.00 A
06630000 2024 05 16     3070.00 A
06630000 2024 05 17     3330.00 A
06630000 2024 05 18     3610.00 A
06630000 2024 05 19     3820.00 A
06630000 2024 05 20     4270.00 A
06630000 2024 05 21     5040.00 A
06630000 2024 05 22     4860.00 A
06630000 2024 05 23     4160.00 A
06630000 2024 05 24     3590.00 A
06630000 2024 05 25     3090.00 A
06630000 2024 05 26     3130.00 A
06630000 2024 05 27     3140.00 A
06630000 2024 05 28     3030.00 A
06630000 2024 05 29     3180.00 A
06630000 2024 05 30     3420.00 A
06630000 2024 05 31     3720.00 A
06630000 2024 06 01     3980.00 A
06630000 2024 06 02     4260.00 A
06630000 2024 06 03     4700.00 A
06630000 2024 06 04     5010.00 A
06630000 2024 06 05     5880.00 A
06630000 2024 06 06     6210.00 A
06630000 2024 06 07     6750.00 A
06630000 2024 06 08     6670.00 A
06630000 2024 06 09     6760.00 A
06630000 2024 06 10     6730.00 A
06630000 2024 06 11     6470.00 A
06630000 2024 06 12     6000.00 A
06630000 2024 06 13     5600.00 A
06630000 2024 06 14     5310.00 A
06630000 2024 06 15     4970.00 A
06630000 2024 06 16     4600.00 A
06630000 2024 06 17     4190.00 A
06630000 2024 06 18     3630.00 A
06630000 2024 06 19     3110.00 A
06630000 2024 06 20     2640.00 A
06630000 2024 06 21     2400.00 A
06630000 2024 06 22     2330.00 A
06630000 2024 06 23     2300.00 A
06630000 2024 06 24     2210.00 A
06630000 2024 06 25     2050.00 A
06630000 2024 06 26     1870.00 A
06630000 2024 06 27     1750.00 A
06630000 2024 06 28     1800.00 A
06630000 2024 06 29     1800.00 A
06630000 2024 06 30     1720.00 A
06630000 2024 07 01     1690.00 A
06630000 2024 07 02     1540.00 A
06630000 2024 07 03     1420.00 A
06630000 2024 07 04     1270.00 A
06630000 2024 07 05     1090.00 A
06630000 2024 07 06     954.00 A
06630000 2024 07 07     851.00 A
06630000 2024 07 08     751.00 A
06630000 2024 07 09     705.00 A
06630000 2024 07 10     668.00 A
06630000 2024 07 11     644.00 A
06630000 2024 07 12     623.00 A
06630000 2024 07 13     591.00 A
06630000 2024 07 14     544.00 A
06630000 2024 07 15     502.00 A
06630000 2024 07 16     470.00 A
06630000 2024 07 17     474.00 A
06630000 2024 07 18     497.00 A
06630000 2024 07 19     501.00 A
06630000 2024 07 20     510.00 A
06630000 2024 07 21     522.00 A
06630000 2024 07 22     519.00 A
06630000 2024 07 23     520.00 A
06630000 2024 07 24     506.00 A
06630000 2024 07 25     473.00 A
06630000 2024 07 26     448.00 A
06630000 2024 07 27     495.00 A
06630000 2024 07 28     545.00 A
06630000 2024 07 29     510.00 A
06630000 2024 07 30     477.00 A
06630000 2024 07 31     445.00 A
06630000 2024 08 01     399.00 A
06630000 2024 08 02     359.00 A
06630000 2024 08 03     330.00 A
06630000 2024 08 04     300.00 A
06630000 2024 08 05     284.00 A
06630000 2024 08 06     273.00 A
06630000 2024 08 07     260.00 A
06630000 2024 08 08     252.00 A
06630000 2024 08 09     260.00 A
06630000 2024 08 10     283.00 A
06630000 2024 08 11     306.00 A
06630000 2024 08 12     349.00 A
06630000 2024 08 13     340.00 A
06630000 2024 08 14     336.00 A
06630000 2024 08 15     350.00 A
06630000 2024 08 16     333.00 A
06630000 2024 08 17     326.00 A
06630000 2024 08 18     301.00 A
06630000 2024 08 19     275.00 A
06630000 2024 08 20     263.00 A
06630000 2024 08 21     247.00 A
06630000 2024 08 22     238.00 A
06630000 2024 08 23     239.00 A
06630000 2024 08 24     244.00 A
06630000 2024 08 25     266.00 A
06630000 2024 08 26     279.00 A
06630000 2024 08 27     276.00 A
06630000 2024 08 28     276.00 A
06630000 2024 08 29     249.00 A
06630000 2024 08 30     230.00 A
06630000 2024 08 31     211.00 A
06630000 2024 09 01     195.00 A
06630000 2024 09 02     185.00 A
06630000 2024 09 03     166.00 A
06630000 2024 09 04     168.00 A
06630000 2024 09 05     177.00 A
06630000 2024 09 06     193.00 A
06630000 2024 09 07     215.00 A
06630000 2024 09 08     201.00 A
06630000 2024 09 09     194.00 A
06630000 2024 09 10     180.00 A
06630000 2024 09 11     174.00 A
06630000 2024 09 12     161.00 A
06630000 2024 09 13     167.00 A
06630000 2024 09 14     164.00 A
06630000 2024 09 15     160.00 A
06630000 2024 09 16     150.00 A
06630000 2024 09 17     144.00 A
06630000 2024 09 18     138.00 A
06630000 2024 09 19     146.00 A
06630000 2024 09 20     161.00 A
06630000 2024 09 21     149.00 A
06630000 2024 09 22     143.00 A
06630000 2024 09 23     150.00 A
06630000 2024 09 24     146.00 A
06630000 2024 09 25     174.00 A
06630000 2024 09 26     171.00 A
06630000 2024 09 27     173.00 A
06630000 2024 09 28     169.00 A
06630000 2024 09 29     170.00 A
06630000 2024 09 30     165.00 A
06630000 2024 10 01     159.00 A
06630000 2024 10 02     151.00 A
06630000 2024 10 03     155.00 A
06630000 2024 10 04     181.00 A
06630000 2024 10 05     183.00 A
06630000 2024 10 06     187.00 A
06630000 2024 10 07     192.00 A
06630000 2024 10 08     198.00 A
06630000 2024 10 09     201.00 A
06630000 2024 10 10     206.00 A
06630000 2024 10 11     203.00 A
06630000 2024 10 12     202.00 A
06630000 2024 10 13     215.00 A
06630000 2024 10 14     218.00 A
06630000 2024 10 15     217.00 A
06630000 2024 10 16     218.00 A
06630000 2024 10 17     217.00 A
06630000 2024 10 18     241.00 A
06630000 2024 10 19     245.00 A
06630000 2024 10 20     257.00 A
06630000 2024 10 21     262.00 A
06630000 2024 10 22     277.00 A
06630000 2024 10 23     287.00 A
06630000 2024 10 24     295.00 A
06630000 2024 10 25     310.00 A
06630000 2024 10 26     309.00 A
06630000 2024 10 27     304.00 A
06630000 2024 10 28     296.00 A
06630000 2024 10 29     316.00 A
06630000 2024 10 30     331.00 A
06630000 2024 10 31     359.00 A
06630000 2024 11 01     364.00 A
06630000 2024 11 02     352.00 A
06630000 2024 11 03     346.00 A
06630000 2024 11 04     337.00 A
06630000 2024 11 05     345.00 A
06630000 2024 11 06     343.00 A
06630000 2024 11 07     294.00 A
06630000 2024 11 08     268.00 A
06630000 2024 11 09     286.00 A
06630000 2024 11 10     276.00 A
06630000 2024 11 11     291.00 A
06630000 2024 11 12     286.00 A
06630000 2024 11 13     285.00 A
06630000 2024 11 14     287.00 A
06630000 2024 11 15     290.00 A
06630000 2024 11 16     273.00 A
06630000 2024 11 17     271.00 A
06630000 2024 11 18     260.00 A
06630000 2024 11 19     211.00 A
06630000 2024 11 20     119.00 A
06630000 2024 11 21     141.00 A
06630000 2024 11 22     183.00 A
06630000 2024 11 23     210.00 A
06630000 2024 11 24     176.00 A
06630000 2024 11 25     183.00 A
06630000 2024 11 26     224.00 A
06630000 2024 11 27     230.00 A
06630000 2024 11 28     219.00 A
06630000 2024 11 29     158.00 A
06630000 2024 11 30     152.00 A
06630000 2024 12 01     176.00 A
06630000 2024 12 02     218.00 A
06630000 2024 12 03     244.00 A
06630000 2024 12 04     261.00 A
06630000 2024 12 05     286.00 A
06630000 2024 12 06     283.00 A
06630000 2024 12 07     268.00 A
06630000 2024 12 08     258.00 A
06630000 2024 12 09     197.00 A
06630000 2024 12 10     261.00 A
06630000 2024 12 11     175.00 A
06630000 2024 12 12     181.00 A
06630000 2024 12 13     293.00 A
06630000 2024 12 14     306.00 A
06630000 2024 12 15     314.00 A
06630000 2024 12 16     314.00 A
06630000 2024 12 17     337.00 A
06630000 2024 12 18     361.00 A
06630000 2024 12 19     346.00 A
06630000 2024 12 20     333.00 A
06630000 2024 12 21     349.00 A
06630000 2024 12 22     359.00 A
06630000 2024 12 23     305.00 A
06630000 2024 12 24     277.00 A
06630000 2024 12 25     267.00 A
06630000 2024 12 26     243.00 A
06630000 2024 12 27     239.00 A
06630000 2024 12 28     287.00 A
06630000 2024 12 29     345.00 A
06630000 2024 12 30     327.00 A
06630000 2024 12 31     299.00 A
